material_id,formula,density,energy_above_hull,formation_energy_per_atom,magnetic_ordering,total_magnetization,magnetization_per_volume,magnetization_per_formula_unit,volume,nsites,crystal_system,space_group,is_stable,density_atomic,composition,elements,nelements,avg_atomic_weight,cell_mass,magnetic_performance_index
mp-753756,FePO4,2.389475399196478,0.0404103145833332,-2.3111756457738095,FM,20.0011717,0.0477090151707518,5.000292925,419.2325418668838,24,Orthorhombic,Pna2_1,False,17.468022577786826,"{'Fe': 4.0, 'P': 4.0, 'O': 16.0}","['Fe', 'O', 'P']",3,0.13679140775985998,3.2829937862366396,6.092357464656592
mp-19824,Ca(MnGe)2,5.064020553482401,0.0,-0.3383862771724096,FM,7.6281587,0.0787951666424266,7.6281587,96.80998245256175,5,Tetragonal,I4/mmm,True,19.36199649051235,"{'Ca': 1.0, 'Mn': 2.0, 'Ge': 2.0}","['Ca', 'Ge', 'Mn']",3,0.26154433794902515,1.3077216897451258,5.833166766153985
mp-504149,FePO4,2.448028084930851,0.0281820686111107,-2.3234038917460307,FM,60.0418177,0.0489092972649034,5.003484808333334,1227.6156284724434,72,Monoclinic,P2_1/c,False,17.05021706211727,"{'Fe': 12.0, 'P': 12.0, 'O': 48.0}","['Fe', 'O', 'P']",3,0.14357753194649703,10.337582300147787,5.80811024828713
mp-559295,FePO4,2.453838728309008,0.0258905031249989,-2.3256954572321433,FM,40.0050956,0.0489974844269508,5.00063695,816.4724386951465,48,Orthorhombic,Pbca,False,17.009842472815553,"{'Fe': 8.0, 'P': 8.0, 'O': 32.0}","['Fe', 'O', 'P']",3,0.14425993257907205,6.924476763795458,5.777345634137463
mp-19285,Ba(FeO2)2,4.284986646927439,0.0354334707142864,-2.053664364999999,FM,20.0000001,0.0824395821933104,10.00000005,242.60191000364992,14,Hexagonal,P6_322,False,17.328707857403565,"{'Ba': 2.0, 'Fe': 4.0, 'O': 8.0}","['Ba', 'Fe', 'O']",3,0.24727675497724483,3.4618745696814277,5.777216850996558
mp-26792,FePO4,2.4743365651199203,0.0437798862500002,-2.3078060741071424,FM,20.0005583,0.049401864709532,5.000139575,404.8543191152236,24,Orthorhombic,Pna2_1,False,16.868929963134317,"{'Fe': 4.0, 'P': 4.0, 'O': 16.0}","['Fe', 'O', 'P']",3,0.14668011370770895,3.5203227289850147,5.681455889064636
mp-2216699,FePO4,2.49346909002023,0.0274208758333331,-2.324165084523809,FM,20.005973,0.0497973368431296,5.00149325,401.74784974992366,24,Triclinic,P1,False,16.73949373958015,"{'Fe': 4.0, 'P': 4.0, 'O': 16.0}","['Fe', 'O', 'P']",3,0.14895725813526123,3.5749741952462695,5.596116757039095
mp-2234217,FePO4,2.516012289285291,0.0375097234722225,-2.3140762368849193,FM,14.9880982,0.0501926903447375,4.996032733333333,298.61117419802616,18,Orthorhombic,C222,False,16.58950967766812,"{'Fe': 3.0, 'P': 3.0, 'O': 12.0}","['Fe', 'O', 'P']",3,0.1516628482800916,2.729931269041649,5.490284085159997
mp-704299,FePO4,2.5435534702599454,0.0277173126041665,-2.323868647752976,FM,80.0330816,0.0508034107123,5.0020676,1575.348593290866,96,Monoclinic,Cc,False,16.409881180113185,"{'Fe': 16.0, 'P': 16.0, 'O': 64.0}","['Fe', 'O', 'P']",3,0.1550013337904255,14.880128043880848,5.378521029119234
mp-766442,FePO4,2.5435500192440768,0.0269142604166665,-2.324671699940476,FM,40.0009517,0.050783550508483,5.0001189625,787.6753653393752,48,Orthorhombic,Pca2_1,False,16.409903444570315,"{'Fe': 8.0, 'P': 8.0, 'O': 32.0}","['Fe', 'O', 'P']",3,0.1550009131885345,7.440043833049657,5.376440327180667
mp-766460,FePO4,2.5632677395654184,0.0276607793750001,-2.323925180982142,FM,40.0010573,0.0511773621039874,5.0001321625,781.6162392020464,48,Orthorhombic,Pca2_1,False,16.28367165004263,"{'Fe': 8.0, 'P': 8.0, 'O': 32.0}","['Fe', 'O', 'P']",3,0.1574133767035709,7.555842081771402,5.294056819491137
mp-771134,CoPO4,2.321093210187358,0.0491852847916671,-2.0715068609821436,FM,31.9992065,0.0363279780069167,3.9999008125,880.8419365896845,48,Monoclinic,P2_1/c,False,18.35087367895176,"{'Co': 8.0, 'P': 8.0, 'O': 32.0}","['Co', 'O', 'P']",3,0.1264840710472344,6.071235410267251,5.270625224955891
mp-532236,Mn17Fe13O40,4.619103095490526,0.0495979924285681,-1.861521329640394,FM,143.0002225,0.1729556887596438,143.0002225,826.8026540527798,70,Triclinic,P-1,False,11.811466486468282,"{'Mn': 17.0, 'Fe': 13.0, 'O': 40.0}","['Fe', 'Mn', 'O']",3,0.3910693986036676,27.37485790225673,5.223779535608525
mp-1222437,Mn5(FeO3)4,4.645185042497948,0.0495175607142837,-1.8580302249835805,FM,86.0004664,0.1743154872115369,43.0002332,493.361019010525,42,Triclinic,P-1,False,11.746690928822025,"{'Mn': 10.0, 'Fe': 8.0, 'O': 24.0}","['Fe', 'Mn', 'O']",3,0.39544626402831334,16.60874308918916,5.178023763639211
mp-22427,BaSr(FeO2)4,4.349906804188672,0.0234378125892851,-2.0951396035714285,FM,20.0000001,0.0909066184545323,20.0000001,220.00598460279485,14,Trigonal,P-31m,False,15.71471318591392,"{'Ba': 1.0, 'Sr': 1.0, 'Fe': 4.0, 'O': 8.0}","['Ba', 'Fe', 'O', 'Sr']",4,0.2768047213287841,3.875266098602977,5.160935943782015
mp-2912507,Fe2C2O7,2.5810340555741296,0.0492557861363636,-1.3613646839772726,FM,40.0000011,0.0627488857817555,10.000000275,637.4615357971845,44,Monoclinic,P2_1/c,False,14.487762177208738,"{'Fe': 8.0, 'C': 8.0, 'O': 28.0}","['C', 'Fe', 'O']",3,0.17815270736804711,7.838719124194073,5.102874649066156
mp-705201,FePO4,2.613266293103738,0.0318481786458333,-2.3197377817113094,FM,80.0000003,0.0521742379082872,5.00000001875,1533.3237917269694,96,Monoclinic,Cc,False,15.972122830489264,"{'Fe': 16.0, 'P': 16.0, 'O': 64.0}","['Fe', 'O', 'P']",3,0.16361421213936955,15.706964365379477,5.0932820906076595
mp-652683,Ba2Fe6O11,4.626406137851825,0.0096051722368377,-1.9789646417105264,FM,120.0000593,0.1063774941741919,30.000014825,1128.0587142192055,76,Orthorhombic,Pnnm,False,14.842877818673756,"{'Ba': 8.0, 'Fe': 24.0, 'O': 44.0}","['Ba', 'Fe', 'O']",3,0.3116919908908342,23.6885913077034,5.065732180578278
mp-19752,FePO4,2.623676100154764,0.0296576219444437,-2.3219283384126985,FM,29.9999987,0.0523820687389742,4.999999783333333,572.715042040309,36,Hexagonal,P6_422,False,15.90875116778636,"{'Fe': 6.0, 'P': 6.0, 'O': 24.0}","['Fe', 'O', 'P']",3,0.1649203053390795,5.937130992206862,5.05294539389114
mp-18950,BaCa(FeO2)4,4.245487597459637,0.0327068541964168,-2.106169527857143,FM,19.9995891,0.0966995307592831,19.9995891,206.82198706615793,14,Trigonal,P-31m,False,14.772999076154138,"{'Ba': 1.0, 'Ca': 1.0, 'Fe': 4.0, 'O': 8.0}","['Ba', 'Ca', 'Fe', 'O']",4,0.2873815652173497,4.023341913042896,4.970889755893031
mp-540111,FePO4,2.6544232208446052,0.0197935199999994,-2.3317924403571433,FM,20.0000005,0.0529959430242789,5.000000125,377.3873877635771,24,Orthorhombic,Pna2_1,False,15.724474490149047,"{'Fe': 4.0, 'P': 4.0, 'O': 16.0}","['Fe', 'O', 'P']",3,0.1688083899088347,4.051401357812033,4.936563606919715
mp-757698,Mn23FeO32,4.572720743703521,0.0135267921428567,-2.0234891870073892,FM,105.0045548,0.1578884320222109,105.0045548,665.0554030787289,56,Triclinic,P-1,False,11.875989340691588,"{'Mn': 23.0, 'Fe': 1.0, 'O': 32.0}","['Fe', 'Mn', 'O']",3,0.38503914179475285,21.56219194050616,4.869846029092304
mp-19154,Ba(FeO2)2,4.7000323723764375,0.0,-2.089097835714285,FM,40.0000002,0.090424717041203,10.00000005,442.3569297073226,28,Orthorhombic,Cmc2_1,True,15.79846177526152,"{'Ba': 4.0, 'Fe': 8.0, 'O': 16.0}","['Ba', 'Fe', 'O']",3,0.29749936666214677,8.32998226654011,4.801931014988122
mp-1181813,Fe3O4,4.797830132085761,0.0458931200000005,-1.5967490999999998,FM,112.0000589,0.174707635068558,14.0000073625,641.0713467448027,56,Orthorhombic,Pmc2_1,False,11.447702620442906,"{'Fe': 24.0, 'O': 32.0}","['Fe', 'O']",2,0.41910855751248854,23.470079220699358,4.772035826842115
mp-1181657,Fe3O4,4.814382790948738,0.0377904860714295,-1.6048517339285706,FM,56.0003166,0.1753112806209963,14.00007915,319.43361774343833,28,Monoclinic,P2/m,False,11.408343490837083,"{'Fe': 12.0, 'O': 16.0}","['Fe', 'O']",2,0.4220054204026674,11.816151771274688,4.739302412832741
mp-1182249,Fe3O4,4.828675642484001,0.0498366401785705,-1.5928055798214282,FM,112.0000023,0.1758307510821442,14.0000002875,636.9761922229185,56,Triclinic,P1,False,11.374574861123545,"{'Fe': 24.0, 'O': 32.0}","['Fe', 'O']",2,0.4245148237572933,23.772830130408426,4.711260783239181
mp-1193438,BaCaFe4O7,4.436037844037891,0.0276013107005486,-2.0743891284615383,FM,36.0000649,0.0937751304301488,18.00003245,383.8977854242035,26,Monoclinic,Cc,False,14.765299439392445,"{'Ba': 2.0, 'Ca': 2.0, 'Fe': 8.0, 'O': 14.0}","['Ba', 'Ca', 'Fe', 'O']",4,0.3004367004033088,7.811354210486028,4.608684221702967
mp-1228526,Ba3Fe10SnO20,4.746417312364833,0.0467158173529416,-1.9486437351470576,FM,50.0008343,0.1014246036968211,50.0008343,492.98525680674766,34,Monoclinic,C2/m,False,14.49956637666905,"{'Ba': 3.0, 'Fe': 10.0, 'Sn': 1.0, 'O': 20.0}","['Ba', 'Fe', 'O', 'Sn']",4,0.327348914378722,11.129863088876547,4.492493205057665
mp-699691,Mn7SbAsO12,4.768348038744255,0.0,-2.0031418089532003,FM,70.0040174,0.1299861567642723,35.0020087,538.5497897822388,42,Orthorhombic,Imma,True,12.822614042434257,"{'Mn': 14.0, 'Sb': 2.0, 'As': 2.0, 'O': 24.0}","['As', 'Mn', 'O', 'Sb']",4,0.37187019924051523,15.61854836810164,4.482107795816152
mp-2236419,FePO4,2.8133850325347596,0.0309741556944445,-2.320611804662697,FM,14.9637739,0.0560339833589595,4.987924633333333,267.04819116892855,18,Monoclinic,C2,False,14.836010620496031,"{'Fe': 3.0, 'P': 3.0, 'O': 12.0}","['Fe', 'O', 'P']",3,0.18963217973489804,3.413379235228165,4.383859181413154
mp-755073,CrO,4.8008862831284995,0.005067494166667,-1.96708898,FM,14.2414555,0.1513862862648957,3.560363875,94.07361691322753,8,Tetragonal,P4_2/mmc,False,11.75920211415344,"{'Cr': 4.0, 'O': 4.0}","['Cr', 'O']",2,0.4082663293413527,3.2661306347308217,4.360344729804021
mp-770499,Mn4P2O9,3.802996456853256,0.0259582948333321,-2.4558646302339904,FM,79.997994,0.107596486311954,19.9994985,743.500059733012,60,Monoclinic,P2_1/c,False,12.391667662216866,"{'Mn': 16.0, 'P': 8.0, 'O': 36.0}","['Mn', 'O', 'P']",3,0.3068994876653189,18.41396925991913,4.344418787215426
mp-20354,MgMnGe,4.7959383112713425,0.0,-0.191432275977012,FM,7.0847757,0.0673614309700388,3.54238785,105.1755522110447,6,Tetragonal,P4/nmm,True,17.529258701840785,"{'Mg': 2.0, 'Mn': 2.0, 'Ge': 2.0}","['Ge', 'Mg', 'Mn']",3,0.2735961852606871,1.6415771115641224,4.315834845704876
mp-504398,Mn4(PO4)3,3.198845947757922,0.0385327555263135,-2.4785469058238276,FM,75.9996361,0.0725256238652347,18.999909025,1047.9004805421675,76,Orthorhombic,Pnnm,False,13.7881642176601,"{'Mn': 16.0, 'P': 12.0, 'O': 48.0}","['Mn', 'O', 'P']",3,0.23199940885972253,17.63195507333891,4.310335171788081
mp-25958,Mn4(PO4)3,3.210192698992136,0.0320959497368402,-2.4849837116133004,FM,38.0030703,0.0727891115256707,19.00153515,522.0982850793193,38,Triclinic,P-1,False,13.73942855471893,"{'Mn': 8.0, 'P': 6.0, 'O': 24.0}","['Mn', 'O', 'P']",3,0.23364819622644104,8.87863145660476,4.28028469091706
mp-28009,Ca4Fe9O17,4.220085042840651,0.0259088855000069,-2.115603673499999,FM,44.0006486,0.1196087260018321,44.0006486,367.87155980012705,30,Monoclinic,C2,False,12.262385326670902,"{'Ca': 4.0, 'Fe': 9.0, 'O': 17.0}","['Ca', 'Fe', 'O']",3,0.3441487875659797,10.32446362697939,4.2617854243797835
mp-684881,Mn27Sb26,7.286460043511959,0.0126973298503578,-0.2858992120559507,FM,82.261977,0.0776423977669862,82.261977,1059.4981526314746,53,Triclinic,P1,False,19.990531181725935,"{'Mn': 27.0, 'Sb': 26.0}","['Mn', 'Sb']",2,0.3644955692909639,19.318265172421086,4.258248671181814
mp-19306,Fe3O4,5.108710530073788,0.0130592514285723,-1.6295829685714278,FM,28.0000002,0.1860279016528969,14.0000001,150.5150568877793,14,Cubic,Fd-3m,False,10.751075491984237,"{'Fe': 6.0, 'O': 8.0}","['Fe', 'O']",2,0.47518134663669037,6.652538852913665,4.208919454523233
mp-1223358,Mn26As18CO57,4.212629025002728,0.0,-1.8800519839334016,FM,126.1797505,0.0864928165378481,126.1797505,1458.8465903961555,102,Trigonal,P3,True,14.302417552903483,"{'Mn': 26.0, 'As': 18.0, 'C': 1.0, 'O': 57.0}","['As', 'C', 'Mn', 'O']",4,0.2945396475400438,30.043044049084468,4.199965565867657
mp-1194191,Mn5VO8,4.695706496809569,0.012582339999998,-2.139714515689655,FM,47.9999988,0.1496112502832185,23.9999994,320.8314796456456,28,Triclinic,P-1,False,11.458267130201628,"{'Mn': 10.0, 'V': 2.0, 'O': 16.0}","['Mn', 'O', 'V']",3,0.4098094802164854,11.474665446061591,4.183128390595027
mp-1641,CrSb,7.008554265595515,0.0276453437500023,-0.0070296375000005,FM,5.6954538,0.0691731606346879,2.8477269,82.33617992502029,4,Hexagonal,P6_3/mmc,False,20.584044981255072,"{'Cr': 2.0, 'Sb': 2.0}","['Cr', 'Sb']",2,0.34048479159358025,1.361939166374321,4.1818709239136735
mp-540093,CoPO4,2.6075318251507733,0.0129405666666677,-2.082080939722222,FM,15.9996153,0.0408111271547446,3.999903825,392.0405148168003,24,Monoclinic,P2_1/c,False,16.33502145070001,"{'Co': 4.0, 'P': 4.0, 'O': 16.0}","['Co', 'O', 'P']",3,0.159628307377523,3.8310793770605525,4.17626828506903
mp-1193782,Mn5VO8,4.700200253664423,0.01148426535714,-2.1408125903325135,FM,47.9999991,0.1497544280940544,23.99999955,320.524739808383,28,Monoclinic,C2/m,False,11.44731213601368,"{'Mn': 10.0, 'V': 2.0, 'O': 16.0}","['Mn', 'O', 'V']",3,0.41059422489908476,11.496638297174373,4.17513344851402
mp-1100888,Zn(Fe2O3)4,4.920100569674452,0.049661161984126,-1.6271089551587294,FM,228.0726275,0.1599463508272223,38.01210458333333,1425.9320473423566,126,Triclinic,P1,False,11.316921010653624,"{'Zn': 6.0, 'Fe': 48.0, 'O': 72.0}","['Fe', 'O', 'Zn']",3,0.43475611122872765,54.77927001481969,4.163484242091917
mp-1405146,Ca(FeO2)2,4.195273641101486,0.0443198476785715,-2.144335080714285,FM,19.9999887,0.1170924099689905,9.99999435,170.80516751936844,14,Cubic,Fd-3m,False,12.200369108526315,"{'Ca': 2.0, 'Fe': 4.0, 'O': 8.0}","['Ca', 'Fe', 'O']",3,0.3438644850646026,4.814102790904436,4.154458176046249
mp-1222112,Mn5Cr4O12,4.626722890751069,0.0154672707142839,-2.2260364568883397,FM,70.0052326,0.144555678533496,35.0026163,484.27867594131624,42,Triclinic,P-1,False,11.530444665269432,"{'Mn': 10.0, 'Cr': 8.0, 'O': 24.0}","['Cr', 'Mn', 'O']",3,0.4012614452491245,16.852980700463227,4.153878405502227
mp-531351,Mn2VO4,4.493258178480953,0.0432336287500021,-2.1992925992302963,FM,88.0000422,0.1323974184589453,11.000005275,664.6658463910128,56,Monoclinic,Cm,False,11.869032971268084,"{'Mn': 16.0, 'V': 8.0, 'O': 32.0}","['Mn', 'O', 'V']",3,0.37856986237699314,21.199912293111616,4.150962559811789
mp-531700,Mn2VO4,4.502681893589507,0.0423388528571457,-2.200187375123153,FM,88.0002056,0.1326753420574886,11.0000257,663.274759539487,56,Triclinic,P1,False,11.844192134633698,"{'Mn': 16.0, 'V': 8.0, 'O': 32.0}","['Mn', 'O', 'V']",3,0.38015947752343354,21.288930741312278,4.133613222256908
mp-531591,Mn2VO4,4.50351526872401,0.0439472962857152,-2.198578931694583,FM,109.9994078,0.1326988737220396,10.99994078,828.9400257489184,70,Triclinic,P1,False,11.842000367841692,"{'Mn': 20.0, 'V': 10.0, 'O': 40.0}","['Mn', 'O', 'V']",3,0.38030021354785815,26.62101494835007,4.132051614614251
mp-770547,Mn2PO5,3.537235534947263,0.0008103105729126,-2.4135514466256165,FM,36.0000033,0.0868092926254906,9.000000825,414.7021846533163,32,Orthorhombic,Pnnm,False,12.959443270416134,"{'Mn': 8.0, 'P': 4.0, 'O': 20.0}","['Mn', 'O', 'P']",3,0.27294656576969456,8.734290104630226,4.121686235371969
mp-1222504,Mn12Ge4N3,6.705401719919914,0.0,-0.2628346668511812,FM,40.6167555,0.1653639297079191,40.6167555,245.62040568182564,19,Tetragonal,P4/m,True,12.927389772727665,"{'Mn': 12.0, 'Ge': 4.0, 'N': 3.0}","['Ge', 'Mn', 'N']",3,0.5186972650941492,9.855248036788835,4.121332649201824
mp-684805,Mn14Sb13,7.3621607156966,0.0144141210025559,-0.2793760726181315,FM,83.3200496,0.0785300855203469,41.6600248,1060.9952739502876,54,Monoclinic,C2/c,False,19.64806062870903,"{'Mn': 28.0, 'Sb': 26.0}","['Mn', 'Sb']",2,0.37470164892199487,20.233889041787723,4.117846521147001
mp-705588,Fe8O9,5.297060851548167,0.0485509026470598,-1.4993131805882347,FM,67.9989394,0.183590791945707,33.9994697,370.3831694353669,34,Triclinic,P1,False,10.893622630451969,"{'Fe': 16.0, 'O': 18.0}","['Fe', 'O']",2,0.48625338248277433,16.53261500441433,4.113017776186271
mp-1222248,Mn5Cr4O12,4.654821574774378,0.0157172504761877,-2.225786477126435,FM,70.0047986,0.1454326821667378,35.0023993,481.355342946504,42,Triclinic,P-1,False,11.460841498726287,"{'Mn': 10.0, 'Cr': 8.0, 'O': 24.0}","['Cr', 'Mn', 'O']",3,0.40615006980872187,17.058302931966317,4.103854813647076
mp-1221988,Mn5CrO8,4.860093060734139,0.0143432924999995,-2.107726380689656,FM,24.9999862,0.1609266416291944,24.9999862,155.35020147630195,14,Monoclinic,C2/m,False,11.096442962592995,"{'Mn': 5.0, 'Cr': 1.0, 'O': 8.0}","['Cr', 'Mn', 'O']",3,0.43798657615939673,6.1318120662315545,4.077095959557728
mp-675077,Mn2CrO4,4.748928109122341,0.0327055992857143,-2.161024506551723,FM,23.999987,0.1519390336062863,11.9999935,157.95800743468087,14,Orthorhombic,Imma,False,11.28271481676292,"{'Mn': 4.0, 'Cr': 2.0, 'O': 8.0}","['Cr', 'Mn', 'O']",3,0.42090296406914207,5.892641496967989,4.072874111270641
mp-2226989,MgMn5O8,4.333298581041521,0.0193400964285714,-2.174364676761084,FM,21.0000016,0.1283425630422172,21.0000016,163.62460825324354,14,Tetragonal,I-4m2,False,11.687472018088824,"{'Mg': 1.0, 'Mn': 5.0, 'O': 8.0}","['Mg', 'Mn', 'O']",3,0.37076440262999805,5.1907016368199725,4.045696144628614
mp-759037,Fe9O10,5.350642916025339,0.0387845999999996,-1.5020958310526311,FM,38.0007454,0.184798401372739,38.0007454,205.6335180267732,19,Triclinic,P-1,False,10.82281673825122,"{'Fe': 9.0, 'O': 10.0}","['Fe', 'O']",2,0.49438543083839653,9.393323185929534,4.045506009728501
mp-674482,MnFeO3,4.844192810651176,0.0362459844375013,-1.8242596138362075,FM,72.0010748,0.1653568202001531,9.00013435,435.4285158171741,40,Orthorhombic,Ibca,False,10.885712895429354,"{'Mn': 8.0, 'Fe': 8.0, 'O': 24.0}","['Fe', 'Mn', 'O']",3,0.4450046457393833,17.800185829575334,4.044961973395182
mp-1221796,Mn3Cr3O8,4.6507999310858255,0.0230520967857152,-2.242338441699507,FM,22.9999447,0.1435340011583533,22.9999447,160.24039262045932,14,Trigonal,R-3m,False,11.44574233003281,"{'Mn': 3.0, 'Cr': 3.0, 'O': 8.0}","['Cr', 'Mn', 'O']",3,0.40633449513208586,5.688682931849202,4.043105403401958
mp-770563,Mn3(PO4)2,3.596103156628523,0.0192447448076897,-2.531694050813755,FM,59.9978036,0.0915646000710101,14.9994509,655.2510856102745,52,Monoclinic,P2_1/c,False,12.600982415582202,"{'Mn': 12.0, 'P': 8.0, 'O': 32.0}","['Mn', 'O', 'P']",3,0.2853827612822974,14.839903586679464,4.043004946060094
mp-705555,Fe10O11,5.3600072760582815,0.0442692292857156,-1.490957769047618,FM,83.9998863,0.1845893545715359,41.99994315,455.0635462970136,42,Triclinic,P-1,False,10.834846340405086,"{'Fe': 20.0, 'O': 22.0}","['Fe', 'O']",2,0.49470081140605127,20.777434079054153,4.042842151749659
mp-1221668,MnCrSb2,7.215429007084737,0.0155736143750004,-0.1535577511206938,FM,5.7674055,0.0715092702689085,5.7674055,80.65255705046124,4,Trigonal,P-3m1,False,20.16313926261531,"{'Mn': 1.0, 'Cr': 1.0, 'Sb': 2.0}","['Cr', 'Mn', 'Sb']",3,0.3578524610234151,1.4314098440936605,4.02917831241534
mp-1222550,Mg2Fe7O12,4.4798643301017504,0.047132867380947,-1.8983011821428577,FM,67.9997973,0.1452472070543161,33.99989865,468.16595430004384,42,Monoclinic,C2/c,False,11.146808435715329,"{'Mg': 4.0, 'Fe': 14.0, 'O': 24.0}","['Fe', 'Mg', 'O']",3,0.40189659272764405,16.87965689456105,4.028505894685029
mp-705417,Fe11O12,5.377099398533975,0.0488238395652178,-1.4817329317391306,FM,45.9993484,0.1847398377652615,45.9993484,248.9952841598182,23,Triclinic,P-1,False,10.825881919992096,"{'Fe': 11.0, 'O': 12.0}","['Fe', 'O']",2,0.4966892709779252,11.423853232492279,4.026605337432594
mp-1221602,MnZn(FeO2)4,4.986330903240522,0.0369597542857151,-1.7536117305665024,FM,25.000004,0.1591423325193071,25.000004,157.09210493673643,14,Cubic,F-43m,False,11.220864638338316,"{'Mn': 1.0, 'Zn': 1.0, 'Fe': 4.0, 'O': 8.0}","['Fe', 'Mn', 'O', 'Zn']",4,0.44438027406584435,6.221323836921821,4.018437981259223
mp-699908,Mn3(PO4)2,3.6273252444355872,0.0147994621153824,-2.536139333506063,FM,180.0011233,0.0923635397631309,15.000093608333332,1948.8330975796105,156,Monoclinic,P2_1/c,False,12.492519856279554,"{'Mn': 36.0, 'P': 24.0, 'O': 96.0}","['Mn', 'O', 'P']",3,0.2903597741821685,45.29612477241829,3.973874679222145
mp-705553,Fe23O25,5.415711461412236,0.049515041666666,-1.4789985053125,FM,95.9999958,0.1858776805310059,95.9999958,516.4686557619616,48,Triclinic,P-1,False,10.759763661707533,"{'Fe': 23.0, 'O': 25.0}","['Fe', 'O']",2,0.5033299644569316,24.159838293932715,3.973536355336806
mp-705424,Fe17O18,5.436285634638037,0.0396876154285728,-1.4740563385714285,FM,69.9996337,0.1852059351208741,69.9996337,377.9556721781888,35,Triclinic,P-1,False,10.798733490805391,"{'Fe': 17.0, 'O': 18.0}","['Fe', 'O']",2,0.5034188165924065,17.619658580734228,3.972814420850319
mp-737304,Mn9(Si2O9)2,4.090804369015367,0.0464158009856685,-2.492905685689655,FM,172.0000007,0.1183899687861375,43.000000175,1452.8257965056553,124,Orthorhombic,Pna2_1,False,11.716337068593994,"{'Mn': 36.0, 'Si': 16.0, 'O': 72.0}","['Mn', 'O', 'Si']",3,0.34915386481845895,43.295079237488906,3.972737866040591
mp-766076,CoPO4,2.678834374849405,0.0338213559722238,-2.086870789801587,FM,47.9985488,0.0419268415226155,3.999879066666667,1144.816710653231,72,Monoclinic,P2_1/c,False,15.900232092405986,"{'Co': 12.0, 'P': 12.0, 'O': 48.0}","['Co', 'O', 'P']",3,0.1684776900916325,12.13039368659754,3.956883019636203
mp-796336,MnO2,3.487332530954894,0.0360880283333333,-1.786439895699235,FM,18.0000006,0.0724705666152033,3.0000001,248.3767057538618,18,Monoclinic,P2/m,False,13.798705875214544,"{'Mn': 6.0, 'O': 12.0}","['Mn', 'O']",2,0.2527289560696338,4.549121209253409,3.9568083091270543
mp-704189,CoPO4,2.679582680699524,0.0376611983333345,-2.083030947440476,FM,48.0012516,0.0419409149319713,4.0001043,1144.4970067500574,72,Monoclinic,P2_1/c,False,15.895791760417463,"{'Co': 12.0, 'P': 12.0, 'O': 48.0}","['Co', 'O', 'P']",3,0.1685718283861786,12.137171643804859,3.954896001203142
mp-1222057,MgFe4CoO8,4.635284802446733,0.0374914458928623,-1.8022891832142869,FM,23.0000056,0.1477243744718655,23.0000056,155.69540018177847,14,Trigonal,R3m,False,11.121100012984176,"{'Mg': 1.0, 'Fe': 4.0, 'Co': 1.0, 'O': 8.0}","['Co', 'Fe', 'Mg', 'O']",4,0.4168009276991409,5.835212987787973,3.9415880188323515
mp-757545,Mn6Cr9O20,4.656820915970116,0.0116138432857084,-2.296772954788178,FM,111.9999799,0.1405236145228507,55.99998995,797.0189229781553,70,Trigonal,R-3m,False,11.385984613973648,"{'Mn': 12.0, 'Cr': 18.0, 'O': 40.0}","['Cr', 'Mn', 'O']",3,0.4089958904612388,28.629712332286715,3.9120190451125754
mp-760116,Fe31Si5O48,4.682184306882226,0.0492904470833366,-1.8678163863095252,FM,137.9995451,0.1474144235803675,137.9995451,936.1332612392928,84,Triclinic,P1,False,11.144443586182058,"{'Fe': 31.0, 'Si': 5.0, 'O': 48.0}","['Fe', 'O', 'Si']",3,0.4201362114379262,35.2914417607858,3.910283576267452
mp-1198989,Mn5(SiO5)2,4.08309965979794,0.0354463817973904,-2.458598246156188,FM,46.000943,0.1152190268632999,23.0004715,399.2478000580338,34,Monoclinic,P2_1/c,False,11.742582354648054,"{'Mn': 10.0, 'Si': 4.0, 'O': 20.0}","['Mn', 'O', 'Si']",3,0.34771735351566263,11.822390019532529,3.8910019821710238
mp-1215842,ZnFe8Co3O16,5.0247654417012,0.0086579779464202,-1.6146469703571429,FM,49.0013655,0.1569140815437954,49.0013655,312.281504743878,28,Tetragonal,P-4m2,False,11.152910883709929,"{'Zn': 1.0, 'Fe': 8.0, 'Co': 3.0, 'O': 16.0}","['Co', 'Fe', 'O', 'Zn']",4,0.4505339901030171,12.614951722884479,3.884387873725098
mp-1205062,Mn2AsO5,3.990136818433993,0.0,-1.9535515363577731,FM,36.0000014,0.0816717655226424,9.00000035,440.7888230360276,32,Orthorhombic,Pnnm,True,13.774650719875863,"{'Mn': 8.0, 'As': 4.0, 'O': 20.0}","['As', 'Mn', 'O']",3,0.2896724497468747,9.269518391899991,3.883697067957488
mp-27492,CaFe5O7,4.899904939459251,0.0456227637500026,-1.8166619149999996,FM,44.0000212,0.1505161831505726,22.0000106,292.32751109549116,26,Orthorhombic,Cmcm,False,11.243365811365043,"{'Ca': 2.0, 'Fe': 10.0, 'O': 14.0}","['Ca', 'Fe', 'O']",3,0.4358041018736861,11.330906648715839,3.883186276623913
mp-34139,Mn2CrO4,4.881109548617501,0.0042492521428556,-2.189480853694581,FM,23.9999998,0.1561681807428341,11.9999999,153.68047246142524,14,Monoclinic,C2/c,False,10.977176604387518,"{'Mn': 4.0, 'Cr': 2.0, 'O': 8.0}","['Cr', 'Mn', 'O']",3,0.4446598359970403,6.225237703958564,3.8552744395187752
mp-765581,Mn2CrO4,4.887944804363865,0.015428544642857,-2.17830156119458,FM,48.0000007,0.1563868742463154,12.000000175,306.9311342868719,28,Triclinic,P-1,False,10.96182622453114,"{'Mn': 8.0, 'Cr': 4.0, 'O': 16.0}","['Cr', 'Mn', 'O']",3,0.4459060656722765,12.485369838823742,3.844499708029644
mp-1003483,CaMn4O8,3.725355228754167,0.0289059568429568,-2.1644570639787797,FM,14.0001254,0.0809868098189176,14.0001254,172.869204643368,13,Triclinic,P-1,False,13.297631126412922,"{'Ca': 1.0, 'Mn': 4.0, 'O': 8.0}","['Ca', 'Mn', 'O']",3,0.28015179495801623,3.641973334454211,3.844104312229422
mp-532522,Mn7V5O16,4.556417379234419,0.0222731136160732,-2.2574029144827583,FM,83.999247,0.1287266814590059,41.9996235,652.5395205402717,56,Triclinic,P-1,False,11.65249143821914,"{'Mn': 14.0, 'V': 10.0, 'O': 32.0}","['Mn', 'O', 'V']",3,0.3910251643086193,21.89740920128268,3.836035862867265
mp-1202591,Mn2AsHO5,3.773937354906448,0.0,-1.8762432144013417,FM,40.0000007,0.0855039784387966,10.000000175,467.8144974111562,36,Orthorhombic,Pnnm,True,12.994847150309894,"{'Mn': 8.0, 'As': 4.0, 'H': 4.0, 'O': 20.0}","['As', 'H', 'Mn', 'O']",4,0.29041798731864643,10.455047543471272,3.8259032810403895
mp-19109,FePO4,3.018752413908947,0.0096182349999995,-2.341967725357142,FM,15.0000006,0.0602698288936544,5.0000002,248.88075634771351,18,Trigonal,P3_121,False,13.826708685984084,"{'Fe': 3.0, 'P': 3.0, 'O': 12.0}","['Fe', 'O', 'P']",3,0.2183276210172135,3.9298971783098433,3.816893908265343
mp-861549,Mn11ZnO16,4.915828016542266,0.0084067273214287,-2.024981503115764,FM,46.9999985,0.150302694829824,46.9999985,312.7023008683537,28,Orthorhombic,C222,False,11.167939316726915,"{'Mn': 11.0, 'Zn': 1.0, 'O': 16.0}","['Mn', 'O', 'Zn']",3,0.44017323851138096,12.324850678318667,3.8134335033105367
mp-1200902,Sr2(FeO2)3,4.711501026346129,0.0369188848295447,-2.173306949545454,FM,56.0009517,0.0905330802113773,14.000237925,618.5689426367524,44,Tetragonal,P4_2/mnm,False,14.05838505992619,"{'Sr': 8.0, 'Fe': 12.0, 'O': 24.0}","['Fe', 'O', 'Sr']",3,0.3351381404238522,14.746078178649498,3.797684443385257
mp-561445,FePO4,3.028254214921732,0.0086793454166667,-2.342906614940476,FM,19.9999994,0.0604595294940477,4.99999985,330.7997856974559,24,Monoclinic,P2_1/c,False,13.783324404060664,"{'Fe': 4.0, 'P': 4.0, 'O': 16.0}","['Fe', 'O', 'P']",3,0.2197041966181676,5.272900718836022,3.7929785646362304
mp-771843,Mn3(PO4)2,3.7134887461016,0.0037518107692289,-2.5471869848522153,FM,30.0000005,0.0945569552281839,15.00000025,317.2691043996105,26,Monoclinic,P2_1/c,False,12.20265786152348,"{'Mn': 6.0, 'P': 4.0, 'O': 16.0}","['Mn', 'O', 'P']",3,0.3043180254861278,7.912268662639323,3.791580111739127
mp-770532,Mn2PO5,3.6988919774096383,0.0399228277604137,-2.3744389294381154,FM,18.0046311,0.0907999415522266,9.00231555,198.28901640475215,16,Triclinic,P-1,False,12.39306352529701,"{'Mn': 4.0, 'P': 2.0, 'O': 10.0}","['Mn', 'O', 'P']",3,0.2984646992133441,4.775435187413506,3.7702597550594663
mp-1172875,Mn2O3,4.717691506399925,0.0,-2.013919843547413,FM,128.0030446,0.1439691190084549,8.0001902875,889.1007007723838,80,Orthorhombic,Pbca,True,11.113758759654797,"{'Mn': 32.0, 'O': 48.0}","['Mn', 'O']",2,0.42449108428789223,33.95928674303138,3.7693089836837315
mp-565203,Mn2O3,4.721179459528634,0.0001606345000002,-2.013759209047413,FM,128.0046812,0.1440774024740332,8.000292575,888.4438433922353,80,Orthorhombic,Pbca,False,11.10554804240294,"{'Mn': 32.0, 'O': 48.0}","['Mn', 'O']",2,0.42511899831528693,34.009519865222956,3.763789718504479
mp-1040986,Mg(FeO2)2,4.246042325166328,0.0235590969047612,-2.073270867380952,FM,60.0009189,0.1278580114303326,10.00015315,469.2777419950202,42,Trigonal,P3m1,False,11.173279571310005,"{'Mg': 6.0, 'Fe': 12.0, 'O': 24.0}","['Fe', 'Mg', 'O']",3,0.38001754973258073,15.96073708876839,3.7592824545818
mp-1216930,TiFe5O8,4.751781388830253,0.0453476025000068,-1.9625165602380945,FM,21.9999562,0.1383357884853674,21.9999562,159.03300542019213,14,Trigonal,R-3m,False,11.35950038715658,"{'Ti': 1.0, 'Fe': 5.0, 'O': 8.0}","['Fe', 'O', 'Ti']",3,0.41830901244589697,5.856326174242557,3.756613881371698
mp-1195295,CaFe5O7,4.987490479507078,0.0453518162500028,-1.8169328624999996,FM,87.9995142,0.1532057323271105,21.99987855,574.3878695877493,52,Monoclinic,P2_1/m,False,11.04592056899518,"{'Ca': 4.0, 'Fe': 20.0, 'O': 28.0}","['Ca', 'Fe', 'O']",3,0.4515232975245609,23.479211471277168,3.7479757064095813
mp-1214299,CaAlFe3O7,4.005051192499521,0.0356053403199458,-2.3222562578124992,FM,119.9975713,0.1043818501528426,14.9996964125,1149.6018812110706,96,Triclinic,P-1,False,11.975019595948652,"{'Ca': 8.0, 'Al': 8.0, 'Fe': 24.0, 'O': 56.0}","['Al', 'Ca', 'Fe', 'O']",4,0.3344504917432032,32.107247207347505,3.7373983052816637
mp-1221969,MgFe4NiO8,4.658880217768513,0.0474136871428569,-1.796521929642856,FM,22.0001266,0.1421000413730649,22.0001266,154.82139475414763,14,Trigonal,R3m,False,11.058671053867688,"{'Mg': 1.0, 'Fe': 4.0, 'Ni': 1.0, 'O': 8.0}","['Fe', 'Mg', 'Ni', 'O']",4,0.42128753039806754,5.898025425572945,3.73008337749966
mp-753198,Mg(FeO2)2,4.262596528098716,0.0344100714285708,-2.062419892857143,FM,19.9999857,0.1283544386856593,9.99999285,155.81841894054068,14,Trigonal,R3m,False,11.129887067181476,"{'Mg': 2.0, 'Fe': 4.0, 'O': 8.0}","['Fe', 'Mg', 'O']",3,0.3829865031306353,5.361811043828895,3.730080291251352
mp-33325,Mg(FeO2)2,4.2700099883245635,0.0371328267857133,-2.0596971375,FM,80.0002028,0.1285780891681494,10.00002535,622.1915671446852,56,Monoclinic,Cm,False,11.110563699012236,"{'Mg': 8.0, 'Fe': 16.0, 'O': 32.0}","['Fe', 'Mg', 'O']",3,0.3843198332686019,21.52191066304171,3.717151513753821
mp-1042262,CaMn2O4,3.9678018422456174,0.0449756192857151,-2.4029258147660104,FM,31.9993776,0.0893442680466937,7.9998444,358.1581482460212,28,Triclinic,P-1,False,12.7913624373579,"{'Ca': 4.0, 'Mn': 8.0, 'O': 16.0}","['Ca', 'Mn', 'O']",3,0.3101938407012397,8.685427539634711,3.684260498861501
mp-1076319,Ca2Fe2O5,3.8929755704324904,0.0465252447222219,-2.4096650033333336,FM,20.0000167,0.0862411995582453,10.00000835,231.90791411119517,18,Orthorhombic,Ima2,False,12.88377300617751,"{'Ca': 4.0, 'Fe': 4.0, 'O': 10.0}","['Ca', 'Fe', 'O']",3,0.3021611424359842,5.4389005638477155,3.677216831824393
mp-1199415,Mn2VHO5,3.671881274133864,0.0,-2.0974863295402306,FM,80.0008831,0.0914423894204432,10.0001103875,874.8774349296987,72,Orthorhombic,Pnma,True,12.151075485134704,"{'Mn': 16.0, 'V': 8.0, 'H': 8.0, 'O': 40.0}","['H', 'Mn', 'O', 'V']",4,0.3021857018850672,21.75737053572484,3.6769554927899653
mp-1049284,Mg(FeO2)2,4.293592750602496,0.0135285090476182,-2.083301455238095,FM,60.0007672,0.1292895362280086,10.000127866666666,464.0806127897744,42,Trigonal,P3m1,False,11.049538399756534,"{'Mg': 6.0, 'Fe': 12.0, 'O': 24.0}","['Fe', 'Mg', 'O']",3,0.3885766622338813,16.320219813823016,3.6764680797485414
mp-1406794,CaMn2O4,3.972521093009537,0.0402757432142841,-2.4076256908374396,FM,15.9999021,0.0894517254419932,7.99995105,178.86633288449477,14,Tetragonal,I4_1/a,False,12.776166634606769,"{'Ca': 2.0, 'Mn': 4.0, 'O': 8.0}","['Ca', 'Mn', 'O']",3,0.3109321603750204,4.3530502452502855,3.6755610890220867
mp-685663,Mg(FeO2)2,4.294255401039931,0.0423776981632642,-2.0544522661224485,FM,140.0001086,0.1293079369821871,10.000007757142855,1082.6876668776008,98,Triclinic,P1,False,11.047833335485722,"{'Mg': 14.0, 'Fe': 28.0, 'O': 56.0}","['Fe', 'Mg', 'O']",3,0.38869661323064597,38.092268096603306,3.6752893853669963
mp-560917,Mn13Al4Si2(SbO14)2,4.383586467451292,0.0,-2.487269709451091,FM,64.9986138,0.1093054079590595,64.9986138,594.6513993556961,49,Monoclinic,C2/m,True,12.135742843993798,"{'Mn': 13.0, 'Al': 4.0, 'Si': 2.0, 'Sb': 2.0, 'O': 28.0}","['Al', 'Mn', 'O', 'Sb', 'Si']",5,0.3612128671316408,17.6994304894504,3.672356228565766
mp-766042,CoPO4,2.78281390480558,0.0361577699999999,-2.0845343757738113,FM,15.9894751,0.0435269065669513,3.997368775,367.34692081564816,24,Orthorhombic,Pna2_1,False,15.306121700652008,"{'Co': 4.0, 'P': 4.0, 'O': 16.0}","['Co', 'O', 'P']",3,0.1818105173361478,4.363452416067547,3.6644091823075535
mp-1204859,Mn(BH4)2,1.2587833736302434,0.0104271688257551,-0.1396257111755484,FM,44.9966159,0.0447865826653525,4.999623988888889,1004.6896463661192,99,Trigonal,P3_112,False,10.148380266324436,"{'Mn': 9.0, 'B': 18.0, 'H': 72.0}","['B', 'H', 'Mn']",3,0.12403786028863033,12.279748168574402,3.6642946811525543
mp-1221755,MnFeSiO4,4.110086646073291,0.0135368974999963,-2.434292013275862,FM,35.9999859,0.1098081670466449,8.999996475,327.8443386156124,28,Orthorhombic,Pnma,False,11.708726379129017,"{'Mn': 4.0, 'Fe': 4.0, 'Si': 4.0, 'O': 16.0}","['Fe', 'Mn', 'O', 'Si']",4,0.35102764493665023,9.828774058226207,3.6627137511488277
mp-27491,Ca(Fe2O3)2,4.9246360233925355,0.0398392667045461,-1.8916754649999992,FM,36.0011161,0.148513934810083,18.00055805,242.4090112893283,22,Orthorhombic,Cmcm,False,11.018591422242196,"{'Ca': 2.0, 'Fe': 8.0, 'O': 12.0}","['Ca', 'Fe', 'O']",3,0.4469387995866364,9.832653590906,3.6613835489228075
mp-1221586,MnZn3(FeO2)8,4.985422013964004,0.0179939764285723,-1.7498047217118224,FM,45.0047889,0.1416451397882555,45.0047889,317.72914317623184,28,Tetragonal,P-4m2,False,11.347469399151136,"{'Mn': 1.0, 'Zn': 3.0, 'Fe': 8.0, 'O': 16.0}","['Fe', 'Mn', 'O', 'Zn']",4,0.43934218622673227,12.301581214348504,3.6584556176816228
mp-1176443,MnFeBO4,4.146951010928312,0.0336785845714313,-2.2113406363711,FM,40.0026903,0.1345707256545712,10.000672575,297.2614593955796,28,Orthorhombic,Pnma,False,10.616480692699271,"{'Mn': 4.0, 'Fe': 4.0, 'B': 4.0, 'O': 16.0}","['B', 'Fe', 'Mn', 'O']",4,0.3906144730032884,10.937205244092075,3.6574873934644465
mp-849770,CoPO4,2.787119345196618,0.0302156300000007,-2.0904765157738106,FM,7.9995132,0.0436202903641959,3.9997566,183.38972833995825,12,Monoclinic,Cc,False,15.282477361663185,"{'Co': 2.0, 'P': 2.0, 'O': 8.0}","['Co', 'O', 'P']",3,0.1823735301050233,2.1884823612602795,3.6552788094638
mp-558631,Mn3(PO4)2,3.7910882184150703,0.0,-2.550938795621445,FM,30.0000008,0.0965328797336011,15.0000004,310.7749492482777,26,Monoclinic,P2_1/c,True,11.952882663395297,"{'Mn': 6.0, 'P': 4.0, 'O': 16.0}","['Mn', 'O', 'P']",3,0.31716936618352,8.24640352077152,3.6379496497393387
mp-757326,Zn2Fe7O12,5.0165935865401465,0.007036667142855,-1.7038613471428563,FM,68.000187,0.14391581975672,34.0000935,472.49973710291,42,Tetragonal,I4_1/amd,False,11.249993740545476,"{'Zn': 4.0, 'Fe': 14.0, 'O': 24.0}","['Fe', 'O', 'Zn']",3,0.44591967802258603,18.728626476948612,3.630815483649873
mp-19193,CaFe3O5,4.768999290249195,0.0211844004166668,-2.010329296666667,FM,28.0003254,0.1398000286487822,14.0001627,200.2884095992917,18,Orthorhombic,Cmcm,False,11.127133866627316,"{'Ca': 2.0, 'Fe': 6.0, 'O': 10.0}","['Ca', 'Fe', 'O']",3,0.42859188605184817,7.714653948933267,3.629498560187746
mp-20223,Mn2GeO4,4.804613839231277,0.0,-2.114749792623151,FM,40.0000031,0.1173730475141507,10.000000775,340.7937677956049,28,Orthorhombic,Pnma,True,12.171205992700177,"{'Mn': 8.0, 'Ge': 4.0, 'O': 16.0}","['Ge', 'Mn', 'O']",3,0.3947524873141495,11.053069644796187,3.6189044659491585
mp-1215623,ZnFe4CoO8,5.0667621815650925,0.0069900433928644,-1.6568885592857143,FM,23.0000027,0.1475231839919464,23.0000027,155.90771618144856,14,Cubic,F-43m,False,11.13626544153204,"{'Zn': 1.0, 'Fe': 4.0, 'Co': 1.0, 'O': 8.0}","['Co', 'Fe', 'O', 'Zn']",4,0.4549785750139274,6.369700050194984,3.6108454901727973
mp-2767508,CoPO4,2.807078194534761,0.044573418333333,-2.076118727440478,FM,15.999997,0.0439353249934569,3.99999925,364.1715863575104,24,Monoclinic,P2_1/c,False,15.1738160982296,"{'Co': 4.0, 'P': 4.0, 'O': 16.0}","['Co', 'O', 'P']",3,0.18499487382493554,4.439876971798453,3.6037027831243957
mp-531842,Mn7V5O16,4.704805572381703,0.0307159673660724,-2.248960060732759,FM,84.0008006,0.1329213632728904,42.0004003,631.9586147152625,56,Orthorhombic,Pnnm,False,11.284975262772544,"{'Mn': 14.0, 'V': 10.0, 'O': 32.0}","['Mn', 'O', 'V']",3,0.4169088068719262,23.34689318482787,3.5979434152115997
mp-1003322,CaMnO2,4.280067945599666,0.0438649506250001,-2.625429628857759,FM,20.0000007,0.1014651968665242,5.000000175,197.11192918996315,16,Orthorhombic,Pmmn,False,12.319495574372697,"{'Ca': 4.0, 'Mn': 4.0, 'O': 8.0}","['Ca', 'Mn', 'O']",3,0.3474223372021143,5.558757395233829,3.5979265288944497
mp-34493,Mg(FeO2)2,4.362050493045536,0.0449584699999983,-2.051871494285715,FM,60.0009199,0.1313512839448438,10.000153316666667,456.7973612286516,42,Triclinic,P1,False,10.876127648301228,"{'Mg': 6.0, 'Fe': 12.0, 'O': 24.0}","['Fe', 'Mg', 'O']",3,0.40106650400768845,16.844793168322916,3.5619861461305047
mp-690495,Fe5SnO8,5.262464837950589,0.0382628978571384,-1.6585653610714286,FM,21.9999943,0.1325667372966167,21.9999943,165.95410544634012,14,Trigonal,R-3m,False,11.85386467473858,"{'Fe': 5.0, 'Sn': 1.0, 'O': 8.0}","['Fe', 'O', 'Sn']",3,0.4439450746527647,6.215231045138706,3.5396905022875176
mp-571339,Ba(CrAs)2,5.86097868555103,0.0086029896666657,-0.4589274610000003,FM,4.6754164,0.0421875434736365,4.6754164,110.82457083384612,5,Tetragonal,I4/mmm,False,22.164914166769226,"{'Ba': 1.0, 'Cr': 2.0, 'As': 2.0}","['As', 'Ba', 'Cr']",3,0.2644259590383666,1.322129795191833,3.536276405692548
mp-1305204,Mn2PO5,3.8188846499648976,0.0294356746354118,-2.3849260825631173,FM,17.9999096,0.0937209231552294,8.9999548,192.05860328740948,16,Monoclinic,C2/c,False,12.003662705463093,"{'Mn': 4.0, 'P': 2.0, 'O': 10.0}","['Mn', 'O', 'P']",3,0.31814328206896814,5.09029251310349,3.536124801013777
mp-35033,ZnFe5O8,5.217042874343563,0.0092897285714181,-1.684544337142855,FM,24.0000002,0.159538683275747,24.0000002,150.43373624012136,14,Cubic,F-43m,False,10.745266874294384,"{'Zn': 1.0, 'Fe': 5.0, 'O': 8.0}","['Fe', 'O', 'Zn']",3,0.485520083900769,6.797281174610766,3.5308235136196666
mp-20117,TiFe2O5,4.197457430643265,0.0427832984374987,-2.339669591666667,FM,19.9982819,0.1055106905992267,9.99914095,189.53796801465117,16,Orthorhombic,Cmcm,False,11.846123000915698,"{'Ti': 2.0, 'Fe': 4.0, 'O': 10.0}","['Fe', 'O', 'Ti']",3,0.35433174468294854,5.669307914927177,3.5274644101345975
mp-1227204,Ca4MnFe3O10,3.871314974149195,0.028529178750003,-2.4732620857183907,FM,38.0019805,0.08161360690372,19.00099025,465.6329004651284,36,Monoclinic,P2_1/c,False,12.934247235142456,"{'Ca': 8.0, 'Mn': 2.0, 'Fe': 6.0, 'O': 20.0}","['Ca', 'Fe', 'Mn', 'O']",4,0.2993073275753382,10.775063792712174,3.526845059210047
mp-34569,Mg(FeO2)2,4.384033251606466,0.0466457759523795,-2.0501841883333336,FM,60.0009458,0.1320132919011887,10.000157633333332,454.5068525744392,42,Monoclinic,Cm,False,10.821591727962836,"{'Mg': 6.0, 'Fe': 12.0, 'O': 24.0}","['Fe', 'Mg', 'O']",3,0.40511907691714033,17.015001230519893,3.526355654466601
mp-559387,Mn3V6(FeO6)4,3.605208234966848,0.0046613952702667,-2.1596034398322472,FM,35.0040729,0.0705098966698678,35.0040729,496.44198266083754,37,Triclinic,P-1,False,13.41735088272534,"{'Mn': 3.0, 'V': 6.0, 'Fe': 4.0, 'O': 24.0}","['Fe', 'Mn', 'O', 'V']",4,0.26869746990134286,9.941806386349686,3.5208966599934337
mp-754106,Mn2PO5,3.827246489578187,0.0294903140104132,-2.384871443188116,FM,18.0,0.093926606448967,9.0,191.63899006379953,16,Tetragonal,I4_1/amd,False,11.97743687898747,"{'Mn': 4.0, 'P': 2.0, 'O': 10.0}","['Mn', 'O', 'P']",3,0.3195380220531564,5.112608352850502,3.520707779222755
mp-1101048,TiFe2O5,4.202410101001617,0.0460239449999999,-2.336428945104166,FM,39.9988052,0.1056411047099482,9.9997013,378.62918330721806,32,Triclinic,P1,False,11.832161978350564,"{'Ti': 4.0, 'Fe': 8.0, 'O': 20.0}","['Fe', 'O', 'Ti']",3,0.3551684052915108,11.365388969328345,3.5193520703905827
mp-505442,Mn3BO5,4.567705086620284,0.0114539383333251,-2.2749321175510855,FM,56.0000015,0.1506532646929961,14.000000375,371.71449031733766,36,Orthorhombic,Pbam,False,10.325402508814935,"{'Mn': 12.0, 'B': 4.0, 'O': 20.0}","['B', 'Mn', 'O']",3,0.44237549894261,15.925517961933961,3.5163692404764637
mp-859125,Mn6P4H2O17,3.502337915301059,0.0137633628448377,-2.40569931529854,FM,60.0048277,0.0869790854269538,30.00241385,689.8765077311928,58,Monoclinic,Cc,False,11.89442254708953,"{'Mn': 12.0, 'P': 8.0, 'H': 4.0, 'O': 34.0}","['H', 'Mn', 'O', 'P']",4,0.2944521183298683,17.07822286313236,3.5135287893177405
mp-1222219,Mn3Fe3(PO4)4,3.679229014649694,0.0210131746153852,-2.402409077206329,FM,54.0000156,0.0839940564337412,27.0000078,642.9028182797424,52,Monoclinic,P2_1,False,12.363515736148893,"{'Mn': 6.0, 'Fe': 6.0, 'P': 8.0, 'O': 32.0}","['Fe', 'Mn', 'O', 'P']",4,0.2975876031679429,15.474555364733032,3.489600465230014
mp-22781,Mn2GeO4,4.899612120808857,0.0311865882142843,-2.083563204408867,FM,40.002951,0.1197026041287379,10.00073775,334.1861381476509,28,Orthorhombic,Imma,False,11.93521921955896,"{'Mn': 8.0, 'Ge': 4.0, 'O': 16.0}","['Ge', 'Mn', 'O']",3,0.41051714515470056,11.494480064331615,3.480187949008036
mp-3224,Mn7SiO12,4.580059550676433,0.0,-2.236868358525862,FM,116.0100924,0.1322993220576562,29.0025231,876.8759400705213,80,Tetragonal,I4_1/acd,True,10.960949250881516,"{'Mn': 28.0, 'Si': 4.0, 'O': 48.0}","['Mn', 'O', 'Si']",3,0.4178524547322477,33.42819637857981,3.470426315741557
mp-19185,Mn3(BO3)2,4.0937089302548895,0.0,-2.4361777151933137,FM,30.0000017,0.1309315839597084,15.00000085,229.127310559627,22,Orthorhombic,Pnnm,True,10.414877752710318,"{'Mn': 6.0, 'B': 4.0, 'O': 12.0}","['B', 'Mn', 'O']",3,0.393063560365801,8.647398328047622,3.469251740456518
mp-770538,Mn2PO5,3.856804349783059,0.003595742760412,-2.410766014438117,FM,35.999999,0.0946519998741918,8.99999975,380.34060609231665,32,Orthorhombic,Pnma,False,11.885643940384895,"{'Mn': 8.0, 'P': 4.0, 'O': 20.0}","['Mn', 'O', 'P']",3,0.3244926710851952,10.383765474726246,3.4669503165901476
mp-1042170,Ca(FeO2)2,4.603548092889661,0.0416762948214293,-2.146978633571428,FM,19.9997801,0.1284862358268148,9.99989005,155.65698513385885,14,Orthorhombic,Cmcm,False,11.118356080989916,"{'Ca': 2.0, 'Fe': 4.0, 'O': 8.0}","['Ca', 'Fe', 'O']",3,0.4140493486047613,5.796690880466658,3.450206421631704
mp-1198455,MnPHO3,3.007473854713951,0.0090868756460436,-2.061023276678982,FM,39.9993539,0.067119085058324,4.9999192375,595.9460541698684,48,Monoclinic,P2_1/c,False,12.41554279520559,"{'Mn': 8.0, 'P': 8.0, 'H': 8.0, 'O': 24.0}","['H', 'Mn', 'O', 'P']",4,0.24223458485240956,11.627260072915659,3.440135822984971
mp-1221657,Mn5V4O12,4.778175162487883,0.0055915367261558,-2.2864677580788513,FM,61.9999972,0.1330481619113076,30.9999986,465.996645946378,42,Monoclinic,C2/c,False,11.095158236818524,"{'Mn': 10.0, 'V': 8.0, 'O': 24.0}","['Mn', 'O', 'V']",3,0.43065407996001676,18.087471358320705,3.4277868902597266
mp-766445,Mn2CoO4,4.921134486201559,0.0379096385714294,-1.800203710837439,FM,41.9999844,0.1336624611117742,10.4999961,314.22423357054475,28,Triclinic,P1,False,11.222294056090885,"{'Mn': 8.0, 'Co': 4.0, 'O': 16.0}","['Co', 'Mn', 'O']",3,0.4385141274684939,12.278395569117828,3.420641089755801
mp-690584,Fe7(PO5)4,3.789032558959256,0.0482148517204317,-2.1569868567281105,FM,34.0018055,0.0929393847032978,34.0018055,365.84926410421457,31,Triclinic,P-1,False,11.801589164652082,"{'Fe': 7.0, 'P': 4.0, 'O': 20.0}","['Fe', 'O', 'P']",3,0.32106121523939346,9.952897672421198,3.416271986219319
mp-1172871,Mn7GeO12,4.783353090346154,0.0,-2.0521910770258613,FM,116.00905,0.1286877779531416,29.0022625,901.4768289980244,80,Tetragonal,I4_1/acd,True,11.268460362475306,"{'Mn': 28.0, 'Ge': 4.0, 'O': 48.0}","['Ge', 'Mn', 'O']",3,0.42449038612897155,33.95923089031773,3.4161271312265167
mp-25970,Mn4(PO4)3,3.5977722713436577,0.028062255526315,-2.489017405823827,FM,38.0039124,0.0815790435523734,19.0019562,465.8538608092606,38,Monoclinic,Cc,False,12.25931212655949,"{'Mn': 8.0, 'P': 6.0, 'O': 24.0}","['Mn', 'O', 'P']",3,0.2934726054938413,11.151959008765969,3.4078238962434417
mp-765297,Mn2AsHO5,4.002736143052044,0.0144104406944434,-1.8618327737068985,FM,160.0501112,0.0907161454023078,10.00313195,1764.2957655465857,144,Monoclinic,P2_1/c,False,12.252053927406845,"{'Mn': 32.0, 'As': 16.0, 'H': 16.0, 'O': 80.0}","['As', 'H', 'Mn', 'O']",4,0.3266991940100957,47.044683937453776,3.4020870756149133
mp-1215745,Zn3Fe8CoO16,5.083036919621022,0.005111975267857,-1.699340281785714,FM,43.0015736,0.1374148087273066,43.0015736,312.93260164801194,28,Tetragonal,P-4m2,False,11.176164344571855,"{'Zn': 3.0, 'Fe': 8.0, 'Co': 1.0, 'O': 16.0}","['Co', 'Fe', 'O', 'Zn']",4,0.454810502324959,12.734694065098852,3.376726082321178
mp-1227632,BaZnFe6O11,5.401335184783992,0.0499262486841853,-1.8118802247368408,FM,60.0014635,0.1367123346260863,30.00073175,438.8884416618763,38,Monoclinic,Cm,False,11.549695833207272,"{'Ba': 2.0, 'Zn': 2.0, 'Fe': 12.0, 'O': 22.0}","['Ba', 'Fe', 'O', 'Zn']",4,0.46766038368337515,17.771094579968256,3.3763515933134594
mp-760003,Ti3Fe9O16,4.638890279000074,0.0296777746428542,-2.160797359464286,FM,76.0007539,0.1176662241315214,38.00037695,645.9011875408713,56,Orthorhombic,Pnnm,False,11.53394977751556,"{'Ti': 6.0, 'Fe': 18.0, 'O': 32.0}","['Fe', 'O', 'Ti']",3,0.4021944232879521,22.522887704125317,3.3743787607696336
mp-770540,Mn2PO5,3.912748183556711,0.0008505999479115,-2.4135111572506176,FM,36.0000014,0.096024955294543,9.00000035,374.9025582940919,32,Orthorhombic,Pnma,False,11.715704946690373,"{'Mn': 8.0, 'P': 4.0, 'O': 20.0}","['Mn', 'O', 'P']",3,0.3339746264830647,10.68718804745807,3.368519505798585
mp-1076761,Sr3Ca(Fe2O5)2,4.566136221689724,0.0152852206770841,-2.377882791597222,FM,159.7345242,0.0799994458314744,19.966815525,1996.6953838217112,144,Triclinic,P1,False,13.86594016542855,"{'Sr': 24.0, 'Ca': 8.0, 'Fe': 32.0, 'O': 80.0}","['Ca', 'Fe', 'O', 'Sr']",4,0.32930592280170856,47.42005288344603,3.368501604007322
mp-26914,Cr4(PO4)3,3.178068562744191,0.0411689739473679,-2.461642013890978,FM,30.0006352,0.0582447968038772,15.0003176,515.0783734557198,38,Triclinic,P-1,False,13.554694038308416,"{'Cr': 8.0, 'P': 6.0, 'O': 24.0}","['Cr', 'O', 'P']",3,0.2344625820223091,8.909578116847745,3.3672340942013514
mp-562107,Mn2V2O7,3.632721003554479,0.0039262602272724,-2.316158838942007,FM,40.0001491,0.0675722264699116,10.000037275,591.9613899034563,44,Triclinic,P-1,False,13.45366795235128,"{'Mn': 8.0, 'V': 8.0, 'O': 28.0}","['Mn', 'O', 'V']",3,0.2700171445007005,11.880754358030822,3.366802131799132
mp-753395,FePO4,3.21950916004035,0.0,-2.3515859603571427,FM,10.0000003,0.0642779657459663,5.00000015,155.57431203596445,12,Triclinic,P-1,True,12.964526002997038,"{'Fe': 2.0, 'P': 2.0, 'O': 8.0}","['Fe', 'O', 'P']",3,0.24833219195951234,2.9799863035141483,3.35572022200488
mp-5945,MnSiO3,3.6015471565691115,0.0087883553095267,-2.789071418443349,FM,70.0017624,0.082770878892977,5.000125885714286,845.7293596037858,70,Triclinic,P-1,False,12.081847994339798,"{'Mn': 14.0, 'Si': 14.0, 'O': 42.0}","['Mn', 'O', 'Si']",3,0.2980957183252424,20.866700282766967,3.3547116434988937
mp-530877,Ti3Fe9O16,4.653522753539434,0.0280050337499986,-2.1624701003571425,FM,75.9998322,0.1180359477843329,37.9999161,643.870224508737,56,Triclinic,P-1,False,11.49768258051316,"{'Ti': 6.0, 'Fe': 18.0, 'O': 32.0}","['Fe', 'O', 'Ti']",3,0.4047357126927868,22.665199910796062,3.353150755303913
mp-557740,Mn13Si2SbO24,4.704184709191676,0.0106575438020843,-2.219651172744254,FM,167.9868469,0.1243084858100463,55.99561563333333,1351.37071138247,120,Trigonal,P31m,False,11.261422594853917,"{'Mn': 39.0, 'Si': 6.0, 'Sb': 3.0, 'O': 72.0}","['Mn', 'O', 'Sb', 'Si']",4,0.41772561766231264,50.12707411947752,3.351219871712531
mp-1221996,Mn2CoO4,5.09453318914541,0.0,-1.8381133494088675,FM,22.0000242,0.1449614888150108,11.0000121,151.7646126556744,14,Tetragonal,I4_1/amd,True,10.840329475405314,"{'Mn': 4.0, 'Co': 2.0, 'O': 8.0}","['Co', 'Mn', 'O']",3,0.4699611022620627,6.579455431668878,3.3437454556052364
mp-505314,Ca2MnFeO5,3.869229735592783,0.0299765183333367,-2.5174157625478935,FM,36.0071794,0.0774172504683471,9.00179485,465.1053761554331,36,Orthorhombic,Pnma,False,12.919593782095363,"{'Ca': 8.0, 'Mn': 4.0, 'Fe': 4.0, 'O': 20.0}","['Ca', 'Fe', 'Mn', 'O']",4,0.29948540185179506,10.781474466664623,3.3397268167105576
mp-2352352,Mn2NiO4,4.859592303939544,0.0492017699404705,-1.7377683186945814,FM,19.9999993,0.1258352926696654,9.99999965,158.93791698409035,14,Orthorhombic,Fdd2,False,11.352708356006454,"{'Mn': 4.0, 'Ni': 2.0, 'O': 8.0}","['Mn', 'Ni', 'O']",3,0.4280557688569923,5.992780763997892,3.3373487346895097
mp-510604,Mn2O3,5.018577151722625,0.0067833446249991,-2.0071364989224136,FM,128.0000104,0.1531475730286277,8.00000065,835.795225929392,80,Cubic,Ia-3,False,10.4474403241174,"{'Mn': 32.0, 'O': 48.0}","['Mn', 'O']",2,0.4803642802474294,38.42914241979435,3.330805798415862
mp-772265,MnPO4,2.8835538284827273,0.0323033345833341,-2.4114148691789823,FM,16.0002359,0.0463357794580049,4.000058975,345.31060202626685,24,Monoclinic,P2_1/c,False,14.387941751094452,"{'Mn': 4.0, 'P': 4.0, 'O': 16.0}","['Mn', 'O', 'P']",3,0.20041461651478976,4.809950796354954,3.3264863981821176
mp-1221916,Mn3V2O8,4.189309459302748,0.0183144607692309,-2.2625231656763924,FM,45.0000002,0.0958795336247857,15.000000066666669,469.3389558620788,39,Tetragonal,I-4,False,12.034332201591765,"{'Mn': 9.0, 'V': 6.0, 'O': 24.0}","['Mn', 'O', 'V']",3,0.3481131639983009,13.576413395933734,3.3145720366380367
mp-2218942,MgMn4O8,3.9298951603341794,0.0472363922275711,-2.060651591286473,FM,14.0025887,0.0890709556542047,14.0025887,157.20712321041526,13,Trigonal,R-3m,False,12.092855631570403,"{'Mg': 1.0, 'Mn': 4.0, 'O': 8.0}","['Mg', 'Mn', 'O']",3,0.32497660437411796,4.2246958568635335,3.314460774081781
mp-689940,CoPO4,2.928909561525666,0.031898877083333,-2.088793268690478,FM,15.9999074,0.0458419267015618,3.99997685,349.02344973765827,24,Orthorhombic,Pna2_1,False,14.542643739069094,"{'Co': 4.0, 'P': 4.0, 'O': 16.0}","['Co', 'O', 'P']",3,0.20140145176334712,4.833634842320331,3.310119179859153
mp-1227753,Ca4CrFe3O10,3.881649743620285,0.0352950781944434,-2.5195922391666667,FM,36.0023665,0.0779481068435875,18.00118325,461.8760859996664,36,Monoclinic,P2_1/c,False,12.82989127776851,"{'Ca': 8.0, 'Cr': 2.0, 'Fe': 6.0, 'O': 20.0}","['Ca', 'Cr', 'Fe', 'O']",4,0.3025473606581814,10.89170498369453,3.3054849129587596
mp-1076199,Sr5Ca3MnFe7O20,4.472212711039498,0.0313288866666647,-2.3972356485536404,FM,155.776116,0.0792079611477089,38.944029,1966.6724625003897,144,Triclinic,P1,False,13.657447656252703,"{'Sr': 20.0, 'Ca': 12.0, 'Mn': 4.0, 'Fe': 28.0, 'O': 80.0}","['Ca', 'Fe', 'Mn', 'O', 'Sr']",5,0.327455965682725,47.1536590583124,3.3035848990501466
mp-1221978,MgZn(FeO2)4,4.757291337872045,0.0365957339285714,-1.8843322039285713,FM,20.000055,0.1299018739421986,20.000055,153.96279047444114,14,Trigonal,R3m,False,10.997342176745796,"{'Mg': 1.0, 'Zn': 1.0, 'Fe': 4.0, 'O': 8.0}","['Fe', 'Mg', 'O', 'Zn']",4,0.4325855521647292,6.056197730306209,3.3024111646679626
mp-1221818,Mn2V2O7,3.6680537041125065,0.0001971090909087,-2.319887990078371,FM,9.9973157,0.0682108807811644,9.9973157,146.5648234637754,11,Monoclinic,C2,False,13.324074860343218,"{'Mn': 2.0, 'V': 2.0, 'O': 7.0}","['Mn', 'O', 'V']",3,0.2752951887886661,3.028247076675327,3.3013540331642695
mp-1221831,MnGaFeO4,5.019900961283819,0.0209561053571469,-1.997825486490147,FM,19.9999759,0.123640339719714,9.99998795,161.75930885776333,14,Orthorhombic,Imma,False,11.554236346983094,"{'Mn': 2.0, 'Ga': 2.0, 'Fe': 2.0, 'O': 8.0}","['Fe', 'Ga', 'Mn', 'O']",4,0.4344641056779625,6.082497479491475,3.288119060868413
mp-1210639,Mn5V2(HO3)4,3.698121267100907,0.0014710656521774,-1.983742084115442,FM,24.9995573,0.0972332281494386,24.9995573,257.1091979130628,23,Monoclinic,C2/m,False,11.178660778828815,"{'Mn': 5.0, 'V': 2.0, 'H': 4.0, 'O': 12.0}","['H', 'Mn', 'O', 'V']",4,0.33081970553259404,7.608853227249663,3.2855880581936883
mp-18830,Fe2PO5,3.978959380938039,0.0413572951041594,-2.145798818705358,FM,18.0000005,0.0968543739182343,9.00000025,185.84602606791736,16,Tetragonal,I4_1/amd,False,11.615376629244832,"{'Fe': 4.0, 'P': 2.0, 'O': 10.0}","['Fe', 'O', 'P']",3,0.34255965242831127,5.48095443885298,3.2840996400924154
mp-2920137,Fe2PO5,3.9820397071190383,0.0286765701041602,-2.158479543705357,FM,18.0000005,0.0969293540914811,9.00000025,185.70226397064135,16,Monoclinic,C2/m,False,11.606391498165085,"{'Fe': 4.0, 'P': 2.0, 'O': 10.0}","['Fe', 'O', 'P']",3,0.34309024538320804,5.489443926131329,3.2790207427595406
mp-581855,Sr21(Mn2Sb9)2,4.862040294166288,0.0166441920301227,-0.96960316329591,FM,40.5776626,0.0139729848498789,20.2888313,2904.0082012506873,86,Monoclinic,C2/m,False,33.7675372238452,"{'Sr': 42.0, 'Mn': 8.0, 'Sb': 36.0}","['Mn', 'Sb', 'Sr']",3,0.14398563513636764,12.382764621727617,3.276946937099955
mp-1218842,Sr2Fe2O5,4.793519814546724,0.0166127264583462,-2.3555478738888898,FM,20.0000053,0.0786730294541296,10.00000265,254.21679371913635,18,Monoclinic,C2/m,False,14.123155206618684,"{'Sr': 4.0, 'Fe': 4.0, 'O': 10.0}","['Fe', 'O', 'Sr']",3,0.33940856305964023,6.1093541350735245,3.27366933685852
mp-704227,Mn9(PO4)8,3.2186110825574876,0.0456157755102051,-2.426548707724942,FM,39.0017043,0.0602742183942415,39.0017043,647.0710917377264,49,Triclinic,P-1,False,13.205532484443395,"{'Mn': 9.0, 'P': 8.0, 'O': 32.0}","['Mn', 'O', 'P']",3,0.2437320181029527,11.942868887044682,3.2656897324149683
mp-1222064,Mn4Nb2O9,4.988165705534126,0.0287552600000005,-2.512792614114943,FM,40.0040034,0.1093328030600404,20.0020017,365.89204959861576,30,Monoclinic,Cc,False,12.196401653287191,"{'Mn': 8.0, 'Nb': 4.0, 'O': 18.0}","['Mn', 'Nb', 'O']",3,0.4089866706045802,12.269600118137406,3.2604162331961013
mp-1218747,Sr2Mn2Cu(AsO)2,5.4801946866277556,0.0357865333333338,-1.4489663912068973,FM,9.0001387,0.055989598740063,9.0001387,160.7466190601576,9,Tetragonal,I-4m2,False,17.860735451128622,"{'Sr': 2.0, 'Mn': 2.0, 'Cu': 1.0, 'As': 2.0, 'O': 2.0}","['As', 'Cu', 'Mn', 'O', 'Sr']",5,0.3068291729432374,2.761462556489137,3.259192734245356
mp-1099974,Sr6Ca2MnFe7O20,4.582693198616037,0.0256545609114562,-2.3924062683453067,FM,155.7043326,0.0783155235961984,38.92608315,1988.1669105964852,144,Triclinic,P1,False,13.806714656920036,"{'Sr': 24.0, 'Ca': 8.0, 'Mn': 4.0, 'Fe': 28.0, 'O': 80.0}","['Ca', 'Fe', 'Mn', 'O', 'Sr']",5,0.33191771630618544,47.7961511480907,3.257675123621745
mp-1221544,Mn5Ni(BO5)2,4.503700394719496,0.0115307591666855,-2.18435702266603,FM,49.9965551,0.1316508193742041,24.99827755,379.76638001689815,36,Orthorhombic,Pmc2_1,False,10.549066111580505,"{'Mn': 10.0, 'Ni': 2.0, 'B': 4.0, 'O': 20.0}","['B', 'Mn', 'Ni', 'O']",4,0.4269288245122897,15.36943768244243,3.2529853162496973
mp-1101180,Zn11Fe25O48,5.089868003620218,0.0120702864285817,-1.7244236507142852,FM,124.0000529,0.1318089797026231,124.0000529,940.755729842982,84,Monoclinic,Cm,False,11.199472974321214,"{'Zn': 11.0, 'Fe': 25.0, 'O': 48.0}","['Fe', 'O', 'Zn']",3,0.4544738859846848,38.17580642271352,3.2481318541636224
mp-625671,Mn(HO)2,3.0218577609435804,0.0385378205000002,-1.5424918820862077,FM,5.0000104,0.1022907989941518,5.0000104,48.88035335696086,5,Triclinic,P1,False,9.776070671392173,"{'Mn': 1.0, 'H': 2.0, 'O': 2.0}","['H', 'Mn', 'O']",3,0.3091076018697857,1.5455380093489284,3.235126130677497
mp-1076090,BaSr7(Fe2O5)4,4.9003086914736205,0.0083732842720678,-2.354682297777777,FM,159.7030113,0.0776467141181849,39.925752825,2056.7903370246736,144,Triclinic,P1,False,14.283266229338013,"{'Ba': 4.0, 'Sr': 28.0, 'Fe': 32.0, 'O': 80.0}","['Ba', 'Fe', 'O', 'Sr']",4,0.3430804000144115,49.40357760207525,3.2326203698513423
mp-1196071,Ba2Fe2O5,5.439626929971506,0.0,-2.2993204539682544,FM,140.0000826,0.0702452032891497,10.0000059,1993.01982263072,126,Monoclinic,P2_1/c,True,15.81761763992635,"{'Ba': 28.0, 'Fe': 28.0, 'O': 70.0}","['Ba', 'Fe', 'O']",3,0.3438967266626148,43.330987559489465,3.2309460385086486
mp-540391,CoPO4,2.965233559025326,0.0359890708333328,-2.084703074940478,FM,15.9999999,0.0464107212844697,3.999999975,344.7479258494959,24,Monoclinic,Pc,False,14.364496910395664,"{'Co': 4.0, 'P': 4.0, 'O': 16.0}","['Co', 'O', 'P']",3,0.2064279436670957,4.954270648010296,3.2295369059875285
mp-26858,Fe5(PO4)4,3.456478389752239,0.0181153668,-2.304516862342856,FM,22.0000823,0.0694785677801172,22.0000823,316.6455930643953,25,Triclinic,P-1,False,12.665823722575812,"{'Fe': 5.0, 'P': 4.0, 'O': 16.0}","['Fe', 'O', 'P']",3,0.2728980337529366,6.822450843823415,3.224659701273976
mp-758109,Mn2PH2CO7,2.8532698330155686,0.0168622993749965,-2.043462157731147,FM,40.0013625,0.0643880320657854,10.000340625,621.254621652833,52,Monoclinic,P2_1/c,False,11.94720426255448,"{'Mn': 8.0, 'P': 4.0, 'H': 8.0, 'C': 4.0, 'O': 28.0}","['C', 'H', 'Mn', 'O', 'P']",5,0.23882322343465978,12.418807618602308,3.2210308532424152
mp-1076487,Sr7CaMnFe7O20,4.689249371647521,0.0200184018923605,-2.387538721400863,FM,155.6860103,0.0774429981649654,38.921502575,2010.3303589611169,144,Triclinic,P1,False,13.960627492785532,"{'Sr': 28.0, 'Ca': 4.0, 'Mn': 4.0, 'Fe': 28.0, 'O': 80.0}","['Ca', 'Fe', 'Mn', 'O', 'Sr']",5,0.3358910173680084,48.368306500993214,3.2187608283701863
mp-2228448,MgCr3(FeO4)2,4.470534117634418,0.0372226248214264,-2.234407476785713,FM,17.9991925,0.1153815261837085,17.9991925,155.99717819074425,14,Trigonal,R3m,False,11.14265558505316,"{'Mg': 1.0, 'Cr': 3.0, 'Fe': 2.0, 'O': 8.0}","['Cr', 'Fe', 'Mg', 'O']",4,0.40120903706574457,5.616926518920424,3.204455753403634
mp-20547,Ca(FeO2)2,4.778983259995516,0.0178028362500013,-2.1708520921428556,FM,39.9996722,0.1333830508727569,9.99991805,299.8857196493308,28,Orthorhombic,Pnma,False,10.710204273190383,"{'Ca': 4.0, 'Fe': 8.0, 'O': 16.0}","['Ca', 'Fe', 'O']",3,0.4462084137795759,12.493835585828124,3.201552631713195
mp-1196033,BaMn9V6O26,4.137630775415953,0.0429144262499985,-2.303330483723318,FM,172.0004762,0.0791671883534389,43.00011905,2172.6232771095806,168,Cubic,Pa-3,False,12.932281411366551,"{'Ba': 4.0, 'Mn': 36.0, 'V': 24.0, 'O': 104.0}","['Ba', 'Mn', 'O', 'V']",4,0.31994592785301373,53.750915879306305,3.1999543335450196
mp-1076409,Sr8MnFe7O20,4.783594714318836,0.0136149869010582,-2.3834384304286385,FM,155.6785464,0.0764368612345947,38.9196366,2036.6946507942305,144,Monoclinic,Cm,False,14.143712852737712,"{'Sr': 32.0, 'Mn': 4.0, 'Fe': 28.0, 'O': 80.0}","['Fe', 'Mn', 'O', 'Sr']",4,0.3382135061793838,48.702744889831266,3.196504565649325
mp-675297,Mn4P4O13,3.609014683782259,0.0402283863780539,-2.488107862395028,FM,79.9996708,0.078797503837605,19.9999177,1015.256409198857,84,Triclinic,P-1,False,12.086385823795917,"{'Mn': 16.0, 'P': 16.0, 'O': 52.0}","['Mn', 'O', 'P']",3,0.29860164456083793,25.082538143110387,3.1894567584650173
mp-532027,Cd(FeO2)2,5.5375792069573615,0.034409290119048,-1.5826408955952371,FM,120.000235,0.1157525469597506,10.000019583333334,1036.6962814366962,84,Trigonal,P3m1,False,12.341622398055907,"{'Cd': 12.0, 'Fe': 24.0, 'O': 48.0}","['Cd', 'Fe', 'O']",3,0.4486913493504435,37.690073345437256,3.183868439314862
mp-1076473,BaSr7MnFe7O20,4.874836233412989,0.0211185985278188,-2.3679171628591953,FM,155.6592772,0.0753323008222117,38.9148193,2066.3019116774904,144,Triclinic,P1,False,14.349318831093685,"{'Ba': 4.0, 'Sr': 28.0, 'Mn': 4.0, 'Fe': 28.0, 'O': 80.0}","['Ba', 'Fe', 'Mn', 'O', 'Sr']",5,0.3397259682354856,48.92053942590993,3.181879820351239
mp-34425,Zn(FeO2)2,5.074984795194004,0.0435855002380956,-1.701440411190476,FM,60.0008634,0.126765423280482,10.0001439,473.3219978072543,42,Trigonal,P3m1,False,11.269571376363198,"{'Zn': 6.0, 'Fe': 12.0, 'O': 24.0}","['Fe', 'O', 'Zn']",3,0.45032633679735845,18.913706145489055,3.1723482927385063
mp-25932,Mn4(PO4)3,3.729563700115488,0.0323049144736824,-2.484774746876459,FM,38.0029761,0.0845653145013758,19.00148805,449.3920033772439,38,Tetragonal,I-42d,False,11.826105352032734,"{'Mn': 8.0, 'P': 6.0, 'O': 24.0}","['Mn', 'O', 'P']",3,0.31536702820548024,11.983947071808249,3.171156871128083
mp-34140,Zn(FeO2)2,5.0772575228882575,0.0234866,-1.7215393114285718,FM,60.0007259,0.1268219019413752,10.000120983333334,473.11012515595263,42,Trigonal,P3m1,False,11.264526789427444,"{'Zn': 6.0, 'Fe': 12.0, 'O': 24.0}","['Fe', 'O', 'Zn']",3,0.45072976591023983,18.930650168230073,3.1695015948630667
mp-1076863,Ba2Fe2O5,5.499356433977036,0.0364279750793645,-2.2628924788888884,FM,20.0000653,0.071016716587078,10.00003265,281.6247534547258,18,Orthorhombic,Ima2,False,15.645819636373655,"{'Ba': 4.0, 'Fe': 4.0, 'O': 10.0}","['Ba', 'Fe', 'O']",3,0.3514904659383931,6.326828386891076,3.1611518563454792
mp-531268,MnV2O4,4.616837644251974,0.0225225396428569,-2.368602888811577,FM,71.9987874,0.1133169714439679,8.999848425,635.3751470987853,56,Trigonal,R3m,False,11.345984769621166,"{'Mn': 8.0, 'V': 16.0, 'O': 32.0}","['Mn', 'O', 'V']",3,0.4069137882692686,22.78717214307904,3.159619234362417
mp-1210613,Mn2VPO7,3.634883886751537,0.0020628215908864,-2.459959881409539,FM,10.0001394,0.0720573183846227,10.0001394,138.78034354015122,11,Monoclinic,Cm,False,12.616394867286475,"{'Mn': 2.0, 'V': 1.0, 'P': 1.0, 'O': 7.0}","['Mn', 'O', 'P', 'V']",4,0.2881079678455978,3.169187646301576,3.155426726363176
mp-1194843,BaMn9V6(HO13)2,4.073147732079269,0.0,-2.2874837815654403,FM,180.007053,0.0814398802366103,45.00176325,2210.305964068448,176,Cubic,Pa-3,True,12.558556614025273,"{'Ba': 4.0, 'Mn': 36.0, 'V': 24.0, 'H': 8.0, 'O': 104.0}","['Ba', 'H', 'Mn', 'O', 'V']",5,0.3243324736483186,57.08251536210407,3.1534534149051017
mp-654312,Ba2Fe2O5,5.508228060959527,0.0254269986507935,-2.273893455317461,FM,140.0005582,0.071131332962808,10.000039871428571,1968.1981535928928,126,Monoclinic,P2_1/c,False,15.620620266610258,"{'Ba': 28.0, 'Fe': 28.0, 'O': 70.0}","['Ba', 'Fe', 'O']",3,0.3526254378472793,44.43080516875719,3.1509795437703536
mp-1215703,ZnFe4NiO8,5.308149611204622,0.0475599217857141,-1.620473668571428,FM,21.9993214,0.1479017387546717,21.9993214,148.74281793597316,14,Trigonal,R3m,False,10.624486995426654,"{'Zn': 1.0, 'Fe': 4.0, 'Ni': 1.0, 'O': 8.0}","['Fe', 'Ni', 'O', 'Zn']",4,0.49961467442988383,6.994605442018374,3.1451840396664092
mp-1221899,Mn2FeSbO6,5.5113661587632725,0.0274158077500032,-1.9123304565862072,FM,14.9999047,0.1298251373940734,14.9999047,115.53929386162744,10,Trigonal,R3,False,11.553929386162745,"{'Mn': 2.0, 'Fe': 1.0, 'Sb': 1.0, 'O': 6.0}","['Fe', 'Mn', 'O', 'Sb']",4,0.477012276478322,4.7701227647832205,3.144553178115464
mp-1040921,MgMn2O4,4.1367215704224085,0.0252426983333355,-2.3117576075041057,FM,48.0035319,0.1005708640257799,8.00058865,477.31052492195914,42,Monoclinic,Cm,False,11.364536307665691,"{'Mg': 6.0, 'Mn': 12.0, 'O': 24.0}","['Mg', 'Mn', 'O']",3,0.3640026709784962,15.28811218109684,3.1399254094533995
mp-690543,Mn2NiO4,5.0118946011650705,0.0406696392261842,-1.7463004494088676,FM,40.0000941,0.1297793498413902,10.000023525,308.2161695900472,28,Monoclinic,Cm,False,11.007720342501685,"{'Mn': 8.0, 'Ni': 4.0, 'O': 16.0}","['Mn', 'Ni', 'O']",3,0.45530722485869723,12.748602296043522,3.137606238796379
mp-1228499,BaMn2Fe4O11,5.243543582534601,0.0313954339285746,-1.9142115561590032,FM,52.0032512,0.126986155528897,26.0016256,409.5190612189696,36,Monoclinic,Cc,False,11.375529478304712,"{'Ba': 2.0, 'Mn': 4.0, 'Fe': 8.0, 'O': 22.0}","['Ba', 'Fe', 'Mn', 'O']",4,0.4609494083361158,16.59417870010017,3.1338249478828435
mp-1076092,Sr7CaMn2(Fe3O10)2,4.69029868823003,0.0310582024739529,-2.401391737801724,FM,151.6879784,0.0755193983587745,37.9219946,2008.5962242358808,144,Triclinic,P1,False,13.94858489052695,"{'Sr': 28.0, 'Ca': 4.0, 'Mn': 8.0, 'Fe': 24.0, 'O': 80.0}","['Ca', 'Fe', 'Mn', 'O', 'Sr']",5,0.33625623853896475,48.42089834961092,3.1326964920141522
mp-530444,MgMn2O4,4.1421158854162305,0.0353867825714306,-2.301613523266011,FM,79.9999459,0.1006945318341716,7.99999459,794.481531844724,70,Monoclinic,Cm,False,11.349736169210344,"{'Mg': 10.0, 'Mn': 20.0, 'O': 40.0}","['Mg', 'Mn', 'O']",3,0.36495261419846886,25.54668299389282,3.1315198892601734
mp-21925,Fe2(MoO4)3,3.298370596672921,0.0,-1.897518330441178,FM,40.0001681,0.0335811351463402,10.000042025,1191.1499693410258,68,Orthorhombic,Pbcn,True,17.516911313838616,"{'Fe': 8.0, 'Mo': 12.0, 'O': 48.0}","['Fe', 'Mo', 'O']",3,0.18829635759285715,12.804152316314287,3.123999708206702
mp-1003484,MgMn4O8,4.047427311739982,0.0397443799198793,-2.068143603594165,FM,13.9981323,0.0917056232273501,13.9981323,152.64202790811223,13,Triclinic,P-1,False,11.74169445447017,"{'Mg': 1.0, 'Mn': 4.0, 'O': 8.0}","['Mg', 'Mn', 'O']",3,0.3447055556959319,4.481172224047115,3.123765747025398
mp-530392,Zn(FeO2)2,5.114757184419353,0.0186329073214297,-1.7263930041071427,FM,80.0002379,0.1277574187368087,10.0000297375,626.1885899934105,56,Trigonal,R3m,False,11.181939107025189,"{'Zn': 8.0, 'Fe': 16.0, 'O': 32.0}","['Fe', 'O', 'Zn']",3,0.4574123625128619,25.615092300720264,3.1231680511161186
mp-6239,Mn3Fe2(SiO4)3,4.285960332670919,0.0347457239166679,-2.497749834939655,FM,100.0012987,0.1167382686232145,25.000324675,856.6282494968733,80,Cubic,Ia-3d,False,10.707853118710917,"{'Mn': 12.0, 'Fe': 8.0, 'Si': 12.0, 'O': 48.0}","['Fe', 'Mn', 'O', 'Si']",4,0.40026327267990125,32.0210618143921,3.1229850927383582
mp-1078458,CrFeO3,5.148927646698663,0.0099886779999955,-2.0268508830000003,FM,15.9967779,0.159145081766989,7.99838895,100.51694794704083,10,Trigonal,R-3,False,10.051694794704083,"{'Cr': 2.0, 'Fe': 2.0, 'O': 6.0}","['Cr', 'Fe', 'O']",3,0.5122447260745987,5.122447260745987,3.1228780084444194
mp-530413,Zn(FeO2)2,5.1160488010786525,0.0239638627380953,-1.7210620486904762,FM,120.0003644,0.12778968903381,10.000030366666666,939.0457501485184,84,Trigonal,P3m1,False,11.179116073196647,"{'Zn': 12.0, 'Fe': 24.0, 'O': 48.0}","['Fe', 'O', 'Zn']",3,0.4576434100496577,38.44204644417125,3.121591473395532
mp-17899,Mn3V2O8,4.32054529005676,0.0,-2.2808376264456225,FM,30.0000019,0.0988830965662739,15.00000095,303.38857642765294,26,Orthorhombic,Cmce,True,11.668791401063574,"{'Mn': 6.0, 'V': 4.0, 'O': 16.0}","['Mn', 'O', 'V']",3,0.37026502073410583,9.626890539086752,3.116271217398295
mp-1041097,MgMn2O4,4.15334609281415,0.0345257021428588,-2.302474603694582,FM,48.0013773,0.1009705027667461,8.00022955,475.4000028195253,42,Monoclinic,Cm,False,11.319047686179172,"{'Mg': 6.0, 'Mn': 12.0, 'O': 24.0}","['Mg', 'Mn', 'O']",3,0.36693423404209924,15.411237829768169,3.1146996646357046
mp-1222099,MgCr8Fe3O16,4.6007110982189126,0.0078859523214038,-2.2846334780357145,FM,36.0000194,0.115469105587796,36.0000194,311.7718736690799,28,Tetragonal,P-4m2,False,11.134709773895713,"{'Mg': 1.0, 'Cr': 8.0, 'Fe': 3.0, 'O': 16.0}","['Cr', 'Fe', 'Mg', 'O']",4,0.41318644056667286,11.56922033586684,3.111706610720596
mp-1076181,BaSr7Mn2(Fe3O10)2,4.868942449335491,0.0311096796759278,-2.3833106376628357,FM,151.6630153,0.073353413593588,37.915753825,2067.5658823498443,144,Triclinic,P1,False,14.358096405207252,"{'Ba': 4.0, 'Sr': 28.0, 'Mn': 8.0, 'Fe': 24.0, 'O': 80.0}","['Ba', 'Fe', 'Mn', 'O', 'Sr']",5,0.3391077975747308,48.83152285076124,3.105842424032363
mp-531960,Zn(FeO2)2,5.130970487512631,0.0157318464285722,-1.729294064999999,FM,100.0001078,0.1281621548719313,10.00001078,780.262378546359,70,Trigonal,R3m,False,11.146605407805128,"{'Zn': 10.0, 'Fe': 20.0, 'O': 40.0}","['Fe', 'O', 'Zn']",3,0.4603168677631487,32.22218074342041,3.1034556163744274
mp-729576,Mn6VSi5HO19,3.598461450557497,0.0057127912109375,-2.6396955360573813,FM,119.9988544,0.0787060418942723,29.9997136,1524.646031129317,128,Monoclinic,P2_1/c,False,11.911297118197789,"{'Mn': 24.0, 'V': 4.0, 'Si': 20.0, 'H': 4.0, 'O': 76.0}","['H', 'Mn', 'O', 'Si', 'V']",5,0.3021049189562953,38.6694296264058,3.103196906686661
mp-1076177,Sr6Ca2Mn3(FeO4)5,4.572226924880527,0.04912002311631,-2.4187264401053645,FM,147.6916823,0.0742138334470437,36.922920575,1990.0829190475308,144,Triclinic,P1,False,13.820020271163408,"{'Sr': 24.0, 'Ca': 8.0, 'Mn': 12.0, 'Fe': 20.0, 'O': 80.0}","['Ca', 'Fe', 'Mn', 'O', 'Sr']",5,0.33084082621939775,47.641078975593274,3.100091044866198
mp-530636,Zn(FeO2)2,5.13678448987146,0.0345465192857155,-1.710479392142857,FM,80.0002608,0.1283076578663209,10.0000326,623.5033990204182,56,Trigonal,R3m,False,11.133989268221754,"{'Zn': 8.0, 'Fe': 16.0, 'O': 32.0}","['Fe', 'O', 'Zn']",3,0.4613606467659074,25.836196218890812,3.096441137163439
mp-610522,Mn2As,7.413349843651077,0.0160889540229876,-0.1606247477873571,FM,9.9791207,0.1205399866592627,4.98956035,82.78680773549901,6,Tetragonal,P4/nmm,False,13.797801289249836,"{'Mn': 4.0, 'As': 2.0}","['As', 'Mn']",2,0.5372848679468212,3.223709207680927,3.0955399687488505
mp-1047292,MgMn2O4,4.166152241797115,0.0200993907142885,-2.3169009151231523,FM,15.9999978,0.1012789084499458,7.9999989,157.97956400673036,14,Tetragonal,I4_1/a,False,11.284254571909312,"{'Mg': 2.0, 'Mn': 4.0, 'O': 8.0}","['Mg', 'Mn', 'O']",3,0.3692004833148847,5.168806766408386,3.095491575344344
mp-22774,Fe3BO6,4.699612753424982,0.001329351999999,-1.9873974904166671,FM,59.9998238,0.1547426484720002,14.99995595,387.7394137457627,40,Orthorhombic,Pnma,False,9.693485343644069,"{'Fe': 12.0, 'B': 4.0, 'O': 24.0}","['B', 'Fe', 'O']",3,0.4848217732651214,19.392870930604854,3.093911366434729
mp-705435,Fe2(MoO4)3,3.320740635251855,0.0014798064705878,-1.8960385239705897,FM,80.0561983,0.0338324952293206,10.0070247875,2366.2516689168137,136,Monoclinic,P2_1/c,False,17.39890933027069,"{'Fe': 16.0, 'Mo': 24.0, 'O': 96.0}","['Fe', 'Mo', 'O']",3,0.19085912640940184,25.95684119167865,3.0842041875906205
mp-20302,Fe2BO4,4.2956245100260695,0.0213711825000118,-2.0571179980952388,FM,36.0173968,0.124897563651703,9.0043492,288.37549546154725,28,Orthorhombic,Pnma,False,10.299124837912402,"{'Fe': 8.0, 'B': 4.0, 'O': 16.0}","['B', 'Fe', 'O']",3,0.4170863619609041,11.678418134905314,3.0840989236674576
mp-1048868,MgMn2O4,4.174357010723518,0.040717427857146,-2.2962828779802953,FM,16.0000036,0.1014784026710941,8.0000018,157.66905251611294,14,Trigonal,R3m,False,11.262075179722354,"{'Mg': 2.0, 'Mn': 4.0, 'O': 8.0}","['Mg', 'Mn', 'O']",3,0.3706561130260923,5.189185582365292,3.0833361702024558
mp-558179,Fe3BO5,4.726606564296716,0.0289336331944447,-1.9371117714351855,FM,103.9993374,0.1432333806882392,12.999917175,726.0831022788202,72,Orthorhombic,Pnma,False,10.08448753165028,"{'Fe': 24.0, 'B': 8.0, 'O': 40.0}","['B', 'Fe', 'O']",3,0.46870071974031474,33.746451821302664,3.08178584079615
mp-636960,Fe4P2O9,4.056945063027629,0.0129178916666656,-2.174402973619048,FM,64.0002224,0.0910517403436331,16.0000556,702.8994960278676,60,Monoclinic,P2_1/c,False,11.71499160046446,"{'Fe': 16.0, 'P': 8.0, 'O': 36.0}","['Fe', 'O', 'P']",3,0.34630371078258265,20.77822264695496,3.080158658776294
mp-560199,MnSiO3,3.759367348556818,0.0088823813666678,-2.7889773923862085,FM,50.0000001,0.0863957328725447,5.00000001,578.7322873198204,50,Triclinic,P-1,False,11.574645746396408,"{'Mn': 10.0, 'Si': 10.0, 'O': 30.0}","['Mn', 'O', 'Si']",3,0.32479329656609496,16.239664828304747,3.078881284104648
mp-1198345,Fe5(SiO4)3,4.06050829950203,0.0367485186250089,-2.3346239503749997,FM,87.999988,0.0968478437047275,21.999997,908.6416861101924,80,Orthorhombic,Pnma,False,11.358021076377405,"{'Fe': 20.0, 'Si': 12.0, 'O': 48.0}","['Fe', 'O', 'Si']",3,0.35750138797920883,28.600111038336706,3.0769107113619727
mp-1197365,Fe7(SiO4)4,4.106797397767609,0.0283770094444371,-2.3248433766666663,FM,60.0000028,0.0977219538596957,30.0000014,613.9869336438461,54,Monoclinic,P2_1/c,False,11.370128400811964,"{'Fe': 14.0, 'Si': 8.0, 'O': 32.0}","['Fe', 'O', 'Si']",3,0.36119182237857,19.50435840844278,3.076235656848267
mp-1048915,CaMn2(PO4)2,3.2957510380605592,0.0188361846581202,-2.790342111357522,FM,39.9995302,0.0583919669562801,9.99988255,685.0176879629502,52,Monoclinic,Cc,False,13.17341707621058,"{'Ca': 4.0, 'Mn': 8.0, 'P': 8.0, 'O': 32.0}","['Ca', 'Mn', 'O', 'P']",4,0.25018193981060866,13.00946087015165,3.074649333991481
mp-18800,Cr2SiO4,4.160027120616284,0.0224222683333348,-2.5071662928571428,FM,16.0000001,0.1022148899570788,8.00000005,156.53296801198508,14,Orthorhombic,Fddd,False,11.180926286570363,"{'Cr': 4.0, 'Si': 2.0, 'O': 8.0}","['Cr', 'O', 'Si']",3,0.3720646227328211,5.208904718259495,3.0716630396238553
mp-1080218,MgMn4O8,4.083623360833855,0.0492065829968026,-2.058681400517242,FM,28.0015902,0.0925433452453261,14.0007951,302.5781067862815,26,Monoclinic,Pc,False,11.63761949178006,"{'Mg': 2.0, 'Mn': 8.0, 'O': 16.0}","['Mg', 'Mn', 'O']",3,0.35089851182350645,9.123361307411168,3.0692185978925886
mp-17766,MnSiO3,3.768301132717512,0.017891537666669,-2.7799682360862072,FM,40.0000013,0.0866010468756897,5.0000001625,461.88819584845714,40,Monoclinic,P2_1/c,False,11.54720489621143,"{'Mn': 8.0, 'Si': 8.0, 'O': 24.0}","['Mn', 'O', 'Si']",3,0.3263388124301726,13.053552497206905,3.0643000293260307
mp-1099661,Sr7CaMn3(FeO4)5,4.680277337559549,0.042632550694436,-2.4147102065636963,FM,147.5949602,0.0733715628503912,36.89874005,2011.6098726280975,144,Triclinic,P1,False,13.969513004361788,"{'Sr': 28.0, 'Ca': 4.0, 'Mn': 12.0, 'Fe': 20.0, 'O': 80.0}","['Ca', 'Fe', 'Mn', 'O', 'Sr']",5,0.33503511082298976,48.24505595851053,3.0592763811265504
mp-28943,Mn2BO4,4.294114027466514,0.0,-2.3589049957183894,FM,36.0000006,0.1260190195788677,9.00000015,285.67116868791186,28,Monoclinic,P2_1/c,True,10.202541738853997,"{'Mn': 8.0, 'B': 4.0, 'O': 16.0}","['B', 'Mn', 'O']",3,0.42088669053059435,11.784827334856642,3.054775396964942
mp-1302349,MgMn2O4,4.196442645049848,0.0274132167857175,-2.309587089051724,FM,32.0016356,0.1020204945999622,8.0004089,313.67849886910693,28,Monoclinic,Cm,False,11.202803531039534,"{'Mg': 4.0, 'Mn': 8.0, 'O': 16.0}","['Mg', 'Mn', 'O']",3,0.37458861377179314,10.488481185610208,3.05112199122834
mp-1004375,MgMn4O8,4.096518580322532,0.0423907929968034,-2.0654971905172412,FM,14.0003033,0.0928323165743081,14.0003033,150.8128183873703,13,Orthorhombic,Imm2,False,11.600986029797715,"{'Mg': 1.0, 'Mn': 4.0, 'O': 8.0}","['Mg', 'Mn', 'O']",3,0.35311813752731175,4.590535787855052,3.0498190074108327
mp-1291746,MgMn2O4,4.199439075268343,0.0280738807142881,-2.308926425123153,FM,32.0034551,0.1020991460370302,8.000863775,313.45467951703233,28,Triclinic,P1,False,11.194809982751154,"{'Mg': 4.0, 'Mn': 8.0, 'O': 16.0}","['Mg', 'Mn', 'O']",3,0.3751237476776108,10.503464934973103,3.0469426325629896
mp-1307869,MgMn2O4,4.200193649441145,0.0266214192857177,-2.3103788865517236,FM,32.0021423,0.10211330275474,8.000535575,313.39836668356594,28,Monoclinic,Cc,False,11.192798810127355,"{'Mg': 4.0, 'Mn': 8.0, 'O': 16.0}","['Mg', 'Mn', 'O']",3,0.37525856764625914,10.507239894095257,3.0457230083786526
mp-1041914,MgMn2O4,4.200544106617675,0.0469219000000027,-2.290078405837438,FM,16.0000083,0.1021150396118918,8.00000415,156.6861097132328,14,Orthorhombic,Imma,False,11.191864979516629,"{'Mg': 2.0, 'Mn': 4.0, 'O': 8.0}","['Mg', 'Mn', 'O']",3,0.37532119216104903,5.254496690254687,3.0450125374851984
mp-1360882,MgMn2O4,4.203312737406323,0.0443588721428582,-2.2926414336945826,FM,48.0002551,0.1021828349519427,8.000042516666666,469.7487119296975,42,Monoclinic,Cm,False,11.184493141183276,"{'Mg': 6.0, 'Mn': 12.0, 'O': 24.0}","['Mg', 'Mn', 'O']",3,0.3758161129295153,15.784276743039642,3.0410170754999313
mp-581681,Ca21(Mn2Sb9)2,4.306299796276168,0.0164187573446286,-0.9486057866680024,FM,38.56328,0.0153711266397624,19.28164,2508.812847865267,86,Monoclinic,C2/m,False,29.17224241703799,"{'Ca': 42.0, 'Mn': 8.0, 'Sb': 36.0}","['Ca', 'Mn', 'Sb']",3,0.1476163448361132,12.695005655905735,3.037673321717687
mp-29472,Fe4As2O11,4.558178729486027,0.043177085294114,-1.658691507647059,FM,19.9998078,0.099959579134703,19.9998078,200.0789516435313,17,Triclinic,P-1,False,11.769350096678313,"{'Fe': 4.0, 'As': 2.0, 'O': 11.0}","['As', 'Fe', 'O']",3,0.3872923051862049,6.583969188165483,3.0376520953271084
mp-531053,Zn(FeO2)2,5.18589829069614,0.0345518294047622,-1.7104740820238098,FM,119.8853809,0.1294102845911178,9.990448408333334,926.3976296689824,84,Monoclinic,Cm,False,11.028543210345028,"{'Zn': 12.0, 'Fe': 24.0, 'O': 48.0}","['Fe', 'O', 'Zn']",3,0.4702251414159259,39.498911878937776,3.035156544753506
mp-770592,Mn2PO5,4.122650822079935,0.0067052152604123,-2.407656541938117,FM,36.0000003,0.1011762909897079,9.000000075,355.81458806057714,32,Monoclinic,C2/c,False,11.119205876893036,"{'Mn': 8.0, 'P': 4.0, 'O': 20.0}","['Mn', 'O', 'P']",3,0.37076845844245665,11.864590670158613,3.034238710868121
mp-31780,Fe4(PO4)3,3.621606424331821,0.025083030394736,-2.2884059152067673,FM,34.0000001,0.072943402886572,17.00000005,466.11480619940977,38,Monoclinic,Cc,False,12.266179110510784,"{'Fe': 8.0, 'P': 6.0, 'O': 24.0}","['Fe', 'O', 'P']",3,0.29525138934490996,11.219552795106578,3.0304238253443705
mp-540204,Co2P3O10,2.514248624928623,0.0103200314444373,-2.251799367595238,FM,14.0000326,0.0285851128641365,7.0000163,489.766567182763,30,Triclinic,P-1,False,16.325552239425434,"{'Co': 4.0, 'P': 6.0, 'O': 20.0}","['Co', 'O', 'P']",3,0.15400695719541002,4.620208715862301,3.0301731936772645
mp-31872,Fe5(P3O11)2,3.141327416575324,0.0443974332575693,-2.342702026298701,FM,47.9977436,0.0555653397570844,23.9988718,863.8072548432567,66,Monoclinic,P2_1/c,False,13.087988709746314,"{'Fe': 10.0, 'P': 12.0, 'O': 44.0}","['Fe', 'O', 'P']",3,0.24001605489131053,15.841059622826496,3.029957890622208
mp-1196057,BaMn2Si2O7,3.9761824313586143,0.0,-2.9346034744468383,FM,40.004009,0.0576535053240898,10.00100225,693.869501518146,48,Monoclinic,C2/c,True,14.455614614961377,"{'Ba': 4.0, 'Mn': 8.0, 'Si': 8.0, 'O': 28.0}","['Ba', 'Mn', 'O', 'Si']",4,0.27506145793644193,13.202949980949214,3.029929603438818
mp-1228385,BaMn3Fe3O11,5.226562492942272,0.0297915965960626,-1.9687746463218387,FM,50.0042796,0.1218804175369192,25.0021398,410.2732876251676,36,Orthorhombic,Cmc2_1,False,11.39648021181021,"{'Ba': 2.0, 'Mn': 6.0, 'Fe': 6.0, 'O': 22.0}","['Ba', 'Fe', 'Mn', 'O']",4,0.4586119921066478,16.51003171583932,3.028720989798409
mp-1365585,MgMn2O4,4.212262840635281,0.0432148351785741,-2.293785470658867,FM,63.9996893,0.1023993712731423,7.9999611625,625.0008032694443,56,Monoclinic,Cm,False,11.160728629811503,"{'Mg': 8.0, 'Mn': 16.0, 'O': 32.0}","['Mg', 'Mn', 'O']",3,0.3774182654512247,21.135422865268584,3.0280770679620232
mp-771449,Mn2PO5,4.135363439669915,0.0009311740104109,-2.413430583188118,FM,35.9999996,0.101488276509817,8.9999999,354.7207701031133,32,Triclinic,P-1,False,11.08502406572229,"{'Mn': 8.0, 'P': 4.0, 'O': 20.0}","['Mn', 'O', 'P']",3,0.37305858924181395,11.937874855738047,3.0156120779483864
mp-1076516,Sr5Ca3Fe7CoO20,4.535543928428141,0.0272703716666526,-2.347186722569445,FM,145.7025007,0.0749089248336052,36.425625175,1945.0619672308496,144,Triclinic,P1,False,13.507374772436457,"{'Sr': 20.0, 'Ca': 12.0, 'Fe': 28.0, 'Co': 4.0, 'O': 80.0}","['Ca', 'Co', 'Fe', 'O', 'Sr']",5,0.33578278568856357,48.352721139153154,3.0133257708637786
mp-1221946,Mn2V3NiO8,4.635194131768939,0.0311389124999994,-2.1926843647044345,FM,16.9996812,0.1055934514754861,16.9996812,160.99181305714333,14,Trigonal,R-3m,False,11.49941521836738,"{'Mn': 2.0, 'V': 3.0, 'Ni': 1.0, 'O': 8.0}","['Mn', 'Ni', 'O', 'V']",4,0.40308085617826894,5.643131986495765,3.0124550056034307
mp-1222047,MgCrFeO4,4.203155873501076,0.0059172017857136,-2.3569557221428568,FM,15.9999923,0.1032385301120719,7.99999615,154.98082239868202,14,Orthorhombic,Imma,False,11.070058742763,"{'Mg': 2.0, 'Cr': 2.0, 'Fe': 2.0, 'O': 8.0}","['Cr', 'Fe', 'Mg', 'O']",4,0.3796868626599537,5.315616077239352,3.0099977251008587
mp-772616,Cr3(FeO6)2,2.9642863568602427,0.0025095510294033,-1.6356880139705885,FM,39.9990491,0.0388341257563899,9.999762275,1029.9974138961627,68,Orthorhombic,Pbcn,False,15.147020792590627,"{'Cr': 12.0, 'Fe': 8.0, 'O': 48.0}","['Cr', 'Fe', 'O']",3,0.19570094987327566,13.307664591382744,3.005715151996017
mp-29747,Ta4Mn11O21,6.251063739560638,0.0312850180555575,-2.5411983872659647,FM,110.0002274,0.1244198491649036,55.0001137,884.1051338537461,72,Trigonal,P-3c1,False,12.279237970190918,"{'Ta': 8.0, 'Mn': 22.0, 'O': 42.0}","['Mn', 'O', 'Ta']",3,0.5090758689371215,36.65346256347275,3.001086928950103
mp-772322,Mn3(P2O7)2,2.892068850744794,0.0178702114285833,-2.490827219398311,FM,51.9982516,0.044159515399425,12.9995629,1177.5095611822994,84,Orthorhombic,Pnma,False,14.017970966455945,"{'Mn': 12.0, 'P': 16.0, 'O': 56.0}","['Mn', 'O', 'P']",3,0.20631151667137268,17.330167400395304,3.0004471623750106
mp-704240,CoPO4,3.0773931955571867,0.0372246202777768,-2.083467525496034,FM,23.9998044,0.0481658095106034,3.9999674,498.27470240516914,36,Trigonal,R3,False,13.840963955699143,"{'Co': 6.0, 'P': 6.0, 'O': 24.0}","['Co', 'O', 'P']",3,0.22233951373668898,8.004222494520803,2.998392962767937
mp-18307,Fe2PO5,4.164589621852492,0.0223853569791607,-2.1647707568303565,FM,36.0000018,0.1013729195997307,9.00000045,355.1244448926339,32,Orthorhombic,Pnma,False,11.09763890289481,"{'Fe': 8.0, 'P': 4.0, 'O': 20.0}","['Fe', 'O', 'P']",3,0.375268078038308,12.008578497225855,2.9978570576289685
mp-1172857,MnSiO3,3.8105817385012166,0.0179261966666697,-2.7799335770862066,FM,39.9999998,0.0875727134754217,4.999999975,456.7632794800455,40,Monoclinic,P2_1/c,False,11.41908198700114,"{'Mn': 8.0, 'Si': 8.0, 'O': 24.0}","['Mn', 'O', 'Si']",3,0.33370298442895624,13.34811937715825,2.996676810401422
mp-1222206,Mn10(SiGe)3,6.785103515764437,0.0429752282812501,-0.2144855265193976,FM,24.9410709,0.1196764722526148,24.9410709,208.4041284852885,16,Hexagonal,P-62m,False,13.025258030330532,"{'Mn': 10.0, 'Si': 3.0, 'Ge': 3.0}","['Ge', 'Mn', 'Si']",3,0.5209189330426076,8.334702928681722,2.99243669671438
mp-1189105,Mn2FeSbO6,5.657059763276395,0.0386404197500027,-1.9011058445862077,FM,30.00034,0.1332594368678863,15.00017,225.12732084964765,20,Monoclinic,P2_1/c,False,11.256366042482382,"{'Mn': 4.0, 'Fe': 2.0, 'Sb': 2.0, 'O': 12.0}","['Fe', 'Mn', 'O', 'Sb']",4,0.5025653698472687,10.051307396945376,2.984720177707151
mp-1282794,Ca2Fe3O8,3.8531459969465858,0.0364406936538479,-2.0060915130769224,FM,11.9997034,0.0741159425324869,11.9997034,161.90448356964782,13,Monoclinic,C2/m,False,12.454191043819064,"{'Ca': 2.0, 'Fe': 3.0, 'O': 8.0}","['Ca', 'Fe', 'O']",3,0.3093854898635811,4.022011368226554,2.983508076281517
mp-1293197,Al(FeO2)2,4.553243001661391,0.0386533821428578,-2.234448979285713,FM,17.9998745,0.1217653132872913,8.99993725,147.82431888079125,14,Orthorhombic,Imma,False,10.558879920056516,"{'Al': 2.0, 'Fe': 4.0, 'O': 8.0}","['Al', 'Fe', 'O']",3,0.4312240537002925,6.037136751804095,2.9815250573247405
mp-562456,Fe3(PO4)2,3.761809716781068,0.0182307421153833,-2.277674965906593,FM,48.0000349,0.0760466878470637,12.000008725,631.1916568481207,52,Monoclinic,P2_1/c,False,12.13830109323309,"{'Fe': 12.0, 'P': 8.0, 'O': 32.0}","['Fe', 'O', 'P']",3,0.3099123747126537,16.11544348505799,2.9785115714938253
mp-1388646,Zn(FeO2)2,5.244923554293963,0.0149231828571441,-1.730102728571428,FM,19.9999991,0.1310083446420585,9.99999955,152.66202435153323,14,Trigonal,R-3m,False,10.904430310823802,"{'Zn': 2.0, 'Fe': 4.0, 'O': 8.0}","['Fe', 'O', 'Zn']",3,0.4809901484800926,6.733862078721296,2.970063667208021
mp-504509,VFeO4,3.6461504415015185,0.0189014843055552,-2.0647791344444446,FM,30.0000007,0.0642847656196135,5.0000001166666665,466.67356427051914,36,Triclinic,P-1,False,12.963154563069976,"{'V': 6.0, 'Fe': 6.0, 'O': 24.0}","['Fe', 'O', 'V']",3,0.28127030529195707,10.125730990510455,2.9627491317036907
mp-504752,Fe3BO5,4.827406586596436,0.0024185666666642,-1.9636268379629656,FM,26.0,0.1462889202400069,13.0,177.73047991155764,18,Monoclinic,P2/m,False,9.87391555064209,"{'Fe': 6.0, 'B': 2.0, 'O': 10.0}","['B', 'Fe', 'O']",3,0.48890499030878537,8.800289825558137,2.9544481506154274
mp-1003318,CaMn16O32,4.0938461379259845,0.0176287989583343,-1.9032839466713596,FM,49.9997506,0.0861370772138833,49.9997506,580.4672298764874,49,Monoclinic,Pm,False,11.846269997479334,"{'Ca': 1.0, 'Mn': 16.0, 'O': 32.0}","['Ca', 'Mn', 'O']",3,0.3455810258247599,16.933470265413234,2.952717299898352
mp-22223,Fe3BO5,4.833217464575727,0.0,-1.9660454046296296,FM,52.0000006,0.1464650138025052,13.00000015,355.03359641994285,36,Orthorhombic,Pbam,True,9.862044344998411,"{'Fe': 12.0, 'B': 4.0, 'O': 20.0}","['B', 'Fe', 'O']",3,0.49008271464799474,17.64297772732781,2.947348310679746
mp-566717,Fe2BO4,4.395611837673147,0.0214177919642963,-2.057071388630953,FM,71.9998005,0.1277426632393997,8.9999750625,563.6315908418691,56,Monoclinic,Pc,False,10.064849836461947,"{'Fe': 16.0, 'B': 8.0, 'O': 32.0}","['B', 'Fe', 'O']",3,0.4367290033229464,24.456824186084997,2.9439554355943383
mp-1221552,Mn5Si2Ge,6.55903934964829,0.0379799184374993,-0.2584238974568977,FM,24.1633755,0.118269806971075,12.08168775,204.30722023508145,16,Orthorhombic,Amm2,False,12.769201264692589,"{'Mn': 10.0, 'Si': 4.0, 'Ge': 2.0}","['Ge', 'Mn', 'Si']",3,0.5136608949679826,8.218574319487722,2.940093325274711
mp-1105355,CaMn7O12,4.849719530622518,0.021065471458332,-2.1308138637758622,FM,26.9998994,0.1278792292442726,26.9998994,211.1359253536418,20,Trigonal,R-3,False,10.55679626768209,"{'Ca': 1.0, 'Mn': 7.0, 'O': 12.0}","['Ca', 'Mn', 'O']",3,0.459393115832797,9.18786231665594,2.9386486725050336
mp-1285188,CaMn7O12,4.851044656618364,0.0213856367083309,-2.130493698525863,FM,53.9971573,0.1279079135069351,26.99857865,422.1565016543898,40,Monoclinic,C2/m,False,10.553912541359743,"{'Ca': 2.0, 'Mn': 14.0, 'O': 24.0}","['Ca', 'Mn', 'O']",3,0.4596441971266673,18.38576788506669,2.9368997605945864
mp-1277753,CaMn7O12,4.852710794898942,0.0410154242083304,-2.110863911025863,FM,53.9998901,0.1279583203709338,26.99994505,422.0115576967691,40,Triclinic,P-1,False,10.550288942419227,"{'Ca': 2.0, 'Mn': 14.0, 'O': 24.0}","['Ca', 'Mn', 'O']",3,0.4599599898527703,18.398399594110813,2.935031920781031
mp-20717,CrAs,6.607783277664588,0.0,-0.1856117475000003,FM,9.7019567,0.0760473071039151,2.425489175,127.5779126109321,8,Orthorhombic,Pnma,True,15.947239076366513,"{'Cr': 4.0, 'As': 4.0}","['As', 'Cr']",2,0.4143528071550134,3.314822457240107,2.9268405246891462
mp-1214173,Ca2CrFeO5,3.875571348626361,0.0433004641666663,-2.6102839225000007,FM,32.0014016,0.0696739470633191,8.0003504,459.3022635981477,36,Orthorhombic,Pnma,False,12.758396211059658,"{'Ca': 8.0, 'Cr': 4.0, 'Fe': 4.0, 'O': 20.0}","['Ca', 'Cr', 'Fe', 'O']",4,0.30376634214156234,10.935588317096244,2.926353907267188
mp-30217,Ca21(Mn2Sb9)2,4.3413367852789575,0.0150946847864892,-0.9499298592261416,FM,37.7484266,0.0151687504379964,18.8742133,2488.5653405862245,86,Monoclinic,C2/c,False,28.93680628588633,"{'Ca': 42.0, 'Mn': 8.0, 'Sb': 36.0}","['Ca', 'Mn', 'Sb']",3,0.15002819393363412,12.902424678292535,2.9256847097514314
mp-1003319,CaMn8O16,4.168302188221511,0.0168181154249928,-1.998544058937931,FM,52.0027291,0.0887320674554984,26.00136455,586.0646617535515,50,Monoclinic,Pc,False,11.72129323507103,"{'Ca': 2.0, 'Mn': 16.0, 'O': 32.0}","['Ca', 'Mn', 'O']",3,0.3556179428861675,17.780897144308376,2.9246403417077276
mp-504231,Co2P3O10,2.559438401419309,0.0168327017777709,-2.2452866972619043,FM,13.9998419,0.0290984902135747,6.99992095,481.1191851276503,30,Monoclinic,C2/c,False,16.037306170921678,"{'Co': 4.0, 'P': 6.0, 'O': 20.0}","['Co', 'O', 'P']",3,0.15959278784986966,4.78778363549609,2.9240757239334596
mp-2219203,MgMn2(PO4)2,3.301174383782929,0.0418029211538435,-2.6783771123190614,FM,9.9997249,0.0613333208802078,9.9997249,163.03902603824102,13,Triclinic,P-1,False,12.541463541403155,"{'Mg': 1.0, 'Mn': 2.0, 'P': 2.0, 'O': 8.0}","['Mg', 'Mn', 'O', 'P']",4,0.2632208252956089,3.421870728842916,2.9222976822918567
mp-1221358,Mn6BiPO12,5.307754474565357,0.0170433304687627,-2.1434917271114537,FM,25.9997747,0.1091235535777004,25.9997747,238.2599709006643,20,Cubic,F-43m,False,11.912998545033217,"{'Mn': 6.0, 'Bi': 1.0, 'P': 1.0, 'O': 12.0}","['Bi', 'Mn', 'O', 'P']",4,0.44554311448130524,8.910862289626104,2.9177619241483015
mp-541990,SrMn2(PO4)2,3.6133983794846274,0.0,-2.817086418280599,FM,40.0005937,0.0561655565541056,10.000148425,712.1908186108058,52,Triclinic,P-1,True,13.695977280977036,"{'Sr': 4.0, 'Mn': 8.0, 'P': 8.0, 'O': 32.0}","['Mn', 'O', 'P', 'Sr']",4,0.2638291744615728,13.719117072001785,2.915682801602001
mp-540050,Fe3P3O11,3.345540042182503,0.0375299688235308,-2.327649195084033,FM,52.0000757,0.0600104568964203,13.000018925,866.516910373695,68,Monoclinic,P2_1/c,False,12.742895740789631,"{'Fe': 12.0, 'P': 12.0, 'O': 44.0}","['Fe', 'O', 'P']",3,0.2625415847571858,17.852827763488634,2.91270808125685
mp-764875,Fe3(PO4)2,3.810723660102865,0.0485781139743561,-2.2473275940476194,FM,144.0033488,0.077037240864505,12.000279066666666,1869.2692934483011,156,Monoclinic,P2_1/c,False,11.982495470822442,"{'Fe': 36.0, 'P': 24.0, 'O': 96.0}","['Fe', 'O', 'P']",3,0.31802421034767214,49.611776814236855,2.9026041405289087
mp-733680,Mn4Si3AsHO13,3.729342453367381,0.0106783704924371,-2.4749252976351896,FM,79.9994447,0.0763983917752497,19.999861175,1047.1351927844744,88,Monoclinic,P2_1/c,False,11.899263554369028,"{'Mn': 16.0, 'Si': 12.0, 'As': 4.0, 'H': 4.0, 'O': 52.0}","['As', 'H', 'Mn', 'O', 'Si']",5,0.3134095178518914,27.580037570966446,2.900628561297377
mp-531655,Ti(FeO2)2,4.573661674598121,0.0222759344642859,-2.3508101710119047,FM,64.0004296,0.0985653410774623,8.0000537,649.3198207441112,56,Monoclinic,Cm,False,11.594996799001986,"{'Ti': 8.0, 'Fe': 16.0, 'O': 32.0}","['Fe', 'O', 'Ti']",3,0.3944513098090539,22.089273349307017,2.8973533256587554
mp-1201980,Mn3Fe2(GeO4)3,4.9654032390587375,0.0304225287500043,-2.003658180439655,FM,100.0006701,0.1089081433430223,25.000167525,918.211136746984,80,Cubic,Ia-3d,False,11.4776392093373,"{'Mn': 12.0, 'Fe': 8.0, 'Ge': 12.0, 'O': 48.0}","['Fe', 'Ge', 'Mn', 'O']",4,0.43261537921659693,34.60923033732775,2.8894219584000504
mp-626088,FeHO2,3.994944749192888,0.0068008143749995,-1.5423186940624998,FM,19.9999991,0.1353834967111988,4.999999775,147.72848674949034,16,Orthorhombic,Cmc2_1,False,9.233030421843146,"{'Fe': 4.0, 'H': 4.0, 'O': 8.0}","['Fe', 'H', 'O']",3,0.4326796909216071,6.922875054745713,2.888972997756151
mp-650055,Fe15(Ge2O9)4,4.811938725444052,0.0418722099576269,-1.8277952876271193,FM,69.999864,0.1016891502640774,69.999864,688.3710191128232,59,Triclinic,P-1,False,11.667305408691918,"{'Fe': 15.0, 'Ge': 8.0, 'O': 36.0}","['Fe', 'Ge', 'O']",3,0.4124293105295118,24.333329321241198,2.8767072140389476
mp-704851,Fe2(MoO4)3,3.439181619623372,0.0032187130882359,-1.8942996173529416,FM,80.0568401,0.0350394810467779,10.0071050125,2284.7610098198556,136,Monoclinic,P2_1,False,16.799713307498937,"{'Fe': 16.0, 'Mo': 24.0, 'O': 96.0}","['Fe', 'Mo', 'O']",3,0.20471668514058597,27.84146917911969,2.875453144550301
mp-1245396,Mn3SiN4,4.953002156219089,0.0,-0.6660148773060346,FM,21.8424177,0.1308636748897016,10.92120885,166.90970751363864,16,Orthorhombic,Pmn2_1,True,10.431856719602417,"{'Mn': 6.0, 'Si': 2.0, 'N': 8.0}","['Mn', 'N', 'Si']",3,0.47479583830095584,7.5967334128152935,2.8752381468530905
mp-26840,Cr4(PO4)3,3.440352651600565,0.0336390473684211,-2.4691719404699253,FM,29.9995237,0.0630493688699633,14.99976185,475.81005548005953,38,Monoclinic,C2/c,False,12.521317249475253,"{'Cr': 8.0, 'P': 6.0, 'O': 24.0}","['Cr', 'O', 'P']",3,0.27475964254038404,10.440866416534593,2.8732791420922212
mp-21118,Sr(MnGe)2,5.9264787523353,0.0096385102499949,-0.2958522111724143,FM,4.4323263,0.0461496953010812,4.4323263,96.04237408467048,5,Tetragonal,I4/mmm,False,19.208474816934093,"{'Sr': 1.0, 'Mn': 2.0, 'Ge': 2.0}","['Ge', 'Mn', 'Sr']",3,0.30853458219965213,1.5426729109982606,2.8731471645093256
mp-560083,CaMn3O6,4.377863071108697,0.0131572399166728,-2.276681587004311,FM,87.9993635,0.0963822320997301,10.9999204375,913.0247513768296,80,Monoclinic,P2_1/c,False,11.412809392210372,"{'Ca': 8.0, 'Mn': 24.0, 'O': 48.0}","['Ca', 'Mn', 'O']",3,0.38359206052251577,30.687364841801262,2.8676089965251865
mp-504168,Mn6P7O24,3.378776285481366,0.0034517354054166,-2.5617279675698965,FM,58.0000184,0.0634197717661403,29.0000092,914.5415819828928,74,Monoclinic,P2_1/m,False,12.35867002679585,"{'Mn': 12.0, 'P': 14.0, 'O': 48.0}","['Mn', 'O', 'P']",3,0.2733931950732209,20.231096435418348,2.866874693872747
mp-559713,Fe3(P2O7)2,3.079906678290752,0.0,-2.4073928876700585,FM,56.000001,0.0503794993850328,14.00000025,1111.5632684638565,84,Orthorhombic,Pnma,True,13.232896053141149,"{'Fe': 12.0, 'P': 16.0, 'O': 56.0}","['Fe', 'O', 'P']",3,0.2327462307511787,19.55068338309901,2.8643500537894417
mp-542530,Ba5Fe5O14,5.322982474444855,0.0292478492361105,-2.181284587708333,FM,47.3073387,0.0637252665747022,23.65366935,742.3639200401581,48,Orthorhombic,Cmcm,False,15.465915000836626,"{'Ba': 10.0, 'Fe': 10.0, 'O': 28.0}","['Ba', 'Fe', 'O']",3,0.3441750762342163,16.520403659242383,2.8635703870064813
mp-1076147,Sr2Ca2Fe3CoO10,4.446299672845005,0.0399828239757047,-2.315763352222223,FM,137.6639719,0.0717861810971044,17.2079964875,1917.6946007725835,144,Triclinic,P1,False,13.317323616476274,"{'Sr': 16.0, 'Ca': 16.0, 'Fe': 24.0, 'Co': 8.0, 'O': 80.0}","['Ca', 'Co', 'Fe', 'O', 'Sr']",5,0.33387336681854124,48.07776482186994,2.8633604829602746
mp-504615,Fe4Bi2O9,6.363272891405644,0.0116611536666688,-1.6736421533333348,FM,40.0000015,0.0975902179961846,20.00000075,409.87716106509606,30,Orthorhombic,Pbam,False,13.6625720355032,"{'Fe': 8.0, 'Bi': 4.0, 'O': 18.0}","['Bi', 'Fe', 'O']",3,0.46574487401568393,13.972346220470518,2.862797762726281
mp-1193263,BaMn2FeSi2O9,4.264371659038201,0.0264181267499985,-2.674487644724139,FM,28.0009837,0.0714491054524776,14.00049185,391.90110950547984,30,Monoclinic,C2/m,False,13.063370316849328,"{'Ba': 2.0, 'Mn': 4.0, 'Fe': 2.0, 'Si': 4.0, 'O': 18.0}","['Ba', 'Fe', 'Mn', 'O', 'Si']",5,0.3264373247949613,9.79311974384884,2.8592506200680035
mp-36843,Mn2NiO4,5.250451914451717,0.0124633142261849,-1.774506774408867,FM,20.0000007,0.1359563021399724,10.00000035,147.10609501138975,14,Orthorhombic,Imma,False,10.507578215099269,"{'Mn': 4.0, 'Ni': 2.0, 'O': 8.0}","['Mn', 'Ni', 'O']",3,0.499682401307932,6.995553618311048,2.858958960395853
mp-1227714,Ca6V3Fe7O24,3.8549333851121506,0.0238314340424192,-2.4452141908749994,FM,70.0036556,0.0695574843515795,35.0018278,1006.414424739188,80,Cubic,I-43d,False,12.58018030923985,"{'Ca': 12.0, 'V': 6.0, 'Fe': 14.0, 'O': 48.0}","['Ca', 'Fe', 'O', 'V']",4,0.30642910438102317,24.514328350481854,2.8556220100814635
mp-19142,Mn2V2O7,3.944894209000005,0.0,-2.32008509916928,FM,9.9999997,0.0733786830902356,9.9999997,136.27935633163042,11,Monoclinic,C2/m,True,12.389032393784584,"{'Mn': 2.0, 'V': 2.0, 'O': 7.0}","['Mn', 'O', 'V']",3,0.31841826573793663,3.5026009231173028,2.8550211455720267
mp-542018,Sr2Fe2O5,5.004618935520591,0.0008685792361244,-2.3712920211111115,FM,19.0118577,0.0780794608791036,9.50592885,243.49371122627883,18,Orthorhombic,Ima2,False,13.527428401459936,"{'Sr': 4.0, 'Fe': 4.0, 'O': 10.0}","['Fe', 'O', 'Sr']",3,0.36996085190740846,6.659295334333352,2.854935356595539
mp-861170,Ti5Fe11O24,4.745902744062712,0.046564732874998,-2.2996650199166675,FM,49.9991369,0.1154639654326786,49.9991369,433.0280595563992,40,Triclinic,P1,False,10.82570148890998,"{'Ti': 5.0, 'Fe': 11.0, 'O': 24.0}","['Fe', 'O', 'Ti']",3,0.43839216783545065,17.535686713418027,2.8512790925799023
mp-773671,MnFe(PO4)2,3.3180346146952058,0.0460843514583277,-2.3515677306013956,FM,27.0402625,0.0598895181342792,9.013420833333331,451.5024221663064,36,Trigonal,R3,False,12.541733949064064,"{'Mn': 3.0, 'Fe': 3.0, 'P': 6.0, 'O': 24.0}","['Fe', 'Mn', 'O', 'P']",4,0.26455948022584364,9.524141288130371,2.8391286607328476
mp-2767689,Sr2Fe2O5,4.997995118798907,0.0312044612500006,-2.3153956965277778,FM,18.847858,0.0773034835212524,9.423929,243.81641216489697,18,Orthorhombic,Fmmm,False,13.545356231383163,"{'Sr': 4.0, 'Fe': 4.0, 'O': 10.0}","['Fe', 'O', 'Sr']",3,0.36898218351903356,6.641679303342604,2.837815127646152
mp-31954,Mn5(P3O11)2,3.029517228444486,0.0289067086363647,-2.456161912348858,FM,41.9969004,0.0471495689529248,20.9984502,890.7165289661642,66,Monoclinic,P2_1/c,False,13.495704984335822,"{'Mn': 10.0, 'P': 12.0, 'O': 44.0}","['Mn', 'O', 'P']",3,0.22448010177762348,14.81568671732315,2.8346239496880954
mp-766418,MnFe7(PO4)8,3.458599095432215,0.0371239077604128,-2.325978583022374,FM,38.9972969,0.0673711199416974,38.9972969,578.8429364651804,48,Monoclinic,Pm,False,12.059227843024592,"{'Mn': 1.0, 'Fe': 7.0, 'P': 8.0, 'O': 32.0}","['Fe', 'Mn', 'O', 'P']",4,0.2868010407011896,13.766449953657101,2.832778024202256
mp-694952,Ti5Fe11O24,4.762411610280132,0.0446411308749983,-2.301588621916667,FM,50.0001026,0.1158678506282087,50.0001026,431.5269708457606,40,Triclinic,P1,False,10.788174271144015,"{'Ti': 5.0, 'Fe': 11.0, 'O': 24.0}","['Fe', 'O', 'Ti']",3,0.44144741182189945,17.65789647287598,2.831600166917072
mp-1210841,Mn2Fe5(SiO3)8,3.509251581294204,0.0368479477564189,-2.6556671039964623,FM,64.0000386,0.0677773999027337,32.0000193,944.268129079094,78,Orthorhombic,Pnnm,False,12.10600165486018,"{'Mn': 4.0, 'Fe': 10.0, 'Si': 16.0, 'O': 48.0}","['Fe', 'Mn', 'O', 'Si']",4,0.28987701153050394,22.610406899379306,2.8305566938628117
mp-1227731,BaSr4(FeO2)5,5.21560091143148,0.0381789793928497,-2.2468374040000008,FM,20.0011213,0.0677669099978287,20.0011213,295.14583593439403,20,Tetragonal,P4/mmm,False,14.757291796719702,"{'Ba': 1.0, 'Sr': 4.0, 'Fe': 5.0, 'O': 10.0}","['Ba', 'Fe', 'O', 'Sr']",4,0.3534253427577288,7.068506855154576,2.829610511789284
mp-1213991,CaMnSiO4,3.3534774247784473,0.0,-3.054609996490149,FM,19.9991118,0.0539666180764495,4.99977795,370.5830106246251,28,Orthorhombic,Pnma,True,13.23510752230804,"{'Ca': 4.0, 'Mn': 4.0, 'Si': 4.0, 'O': 16.0}","['Ca', 'Mn', 'O', 'Si']",4,0.2533774220667338,7.094567817868547,2.8189330644820627
mp-1200054,V4Fe2O13,2.924203920082521,0.003849916710525,-2.1789331403947365,FM,40.0410075,0.0336767250662451,10.010251875,1188.9816311186953,76,Monoclinic,P2_1/c,False,15.644495146298622,"{'V': 16.0, 'Fe': 8.0, 'O': 52.0}","['Fe', 'O', 'V']",3,0.18691583798243355,14.20560368666495,2.818676937861303
mp-652804,Fe4As5O13,4.318017153003544,0.0109272438636365,-1.6440536794318186,FM,38.0000004,0.0613005678764009,19.0000002,619.8963845917157,44,Triclinic,P1,False,14.088554195266266,"{'Fe': 8.0, 'As': 10.0, 'O': 26.0}","['As', 'Fe', 'O']",3,0.30649114828648577,13.485610524605374,2.8178183205474103
mp-1222043,MgCr4FeO8,4.474994362602625,0.005955298928546,-2.398696282500001,FM,15.9999993,0.1036178911356087,15.9999993,154.41348134619136,14,Cubic,F-43m,False,11.029534381870812,"{'Mg': 1.0, 'Cr': 4.0, 'Fe': 1.0, 'O': 8.0}","['Cr', 'Fe', 'Mg', 'O']",4,0.4057283116101573,5.680196362542203,2.816803905849324
mp-1221877,Mn9Zn3O16,5.133082718800881,0.0099260951785717,-1.9894201150492616,FM,36.9999963,0.1208194649227773,36.9999963,306.24201426193054,28,Tetragonal,P-4m2,False,10.937214795068948,"{'Mn': 9.0, 'Zn': 3.0, 'O': 16.0}","['Mn', 'O', 'Zn']",3,0.46932265800568673,13.141034424159228,2.8156075926547377
mp-1099862,BaSr7Fe6(CoO10)2,4.952339013736374,0.0249247161458265,-2.284640144652778,FM,141.0509266,0.0690253648886586,35.26273165,2043.4651352806643,144,Triclinic,P1,False,14.190730106115726,"{'Ba': 4.0, 'Sr': 28.0, 'Fe': 24.0, 'Co': 8.0, 'O': 80.0}","['Ba', 'Co', 'Fe', 'O', 'Sr']",5,0.3489840886764581,50.25370876940996,2.806776455986854
mp-1047671,CaMn2O4,4.5468352782705725,0.045883660357143,-2.402017773694582,FM,16.0000001,0.1023845418584774,8.00000005,156.27359179002073,14,Orthorhombic,Cmcm,False,11.16239941357291,"{'Ca': 2.0, 'Mn': 4.0, 'O': 8.0}","['Ca', 'Mn', 'O']",3,0.40733493846689023,5.7026891385364635,2.805693894811569
mp-1105126,SrMn7O12,5.155469006154429,0.0032811816562503,-2.131979795275863,FM,27.0012384,0.1262169119430268,27.0012384,213.9272620786992,20,Trigonal,R-3,False,10.69636310393496,"{'Sr': 1.0, 'Mn': 7.0, 'O': 12.0}","['Mn', 'O', 'Sr']",3,0.48198335790020475,9.639667158004094,2.8010550527753533
mp-766435,MnFe3(PO4)4,3.4330853259191216,0.0327887036458296,-2.3418303175626036,FM,38.0049195,0.0652214249009919,19.00245975,582.706059514839,48,Monoclinic,Pc,False,12.139709573225812,"{'Mn': 2.0, 'Fe': 6.0, 'P': 8.0, 'O': 32.0}","['Fe', 'Mn', 'O', 'P']",4,0.28279797842040705,13.574302964179537,2.7997695056820993
mp-1302890,SrMn7O12,5.165486335778174,0.0030253069062506,-2.1322356700258616,FM,53.9975447,0.1264506076905268,26.99877235,427.024793998244,40,Monoclinic,C2/m,False,10.6756198499561,"{'Sr': 2.0, 'Mn': 14.0, 'O': 24.0}","['Mn', 'O', 'Sr']",3,0.48385821229850323,19.35432849194013,2.789946689314827
mp-20361,FePO4,3.5320243817531725,0.0415689700000001,-2.3100169903571426,FM,20.0039988,0.0705314744486283,5.0009997,283.61804366602223,24,Orthorhombic,Pnma,False,11.81741848608426,"{'Fe': 4.0, 'P': 4.0, 'O': 16.0}","['Fe', 'O', 'P']",3,0.2988829062719873,7.173189750527696,2.78871736224856
mp-766233,BaMn4O8,4.893376977405154,0.0285387427307703,-2.1411387060300626,FM,83.9969522,0.0850478847785441,13.999492033333333,987.6430486039638,78,Triclinic,P-1,False,12.662090366717486,"{'Ba': 6.0, 'Mn': 24.0, 'O': 48.0}","['Ba', 'Mn', 'O']",3,0.38645885755700154,30.14379088944612,2.7865424262019025
mp-1215777,Zn2CrFe3O8,5.1170905422109465,0.0066568292857143,-1.8723191700000004,FM,17.9999878,0.1159593069149015,17.9999878,155.2267625505002,14,Trigonal,R-3m,False,11.0876258964643,"{'Zn': 2.0, 'Cr': 1.0, 'Fe': 3.0, 'O': 8.0}","['Cr', 'Fe', 'O', 'Zn']",4,0.46151363601135936,6.461190904159031,2.785862245366177
mp-766414,MnFe3(PO4)4,3.4495896422823535,0.0329940701041637,-2.34162495110427,FM,37.9982438,0.0655234608640147,18.9991219,579.9181438059311,48,Orthorhombic,Pmn2_1,False,12.081627995956898,"{'Mn': 2.0, 'Fe': 6.0, 'P': 8.0, 'O': 32.0}","['Fe', 'Mn', 'O', 'P']",4,0.2855235770739469,13.705131699549451,2.7725559033664133
mp-756609,MnFe3(PO4)4,3.451567595602282,0.0331876796874963,-2.3414313415209365,FM,19.0025646,0.0655729110932989,19.0025646,289.792908125775,24,Monoclinic,Pm,False,12.074704505240623,"{'Mn': 1.0, 'Fe': 3.0, 'P': 4.0, 'O': 16.0}","['Fe', 'Mn', 'O', 'P']",4,0.2858511025345791,6.860426460829899,2.7698809554328023
mp-19500,BaCr10O15,5.0482749876910455,0.0433294697756405,-2.326235645384616,FM,64.0025516,0.1084260645112479,32.0012758,590.287509636214,52,Orthorhombic,Cmce,False,11.3516828776195,"{'Ba': 2.0, 'Cr': 20.0, 'O': 30.0}","['Ba', 'Cr', 'O']",3,0.44471599868632805,23.125231931689058,2.767650148939513
mp-851117,Mn2CrFe3(PO4)6,3.291735422868528,0.0488234781249854,-2.374237633436645,FM,25.9990204,0.0573138299414632,25.9990204,453.625598333836,36,Trigonal,R3,False,12.60071106482878,"{'Mn': 2.0, 'Cr': 1.0, 'Fe': 3.0, 'P': 6.0, 'O': 24.0}","['Cr', 'Fe', 'Mn', 'O', 'P']",5,0.261234100673608,9.40442762424989,2.764551064538999
mp-560784,CaFe3P3O13,3.385580801143427,0.0104286514999998,-2.5014636656964298,FM,30.0015672,0.0601429122308892,15.0007836,498.8379525890546,40,Monoclinic,P2_1/m,False,12.470948814726366,"{'Ca': 2.0, 'Fe': 6.0, 'P': 6.0, 'O': 26.0}","['Ca', 'Fe', 'O', 'P']",4,0.2714774033187877,10.859096132751509,2.7628051942107743
mp-1327610,CaMn2O4,4.583681463939085,0.0488541110714297,-2.3990473229802953,FM,31.9977445,0.1032069597583994,7.999436125,310.0347551648121,28,Orthorhombic,Pnma,False,11.072669827314716,"{'Ca': 4.0, 'Mn': 8.0, 'O': 16.0}","['Ca', 'Mn', 'O']",3,0.41396352780535267,11.590978778549875,2.7605731242657985
mp-19398,FeAsO4,4.035638879888138,0.0221317772222215,-1.6775606656944433,FM,30.0,0.0623913053981658,5.0,480.8362288390578,36,Orthorhombic,Imma,False,13.35656191219605,"{'Fe': 6.0, 'As': 6.0, 'O': 24.0}","['As', 'Fe', 'O']",3,0.30214653339817515,10.877275202334305,2.758043668285775
mp-1274785,V2FeO4,4.678435219648019,0.0252139758928571,-2.208468487142857,FM,16.0000018,0.1016542918606857,8.0000009,157.39622505980898,14,Monoclinic,C2/c,False,11.24258750427207,"{'V': 4.0, 'Fe': 2.0, 'O': 8.0}","['Fe', 'O', 'V']",3,0.41613509504553653,5.8258913306375115,2.7463611818260887
mp-504545,Ba2MnO3,5.634531598869977,0.006619555416667,-2.5556618021551727,FM,20.0182256,0.0449731743861971,5.0045564,445.1148017282019,24,Monoclinic,Cc,False,18.546450072008412,"{'Ba': 8.0, 'Mn': 4.0, 'O': 12.0}","['Ba', 'Mn', 'O']",3,0.3038064738531285,7.291355372475083,2.7454738628662843
mp-1042994,Cr3(FeO6)2,3.1028452437102354,0.0307857532352864,-1.607411811764706,FM,20.0065205,0.040663558842167,10.00326025,492.0012185272326,34,Triclinic,P-1,False,14.47062407433037,"{'Cr': 6.0, 'Fe': 4.0, 'O': 24.0}","['Cr', 'Fe', 'O']",3,0.2144237337499779,7.290406947499248,2.7442254793283696
mp-558986,CaMn6SiO12,4.6279862396530085,0.0,-2.385285820879311,FM,95.9999966,0.1134124626725317,23.99999915,846.4677896748557,80,Tetragonal,I4_1/acd,True,10.580847370935697,"{'Ca': 4.0, 'Mn': 24.0, 'Si': 4.0, 'O': 48.0}","['Ca', 'Mn', 'O', 'Si']",4,0.43739277936902526,34.99142234952202,2.7435294181835785
mp-765583,Ti2Fe4O9,4.741818456154192,0.0470808956666584,-2.341758083777779,FM,35.9999998,0.1109904165519229,17.9999999,324.3523262493448,30,Monoclinic,Cc,False,10.811744208311492,"{'Ti': 4.0, 'Fe': 8.0, 'O': 18.0}","['Fe', 'O', 'Ti']",3,0.43858034048834926,13.157410214650477,2.736100738115987
mp-18708,Fe3P,7.256245156805966,0.0,-0.354155793035714,FM,27.8501685,0.1532678283806076,6.962542125,181.70916097825895,16,Tetragonal,I-4,True,11.356822561141184,"{'Fe': 12.0, 'P': 4.0}","['Fe', 'P']",2,0.6389326871790825,10.22292299486532,2.7242862451363803
mp-25884,Fe3(P3O10)2,2.614201325511561,0.0281822359051711,-2.3684335028571426,FM,28.0037897,0.0327360169165441,14.00189485,855.442791693067,58,Orthorhombic,C222_1,False,14.749013649880466,"{'Fe': 6.0, 'P': 12.0, 'O': 40.0}","['Fe', 'O', 'P']",3,0.17724584081137845,10.28025876705995,2.724035487290443
mp-753591,Mg3Fe3O8,4.0072667969531475,0.0438896857142854,-2.179799038214285,FM,14.0003806,0.0916993165890807,14.0003806,152.6770440693461,14,Trigonal,R-3m,False,10.905503147810435,"{'Mg': 3.0, 'Fe': 3.0, 'O': 8.0}","['Fe', 'Mg', 'O']",3,0.36745363718112456,5.144350920535744,2.721505748006392
mp-1217936,TaMn2FeO6,6.366565690654816,0.0496344352499988,-2.39781616531954,FM,14.9998273,0.1299172553795284,14.9998273,115.45677482318166,10,Trigonal,R3,False,11.545677482318164,"{'Ta': 1.0, 'Mn': 2.0, 'Fe': 1.0, 'O': 6.0}","['Fe', 'Mn', 'O', 'Ta']",4,0.5514241758792421,5.514241758792421,2.7201976184817935
mp-1225755,Fe7Si3(H4O9)2,3.305915073932709,0.0041259701620361,-1.9152068808333336,FM,30.0000409,0.0774432876488314,30.0000409,387.3807764468362,36,Triclinic,P1,False,10.760577123523229,"{'Fe': 7.0, 'Si': 3.0, 'H': 8.0, 'O': 18.0}","['Fe', 'H', 'O', 'Si']",4,0.30722469956614057,11.060089184381061,2.7124592216096897
mp-861683,Mn3As(HO2)4,3.534465542412571,0.0010622006054683,-1.7290004249245694,FM,56.0028795,0.0801602776120878,14.000719875,698.6362967829217,64,Orthorhombic,Pnma,False,10.916192137233152,"{'Mn': 12.0, 'As': 4.0, 'H': 16.0, 'O': 32.0}","['As', 'H', 'Mn', 'O']",4,0.3237819102099852,20.722042253439053,2.7025752971189747
mp-1196000,Ba3Fe3O8,5.588108002588831,0.0224228735969385,-2.2274077307142854,FM,56.1362422,0.0667522209495867,14.03406055,840.9644113923301,56,Orthorhombic,Cmcm,False,15.017221632005896,"{'Ba': 12.0, 'Fe': 12.0, 'O': 32.0}","['Ba', 'Fe', 'O']",3,0.3721133069434769,20.838345188834705,2.6938915586290455
mp-775988,Mn2NbFe3(PO4)6,3.349109536939381,0.016066361666656,-2.518850434269977,FM,25.0003643,0.0536329214053408,25.0003643,466.1384024012984,36,Trigonal,R3,False,12.948288955591622,"{'Mn': 2.0, 'Nb': 1.0, 'Fe': 3.0, 'P': 6.0, 'O': 24.0}","['Fe', 'Mn', 'Nb', 'O', 'P']",5,0.25865267205773107,9.311496194078318,2.6848922857208577
mp-767701,Mn2VFe3(PO4)6,3.2771786995859227,0.0193495229861095,-2.4317260414921993,FM,25.0000998,0.0549324563145886,25.0000998,455.1061699631408,36,Trigonal,R3,False,12.64183805453169,"{'Mn': 2.0, 'V': 1.0, 'Fe': 3.0, 'P': 6.0, 'O': 24.0}","['Fe', 'Mn', 'O', 'P', 'V']",5,0.25923277022293134,9.33237972802553,2.678855825478645
mp-764402,MnFe(PO4)2,3.418393861586517,0.0235396881249929,-2.3741123939347304,FM,18.0022372,0.0616167577005728,9.0011186,292.1646297502704,24,Orthorhombic,Pmn2_1,False,12.1735262395946,"{'Mn': 2.0, 'Fe': 2.0, 'P': 4.0, 'O': 16.0}","['Fe', 'Mn', 'O', 'P']",4,0.28080556071486773,6.7393334571568255,2.671219240662821
mp-27016,Fe2P5O16,2.5931209788848553,0.0226627821195624,-2.385699855357142,FM,21.8757979,0.0326874010824618,10.93789895,669.2424963616103,46,Monoclinic,P2/c,False,14.548749920904571,"{'Fe': 4.0, 'P': 10.0, 'O': 32.0}","['Fe', 'O', 'P']",3,0.17823668651826188,8.198887579840047,2.6681421945325385
mp-778008,Mn7(P2O7)4,3.4655738402202174,0.0,-2.550460003433955,FM,65.9999702,0.0637498992110479,32.9999851,1035.295287001208,86,Orthorhombic,C222_1,True,12.03831729071172,"{'Mn': 14.0, 'P': 16.0, 'O': 56.0}","['Mn', 'O', 'P']",3,0.2878785927078126,24.75755897287188,2.665851276869401
mp-757485,Ti2Fe4O9,4.807362214578789,0.0492593256666591,-2.3395796537777795,FM,36.0000059,0.1125246000150515,18.00000295,319.9300943543417,30,Triclinic,P-1,False,10.664336478478056,"{'Ti': 4.0, 'Fe': 8.0, 'O': 18.0}","['Fe', 'O', 'Ti']",3,0.4507886847232022,13.523660541696067,2.662001592616511
mp-1280544,Mn2V3NiO8,4.93117886401986,0.0,-2.2238232772044353,FM,34.0000003,0.1123383294701125,17.00000015,302.65716483745354,28,Monoclinic,C2/m,True,10.809184458480484,"{'Mn': 4.0, 'V': 6.0, 'Ni': 2.0, 'O': 16.0}","['Mn', 'Ni', 'O', 'V']",4,0.4562026749530619,12.773674898685734,2.661724254740366
mp-19792,Zr(Fe2Si)2,6.593734695014078,0.0068353060714283,-0.4805472178571425,FM,18.4043927,0.0985515417861123,9.20219635,186.7489068810641,14,Tetragonal,P4_2/mnm,False,13.339207634361722,"{'Zr': 2.0, 'Fe': 8.0, 'Si': 4.0}","['Fe', 'Si', 'Zr']",3,0.4943123216725898,6.9203725034162575,2.659451162623779
mp-1076159,Sr7CaFe4(CoO5)4,4.829797224175466,0.0374050034288311,-2.2284008068750003,FM,134.7757515,0.0684118360236212,33.693937875,1970.0648211438815,144,Triclinic,P1,False,13.681005702388068,"{'Sr': 28.0, 'Ca': 4.0, 'Fe': 16.0, 'Co': 16.0, 'O': 80.0}","['Ca', 'Co', 'Fe', 'O', 'Sr']",5,0.35302939924456045,50.8362334912167,2.651175003421252
mp-754025,Ba3Fe3O8,5.6285172048667,0.0380647957397952,-2.211765808571428,FM,28.0089601,0.067093209877548,14.00448005,417.46340875804265,28,Orthorhombic,Amm2,False,14.90940745564438,"{'Ba': 6.0, 'Fe': 6.0, 'O': 16.0}","['Ba', 'Fe', 'O']",3,0.37751448014359984,10.570405444020796,2.649752674893224
mp-1076758,Sr7CaFe5Co3O20,4.814320804523593,0.0320658052083189,-2.262954629097223,FM,133.9868638,0.0679399289599555,33.49671595,1972.137237278732,144,Triclinic,P1,False,13.695397481102306,"{'Sr': 28.0, 'Ca': 4.0, 'Fe': 20.0, 'Co': 12.0, 'O': 80.0}","['Ca', 'Co', 'Fe', 'O', 'Sr']",5,0.35152837375962753,50.62008582138637,2.6469110359230603
mp-19346,Fe3(PO4)2,3.991603197741664,0.0,-2.2959057080219765,FM,23.9999997,0.0806920075023666,11.99999985,297.4272228794915,26,Monoclinic,P2_1/c,True,11.439508572288135,"{'Fe': 6.0, 'P': 4.0, 'O': 16.0}","['Fe', 'O', 'P']",3,0.34893135247183626,9.072215164267742,2.645439869473945
mp-16185,Mn6AgP7O24,3.6813080491911823,0.0,-2.503213723993497,FM,60.0001847,0.0640550637151026,30.00009235,936.696979443538,76,Monoclinic,P2_1/m,True,12.324960255836029,"{'Mn': 12.0, 'Ag': 2.0, 'P': 14.0, 'O': 48.0}","['Ag', 'Mn', 'O', 'P']",4,0.2986872146259486,22.700228311572094,2.6431533584802396
mp-767833,MnFe(PO4)2,3.438317725818872,0.0256806831249942,-2.3719713989347286,FM,54.0016504,0.0619700785422072,9.000275066666667,871.4149097490656,72,Monoclinic,Pm,False,12.102984857625913,"{'Mn': 6.0, 'Fe': 6.0, 'P': 12.0, 'O': 48.0}","['Fe', 'Mn', 'O', 'P']",4,0.28408841011252184,20.454365528101572,2.6401039096426104
mp-1003771,MgMn6O12,4.362325018899633,0.0332108245942972,-1.9845634559255911,FM,40.0011057,0.0962447587832896,20.00055285,415.61853555131063,38,Monoclinic,Cc,False,10.937329882929228,"{'Mg': 2.0, 'Mn': 12.0, 'O': 24.0}","['Mg', 'Mn', 'O']",3,0.3988473480815702,15.156199227099666,2.6392570525516064
mp-776288,FePO4,3.6314812439886617,0.0473347133333339,-2.304251247023809,FM,20.0023331,0.0725115036184443,5.000583275,275.8504802941656,24,Orthorhombic,Pnma,False,11.4937700122569,"{'Fe': 4.0, 'P': 4.0, 'O': 16.0}","['Fe', 'O', 'P']",3,0.31595214103954294,7.582851384949031,2.6378379430858976
mp-1201132,SrMn3(PO4)3,3.6226817077385474,0.0,-2.720868041459035,FM,28.000739,0.0568413995398455,14.0003695,492.61170954053654,38,Orthorhombic,Imma,True,12.963466040540435,"{'Sr': 2.0, 'Mn': 6.0, 'P': 6.0, 'O': 24.0}","['Mn', 'O', 'P', 'Sr']",4,0.2794531722001966,10.61922054360747,2.636797953768444
mp-1212736,Fe7(SiO3)8,3.52468767946887,0.0421539895299076,-2.5940236143589734,FM,30.0001995,0.0637053826333803,30.0001995,470.9209529852273,39,Monoclinic,C2/m,False,12.074896230390443,"{'Fe': 7.0, 'Si': 8.0, 'O': 24.0}","['Fe', 'O', 'Si']",3,0.2919021093198164,11.384182263472841,2.6352529154648465
mp-27443,Ba2MnO3,5.7495929914473285,0.0,-2.5622813575718397,FM,20.0,0.0458497786016628,5.0,436.2071226942557,24,Monoclinic,C2/c,True,18.17529677892732,"{'Ba': 8.0, 'Mn': 4.0, 'O': 12.0}","['Ba', 'Mn', 'O']",3,0.31634107884903884,7.592185892376932,2.634287448109161
mp-540022,MnPO4,3.2404252655806243,0.0235045933333353,-2.420213610428982,FM,7.999742,0.0520678938179952,3.999871,153.64059141634024,12,Triclinic,P-1,False,12.803382618028351,"{'Mn': 2.0, 'P': 2.0, 'O': 8.0}","['Mn', 'O', 'P']",3,0.25309134017582235,3.0370960821098683,2.6340101806863436
mp-729046,Mn7P6(HO6)4,3.547644696805673,0.0,-2.3824864931310823,FM,35.0000003,0.0780189981791173,35.0000003,448.60868656178343,41,Triclinic,P-1,True,10.941675281994716,"{'Mn': 7.0, 'P': 6.0, 'H': 4.0, 'O': 24.0}","['H', 'Mn', 'O', 'P']",4,0.3242323140994294,13.293524878076605,2.632860781546454
mp-757601,Ba8Fe8O21,5.7423486334552205,0.0407930762548245,-2.2210755995945957,FM,38.0004733,0.0698484499557212,38.0004733,544.0417550294887,37,Triclinic,P-1,False,14.703831217013208,"{'Ba': 8.0, 'Fe': 8.0, 'O': 21.0}","['Ba', 'Fe', 'O']",3,0.3905341777053984,14.44976457509974,2.629833386038935
mp-23789,Mn(HO)2,3.3529163664414376,0.0235855895000005,-1.557444113086207,FM,10.0,0.1134969968260404,5.0,88.10805818348865,10,Trigonal,P-3m1,False,8.810805818348864,"{'Mn': 2.0, 'H': 4.0, 'O': 4.0}","['H', 'Mn', 'O']",3,0.380545938199983,3.80545938199983,2.6278036358240775
mp-560126,Fe4(P2O7)3,3.1307411309194446,0.0166594724462445,-2.3882954460599075,FM,80.0016595,0.0506009193646553,20.000414875,1581.0317382470537,124,Monoclinic,P2_1/c,False,12.75025595360527,"{'Fe': 16.0, 'P': 24.0, 'O': 84.0}","['Fe', 'O', 'P']",3,0.24554339476096512,30.447380950359676,2.627538297314697
mp-770881,Mn2BeO4,4.345362338271156,0.0390930281250092,-2.2859513751231524,FM,32.0005813,0.1144707732997457,8.000145325,279.55241654745674,28,Orthorhombic,Pnma,False,9.984014876694884,"{'Mn': 8.0, 'Be': 4.0, 'O': 16.0}","['Be', 'Mn', 'O']",3,0.4352319574777765,12.186494809377741,2.6259052993133793
mp-26756,Fe4P7O24,2.991463426844138,0.0247041708214368,-2.364192177357142,FM,42.0034577,0.0459056938501893,21.00172885,914.9945067179664,70,Triclinic,P-1,False,13.07135009597095,"{'Fe': 8.0, 'P': 14.0, 'O': 48.0}","['Fe', 'O', 'P']",3,0.2288564995108051,16.01995496575636,2.6219460535179393
mp-29283,CaMn7O12,5.134500335644366,0.0196995069583323,-2.1321798282758615,FM,26.9999981,0.1353889315789521,26.9999981,199.42544626888449,20,Cubic,Im-3,False,9.971272313444222,"{'Ca': 1.0, 'Mn': 7.0, 'O': 12.0}","['Ca', 'Mn', 'O']",3,0.5149293063355156,10.298586126710312,2.6217189202285804
mp-6274,Mn3Cr2(SiO4)3,4.257886702972764,0.0288227441666659,-2.6789996841896553,FM,84.0016845,0.0987943647484265,21.000421125,850.2679754448022,80,Cubic,Ia-3d,False,10.628349693060027,"{'Mn': 12.0, 'Cr': 8.0, 'Si': 12.0, 'O': 48.0}","['Cr', 'Mn', 'O', 'Si']",4,0.40061597763884527,32.04927821110762,2.6210164218577234
mp-1041340,Mn2ZnO4,4.977410315104811,0.0481553790476185,-1.9341698210755345,FM,48.0007067,0.1002165491229453,8.000117783333334,478.9698619647427,42,Triclinic,P1,False,11.404044332493871,"{'Mn': 12.0, 'Zn': 6.0, 'O': 24.0}","['Mn', 'O', 'Zn']",3,0.4364600987145001,18.331324146009003,2.618507333004117
mp-1271990,CaCr2O4,4.0227667696827405,0.0469946560714191,-2.6739721928571436,FM,12.0008066,0.0698636581196213,6.0004033,171.77466687261182,14,Cubic,Fd-3m,False,12.269619062329417,"{'Ca': 2.0, 'Cr': 4.0, 'O': 8.0}","['Ca', 'Cr', 'O']",3,0.32786403141345843,4.590096439788418,2.6144998819574217
mp-1041069,Mn2ZnO4,4.982310197757877,0.0310588390476178,-1.951266361075535,FM,48.0004019,0.1003145677166128,8.000066983333333,478.4988161998606,42,Monoclinic,Cm,False,11.392828957139535,"{'Mn': 12.0, 'Zn': 6.0, 'O': 24.0}","['Mn', 'O', 'Zn']",3,0.43731984536076235,18.367433505152018,2.613342897718182
mp-1203032,Mn7(AsO4)6,4.1870891152266925,0.030535419572085,-1.8529065813653307,FM,31.0042736,0.0641812711402175,31.0042736,483.073536082896,37,Triclinic,P-1,False,13.056041515753948,"{'Mn': 7.0, 'As': 6.0, 'O': 24.0}","['As', 'Mn', 'O']",3,0.32070127152815664,11.865947046541796,2.6128781359289706
mp-1076428,Sr5Ca3Fe4(CoO5)4,4.62140084825603,0.0466682135503457,-2.240145008680555,FM,129.9412232,0.0675987846919964,32.4853058,1922.2420017172997,144,Triclinic,P1,False,13.34890278970347,"{'Sr': 20.0, 'Ca': 12.0, 'Fe': 16.0, 'Co': 16.0, 'O': 80.0}","['Ca', 'Co', 'Fe', 'O', 'Sr']",5,0.3462008017483427,49.852915451761355,2.6064919578421373
mp-1076488,Sr6Ca2Fe3(CoO4)5,4.739713116041072,0.0391469481684003,-2.207947944097223,FM,131.3151628,0.0675068816156297,32.8287907,1945.2115052163329,144,Triclinic,P1,False,13.508413230668978,"{'Sr': 24.0, 'Ca': 8.0, 'Fe': 12.0, 'Co': 20.0, 'O': 80.0}","['Ca', 'Co', 'Fe', 'O', 'Sr']",5,0.3508711967205897,50.52545232776492,2.5989903454627608
mp-771947,Mn5Fe(PO4)6,3.3332505174356912,0.0442158213194332,-2.3841470085420093,FM,24.9999205,0.0557364948892027,24.9999205,448.5377228994528,36,Trigonal,R3,False,12.459381191651469,"{'Mn': 5.0, 'Fe': 1.0, 'P': 6.0, 'O': 24.0}","['Fe', 'Mn', 'O', 'P']",4,0.2675293793618875,9.631057657027949,2.5957606516618794
mp-1199228,Fe3P2(HO5)2,3.483461521349005,0.0,-2.0903726089285715,FM,28.000003,0.0750182038649503,14.0000015,373.24278051773007,34,Monoclinic,P2_1/c,True,10.977728838756766,"{'Fe': 6.0, 'P': 4.0, 'H': 4.0, 'O': 20.0}","['Fe', 'H', 'O', 'P']",4,0.31732078397224367,10.788906655056286,2.5952586202863874
mp-1194563,SrMn2V2O8,4.022972183564254,0.0,-2.5306868812201597,FM,40.0055355,0.056695636600629,10.001383875,705.6193015664298,52,Tetragonal,I4_1cd,True,13.569601953200571,"{'Sr': 4.0, 'Mn': 8.0, 'V': 8.0, 'O': 32.0}","['Mn', 'O', 'Sr', 'V']",4,0.29646943200241643,15.416410464125654,2.594996779120134
mp-558800,CaMn4(SiO3)5,3.622920711391803,0.0007400332999782,-2.927157428668995,FM,40.0000008,0.0681539519916946,20.0000004,586.9065495259098,50,Triclinic,P-1,False,11.738130990518195,"{'Ca': 2.0, 'Mn': 8.0, 'Si': 10.0, 'O': 30.0}","['Ca', 'Mn', 'O', 'Si']",4,0.3086454491194824,15.43227245597412,2.5919708788264204
mp-2220589,MgMn5Cr(PO4)6,3.2828319982356513,0.0435370574324469,-2.522038682770604,FM,24.9991588,0.0536723299689969,24.9991588,465.77368290961874,37,Triclinic,P1,False,12.588477916476185,"{'Mg': 1.0, 'Mn': 5.0, 'Cr': 1.0, 'P': 6.0, 'O': 24.0}","['Cr', 'Mg', 'Mn', 'O', 'P']",5,0.2607806932670534,9.648885650880976,2.5908855907850348
mp-775993,TiMn2Fe3(PO4)6,3.2623642030182243,0.02874785041665,-2.511822717418126,FM,24.0267614,0.0527356113720975,24.0267614,455.6079046940297,36,Trigonal,R3,False,12.655775130389712,"{'Ti': 1.0, 'Mn': 2.0, 'Fe': 3.0, 'P': 6.0, 'O': 24.0}","['Fe', 'Mn', 'O', 'P', 'Ti']",5,0.2577767200670676,9.279961922414433,2.589101291673058
mp-651997,Fe3(GeO4)2,4.842422385870945,0.0294113486538458,-1.8667473642307688,FM,56.0001033,0.0926170133658698,14.000025825,604.6416448215608,52,Monoclinic,P2_1/c,False,11.62772393887617,"{'Fe': 12.0, 'Ge': 8.0, 'O': 32.0}","['Fe', 'Ge', 'O']",3,0.4164548807080614,21.655653796819195,2.5859345474125264
mp-2220287,MgMn5Cr(PO4)6,3.288468392580838,0.0470105382432564,-2.518565201959793,FM,25.0000201,0.0537663339849389,25.0000201,464.97535255059466,37,Triclinic,P1,False,12.566901420286342,"{'Mg': 1.0, 'Mn': 5.0, 'Cr': 1.0, 'P': 6.0, 'O': 24.0}","['Cr', 'Mg', 'Mn', 'O', 'P']",5,0.2616769466554715,9.682047026252445,2.5821006686100105
mp-775850,Mn2Fe3Sb(PO4)6,3.468605571847933,0.0133254792708674,-2.390417347325533,FM,24.9999238,0.0538915975580112,24.9999238,463.8927946622665,36,Trigonal,R3,False,12.885910962840736,"{'Mn': 2.0, 'Fe': 3.0, 'Sb': 1.0, 'P': 6.0, 'O': 24.0}","['Fe', 'Mn', 'O', 'P', 'Sb']",5,0.269178142069303,9.690413114494909,2.579861508959318
mp-1188529,Mn7BiO12,5.950527600307421,0.0380739587187619,-1.9372036492758615,FM,28.0000035,0.1277310332270106,28.0000035,219.2106553325756,20,Monoclinic,Cm,False,10.96053276662878,"{'Mn': 7.0, 'Bi': 1.0, 'O': 12.0}","['Bi', 'Mn', 'O']",3,0.5429049597319595,10.858099194639191,2.578720547499145
mp-1222227,Mn20Si12C,6.118753939257727,0.0045687809848473,-0.4436335805198534,FM,43.7263562,0.1112882534244145,43.7263562,392.9107956546227,33,Monoclinic,P2/m,False,11.90638774710978,"{'Mn': 20.0, 'Si': 12.0, 'C': 1.0}","['C', 'Mn', 'Si']",3,0.5139051464826538,16.958869833927576,2.578376780304188
mp-1048244,CaFeO2,4.5386127691689095,0.0319218118750006,-2.3618475781249995,FM,16.0000002,0.0854652303641108,4.00000005,187.2106367915301,16,Triclinic,P-1,False,11.700664799470632,"{'Ca': 4.0, 'Fe': 4.0, 'O': 8.0}","['Ca', 'Fe', 'O']",3,0.387893581001846,6.206297296029536,2.578026710102328
mp-1042928,Fe2(MoO4)3,3.631061515013128,0.0472723354411783,-1.8502459950000003,FM,20.0001978,0.0369685144194161,10.0000989,541.0062620610939,34,Triclinic,P-1,False,15.911948884149822,"{'Fe': 4.0, 'Mo': 6.0, 'O': 24.0}","['Fe', 'Mo', 'O']",3,0.22819715808854146,7.75870337501041,2.5777758000670006
mp-1207977,VFe2BO5,4.49028479441799,0.0,-2.217364028796297,FM,40.000606,0.1066981931747513,10.0001515,374.894876940293,36,Orthorhombic,Pbam,True,10.413746581674804,"{'V': 4.0, 'Fe': 8.0, 'B': 4.0, 'O': 20.0}","['B', 'Fe', 'O', 'V']",4,0.43118821446256417,15.52277572065231,2.5768977610609363
mp-1208570,V2Fe4Mo3O20,3.784275845767044,0.0170704081896548,-1.9574805932758623,FM,80.0925505,0.0489047595988346,20.023137625,1637.7250631022123,116,Tetragonal,P4_122,False,14.118319509501832,"{'V': 8.0, 'Fe': 16.0, 'Mo': 12.0, 'O': 80.0}","['Fe', 'Mo', 'O', 'V']",4,0.26804010514283744,31.092652196569144,2.5759317665682326
mp-1204296,BaMn3(PO4)3,3.833671825912872,0.0,-2.7198997785642987,FM,28.0007664,0.0550588077728131,14.0003832,508.5610737438847,38,Orthorhombic,Imma,True,13.38318615115486,"{'Ba': 2.0, 'Mn': 6.0, 'P': 6.0, 'O': 24.0}","['Ba', 'Mn', 'O', 'P']",4,0.2864543452219752,10.885265118435058,2.572355022623977
mp-554449,Mn2BiPO6,5.369856883032342,0.000323709249999,-2.285013969050494,FM,40.0039264,0.072542115041802,10.0009816,551.4579548300725,40,Orthorhombic,Pnma,False,13.786448870751812,"{'Mn': 8.0, 'Bi': 4.0, 'P': 4.0, 'O': 24.0}","['Bi', 'Mn', 'O', 'P']",4,0.38950254219740266,15.580101687896107,2.5676293519366635
mp-1186044,Mn7BiO12,5.969719212539648,0.0412557402187641,-1.9340218677758607,FM,27.9995795,0.1281410502738663,27.9995795,218.5059310826514,20,Cubic,Im-3,False,10.925296554132569,"{'Mn': 7.0, 'Bi': 1.0, 'O': 12.0}","['Bi', 'Mn', 'O']",3,0.5464125557563525,10.92825111512705,2.562128121419406
mp-1190456,Mn(BH4)2,1.5055221075257097,0.0109682153409069,-0.1390846646603973,FM,10.0003962,0.0535715155268053,5.0001981,186.6737593973078,22,Tetragonal,P-4n2,False,8.48517088169581,"{'Mn': 2.0, 'B': 4.0, 'H': 16.0}","['B', 'H', 'Mn']",3,0.17742979234200437,3.903455431524096,2.561934259383965
mp-752598,Mn(AsO2)2,4.217292378104604,0.0,-1.7580691904187151,FM,19.9999992,0.0472453985067712,4.9999998,423.3216319920256,28,Tetragonal,P4_2/mbc,True,15.118629714000914,"{'Mn': 4.0, 'As': 8.0, 'O': 16.0}","['As', 'Mn', 'O']",3,0.2789467337902386,7.81050854612668,2.560652623562934
mp-1047343,Mn2ZnO4,5.0349356911035965,0.020098295714285,-1.9622269044088672,FM,15.9999847,0.1013731914262437,7.99999235,157.83250457929137,14,Tetragonal,I4_1/a,False,11.27375032709224,"{'Mn': 4.0, 'Zn': 2.0, 'O': 8.0}","['Mn', 'O', 'Zn']",3,0.44660698924687137,6.2524978494562,2.5589748425729684
mp-780585,Ti(FeO2)2,4.871015941485071,0.0058395374999999,-2.3672465679761916,FM,32.0000044,0.1049728259544574,8.0000011,304.8408396081786,28,Monoclinic,C2/c,False,10.887172843149235,"{'Ti': 4.0, 'Fe': 8.0, 'O': 16.0}","['Fe', 'O', 'Ti']",3,0.44740870854734,12.52744383932552,2.554392165746312
mp-28519,Fe4As5O13,4.537781586540544,0.0,-1.6549809232954538,FM,38.0000009,0.0644204462274158,19.00000045,589.8748475888096,44,Triclinic,P-1,True,13.40624653610931,"{'Fe': 8.0, 'As': 10.0, 'O': 26.0}","['As', 'Fe', 'O']",3,0.33848263004250817,14.89323572187036,2.551493954010136
mp-1189861,Mn7BiO12,5.989225857628259,0.0410064217187624,-1.9342711862758624,FM,28.0001909,0.1285625710041768,28.0001909,217.79426687951283,20,Monoclinic,C2/m,False,10.88971334397564,"{'Mn': 7.0, 'Bi': 1.0, 'O': 12.0}","['Bi', 'Mn', 'O']",3,0.5499893035239163,10.999786070478326,2.5455214056524293
mp-1076502,Sr4Ca4Fe3(CoO4)5,4.528937623857045,0.0479370163055703,-2.217424614861111,FM,126.0028474,0.0664470147940249,31.50071185,1896.2905676137384,144,Triclinic,P1,False,13.16868449731763,"{'Sr': 16.0, 'Ca': 16.0, 'Fe': 12.0, 'Co': 20.0, 'O': 80.0}","['Ca', 'Co', 'Fe', 'O', 'Sr']",5,0.3439172397804472,49.5240825283844,2.5442742392609152
mp-1227858,Ca6Al2Fe4O15,3.690744992543476,0.0316461419312252,-2.7505594709259267,FM,80.2747647,0.0588610763760909,20.068691175,1363.8004882392388,108,Triclinic,P1,False,12.62778229851147,"{'Ca': 24.0, 'Al': 8.0, 'Fe': 16.0, 'O': 60.0}","['Al', 'Ca', 'Fe', 'O']",4,0.29227182614468505,31.565357223625988,2.543128662580637
mp-774420,Fe2Ni(PO4)3,3.408355049295716,0.0497945838194313,-2.198867691051587,FM,25.2812185,0.0569860408636306,12.64060925,443.6387949901407,36,Trigonal,R-3c,False,12.323299860837242,"{'Fe': 4.0, 'Ni': 2.0, 'P': 6.0, 'O': 24.0}","['Fe', 'Ni', 'O', 'P']",4,0.27657811526012427,9.956812149364474,2.5390876237043054
mp-1216482,V4CrFe3O16,3.726732355731152,0.0244416132812457,-2.130032590833333,FM,18.000849,0.0594728117891378,18.000849,302.67358240640107,24,Monoclinic,C2,False,12.611399266933375,"{'V': 4.0, 'Cr': 1.0, 'Fe': 3.0, 'O': 16.0}","['Cr', 'Fe', 'O', 'V']",4,0.29550506465230286,7.092121551655269,2.5381472763673494
mp-1173632,Sr16Fe16O43,5.067943182460413,0.0480702071333327,-2.2785212946,FM,74.0010783,0.0757019618872843,74.0010783,977.5318427041982,75,Triclinic,P-1,False,13.033757902722645,"{'Sr': 16.0, 'Fe': 16.0, 'O': 43.0}","['Fe', 'O', 'Sr']",3,0.38883207899709116,29.162405924781837,2.537550519352549
mp-505110,FeCuO2,5.566698853372382,0.0050704712499873,-1.3160411549999995,FM,9.9977027,0.1106935298398261,4.99885135,90.31876311530314,8,Hexagonal,P6_3/mmc,False,11.289845389412893,"{'Fe': 2.0, 'Cu': 2.0, 'O': 4.0}","['Cu', 'Fe', 'O']",3,0.49307130978007735,3.944570478240619,2.5345478690646277
mp-698576,Ti3Fe5O12,4.7115326119558905,0.0402685572499983,-2.4337888755000003,FM,43.9992414,0.1015269074611774,21.9996207,433.3751761012196,40,Triclinic,P1,False,10.834379402530493,"{'Ti': 6.0, 'Fe': 10.0, 'O': 24.0}","['Fe', 'O', 'Ti']",3,0.43486871161771007,17.394748464708403,2.529455455436365
mp-755555,Mn5CoO12,4.1282928186845576,0.0350217539351884,-1.6624902927586207,FM,16.0005106,0.075680933311395,16.0005106,211.4206300041869,18,Monoclinic,C2/m,False,11.745590555788162,"{'Mn': 5.0, 'Co': 1.0, 'O': 12.0}","['Co', 'Mn', 'O']",3,0.35147596871152276,6.32656743680741,2.5290982447939214
mp-770496,Mg2Mn3O7,4.0411894028735365,0.0441192066666404,-2.3048569682327575,FM,22.0119469,0.0823084482796092,11.00597345,267.43241259054497,24,Triclinic,P-1,False,11.143017191272708,"{'Mg': 4.0, 'Mn': 6.0, 'O': 14.0}","['Mg', 'Mn', 'O']",3,0.36266563476529723,8.703975234367133,2.5289533009109593
mp-770696,Mn7(PO4)6,3.769989364835781,0.012591413783781,-2.468798889820931,FM,31.0,0.0737436787437115,31.0,420.3750142129099,37,Triclinic,P-1,False,11.361486870619188,"{'Mn': 7.0, 'P': 6.0, 'O': 24.0}","['Mn', 'O', 'P']",3,0.3318218299917219,12.27740770969371,2.524962983474414
mp-1099904,Ba2Mn2O5,5.493646492945765,0.0272906075000012,-2.4543684195402298,FM,16.0000001,0.0569758162232174,8.00000005,280.8209019299677,18,Orthorhombic,Ima2,False,15.60116121833154,"{'Ba': 4.0, 'Mn': 4.0, 'O': 10.0}","['Ba', 'Mn', 'O']",3,0.35213061489875946,6.33835106817767,2.524315855637851
mp-1203339,Ca2FeCoO5,4.023644660479883,0.0434986422222127,-2.283790955833333,FM,57.9998206,0.0638973968232116,7.249977575,907.702402344672,72,Orthorhombic,Pbcm,False,12.606977810342668,"{'Ca': 16.0, 'Fe': 8.0, 'Co': 8.0, 'O': 40.0}","['Ca', 'Co', 'Fe', 'O']",4,0.3191601287010211,22.97952926647352,2.523977751129136
mp-757052,Mn2Fe3P6WO24,3.691193988038133,0.015257987777776,-2.4280078439922,FM,26.0015197,0.0560563029358273,26.0015197,463.8464960803118,36,Trigonal,R3,False,12.884624891119772,"{'Mn': 2.0, 'Fe': 3.0, 'P': 6.0, 'W': 1.0, 'O': 24.0}","['Fe', 'Mn', 'O', 'P', 'W']",5,0.28648051605927194,10.31329857813379,2.5211642524466717
mp-25303,FePO4,3.7145624068668974,0.044378919583333,-2.3072070407738097,FM,10.0000039,0.0741618020748464,5.00000195,134.8403574377505,12,Orthorhombic,Cmcm,False,11.236696453145877,"{'Fe': 2.0, 'P': 2.0, 'O': 8.0}","['Fe', 'O', 'P']",3,0.3305742414913194,3.966890897895833,2.5208668847697133
mp-675087,Ti3Fe5O12,4.722300152032698,0.0459399322499987,-2.4281175005,FM,22.0001472,0.1017613681382804,22.0001472,216.19350842556153,20,Triclinic,P1,False,10.809675421278076,"{'Ti': 3.0, 'Fe': 5.0, 'O': 12.0}","['Fe', 'O', 'Ti']",3,0.4368586445007578,8.737172890015156,2.5179938038243215
mp-766386,Mn3Fe(PO4)4,3.4190993857284826,0.0146922328124894,-2.4059929100985222,FM,34.001061,0.0582880929808911,17.0005305,583.3277306078058,48,Monoclinic,Cm,False,12.152661054329288,"{'Mn': 6.0, 'Fe': 2.0, 'P': 8.0, 'O': 32.0}","['Fe', 'Mn', 'O', 'P']",4,0.28134573740213514,13.504595395302488,2.517740073266254
mp-1283235,Cr2NiO4,4.940949656797003,0.0097048864285707,-2.0330455064285715,FM,16.0001376,0.1050112233595676,8.0000688,152.36597658913203,14,Monoclinic,C2,False,10.88328404208086,"{'Cr': 4.0, 'Ni': 2.0, 'O': 8.0}","['Cr', 'Ni', 'O']",3,0.4539943676644412,6.355921147302176,2.5173593613242655
mp-756786,Mn3Fe(PO4)4,3.4206591770863533,0.0152655644791561,-2.405419578431856,FM,17.00242,0.0583211652818872,17.00242,291.5308690733659,24,Monoclinic,Pm,False,12.14711954472358,"{'Mn': 3.0, 'Fe': 1.0, 'P': 4.0, 'O': 16.0}","['Fe', 'Mn', 'O', 'P']",4,0.28160249551279065,6.758459892306975,2.515724036381947
mp-1214074,CaMnGeO4,3.950776716204881,0.0,-2.5686730111330047,FM,19.998661,0.0513493767558927,4.99966525,389.462584815209,28,Orthorhombic,Pnma,True,13.909378029114608,"{'Ca': 4.0, 'Mn': 4.0, 'Ge': 4.0, 'O': 16.0}","['Ca', 'Ge', 'Mn', 'O']",4,0.2840369071812742,7.953033401075678,2.5145953740487377
mp-1105343,SrMn7O12,5.446313699306229,0.0017103371562505,-2.133550639775863,FM,54.0000006,0.1333312983437399,27.0000003,405.0061858753014,40,Cubic,Im-3,False,10.125154646882535,"{'Sr': 2.0, 'Mn': 14.0, 'O': 24.0}","['Mn', 'O', 'Sr']",3,0.5378993101091163,21.515972404364653,2.5097634252889147
mp-782634,VFe5(PO4)6,3.3907764714042035,0.0423316982639017,-2.367439047996033,FM,25.0008926,0.0567238420306253,25.0008926,440.747518239367,36,Trigonal,R3,False,12.242986617760195,"{'V': 1.0, 'Fe': 5.0, 'P': 6.0, 'O': 24.0}","['Fe', 'O', 'P', 'V']",4,0.2769566427921598,9.970439140517753,2.5075016503938796
mp-19303,Cr2NiO4,4.944787959110325,0.0120938064285702,-2.030656586428571,FM,15.9451715,0.1047317690177119,7.97258575,152.2477052526764,14,Cubic,Fd-3m,False,10.874836089476888,"{'Cr': 4.0, 'Ni': 2.0, 'O': 8.0}","['Cr', 'Ni', 'O']",3,0.4546999990091974,6.3657999861287635,2.50481817442347
mp-1003920,Mn2HO4,4.071878224823608,0.0201163816220164,-1.7545104570874384,FM,27.9999815,0.0981520204267205,6.999995375,285.2715754425508,28,Orthorhombic,Pnma,False,10.18827055151967,"{'Mn': 8.0, 'H': 4.0, 'O': 16.0}","['H', 'Mn', 'O']",3,0.3996633387612828,11.190573485315918,2.502104252006486
mp-1176492,MnFeCo(PO4)3,3.482834108905685,0.0403264151389048,-2.265005688158867,FM,51.9996434,0.0599743656539527,12.99991085,867.0311529434712,72,Monoclinic,Pm,False,12.0420993464371,"{'Mn': 4.0, 'Fe': 4.0, 'Co': 4.0, 'P': 12.0, 'O': 48.0}","['Co', 'Fe', 'Mn', 'O', 'P']",5,0.28922150604380725,20.823948435154122,2.4971077681030156
mp-850538,Mn2Fe3Sn(PO4)6,3.462545092481669,0.0310029968286933,-2.385553038297756,FM,24.18509,0.0522083217199252,24.18509,463.2420503716321,36,Trigonal,R3,False,12.867834732545337,"{'Mn': 2.0, 'Fe': 3.0, 'Sn': 1.0, 'P': 6.0, 'O': 24.0}","['Fe', 'Mn', 'O', 'P', 'Sn']",5,0.26908529402574605,9.687070584926857,2.496636087036689
mp-2234965,Mn2ZnO4,5.108408015574666,0.0368697207142849,-1.9454554794088676,FM,16.0149236,0.1029485117576465,8.0074618,155.5624586171881,14,Monoclinic,C2/m,False,11.111604186942008,"{'Mn': 4.0, 'Zn': 2.0, 'O': 8.0}","['Mn', 'O', 'Zn']",3,0.45973631976361246,6.4363084766905745,2.488215668655236
mp-1223299,Mn2Fe(PO4)3,3.4740345609574423,0.0191581230555453,-2.3938493329050368,FM,52.0072667,0.0603620506767624,13.001816675,861.5887982086278,72,Monoclinic,Pm,False,11.966511086230945,"{'Mn': 8.0, 'Fe': 4.0, 'P': 12.0, 'O': 48.0}","['Fe', 'Mn', 'O', 'P']",4,0.29031306919146876,20.90254098178575,2.4880834701062695
mp-1176526,MnFeCo(PO4)3,3.4909451710481867,0.0418316231944606,-2.2635004801033114,FM,52.0000002,0.0601144505338579,13.00000005,865.0166430567696,72,Monoclinic,Pm,False,12.014120042455133,"{'Mn': 4.0, 'Fe': 4.0, 'Co': 4.0, 'P': 12.0, 'O': 48.0}","['Co', 'Fe', 'Mn', 'O', 'P']",5,0.2905701922997265,20.92105384558031,2.485534456524775
mp-759618,MnFeCo(PO4)3,3.4911588724404727,0.0410887911111261,-2.2642433121866454,FM,52.0000002,0.0601181304947699,13.00000005,864.9636935154494,72,Monoclinic,Pm,False,12.01338463215902,"{'Mn': 4.0, 'Fe': 4.0, 'Co': 4.0, 'P': 12.0, 'O': 48.0}","['Co', 'Fe', 'Mn', 'O', 'P']",5,0.29060576842723207,20.92361532676071,2.485230175948297
mp-18269,FeSiO3,3.760758108747464,0.0182157546666665,-2.574583753,FM,16.0009888,0.0686710755319193,4.0002472,233.0091479718051,20,Monoclinic,C2/c,False,11.650457398590255,"{'Fe': 4.0, 'Si': 4.0, 'O': 12.0}","['Fe', 'O', 'Si']",3,0.32279918118944656,6.455983623788931,2.4784741926915284
mp-2216952,MgTiMn5(PO4)6,3.212319360126626,0.0385911699324328,-2.641318095293125,FM,23.0000101,0.0485372271255942,23.0000101,473.8632893157551,37,Triclinic,P1,False,12.80711592745284,"{'Mg': 1.0, 'Ti': 1.0, 'Mn': 5.0, 'P': 6.0, 'O': 24.0}","['Mg', 'Mn', 'O', 'P', 'Ti']",5,0.250823009514642,9.280451352041753,2.478328825562979
mp-18949,VFeO4,3.988090294698149,0.0171553404166662,-2.0665252783333337,FM,10.0000003,0.0703134595477924,5.00000015,142.2202856225976,12,Orthorhombic,Cmcm,False,11.8516904685498,"{'V': 2.0, 'Fe': 2.0, 'O': 8.0}","['Fe', 'O', 'V']",3,0.3364997006360512,4.0379964076326145,2.4764757792003023
mp-1176481,MnFeCo(PO4)3,3.49941954157584,0.046246844583349,-2.259085258714423,FM,52.0000002,0.060260380103911,13.00000005,862.9218752077713,72,Monoclinic,Pm,False,11.98502604455238,"{'Mn': 4.0, 'Fe': 4.0, 'Co': 4.0, 'P': 12.0, 'O': 48.0}","['Co', 'Fe', 'Mn', 'O', 'P']",5,0.29198263971787114,21.02275005968672,2.4735108419385785
mp-510351,Fe7(PO4)6,3.882979327614582,0.0121143531081084,-2.3199082753474896,FM,32.0000005,0.0778858670291071,32.0000005,410.8576012646954,37,Triclinic,P-1,False,11.104259493640416,"{'Fe': 7.0, 'P': 6.0, 'O': 24.0}","['Fe', 'O', 'P']",3,0.34968377043407756,12.93829950606087,2.4732771478206845
mp-19507,BaMn2V2O8,4.356147800313418,0.0,-2.54981148872016,FM,40.0050322,0.0549940566355062,10.00125805,727.4428301434161,52,Tetragonal,I4_1/acd,True,13.989285195065694,"{'Ba': 4.0, 'Mn': 8.0, 'V': 8.0, 'O': 32.0}","['Ba', 'Mn', 'O', 'V']",4,0.3113917358586642,16.19237026465054,2.4706100185551425
mp-558525,V4Fe2O13,3.123334319826704,0.0,-2.182783057105263,FM,40.0000003,0.0359331812313521,10.000000075,1113.1772620538131,76,Monoclinic,P2_1/c,True,14.647069237550172,"{'V': 16.0, 'Fe': 8.0, 'O': 52.0}","['Fe', 'O', 'V']",3,0.2132395409055296,16.20620510882025,2.4681904265317454
mp-1176487,MnFeCo(PO4)3,3.50651823915534,0.0443860572222387,-2.2609460460755333,FM,52.0000001,0.0603826203220235,13.000000025,861.1749510485203,72,Monoclinic,Pm,False,11.960763209007226,"{'Mn': 4.0, 'Fe': 4.0, 'Co': 4.0, 'P': 12.0, 'O': 48.0}","['Co', 'Fe', 'Mn', 'O', 'P']",5,0.2931684356492156,21.10812736674352,2.463506079744788
mp-764410,MnFeCo(PO4)3,3.506661628139459,0.0442126280555719,-2.2611194752421997,FM,52.0000002,0.0603850896118406,13.00000005,861.1397372142602,72,Orthorhombic,Pmn2_1,False,11.960274127975836,"{'Mn': 4.0, 'Fe': 4.0, 'Co': 4.0, 'P': 12.0, 'O': 48.0}","['Co', 'Fe', 'Mn', 'O', 'P']",5,0.29319241270040425,21.109853714429107,2.463304620839543
mp-650392,FeSiO3,3.7729731728447073,0.0230683978888901,-2.569731109777778,FM,72.0073603,0.0688969063770064,4.000408905555556,1045.1464962152727,90,Triclinic,P-1,False,11.612738846836365,"{'Fe': 18.0, 'Si': 18.0, 'O': 54.0}","['Fe', 'O', 'Si']",3,0.32489951101178605,29.240955991060744,2.462551508986689
mp-1176500,MnFeCo(PO4)3,3.508815130414679,0.0461582720833497,-2.2591738312144227,FM,52.0000002,0.0604221731521585,13.00000005,860.6112208021817,72,Monoclinic,Pm,False,11.952933622252525,"{'Mn': 4.0, 'Fe': 4.0, 'Co': 4.0, 'P': 12.0, 'O': 48.0}","['Co', 'Fe', 'Mn', 'O', 'P']",5,0.2935526324585616,21.135789537016436,2.460281888638659
mp-1224078,InFeCoO4,5.692382253449351,0.0458466774999983,-1.6393760573809533,FM,15.9999313,0.0934084590249478,7.99996565,171.289960963029,14,Orthorhombic,Imma,False,12.234997211644927,"{'In': 2.0, 'Fe': 2.0, 'Co': 2.0, 'O': 8.0}","['Co', 'Fe', 'In', 'O']",4,0.4652540703508703,6.513556984912184,2.456404593843545
mp-1176466,MnFeCo(PO4)3,3.5119131218734085,0.0457403513889049,-2.259591751908866,FM,52.0000001,0.0604755207812909,13.000000025,859.8520430780158,72,Monoclinic,Pm,False,11.942389487194664,"{'Mn': 4.0, 'Fe': 4.0, 'Co': 4.0, 'P': 12.0, 'O': 48.0}","['Co', 'Fe', 'Mn', 'O', 'P']",5,0.2940712263353234,21.173128296143286,2.4559431829198273
mp-707875,Mn9Al2Si8(HO4)8,3.362580708434414,0.0019124356497171,-2.5205931132437183,FM,45.0014911,0.0704704522923964,45.0014911,638.5866648518094,59,Triclinic,P-1,False,10.823502794098465,"{'Mn': 9.0, 'Al': 2.0, 'Si': 8.0, 'H': 8.0, 'O': 32.0}","['Al', 'H', 'Mn', 'O', 'Si']",5,0.3106739816492557,18.329764917306086,2.4551046509882815
mp-761176,MnFeCo(PO4)3,3.512943435730782,0.0452719618055716,-2.260060141492201,FM,52.0000001,0.0604932628964659,13.000000025,859.5998564170342,72,Monoclinic,Pm,False,11.93888689468103,"{'Mn': 4.0, 'Fe': 4.0, 'Co': 4.0, 'P': 12.0, 'O': 48.0}","['Co', 'Fe', 'Mn', 'O', 'P']",5,0.2942437990007139,21.1855535280514,2.4545027832833237
mp-1099665,Sr2Ca2FeCo3O10,4.543009889033306,0.0407266674722066,-2.1926796666666672,FM,121.9960142,0.0643801604268207,15.249501775,1894.9318142608504,144,Triclinic,P1,False,13.159248710144793,"{'Sr': 16.0, 'Ca': 16.0, 'Fe': 8.0, 'Co': 24.0, 'O': 80.0}","['Ca', 'Co', 'Fe', 'O', 'Sr']",5,0.3452332263870799,49.713584599739505,2.4539774225139914
mp-1176456,MnFeCo(PO4)3,3.514796243989146,0.0474572430555717,-2.2578748602422,FM,52.0000001,0.0605251684534782,13.000000025,859.1467224080341,72,Monoclinic,Pm,False,11.932593366778253,"{'Mn': 4.0, 'Fe': 4.0, 'Co': 4.0, 'P': 12.0, 'O': 48.0}","['Co', 'Fe', 'Mn', 'O', 'P']",5,0.2945542629295282,21.20790693092603,2.4519157062204937
mp-759992,MnFeCo(PO4)3,3.515569608830429,0.0411330165277945,-2.2641990867699775,FM,52.0000002,0.0605384859954461,13.00000005,858.957724907616,72,Monoclinic,Pm,False,11.929968401494667,"{'Mn': 4.0, 'Fe': 4.0, 'Co': 4.0, 'P': 12.0, 'O': 48.0}","['Co', 'Fe', 'Mn', 'O', 'P']",5,0.2946838994468732,21.217240760174867,2.45083707102975
mp-773598,TiFe5(PO4)6,3.35840880974586,0.0352258209027915,-2.4583846939219587,FM,24.0006414,0.0541194680198361,24.0006414,443.4751906874466,36,Trigonal,R3,False,12.318755296873515,"{'Ti': 1.0, 'Fe': 5.0, 'P': 6.0, 'O': 24.0}","['Fe', 'O', 'P', 'Ti']",4,0.27262566134406613,9.814523808386381,2.445420875080232
mp-21939,FeSiO3,3.7861441514554217,0.0153117265416682,-2.577487781124999,FM,64.0000023,0.0691303524195689,4.00000014375,925.787299789366,80,Orthorhombic,Pbca,False,11.572341247367074,"{'Fe': 16.0, 'Si': 16.0, 'O': 48.0}","['Fe', 'O', 'Si']",3,0.327171837619016,26.173747009521282,2.445198323217481
mp-773982,Mg3Fe4O7,4.758418015628657,0.0203984457142833,-2.1283165628571417,FM,16.0000001,0.1122958959016524,16.0000001,142.48071999009323,14,Orthorhombic,Imm2,False,10.17719428500666,"{'Mg': 3.0, 'Fe': 4.0, 'O': 7.0}","['Fe', 'Mg', 'O']",3,0.46755695944990433,6.54579743229866,2.4443164130090334
mp-1196909,MgFe2BO5,4.1397908781125805,0.0,-2.3242609279629622,FM,36.000655,0.098930663431361,9.00016375,363.8978427045277,36,Orthorhombic,Pbam,True,10.108273408459103,"{'Mg': 4.0, 'Fe': 8.0, 'B': 4.0, 'O': 20.0}","['B', 'Fe', 'Mg', 'O']",4,0.4095448065985432,14.743613037547554,2.441779698661186
mp-1105431,Mn7PbO12,6.0019799934550155,0.0254489233437453,-1.9138500977758632,FM,26.9983242,0.1245086857167654,26.9983242,216.8388819187785,20,Cubic,Im-3,False,10.841944095938924,"{'Mn': 7.0, 'Pb': 1.0, 'O': 12.0}","['Mn', 'O', 'Pb']",3,0.5535889080726013,11.071778161452027,2.4384813176620996
mp-26986,Fe3(P2O7)2,3.339798146777699,0.0416003853571904,-2.3657925023129245,FM,27.99944,0.0546295742387192,13.99972,512.5326417088404,42,Monoclinic,P2_1/c,False,12.203158135924772,"{'Fe': 6.0, 'P': 8.0, 'O': 28.0}","['Fe', 'O', 'P']",3,0.2736830998645913,11.494690194312833,2.4358586031186062
mp-1216366,VFe3(PO4)4,3.470681886653498,0.0381813163541586,-2.4006818228571447,FM,16.999902,0.0593810894978763,16.999902,286.284777590818,24,Monoclinic,Pm,False,11.928532399617415,"{'V': 1.0, 'Fe': 3.0, 'P': 4.0, 'O': 16.0}","['Fe', 'O', 'P', 'V']",4,0.2909563197200029,6.98295167328007,2.4344865603251
mp-849792,Mn11Fe(PO4)12,3.406861900678711,0.0093862612152637,-2.4266542555966075,FM,48.9997551,0.055856061063215,48.9997551,877.2504571087557,72,Monoclinic,Pm,False,12.184034126510497,"{'Mn': 11.0, 'Fe': 1.0, 'P': 12.0, 'O': 48.0}","['Fe', 'Mn', 'O', 'P']",4,0.27961690399946665,20.1324170879616,2.433873433374274
mp-1099798,Sr5Ca3Fe2(Co3O10)2,4.647884619817941,0.0382072382847376,-2.1874360629166674,FM,122.0002014,0.0635379489009086,30.50005035,1920.1155138052504,144,Triclinic,P1,False,13.33413551253646,"{'Sr': 20.0, 'Ca': 12.0, 'Fe': 8.0, 'Co': 24.0, 'O': 80.0}","['Ca', 'Co', 'Fe', 'O', 'Sr']",5,0.3485703752934041,50.19413404225019,2.4305669124066984
mp-726397,Mn2Si(H2O3)2,3.103268857528841,0.0107504674999994,-1.976951199104774,FM,40.0033244,0.078532268902088,10.0008311,509.38709602131934,52,Orthorhombic,Pca2_1,False,9.79590569271768,"{'Mn': 8.0, 'Si': 4.0, 'H': 16.0, 'O': 24.0}","['H', 'Mn', 'O', 'Si']",4,0.3167924390937966,16.473206832877423,2.4283871868931364
mp-21016,FeAsO4,4.301333479267924,0.0,-1.699692442916665,FM,19.9999993,0.0664989631924141,4.999999825,300.7565582959569,24,Monoclinic,P2_1/c,True,12.531523262331538,"{'Fe': 4.0, 'As': 4.0, 'O': 16.0}","['As', 'Fe', 'O']",3,0.34324107207280113,8.237785729747227,2.4278367945136745
mp-759677,MnFeCo(PO4)3,3.534262043381221,0.0441902691666831,-2.261141834131089,FM,52.0000001,0.0608603716076587,13.000000025,854.4147649183302,72,Monoclinic,Pm,False,11.866871734976808,"{'Mn': 4.0, 'Fe': 4.0, 'Co': 4.0, 'P': 12.0, 'O': 48.0}","['Co', 'Fe', 'Mn', 'O', 'P']",5,0.29782592433052263,21.44346655179763,2.424981053058363
mp-554453,Cr2P2O7,3.551491359494574,0.0,-2.52345086948052,FM,47.9999997,0.0615612726601653,7.999999949999999,779.7109712947744,66,Monoclinic,C2/c,True,11.81380259537537,"{'Cr': 12.0, 'P': 12.0, 'O': 42.0}","['Cr', 'O', 'P']",3,0.30062220278548085,19.841065383841737,2.419224914156599
mp-21216,AlFeO3,4.2383969545717015,0.0439558349999993,-2.5228653455,FM,40.0036148,0.0975600254491208,5.00045185,410.0410451498143,40,Orthorhombic,Pna2_1,False,10.251026128745355,"{'Al': 8.0, 'Fe': 8.0, 'O': 24.0}","['Al', 'Fe', 'O']",3,0.4134607503034867,16.538430012139468,2.4188278313380844
mp-1234554,MgTiMn5(PO4)6,3.2516401004226583,0.049453515067567,-2.6304557501579904,FM,23.0001093,0.0491315641751864,23.0001093,468.133056338069,37,Triclinic,P1,False,12.652244765893755,"{'Mg': 1.0, 'Ti': 1.0, 'Mn': 5.0, 'P': 6.0, 'O': 24.0}","['Mg', 'Mn', 'O', 'P', 'Ti']",5,0.25700104294441084,9.5090385889432,2.418762852297579
mp-1105390,Mn7PbO12,6.029668034612135,0.0262396543437457,-1.9130593667758624,FM,27.0010934,0.1250958927944748,27.0010934,215.84316476609823,20,Trigonal,R-3,False,10.792158238304912,"{'Mn': 7.0, 'Pb': 1.0, 'O': 12.0}","['Mn', 'O', 'Pb']",3,0.5587082677504546,11.174165355009091,2.4163857023912843
mp-1273133,Mn7PbO12,6.032629477208333,0.0469485800937459,-1.8923504410258625,FM,54.0001244,0.1251525531540278,27.0000622,431.47441293939016,40,Monoclinic,P2/c,False,10.786860323484754,"{'Mn': 14.0, 'Pb': 2.0, 'O': 24.0}","['Mn', 'O', 'Pb']",3,0.5592572163073545,22.370288652294178,2.4139216636555125
mp-1076479,Sr3Ca5FeCo7O20,4.46734960531064,0.0401697414236137,-2.1686395304166664,FM,119.9822813,0.0644743660515977,29.995570325,1860.9299888886092,144,Triclinic,P1,False,12.923124922837564,"{'Sr': 12.0, 'Ca': 20.0, 'Fe': 4.0, 'Co': 28.0, 'O': 80.0}","['Ca', 'Co', 'Fe', 'O', 'Sr']",5,0.345686483105646,49.77885356721302,2.410306238531509
mp-1210013,Nb2Fe4O9,5.206523948976512,0.0053860496666757,-2.2317299563333335,FM,32.0002632,0.0906880531707929,16.0001316,352.86084639763806,30,Trigonal,P-3c1,False,11.762028213254602,"{'Nb': 4.0, 'Fe': 8.0, 'O': 18.0}","['Fe', 'Nb', 'O']",3,0.4426552848350842,13.279658545052527,2.409720332148301
mp-772631,Mn2Cr3O12,2.956694913636781,0.0363901730784297,-1.7061796085801224,FM,32.0015919,0.0311127907986663,8.000397975,1028.5670644939946,68,Orthorhombic,Pbcn,False,15.125986242558744,"{'Mn': 8.0, 'Cr': 12.0, 'O': 48.0}","['Cr', 'Mn', 'O']",3,0.1954712153127425,13.292042641266491,2.407575175891162
mp-759740,Ti4(Fe2O5)3,4.690469711844962,0.0282256319999909,-2.4969628727333326,FM,51.9999473,0.0958101578210897,25.99997365,542.7393971848127,50,Triclinic,P-1,False,10.854787943696254,"{'Ti': 8.0, 'Fe': 12.0, 'O': 30.0}","['Fe', 'O', 'Ti']",3,0.43211067191495695,21.605533595747847,2.406788384538396
mp-690536,Sr4Fe4O11,5.086347127412946,0.0230884647368574,-2.282519960789473,FM,35.9970491,0.0735220212051346,17.99852455,489.6090791568992,38,Orthorhombic,Pnnm,False,12.884449451497346,"{'Sr': 8.0, 'Fe': 8.0, 'O': 22.0}","['Fe', 'O', 'Sr']",3,0.3947663535458121,15.00112143474086,2.399623871895004
mp-772128,Mn5Nb(PO4)6,3.3187409857712487,0.0441918618749959,-2.5361646968753413,FM,22.0005287,0.0469051954732866,22.0005287,469.0424691339296,36,Trigonal,R3,False,13.028957475942487,"{'Mn': 5.0, 'Nb': 1.0, 'P': 6.0, 'O': 24.0}","['Mn', 'Nb', 'O', 'P']",4,0.25472037896348865,9.169933642685592,2.399202606831157
mp-1099745,SrCa7Fe2(Co3O10)2,4.22829534772021,0.0481625825115843,-2.207408410972223,FM,115.9980497,0.064019269099937,28.999512425,1811.9239930546803,144,Triclinic,P1,False,12.582805507324167,"{'Sr': 4.0, 'Ca': 28.0, 'Fe': 8.0, 'Co': 24.0, 'O': 80.0}","['Ca', 'Co', 'Fe', 'O', 'Sr']",5,0.33603756692090764,48.3894096366107,2.3971784440254384
mp-757712,Ba4Fe4O11,5.725954520838522,0.0,-2.226388043947368,FM,53.997296,0.0654228061279833,17.999098666666665,825.3589106888476,57,Triclinic,P1,True,14.479980889278028,"{'Ba': 12.0, 'Fe': 12.0, 'O': 33.0}","['Ba', 'Fe', 'O']",3,0.3954393700255787,22.540044091457986,2.3956162543827224
mp-559196,CaCr2(PO4)2,3.3106585839692126,0.0033044065567953,-2.7538553551373632,FM,31.9988677,0.0477503595347087,7.999716925,670.1283092275087,52,Monoclinic,C2/c,False,12.887082869759782,"{'Ca': 4.0, 'Cr': 8.0, 'P': 8.0, 'O': 32.0}","['Ca', 'Cr', 'O', 'P']",4,0.2568974388872634,13.358666822137698,2.39536385823862
mp-1199561,FeSiO3,3.8266855009609655,0.0156932764166679,-2.5771062312499993,FM,31.9999979,0.0698705806833161,3.9999997375,457.98957997841615,40,Monoclinic,P2_1/c,False,11.449739499460405,"{'Fe': 8.0, 'Si': 8.0, 'O': 24.0}","['Fe', 'O', 'Si']",3,0.33421594448863284,13.368637779545313,2.3936618246147416
mp-771695,Mn5Cr(PO4)6,3.3248035652316212,0.0410392080555421,-2.428088025208675,FM,23.0003465,0.0513681536017038,23.0003465,447.75497827582245,36,Trigonal,R3,False,12.437638285439512,"{'Mn': 5.0, 'Cr': 1.0, 'P': 6.0, 'O': 24.0}","['Cr', 'Mn', 'O', 'P']",4,0.2673179175120329,9.623445030433183,2.390032511981281
mp-625393,Mn2HO4,4.168041029830463,0.0277519241220165,-1.746874914587439,FM,14.0007745,0.100475635103037,7.00038725,139.34497140169654,14,Orthorhombic,Pmc2_1,False,9.953212242978324,"{'Mn': 4.0, 'H': 2.0, 'O': 8.0}","['H', 'Mn', 'O']",3,0.41876340301804416,5.862687642252618,2.3881153754629314
mp-2214497,Mn5Cr(PO4)6,3.3274581834321917,0.0442700124999859,-2.424857220764231,FM,22.9999177,0.0514082089725584,22.9999177,447.3977631136169,36,Triclinic,P1,False,12.427715642044914,"{'Mn': 5.0, 'Cr': 1.0, 'P': 6.0, 'O': 24.0}","['Cr', 'Mn', 'O', 'P']",4,0.26774495645642854,9.638818432431428,2.3861760506467165
mp-1040941,CaFe2P2O9,3.564535046978772,0.0,-2.5805950415561227,FM,40.0,0.0600098524868323,10.0,666.5572125640037,56,Orthorhombic,Pnma,True,11.902807367214352,"{'Ca': 4.0, 'Fe': 8.0, 'P': 8.0, 'O': 36.0}","['Ca', 'Fe', 'O', 'P']",4,0.29947011129467604,16.77032623250186,2.3851652881073773
mp-31761,NbFeO4,4.535608100792027,0.0,-2.4938954783333345,FM,10.0000001,0.0641931882812886,5.00000005,155.77976990612953,12,Monoclinic,C2/m,True,12.98164749217746,"{'Nb': 2.0, 'Fe': 2.0, 'O': 8.0}","['Fe', 'Nb', 'O']",3,0.3493861702472752,4.192634042967303,2.3851354536353906
mp-1102690,MnNiP,6.556034993822005,0.0,-0.554681629191298,FM,15.3275939,0.1046218095882763,3.831898475,146.50476760361423,12,Orthorhombic,Pnma,True,12.208730633634518,"{'Mn': 4.0, 'Ni': 4.0, 'P': 4.0}","['Mn', 'Ni', 'P']",3,0.536995629648869,6.443947555786428,2.3786031415225257
mp-771326,NbFe5(PO4)6,3.416415396562142,0.024678002129594,-2.448841939384921,FM,22.999186,0.0502344652320864,22.999186,457.8367838443645,36,Trigonal,R3,False,12.717688440121234,"{'Nb': 1.0, 'Fe': 5.0, 'P': 6.0, 'O': 24.0}","['Fe', 'Nb', 'O', 'P']",4,0.26863493414291995,9.670857629145118,2.3781950765863025
mp-2490654,MnV2O6,3.3011654454115287,0.0,-2.333588346992338,FM,9.9999999,0.03931707079116,4.99999995,254.34244461182925,18,Monoclinic,C2/m,True,14.130135811768293,"{'Mn': 2.0, 'V': 4.0, 'O': 12.0}","['Mn', 'O', 'V']",3,0.23362588225529657,4.205265880595338,2.3779709021833133
mp-1221998,MgFe2O3,5.344569819745098,0.015528610833333,-1.9849207041666663,FM,16.0000013,0.1399432341516967,8.00000065,114.3320818400995,12,Tetragonal,I4/mmm,False,9.527673486674958,"{'Mg': 2.0, 'Fe': 4.0, 'O': 6.0}","['Fe', 'Mg', 'O']",3,0.5609522437161402,6.731426924593682,2.376910791609876
mp-757435,Ti11Fe17O42,4.762360463487888,0.0391238420714206,-2.4714557849523806,FM,74.0002058,0.098809050618906,74.0002058,748.9213319679533,70,Triclinic,P1,False,10.69887617097076,"{'Ti': 11.0, 'Fe': 17.0, 'O': 42.0}","['Fe', 'O', 'Ti']",3,0.44512716918900247,31.158901843230172,2.3749298409911024
mp-1216372,VFe3(CuO2)4,5.282169460732446,0.0134679771875001,-1.4503285256250005,FM,17.0023893,0.0900425084070303,17.0023893,188.8262510762359,16,Trigonal,R-3m,False,11.801640692264744,"{'V': 1.0, 'Fe': 3.0, 'Cu': 4.0, 'O': 8.0}","['Cu', 'Fe', 'O', 'V']",4,0.4475792475358605,7.161267960573768,2.3742149286420156
mp-767269,Ga7(Fe3O8)3,5.208514095117963,0.0399844059375,-1.9129405228124992,FM,45.0039609,0.1026887441236233,45.0039609,438.25602585830944,40,Triclinic,P1,False,10.956400646457736,"{'Ga': 7.0, 'Fe': 9.0, 'O': 24.0}","['Fe', 'Ga', 'O']",3,0.4753855087256146,19.015420349024584,2.3667087066160244
mp-1194910,Mn(BH4)2,1.5669121394190402,0.0131649419318158,-0.1368879380694881,FM,20.0006628,0.0557556170478909,5.0001657,358.72014083927274,44,Tetragonal,I4_1/acd,False,8.152730473619835,"{'Mn': 4.0, 'B': 8.0, 'H': 32.0}","['B', 'H', 'Mn']",3,0.19219476769030572,8.456569778373451,2.3651035022674356
mp-1099786,Ca2Co2O5,4.108629796633229,0.02543388249999,-2.170358883333334,FM,14.0001792,0.062298333051657,7.0000896,224.7279905289155,18,Orthorhombic,Ima2,False,12.484888362717529,"{'Ca': 4.0, 'Co': 4.0, 'O': 10.0}","['Ca', 'Co', 'O']",3,0.3290882286863254,5.923588116353858,2.363462638691618
mp-768444,MnPO4,3.42165177506331,0.0265125350000019,-2.417205668762315,FM,24.0024661,0.0549873055472032,4.000411016666667,436.5092244680978,36,Monoclinic,C2/c,False,12.125256235224938,"{'Mn': 6.0, 'P': 6.0, 'O': 24.0}","['Mn', 'O', 'P']",3,0.2821921210310682,10.158916357118455,2.3626994510276904
mp-541843,FeMoO4,4.105620804583442,0.000448580624992,-1.8751825816666672,FM,15.9999983,0.0458324697902333,3.999999575,349.09744932422376,24,Monoclinic,C2/m,False,14.54572705517599,"{'Fe': 4.0, 'Mo': 4.0, 'O': 16.0}","['Fe', 'Mo', 'O']",3,0.28225614223405127,6.77414741361723,2.361920596507419
mp-772062,Fe5Sn(PO4)6,3.5523938790054386,0.0398934933796386,-2.33060874063492,FM,24.0000565,0.0530536402298116,24.0000565,452.3734167163519,36,Trigonal,R3,False,12.565928242120886,"{'Fe': 5.0, 'Sn': 1.0, 'P': 6.0, 'O': 24.0}","['Fe', 'O', 'P', 'Sn']",4,0.28270047469297527,10.17721708894711,2.358214066796814
mp-2239860,BaMgMnO3,5.090735721088543,0.0402812768749987,-2.5923907529885057,FM,5.0000003,0.0579380357826866,5.0000003,86.29909924378435,6,Orthorhombic,Imm2,False,14.383183207297392,"{'Ba': 1.0, 'Mg': 1.0, 'Mn': 1.0, 'O': 3.0}","['Ba', 'Mg', 'Mn', 'O']",4,0.3539366528061555,2.123619916836933,2.3544704305878557
mp-2930,Mn3ZnC,6.910162183724896,0.0424864600183934,-0.0041320073814077,FM,6.9852646,0.1200016449494707,6.9852646,58.20974039931948,5,Cubic,Pm-3m,False,11.641948079863896,"{'Mn': 3.0, 'Zn': 1.0, 'C': 1.0}","['C', 'Mn', 'Zn']",3,0.5935572067768302,2.967786033884151,2.353695488908913
mp-771764,Mn5P6WO24,3.588678061880313,0.0447286054791717,-2.453638045486453,FM,23.000066,0.0483359195782562,23.000066,475.8379730991302,36,Trigonal,R3,False,13.21772147497584,"{'Mn': 5.0, 'P': 6.0, 'W': 1.0, 'O': 24.0}","['Mn', 'O', 'P', 'W']",4,0.2715050448501657,9.774181614605965,2.3531449390739834
mp-772144,Mn5V(PO4)6,3.2777749498313873,0.0394179659722215,-2.4577237202086764,FM,22.0000002,0.0484960735540227,22.0000002,453.64497757726446,36,Trigonal,R3,False,12.601249377146235,"{'Mn': 5.0, 'V': 1.0, 'P': 6.0, 'O': 24.0}","['Mn', 'O', 'P', 'V']",4,0.2601150768253183,9.36414276571146,2.3493875254184577
mp-753458,TiCr7O12,4.845546295315915,0.0381670637916684,-2.460197728166668,FM,21.9948009,0.10629117302476,21.9948009,206.9297033242489,20,Triclinic,P1,False,10.346485166212444,"{'Ti': 1.0, 'Cr': 7.0, 'O': 12.0}","['Cr', 'O', 'Ti']",3,0.46832776710873425,9.366555342174685,2.3482272934388435
mp-1002573,MnHO2,3.9434700687078137,0.0127771874218733,-1.7259238372952597,FM,8.0000005,0.1080138329789129,4.00000025,74.06459227830385,8,Monoclinic,Cm,False,9.25807403478798,"{'Mn': 2.0, 'H': 2.0, 'O': 4.0}","['H', 'Mn', 'O']",3,0.4259492907369177,3.4075943258953414,2.3476974472006757
mp-1099816,Sr5Ca3FeCo7O20,4.6998000762408365,0.0316169643124917,-2.162071039861112,FM,120.0000011,0.0630493900158521,30.000000275,1903.269818626779,144,Triclinic,P1,False,13.21715151824152,"{'Sr': 20.0, 'Ca': 12.0, 'Fe': 4.0, 'Co': 28.0, 'O': 80.0}","['Ca', 'Co', 'Fe', 'O', 'Sr']",5,0.35558343034461354,51.20401396962435,2.343566290939366
mp-510450,Fe7(AsO4)6,4.505729204306581,0.0,-1.6987932695945944,FM,31.9999998,0.070913991625899,31.9999998,451.2508613083494,37,Triclinic,P-1,True,12.195969224549984,"{'Fe': 7.0, 'As': 6.0, 'O': 24.0}","['As', 'Fe', 'O']",3,0.36944412710034835,13.66943270271289,2.3409896003693813
mp-1178407,Cr2PO5,4.085927437059024,0.0169842965624997,-2.4574468540178565,FM,28.0000001,0.0801264599070031,7.000000025,349.4476123430078,32,Orthorhombic,Pnma,False,10.920237885718992,"{'Cr': 8.0, 'P': 4.0, 'O': 20.0}","['Cr', 'O', 'P']",3,0.3741610283419211,11.973152906941475,2.3385653150530556
mp-757016,Ti5Fe7O18,4.662689098243658,0.0253904511666664,-2.53388543488889,FM,29.999795,0.0917381162703087,29.999795,327.0155985283678,30,Triclinic,P1,False,10.900519950945592,"{'Ti': 5.0, 'Fe': 7.0, 'O': 18.0}","['Fe', 'O', 'Ti']",3,0.4277492375801011,12.832477127403033,2.33780233560184
mp-1228782,BaMn8O16,4.962380260293079,0.0,-2.0380695925379313,FM,51.9990443,0.0932941140101955,25.99952215,557.3668269609952,50,Monoclinic,P2/c,True,11.147336539219904,"{'Ba': 2.0, 'Mn': 16.0, 'O': 32.0}","['Ba', 'Mn', 'O']",3,0.4451628640468362,22.25814320234181,2.3361806879977802
mp-1047495,Ca3Mn3(AsO4)4,3.6414877339661342,0.0,-2.324098579376658,FM,29.9993657,0.0391253199053911,14.99968285,766.7506814651324,52,Monoclinic,P2_1/c,True,14.745205412791009,"{'Ca': 6.0, 'Mn': 6.0, 'As': 8.0, 'O': 32.0}","['As', 'Ca', 'Mn', 'O']",4,0.2469608006143649,12.841961631946974,2.3360423087833024
mp-1099847,SrCa7FeCo7O20,4.253763949381557,0.0427759936921248,-2.180569837291667,FM,113.9802991,0.0631155940068183,28.495074775,1805.8975898679923,144,Triclinic,P1,False,12.540955485194392,"{'Sr': 4.0, 'Ca': 28.0, 'Fe': 4.0, 'Co': 28.0, 'O': 80.0}","['Ca', 'Co', 'Fe', 'O', 'Sr']",5,0.3391897813849565,48.84332851943373,2.333589920159713
mp-18085,Fe4Co3(PO4)6,3.82929815423221,0.0192845987837841,-2.2635834991312733,FM,29.0000194,0.0689434743436708,29.0000194,420.63472541926313,37,Triclinic,P-1,False,11.368506092412517,"{'Fe': 4.0, 'Co': 3.0, 'P': 6.0, 'O': 24.0}","['Co', 'Fe', 'O', 'P']",4,0.33683389207909487,12.46285400692651,2.3269164016430417
mp-17631,Fe2Ni(PO4)2,3.90116609504944,0.0,-2.2409465053296698,FM,19.9998854,0.0651999262501569,9.9999427,306.74705556053976,26,Monoclinic,P2_1/c,True,11.797963675405375,"{'Fe': 4.0, 'Ni': 2.0, 'P': 4.0, 'O': 16.0}","['Fe', 'Ni', 'O', 'P']",4,0.33066435889966383,8.59727333139126,2.326305635412839
mp-1100009,Sr4Ca4FeCo7O20,4.595756828493459,0.0354946146111201,-2.1659564225000008,FM,117.9999998,0.0628446336133609,29.49999995,1877.646395807976,144,Triclinic,P1,False,13.039211081999834,"{'Sr': 16.0, 'Ca': 16.0, 'Fe': 4.0, 'Co': 28.0, 'O': 80.0}","['Ca', 'Co', 'Fe', 'O', 'Sr']",5,0.3524566631824634,50.753759498274725,2.3249509192321245
mp-542158,FeNiPO5,4.199603409853681,0.0100935253125031,-2.077506058080357,FM,28.0001682,0.0785046965745417,7.00004205,356.66870164147826,32,Orthorhombic,Pnma,False,11.145896926296196,"{'Fe': 4.0, 'Ni': 4.0, 'P': 4.0, 'O': 20.0}","['Fe', 'Ni', 'O', 'P']",4,0.37678469822789024,12.057110343292488,2.3222950941621616
mp-567703,Fe3NiN,7.421038451163974,0.0263551795000012,-0.1263948809999988,FM,8.0131899,0.1490680456180914,8.0131899,53.75524893195147,5,Cubic,Pm-3m,False,10.751049786390292,"{'Fe': 3.0, 'Ni': 1.0, 'N': 1.0}","['Fe', 'N', 'Ni']",3,0.6902617510485567,3.4513087552427835,2.321782972278964
mp-1221407,Mn5Fe5Si6,6.354541420158855,0.0467782559375011,-0.348963265603448,FM,19.9723076,0.105795856185345,19.9723076,188.78156782445507,16,Orthorhombic,Amm2,False,11.798847989028442,"{'Mn': 5.0, 'Fe': 5.0, 'Si': 6.0}","['Fe', 'Mn', 'Si']",3,0.5385730391702512,8.61716862672402,2.3177343353895643
mp-12067,MnAl,5.310060592659984,0.0476959400000005,-0.2245898039655172,FM,1.9212481,0.0749973803240188,1.9212481,25.61753612858791,2,Cubic,Pm-3m,False,12.808768064293956,"{'Mn': 1.0, 'Al': 1.0}","['Al', 'Mn']",2,0.41456450503327036,0.8291290100665407,2.3171883707769583
mp-1210608,MgMnSiO4,3.5433455512755283,0.0,-2.907322040418719,FM,20.0001043,0.0622748995171565,5.000026075,321.1583552132432,28,Orthorhombic,Pnma,True,11.46994125761583,"{'Mg': 4.0, 'Mn': 4.0, 'Si': 4.0, 'O': 16.0}","['Mg', 'Mn', 'O', 'Si']",4,0.30892447238322274,8.649885226730238,2.3121814655060207
mp-504359,Cr6P7O24,3.3249346966669497,0.0211253841891885,-2.525127207635136,FM,46.0000209,0.050454120151839,23.00001045,911.719811217902,74,Monoclinic,P2_1/m,False,12.32053798943111,"{'Cr': 12.0, 'P': 14.0, 'O': 48.0}","['Cr', 'O', 'P']",3,0.2698692783967038,19.970326601356085,2.303418557855552
mp-1176412,MnV4FeO12,3.1856101966447583,0.0195175231944499,-2.262248219329502,FM,9.0011386,0.0340898943969285,9.0011386,264.041257951535,18,Monoclinic,C2,False,14.668958775085278,"{'Mn': 1.0, 'V': 4.0, 'Fe': 1.0, 'O': 12.0}","['Fe', 'Mn', 'O', 'V']",4,0.2171667563791513,3.9090016148247235,2.3026694503945873
mp-1215723,Zr(AlFe)6,5.490879033561973,0.0,-0.40122693153846,FM,12.0045272,0.0674877887907275,12.0045272,177.87702657179597,13,Orthorhombic,Immm,True,13.68284819783046,"{'Zr': 1.0, 'Al': 6.0, 'Fe': 6.0}","['Al', 'Fe', 'Zr']",3,0.40129649574220977,5.216854444648727,2.301104492634223
mp-650224,Fe7(P2O7)4,3.5672802609562484,0.0057946433139193,-2.3837939773754155,FM,59.9999979,0.0593067851188982,29.99999895,1011.6885914438288,86,Orthorhombic,C222_1,False,11.763820830742196,"{'Fe': 14.0, 'P': 16.0, 'O': 56.0}","['Fe', 'O', 'P']",3,0.3032416348635585,26.07878059826603,2.3007209893851166
mp-1227550,Ca4MnFe11Si8(HO9)4,3.909043529319648,0.0209012085937461,-2.469365890358297,FM,53.02075,0.0763750751005132,53.02075,694.2153566490398,64,Monoclinic,Pm,False,10.847114947641249,"{'Ca': 4.0, 'Mn': 1.0, 'Fe': 11.0, 'Si': 8.0, 'H': 4.0, 'O': 36.0}","['Ca', 'Fe', 'H', 'Mn', 'O', 'Si']",6,0.360376334923019,23.064085435073217,2.298844675599932
mp-540712,Fe3P2H3O11,3.5020346536382925,0.0389741728947354,-1.9744741712124043,FM,60.0043998,0.0774466536243754,15.00109995,774.7836348233686,76,Orthorhombic,Pbcn,False,10.194521510833798,"{'Fe': 12.0, 'P': 8.0, 'H': 12.0, 'O': 44.0}","['Fe', 'H', 'O', 'P']",4,0.34352123833537973,26.10761411348886,2.298348655651299
mp-1214455,BaFe2Si2O7,4.092469738777717,0.0,-2.761188282083334,FM,32.0000329,0.047260615844863,8.000008225,677.0972474214639,48,Monoclinic,P2_1/c,True,14.10619265461383,"{'Ba': 4.0, 'Fe': 8.0, 'Si': 8.0, 'O': 28.0}","['Ba', 'Fe', 'O', 'Si']",4,0.2901186619934018,13.925695775683288,2.2979126799450613
mp-1228094,BaFe4Sn2O11,5.879628340079637,0.0150444819444448,-2.0033277905555553,FM,40.0077321,0.091496862473482,20.00386605,437.2579673056569,36,Orthorhombic,Cmcm,False,12.146054647379358,"{'Ba': 2.0, 'Fe': 8.0, 'Sn': 4.0, 'O': 22.0}","['Ba', 'Fe', 'O', 'Sn']",4,0.48407721772832873,17.426779838219833,2.295761607790349
mp-1224743,Fe2Ni(PO4)2,3.929916533245691,0.0144267207692285,-2.2265197845604408,FM,19.9998561,0.0656803341653543,9.99992805,304.5029589777832,26,Monoclinic,P2_1,False,11.711652268376277,"{'Fe': 4.0, 'Ni': 2.0, 'P': 4.0, 'O': 16.0}","['Fe', 'Ni', 'O', 'P']",4,0.33555611481543257,8.724458985201247,2.2923892626378897
mp-1040902,MgCr2(PO4)2,3.304947874207675,0.0425376824725258,-2.609948881868132,FM,31.9981862,0.0500295070783295,7.99954655,639.5862775521947,52,Monoclinic,C2/c,False,12.299736106772976,"{'Mg': 4.0, 'Cr': 8.0, 'P': 8.0, 'O': 32.0}","['Cr', 'Mg', 'O', 'P']",4,0.26870071402489454,13.972437129294516,2.290093410612872
mp-1222032,Mn2InSbO6,5.669265130536759,0.0,-2.023156045752873,FM,20.0006207,0.077166085080796,10.00031035,259.1892627319183,20,Triclinic,P1,True,12.959463136595916,"{'Mn': 4.0, 'In': 2.0, 'Sb': 2.0, 'O': 12.0}","['In', 'Mn', 'O', 'Sb']",4,0.4374614187934574,8.749228375869148,2.2859868140101143
mp-555399,SrFe3(PO4)3,3.75965831295684,0.0,-2.566499892575188,FM,25.9998964,0.0544993825638929,12.9999482,477.0677240153819,38,Orthorhombic,Imma,True,12.55441378987847,"{'Sr': 2.0, 'Fe': 6.0, 'P': 6.0, 'O': 24.0}","['Fe', 'O', 'P', 'Sr']",4,0.29946904537971536,11.379823724429183,2.2847363043230415
mp-769418,Ti6Fe8O21,4.646829060563311,0.0296620821428579,-2.553961933428572,FM,68.0004946,0.0889255244108131,34.0002473,764.6903973920371,70,Triclinic,P-1,False,10.92414853417196,"{'Ti': 12.0, 'Fe': 16.0, 'O': 42.0}","['Fe', 'O', 'Ti']",3,0.42537219683781385,29.77605377864697,2.2837309169815034
mp-1040917,CaFe2(PO4)2,3.4304209516082325,0.0211662557478664,-2.617989981868132,FM,32.000245,0.0483652037362107,8.00006125,661.6377587187045,52,Monoclinic,C2/c,False,12.72380305228278,"{'Ca': 4.0, 'Fe': 8.0, 'P': 8.0, 'O': 32.0}","['Ca', 'Fe', 'O', 'P']",4,0.26960657419110085,14.019541857937243,2.2825457011551973
mp-1099653,Sr2Ca6FeCo7O20,4.350618435810541,0.0455101625231488,-2.170567388888889,FM,111.9999319,0.060926568070959,27.999982975,1838.2773795753208,144,Triclinic,P1,False,12.765815135939729,"{'Sr': 8.0, 'Ca': 24.0, 'Fe': 4.0, 'Co': 28.0, 'O': 80.0}","['Ca', 'Co', 'Fe', 'O', 'Sr']",5,0.34080224329445297,49.07552303440123,2.2821953791809753
mp-772211,Mn5Sb(PO4)6,3.4550143861756077,0.0416093747916752,-2.4081829604864526,FM,22.0004301,0.04737286635005,22.0004301,464.40994170446146,36,Trigonal,R3,False,12.900276158457263,"{'Mn': 5.0, 'Sb': 1.0, 'P': 6.0, 'O': 24.0}","['Mn', 'O', 'P', 'Sb']",4,0.26782483907606447,9.641694206738322,2.2818012714637317
mp-26978,Mn2P3O10,3.2502334820962817,0.030848976000005,-2.50384014565271,FM,18.0052962,0.0485711942135886,9.0026481,370.6990633341828,30,Monoclinic,P2_1/m,False,12.35663544447276,"{'Mn': 4.0, 'P': 6.0, 'O': 20.0}","['Mn', 'O', 'P']",3,0.2630354756925472,7.8910642707764165,2.2817322964508597
mp-1974686,Cr2NiO4,5.1908543649691445,0.0,-2.0427503928571418,FM,15.9999997,0.1103215590092492,7.99999985,145.0305800941281,14,Trigonal,R-3m,True,10.35932714958058,"{'Cr': 4.0, 'Ni': 2.0, 'O': 8.0}","['Cr', 'Ni', 'O']",3,0.501080262261947,7.015123671667258,2.280786547587313
mp-1271164,Cr2NiO4,5.191907653219959,0.0019312314285713,-2.0408191614285704,FM,15.9999991,0.1103439404737484,7.99999955,145.00115757427125,14,Orthorhombic,Ima2,False,10.357225541019377,"{'Cr': 4.0, 'Ni': 2.0, 'O': 8.0}","['Cr', 'Ni', 'O']",3,0.5012836336002935,7.017970870404109,2.2798611444049337
mp-25321,MnVO4,3.707858105397015,0.0296718524305568,-2.1761513888218396,FM,8.0,0.0525773926924124,4.0,152.15665118279037,12,Orthorhombic,Cmcm,False,12.679720931899196,"{'Mn': 2.0, 'V': 2.0, 'O': 8.0}","['Mn', 'O', 'V']",3,0.29242426748280526,3.509091209793663,2.2797925507528785
mp-1271107,Cr2NiO4,5.193314156614327,0.0019335399999995,-2.0408168528571418,FM,15.999999,0.1103738322891701,7.9999995,144.9618869632192,14,Monoclinic,Cc,False,10.3544204973728,"{'Cr': 4.0, 'Ni': 2.0, 'O': 8.0}","['Cr', 'Ni', 'O']",3,0.5015552688759369,7.021773764263117,2.2786263894503413
mp-1227734,Ca3Ti(FeO4)2,3.8941965628875663,0.017346306071424,-2.831664266666667,FM,19.9957785,0.0574969182869325,9.99788925,347.7713083719217,28,Monoclinic,P2_1,False,12.420403870425774,"{'Ca': 6.0, 'Ti': 2.0, 'Fe': 4.0, 'O': 16.0}","['Ca', 'Fe', 'O', 'Ti']",4,0.31353220100676743,8.778901628189487,2.277708459084741
mp-698670,Sr14Fe14O39,5.149417262887635,0.01576072298508,-2.2775155341044777,FM,62.0032589,0.0730394230561526,62.0032589,848.9012687344468,67,Triclinic,P1,False,12.67016819006637,"{'Sr': 14.0, 'Fe': 14.0, 'O': 39.0}","['Fe', 'O', 'Sr']",3,0.40642059250049,27.23017969753283,2.2770051313916873
mp-771885,Fe5Sb(PO4)6,3.5458571380702524,0.0311288242361138,-2.3210340229960327,FM,22.9992737,0.0505883596245756,22.9992737,454.635688341771,36,Trigonal,R3,False,12.628769120604751,"{'Fe': 5.0, 'Sb': 1.0, 'P': 6.0, 'O': 24.0}","['Fe', 'O', 'P', 'Sb']",4,0.28077614724026667,10.1079413006496,2.2753667651910408
mp-2763199,Cr2NiO4,5.199123737651336,0.0016107778571416,-2.0411396149999996,FM,15.999999,0.1104973036802148,7.9999995,144.7999043153565,14,Tetragonal,I4_1md,False,10.34285030823975,"{'Cr': 4.0, 'Ni': 2.0, 'O': 8.0}","['Cr', 'Ni', 'O']",3,0.5026780416138668,7.037492582594135,2.273536890052698
mp-721924,CaFe3Si2HO9,3.895197380582324,0.000700908177083,-2.4717262869531247,FM,52.0001851,0.0745982573329862,13.000046275,697.069703222226,64,Monoclinic,P2_1/c,False,10.891714112847282,"{'Ca': 4.0, 'Fe': 12.0, 'Si': 8.0, 'H': 4.0, 'O': 36.0}","['Ca', 'Fe', 'H', 'O', 'Si']",5,0.3576294181269189,22.88828276012281,2.2719129104170936
mp-1197292,Fe4P3H4NO12,3.2731203072674666,0.0170189036145842,-1.9332661347470232,FM,64.0011523,0.0599211923722136,16.000288075,1068.0887640293065,96,Orthorhombic,Pnnm,False,11.125924625305274,"{'Fe': 16.0, 'P': 12.0, 'H': 16.0, 'N': 4.0, 'O': 48.0}","['Fe', 'H', 'N', 'O', 'P']",5,0.2941886106097594,28.242106618536905,2.2661607069350977
mp-540583,SrCr2O4,4.7930113800156215,0.0,-2.667741410714283,FM,23.9999997,0.0677537139896385,5.999999925,354.2241197828693,28,Orthorhombic,Pmmn,True,12.650861420816762,"{'Sr': 4.0, 'Cr': 8.0, 'O': 16.0}","['Cr', 'O', 'Sr']",3,0.37886838062495953,10.608314657498866,2.2623763033871493
mp-771693,TiMn5(PO4)6,3.2580242237033676,0.0388605670138666,-2.5477761225234894,FM,20.9997867,0.0461708255102889,20.9997867,454.8280536010837,36,Trigonal,R3,False,12.6341126000301,"{'Ti': 1.0, 'Mn': 5.0, 'P': 6.0, 'O': 24.0}","['Mn', 'O', 'P', 'Ti']",4,0.2578751928881499,9.283506943973396,2.2620532118665024
mp-1227241,Ca8Al3(FeO4)5,3.765073352212235,0.0399840192906753,-2.7829735141666654,FM,24.999972,0.0566401698489474,24.999972,441.3823628472851,36,Triclinic,P1,False,12.260621190202365,"{'Ca': 8.0, 'Al': 3.0, 'Fe': 5.0, 'O': 20.0}","['Al', 'Ca', 'Fe', 'O']",4,0.3070866715318599,11.055120175146957,2.2613930562421656
mp-1228093,BaMn6O12,5.179135921528519,0.0005605105833321,-2.0825328222413804,FM,39.9999889,0.0946644455510349,19.99999445,422.54500797171465,38,Monoclinic,C2/m,False,11.11960547293986,"{'Ba': 2.0, 'Mn': 12.0, 'O': 24.0}","['Ba', 'Mn', 'O']",3,0.46576615817280714,17.69911401056667,2.259999504840713
mp-2214853,TiMn5(PO4)6,3.2602324486214034,0.0293522997916451,-2.5572843897457123,FM,21.0000776,0.0462027592061115,21.0000776,454.5199888672919,36,Triclinic,P1,False,12.625555246313665,"{'Ti': 1.0, 'Mn': 5.0, 'P': 6.0, 'O': 24.0}","['Mn', 'O', 'P', 'Ti']",4,0.25822487684835144,9.296095566540652,2.2590212686265168
mp-780788,MnFe3Ni2(PO4)6,3.445271340500558,0.0364416086111125,-2.227576040160782,FM,23.0001123,0.0524580105327252,23.0001123,438.4480476180411,36,Trigonal,R3,False,12.179112433834474,"{'Mn': 1.0, 'Fe': 3.0, 'Ni': 2.0, 'P': 6.0, 'O': 24.0}","['Fe', 'Mn', 'Ni', 'O', 'P']",5,0.2828836139922101,10.183810103719564,2.2584977592619655
mp-541023,CaFe3Si2HO9,3.9103141043495646,0.0148852772395828,-2.457541917890625,FM,52.0000251,0.0748875324572498,13.000006275,694.3749298948348,64,Orthorhombic,Pnma,False,10.849608279606796,"{'Ca': 4.0, 'Fe': 12.0, 'Si': 8.0, 'H': 4.0, 'O': 36.0}","['Ca', 'Fe', 'H', 'O', 'Si']",5,0.360410625303357,23.066280019414847,2.2543741364551058
mp-1076675,SrCa3(Co2O5)2,4.382949355747908,0.0339000892129659,-2.1477888145138886,FM,111.9501011,0.0611950727726174,13.9937626375,1829.397303210554,144,Triclinic,P1,False,12.704147938962182,"{'Sr': 8.0, 'Ca': 24.0, 'Co': 32.0, 'O': 80.0}","['Ca', 'Co', 'O', 'Sr']",4,0.3450014417972809,49.68020761880845,2.2534145178897513
mp-780405,Fe5P6WO24,3.755960074209187,0.0211153654166462,-2.358283379940477,FM,24.0000879,0.0525568460018934,24.0000879,456.6500794042199,36,Trigonal,R3,False,12.684724427895,"{'Fe': 5.0, 'P': 6.0, 'W': 1.0, 'O': 24.0}","['Fe', 'O', 'P', 'W']",4,0.2961010383441558,10.659637380389608,2.2514919638966933
mp-1094099,Sr10Fe10O27,5.143922888697635,0.0301541632446813,-2.2921960784042548,FM,42.4366177,0.0704250215018619,42.4366177,602.5786971023934,47,Orthorhombic,Pmm2,False,12.820823342604116,"{'Sr': 10.0, 'Fe': 10.0, 'O': 27.0}","['Fe', 'O', 'Sr']",3,0.40121626757028706,18.85716457580349,2.250424104292562
mp-626843,Ni(HO)2,2.3391303611741323,0.0289852875000002,-1.2262506285,FM,1.9995399,0.0303821018841406,1.9995399,65.81308652130339,5,Monoclinic,C2,False,13.162617304260678,"{'Ni': 1.0, 'H': 2.0, 'O': 2.0}","['H', 'Ni', 'O']",3,0.17771012459786145,0.8885506229893072,2.250338751970086
mp-1215009,BaFe2PbO5,6.989793248170714,0.0,-1.9523148152777767,FM,40.0001871,0.0785017095263308,10.000046775,509.5454269895005,36,Orthorhombic,Pnma,True,14.154039638597236,"{'Ba': 4.0, 'Fe': 8.0, 'Pb': 4.0, 'O': 20.0}","['Ba', 'Fe', 'O', 'Pb']",4,0.4938373373711599,17.778144145361757,2.249964156716317
mp-540042,Mn5(P2O7)4,2.848738532505654,0.0357604091666532,-2.415448507970684,FM,37.9965331,0.0335844509956214,18.99826655,1131.3727625011272,82,Triclinic,P-1,False,13.797228810989356,"{'Mn': 10.0, 'P': 16.0, 'O': 56.0}","['Mn', 'O', 'P']",3,0.20647179020736844,16.930686797004213,2.2442405057497883
mp-771970,Mn3CoO8,4.252385003325652,0.0365633293750002,-1.598440778649427,FM,9.9998582,0.072803530186793,9.9998582,137.3540290469874,12,Trigonal,R-3m,False,11.446169087248949,"{'Mn': 3.0, 'Co': 1.0, 'O': 8.0}","['Co', 'Mn', 'O']",3,0.3715116359815806,4.458139631778967,2.243056302839415
mp-2226836,MgMn3NiO8,4.260546418952569,0.0498579355448702,-1.9062425468302389,FM,10.9991342,0.0750946486208416,10.9991342,146.47027986688417,13,Trigonal,R-3m,False,11.266944605144936,"{'Mg': 1.0, 'Mn': 3.0, 'Ni': 1.0, 'O': 8.0}","['Mg', 'Mn', 'Ni', 'O']",4,0.3781456790873929,4.915893828136108,2.2374637420048575
mp-746739,SrFe3P4HO16,3.3659004823748213,0.0065486214999959,-2.4753435137928568,FM,60.0002249,0.0478029726084435,15.000056225,1255.1567742756238,100,Monoclinic,P2_1/c,False,12.551567742756236,"{'Sr': 4.0, 'Fe': 12.0, 'P': 16.0, 'H': 4.0, 'O': 64.0}","['Fe', 'H', 'O', 'P', 'Sr']",5,0.2681657424282597,26.81657424282597,2.237430641091354
mp-760285,Mn2Cr3O12,3.0709114100647956,0.0332027338137246,-1.7093670478448275,FM,32.0000236,0.0323130876549181,8.0000059,990.3115400712718,68,Monoclinic,P2_1/c,False,14.563405001048114,"{'Mn': 8.0, 'Cr': 12.0, 'O': 48.0}","['Cr', 'Mn', 'O']",3,0.21086493233167553,14.338815398553935,2.2317062261103655
mp-19333,Fe2B2O5,3.961443603574118,0.0,-2.284821307037037,FM,16.0000003,0.0894715981632114,8.00000015,178.82770206935703,18,Triclinic,P-1,True,9.9348723371865,"{'Fe': 4.0, 'B': 4.0, 'O': 10.0}","['B', 'Fe', 'O']",3,0.39874126904945983,7.177342842890277,2.2292372888177217
mp-626276,MnHO2,4.047018526460165,0.0475429086718737,-1.6911581160452591,FM,16.000391,0.1108527846549755,4.00009775,144.33909847010628,16,Orthorhombic,Pmc2_1,False,9.021193654381642,"{'Mn': 4.0, 'H': 4.0, 'O': 8.0}","['H', 'Mn', 'O']",3,0.44861231024505344,7.177796963920855,2.2291506823647773
mp-1227251,CaMnFeGe2,5.725028345674034,0.005466961333334,-0.3419187315862068,FM,3.7097251,0.0431888526862891,3.7097251,85.89543063221274,5,Tetragonal,I-4m2,False,17.17908612644255,"{'Ca': 1.0, 'Mn': 1.0, 'Fe': 1.0, 'Ge': 2.0}","['Ca', 'Fe', 'Ge', 'Mn']",4,0.3332556984426491,1.6662784922132454,2.226353588152322
mp-1226307,CrCo4SbO8,5.542662438777257,0.0097173525000426,-1.670023434285714,FM,14.9994592,0.0931492425130733,14.9994592,161.02609957235933,14,Monoclinic,C2/m,False,11.501864255168524,"{'Cr': 1.0, 'Co': 4.0, 'Sb': 1.0, 'O': 8.0}","['Co', 'Cr', 'O', 'Sb']",4,0.4818925276645118,6.746495387303165,2.2232964433991653
mp-2767577,FeSiO3,3.9709924525081495,0.0364282893333367,-2.3306213067499995,FM,16.0000005,0.0725054555318546,4.000000125,220.67305670496117,20,Triclinic,P-1,False,11.03365283524806,"{'Fe': 4.0, 'Si': 4.0, 'O': 12.0}","['Fe', 'O', 'Si']",3,0.3598982596065044,7.197965192130088,2.2228504963449445
mp-1047886,CaMn3P3O13,3.3678938989030165,0.0,-2.605115897386084,FM,24.0016014,0.0481211364342612,12.0008007,498.7746171121461,40,Monoclinic,P2_1/m,True,12.469365427803652,"{'Ca': 2.0, 'Mn': 6.0, 'P': 6.0, 'O': 26.0}","['Ca', 'Mn', 'O', 'P']",4,0.2700934476900831,10.803737907603324,2.221601598008819
mp-16887,Ba2CoO4,5.511526944371036,0.0,-2.328969620000002,FM,20.0,0.0417410215934346,5.0,479.1449570833152,28,Monoclinic,P2_1/c,True,17.112319895832687,"{'Ba': 8.0, 'Co': 4.0, 'O': 16.0}","['Ba', 'Co', 'O']",3,0.32207947127690395,9.01822519575331,2.217731268167712
mp-1101106,Ti7(Fe3O8)3,4.661213458611783,0.0224642041249989,-2.579420908583333,FM,38.0000863,0.0873140764127245,38.0000863,435.2114557150847,40,Triclinic,P1,False,10.880286392877116,"{'Ti': 7.0, 'Fe': 9.0, 'O': 24.0}","['Fe', 'O', 'Ti']",3,0.4284090776933309,17.13636310773324,2.2175117357808234
mp-10878,Ca(MnAl2)4,3.962501334938895,0.0194082407692324,-0.2683787955172407,FM,7.4483967,0.0373650836074063,7.4483967,199.34109550670496,13,Tetragonal,I4/mmm,False,15.333930423592689,"{'Ca': 1.0, 'Mn': 4.0, 'Al': 8.0}","['Al', 'Ca', 'Mn']",3,0.2584139372930906,3.359381184810178,2.2171930752243205
mp-1003317,Mn3HO6,4.428744120121315,0.0337115898020803,-1.755285574504312,FM,10.0006412,0.1018729887839992,10.0006412,98.16774121749104,10,Monoclinic,Cm,False,9.816774121749102,"{'Mn': 3.0, 'H': 1.0, 'O': 6.0}","['H', 'Mn', 'O']",3,0.4511404729491957,4.511404729491957,2.2167466232022597
mp-1049295,MgCr2O4,4.201084848858138,0.0448895690476103,-2.58402631452381,FM,36.0004278,0.07894074593989,6.000071299999999,456.04367391477086,42,Trigonal,P3m1,False,10.858182712256449,"{'Mg': 6.0, 'Cr': 12.0, 'O': 24.0}","['Cr', 'Mg', 'O']",3,0.38690496929251866,16.250008710285783,2.2154097540398716
mp-775270,MnCo(PO4)2,3.557330471617026,0.0457984762500141,-2.236406698518062,FM,15.9996853,0.056409055506812,7.99984265,283.6368231350348,24,Monoclinic,P2_1/m,False,11.818200963959782,"{'Mn': 2.0, 'Co': 2.0, 'P': 4.0, 'O': 16.0}","['Co', 'Mn', 'O', 'P']",4,0.3010043984245394,7.224105562188946,2.2147634973307344
mp-1216357,VFe2(CuO2)3,5.301368751736923,0.0179254666666723,-1.4934326616666678,FM,11.9987052,0.0852648127686193,11.9987052,140.72282352346852,12,Trigonal,P-3m1,False,11.726901960289045,"{'V': 1.0, 'Fe': 2.0, 'Cu': 3.0, 'O': 6.0}","['Cu', 'Fe', 'O', 'V']",4,0.45206899227852454,5.424827907342294,2.2118130574723334
mp-1194498,BaFe3(PO4)3,3.9955975798511103,0.0,-2.562997197838346,FM,26.0000058,0.0530382191609134,13.0000029,490.2126468673131,38,Orthorhombic,Imma,True,12.900332812297712,"{'Ba': 2.0, 'Fe': 6.0, 'P': 6.0, 'O': 24.0}","['Ba', 'Fe', 'O', 'P']",4,0.3097282556960206,11.769673716448782,2.2090676790524384
mp-541137,BaCr2O4,5.301521261021697,0.0,-2.6030357946428544,FM,23.9999982,0.0627410706150688,5.99999955,382.52452444182234,28,Orthorhombic,Pmmn,True,13.661590158636512,"{'Ba': 4.0, 'Cr': 8.0, 'O': 16.0}","['Ba', 'Cr', 'O']",3,0.3880603355437514,10.86568939522504,2.2087874341914167
mp-677097,Ti7(Fe3O8)3,4.670740317855547,0.028887560124998,-2.5729975525833337,FM,38.0021721,0.0874973364100347,38.0021721,434.3237595475155,40,Triclinic,P1,False,10.858093988687887,"{'Ti': 7.0, 'Fe': 9.0, 'O': 24.0}","['Fe', 'O', 'Ti']",3,0.4301620821040588,17.206483284162353,2.208596113011598
mp-694554,Mn3(P2O7)2,3.37352206575806,0.01948101904763,-2.489216411779263,FM,26.0000005,0.051512643463571,13.00000025,504.7304652184433,42,Monoclinic,P2_1/c,False,12.017392029010557,"{'Mn': 6.0, 'P': 8.0, 'O': 28.0}","['Mn', 'O', 'P']",3,0.2807199813082753,11.790239214947563,2.205213993201887
mp-757740,TiFe3Co2(PO4)6,3.3995674367761377,0.0460316198784891,-2.390050378088625,FM,22.0002241,0.0498732279810026,22.0002241,441.1229228711674,36,Trigonal,R3,False,12.253414524199094,"{'Ti': 1.0, 'Fe': 3.0, 'Co': 2.0, 'P': 6.0, 'O': 24.0}","['Co', 'Fe', 'O', 'P', 'Ti']",5,0.27743837687547257,9.987781567517013,2.202713780961202
mp-581814,Ca21(Mn2Bi9)2,6.025933439102322,0.0423929984056457,-0.860657642012357,FM,36.8955183,0.0138802799123282,18.44775915,2658.1249465459164,86,Monoclinic,C2/c,False,30.90842961099903,"{'Ca': 42.0, 'Mn': 8.0, 'Bi': 36.0}","['Bi', 'Ca', 'Mn']",3,0.19496084126376778,16.76663234868403,2.200532434463253
mp-699376,TiMnFe(PO4)3,3.218116706683731,0.0043213597221516,-2.694523067788497,FM,19.9986563,0.0436884959196989,9.99932815,457.75566036327456,36,Trigonal,R3c,False,12.71543501009096,"{'Ti': 2.0, 'Mn': 2.0, 'Fe': 2.0, 'P': 6.0, 'O': 24.0}","['Fe', 'Mn', 'O', 'P', 'Ti']",5,0.25308742517498106,9.11114730629932,2.194965752136749
mp-1202942,Mn3P3PbO12,4.3913536123838055,0.0,-2.48736967330114,FM,28.0008498,0.0563602108318677,14.0004249,496.81946512818007,38,Orthorhombic,Imma,True,13.074196450741582,"{'Mn': 6.0, 'P': 6.0, 'Pb': 2.0, 'O': 24.0}","['Mn', 'O', 'P', 'Pb']",4,0.3358794270017813,12.763418226067689,2.1938362673732463
mp-530473,Sr16Fe16O45,5.1924217530069505,0.0124091328571642,-2.2717381164285717,FM,70.0004724,0.0725897048643128,70.0004724,964.330582840188,77,Triclinic,P1,False,12.523773803119326,"{'Sr': 16.0, 'Fe': 16.0, 'O': 45.0}","['Fe', 'O', 'Sr']",3,0.4146052008471809,31.924600465232928,2.1926812357834553
mp-1272308,CaMn3V4O12,4.648483508819107,0.0396328645000014,-2.447468526939655,FM,38.0004337,0.088552045307861,19.00021685,429.1310671355726,40,Triclinic,P-1,False,10.728276678389316,"{'Ca': 2.0, 'Mn': 6.0, 'V': 8.0, 'O': 24.0}","['Ca', 'Mn', 'O', 'V']",4,0.4332926571685887,17.33170628674355,2.192538522826531
mp-1003765,Mn2HO4,4.349994086411078,0.0346433155505874,-1.7399835231588676,FM,42.0028071,0.104863039411261,7.00046785,400.54920528547456,42,Monoclinic,Cc,False,9.536885840130347,"{'Mn': 12.0, 'H': 6.0, 'O': 24.0}","['H', 'Mn', 'O']",3,0.45612311600781663,19.157170872328297,2.192537059878253
mp-1274811,CaMn3V4O12,4.6530420959154934,0.0398304177500019,-2.4472709736896556,FM,38.0003363,0.0886386576639232,19.00016815,428.7106472672418,40,Trigonal,R-3,False,10.717766181681046,"{'Ca': 2.0, 'Mn': 6.0, 'V': 8.0, 'O': 24.0}","['Ca', 'Mn', 'O', 'V']",4,0.43414290039920234,17.365716015968093,2.188238956865239
mp-19180,VFeMoO7,3.45745180062485,0.0142260722812199,-2.0215053575000006,FM,10.0029608,0.0330885770589764,5.0014804,302.30858166463065,20,Triclinic,P-1,False,15.115429083231533,"{'V': 2.0, 'Fe': 2.0, 'Mo': 2.0, 'O': 14.0}","['Fe', 'Mo', 'O', 'V']",4,0.22873659633390175,4.5747319266780355,2.1865676416287196
mp-1233932,CaMn2(P2O7)2,2.6205526394928396,0.0197501308134953,-2.650215202592072,FM,8.000827,0.0253622767899994,8.000827,315.4617018908482,21,Triclinic,P1,False,15.021985804326103,"{'Ca': 1.0, 'Mn': 2.0, 'P': 4.0, 'O': 14.0}","['Ca', 'Mn', 'O', 'P']",4,0.1744478175940068,3.6634041694741426,2.183986977649934
mp-31758,Ba3NbFe3(SiO7)2,4.532180346240993,0.0057132639493069,-2.8096643617391295,FM,15.0004277,0.0429791673694208,15.0004277,349.0162471288971,23,Trigonal,P321,False,15.174619440386827,"{'Ba': 3.0, 'Nb': 1.0, 'Fe': 3.0, 'Si': 2.0, 'O': 14.0}","['Ba', 'Fe', 'Nb', 'O', 'Si']",5,0.2986684683622919,6.869374772332713,2.183667101759558
mp-17478,Ba2CoO4,5.5582697120506,0.0019123982142854,-2.3270572217857164,FM,19.9999998,0.0420950230479615,4.99999995,475.11554459093054,28,Orthorhombic,Pnma,False,16.968412306818948,"{'Ba': 8.0, 'Co': 4.0, 'O': 16.0}","['Ba', 'Co', 'O']",3,0.32756569156543575,9.1718393638322,2.1805876669479254
mp-19231,Mn(SbO2)2,5.309108244954563,0.0,-1.8522391850615736,FM,19.9999996,0.0441049779872077,4.9999999,453.463543407749,28,Tetragonal,P4_2/mbc,True,16.19512655027675,"{'Mn': 4.0, 'Sb': 8.0, 'O': 16.0}","['Mn', 'O', 'Sb']",3,0.3278213497420209,9.178997792776585,2.1788870693202482
mp-1120760,ZnFe2(P2O7)2,3.012501508202173,0.0029731310714309,-2.4132654744557813,FM,39.9990693,0.034555775114895,9.999767325,1157.521981984386,84,Orthorhombic,Pnma,False,13.780023595052214,"{'Zn': 4.0, 'Fe': 8.0, 'P': 16.0, 'O': 56.0}","['Fe', 'O', 'P', 'Zn']",4,0.2186136683600329,18.363548142242763,2.1781776043589183
mp-555031,Fe3SiP5O19,3.089701911460131,0.0210333631249879,-2.492553599846939,FM,60.0000002,0.0426445711354339,15.00000005,1406.9786282865248,112,Hexagonal,P6_3,False,12.562309181129686,"{'Fe': 12.0, 'Si': 4.0, 'P': 20.0, 'O': 76.0}","['Fe', 'O', 'P', 'Si']",4,0.24595015668785544,27.54641754903981,2.178141680063636
mp-17477,AlFePO5,3.039389693027787,0.0,-2.7506856665178567,FM,16.0005308,0.0377801748589858,4.0001327,423.5165893149473,32,Monoclinic,P2_1/c,True,13.234893416092104,"{'Al': 4.0, 'Fe': 4.0, 'P': 4.0, 'O': 20.0}","['Al', 'Fe', 'O', 'P']",4,0.2296497295046018,7.348791344147258,2.1773010078375923
mp-22402,BaInCo4O7,5.634728742861544,0.0390522385576836,-1.656284697051282,FM,23.4488486,0.0663217088568463,11.7244243,353.56218957828304,26,Hexagonal,P6_3mc,False,13.598545753010884,"{'Ba': 2.0, 'In': 2.0, 'Co': 8.0, 'O': 14.0}","['Ba', 'Co', 'In', 'O']",4,0.4143625976780603,10.773427539629568,2.176544884508154
mp-1221645,MnCdO2,6.89425226659633,0.041578528125,-1.6477820288577592,FM,19.9888945,0.1040771309712552,4.997223625,192.05846965094256,16,Trigonal,R-3m,False,12.003654353183911,"{'Mn': 4.0, 'Cd': 4.0, 'O': 8.0}","['Cd', 'Mn', 'O']",3,0.5743461169196081,9.18953787071373,2.1751795118776207
mp-1211250,Mg(MnGe)6,7.049857740545257,0.0,-0.1657451232758623,FM,13.9113116,0.0747819702202545,13.9113116,186.02494102558617,13,Hexagonal,P6/mmm,True,14.309610848122013,"{'Mg': 1.0, 'Mn': 6.0, 'Ge': 6.0}","['Ge', 'Mg', 'Mn']",3,0.4926659302877183,6.404657093740338,2.172061891275393
mp-22565,MnSiRh,7.415983679396296,0.0131895419444454,-0.6695056043414856,FM,13.9093309,0.0835254215887701,3.477332725,166.5281136619859,12,Orthorhombic,Pnma,False,13.877342805165492,"{'Mn': 4.0, 'Si': 4.0, 'Rh': 4.0}","['Mn', 'Rh', 'Si']",3,0.5343950771783114,6.412740926139737,2.16901494387564
mp-774344,Mn5Sn(PO4)6,3.4575226032893656,0.0396922281481444,-2.422929928680897,FM,21.0003697,0.0453955824429318,21.0003697,462.6082224278147,36,Trigonal,R3,False,12.85022840077263,"{'Mn': 5.0, 'Sn': 1.0, 'P': 6.0, 'O': 24.0}","['Mn', 'O', 'P', 'Sn']",4,0.2690631244407671,9.686272479867615,2.168054816096503
mp-1094111,Sr5Fe5O14,5.175413159711726,0.0151288245833587,-2.273265949166667,FM,42.785552,0.0708316492393229,21.392776,604.0456838077852,48,Orthorhombic,Pmmm,False,12.584285079328858,"{'Sr': 10.0, 'Fe': 10.0, 'O': 28.0}","['Fe', 'O', 'Sr']",3,0.4112600061971689,19.740480297464106,2.1674017731724744
mp-19264,Co3(PO4)2,3.874656414963242,0.0,-2.156004351868132,FM,18.0000003,0.0572618798195816,9.00000015,314.3452565077092,26,Monoclinic,P2_1/c,True,12.09020217337343,"{'Co': 6.0, 'P': 4.0, 'O': 16.0}","['Co', 'O', 'P']",3,0.3204790424014992,8.33245510243898,2.160227697444328
mp-997162,MnAgO2,6.120415712290051,0.0442020199999877,-1.3872480823994255,FM,8.0034238,0.075714218171323,4.0017119,105.7056916560927,8,Hexagonal,P6_3/mmc,False,13.213211457011589,"{'Mn': 2.0, 'Ag': 2.0, 'O': 4.0}","['Ag', 'Mn', 'O']",3,0.46320425070032867,3.7056340056026293,2.1597987788053135
mp-861261,Cr3(CoO6)2,3.151103452752439,0.0193917420000033,-1.458438534705882,FM,32.0011192,0.0325892960737531,8.0002798,981.951838652112,68,Monoclinic,P2_1/c,False,14.440468215472231,"{'Cr': 12.0, 'Co': 8.0, 'O': 48.0}","['Co', 'Cr', 'O']",3,0.21821338517100097,14.838510191628066,2.1566261563142053
mp-557349,Mn3Nb2ZnO9,5.363013136445741,0.0208120038888868,-2.486674538252873,FM,30.0000007,0.0865046305872214,15.00000035,346.8022520453563,30,Trigonal,P3c1,False,11.560075068178543,"{'Mn': 6.0, 'Nb': 4.0, 'Zn': 2.0, 'O': 18.0}","['Mn', 'Nb', 'O', 'Zn']",4,0.46392545937772717,13.917763781331814,2.1555187436245773
mp-774508,Mn3Cr(PO4)4,3.4613487180198397,0.0169160975000028,-2.4649156505151892,FM,15.0025465,0.0524092980180776,15.0025465,286.2573449242753,24,Monoclinic,Pm,False,11.927389371844804,"{'Mn': 3.0, 'Cr': 1.0, 'P': 4.0, 'O': 16.0}","['Cr', 'Mn', 'O', 'P']",4,0.2902017038355875,6.9648408920541005,2.154040089719176
mp-761501,Mn2CoO6,4.200843331116863,0.0325864753703708,-1.539909693984674,FM,6.9999345,0.0668735007502052,6.9999345,104.67426441673936,9,Monoclinic,C2/m,False,11.63047382408215,"{'Mn': 2.0, 'Co': 1.0, 'O': 6.0}","['Co', 'Mn', 'O']",3,0.3611927935746318,3.250735142171686,2.153338919923087
mp-1227996,Ca3Fe7(SiO4)6,4.051080807344533,0.0289604981875015,-2.664513616749999,FM,63.9994996,0.0733957015949599,31.9997498,871.9788517478365,80,Cubic,I4_132,False,10.899735646847956,"{'Ca': 6.0, 'Fe': 14.0, 'Si': 12.0, 'O': 48.0}","['Ca', 'Fe', 'O', 'Si']",4,0.37166780356879997,29.733424285503997,2.1524429539453287
mp-1216151,Zn3Fe9(PO4)8,3.870786356168562,0.0124751604807604,-2.3027374405219794,FM,36.0000017,0.0575328056348324,36.0000017,625.7299866183523,52,Triclinic,P-1,False,12.033268973429852,"{'Zn': 3.0, 'Fe': 9.0, 'P': 8.0, 'O': 32.0}","['Fe', 'O', 'P', 'Zn']",4,0.32167371681921847,16.72703327459936,2.152204823712964
mp-1047808,MgMn3P3O13,3.3706688733180603,0.0479494648541782,-2.4940329648860833,FM,24.0044768,0.0497169238761035,12.0022384,482.8230495478775,40,Monoclinic,P2_1/m,False,12.070576238696937,"{'Mg': 2.0, 'Mn': 6.0, 'P': 6.0, 'O': 26.0}","['Mg', 'Mn', 'O', 'P']",4,0.2792467241548972,11.169868966195889,2.149038352432453
mp-1272846,CaFeO3,4.218090941302563,0.0046204169999999,-2.2238986135000003,FM,15.999247,0.0705962481736292,3.99981175,226.6302730514852,20,Monoclinic,P2_1/c,False,11.33151365257426,"{'Ca': 4.0, 'Fe': 4.0, 'O': 12.0}","['Ca', 'Fe', 'O']",3,0.37224426238451463,7.4448852476902925,2.149025333192828
mp-1227657,Ca3MnO4,3.7998847087981207,0.0310033337500001,-2.9566536522413793,FM,9.9999993,0.047839346339812,4.99999965,209.0329418167232,16,Monoclinic,C2/m,False,13.0645588635452,"{'Ca': 6.0, 'Mn': 2.0, 'O': 8.0}","['Ca', 'Mn', 'O']",3,0.2908544213766881,4.65367074202701,2.1488411738481266
mp-772291,Mn5Ni(PO4)6,3.3646766022544985,0.047372074409723,-2.329528912708677,FM,20.999331,0.0471096727965214,20.999331,445.7541254999032,36,Trigonal,R3,False,12.38205904166398,"{'Mn': 5.0, 'Ni': 1.0, 'P': 6.0, 'O': 24.0}","['Mn', 'Ni', 'O', 'P']",4,0.2717380518807744,9.782569867707878,2.1466068000514356
mp-997160,MnAgO2,6.144772219411241,0.0441036674999875,-1.3873464348994258,FM,8.0019125,0.0760011726320498,4.00095625,105.2866978611008,8,Trigonal,R-3m,False,13.1608372326376,"{'Mn': 2.0, 'Ag': 2.0, 'O': 4.0}","['Ag', 'Mn', 'O']",3,0.46689827636290504,3.7351862109032403,2.142306179178409
mp-31909,Ta2Mn3O8,6.7131641569251865,0.0295450434615602,-2.747085156804597,FM,60.0002803,0.0926244700749742,15.000070075,647.7800116042033,52,Tetragonal,I4_1/a,False,12.457307915465448,"{'Ta': 8.0, 'Mn': 12.0, 'O': 32.0}","['Mn', 'O', 'Ta']",3,0.5388936520217947,28.022469905133327,2.141148888842549
mp-510517,Fe2PH2CO7,3.1419709945579903,0.0122672754807693,-1.877216895741758,FM,31.9999451,0.0563374321289888,7.999986275,568.0050348538023,52,Monoclinic,P2_1/c,False,10.923173747188503,"{'Fe': 8.0, 'P': 4.0, 'H': 8.0, 'C': 4.0, 'O': 28.0}","['C', 'Fe', 'H', 'O', 'P']",5,0.2876426821798652,14.957419473352992,2.1394027998618803
mp-19067,Mg3V6(FeO6)4,3.3451905639589605,0.0030701535135122,-2.31892518554054,FM,20.0033891,0.0408723343538814,20.0033891,489.4114666122659,37,Triclinic,P-1,False,13.227336935466646,"{'Mg': 3.0, 'V': 6.0, 'Fe': 4.0, 'O': 24.0}","['Fe', 'Mg', 'O', 'V']",4,0.25289977720227674,9.357291756484239,2.137732756503871
mp-6670,Cr2Fe3(SiO4)3,4.376939522255709,0.0486198592916657,-2.5018401438749995,FM,71.9997603,0.0866142023587688,17.999940075,831.2696802513555,80,Cubic,Ia-3d,False,10.390871003141942,"{'Cr': 8.0, 'Fe': 12.0, 'Si': 12.0, 'O': 48.0}","['Cr', 'Fe', 'O', 'Si']",4,0.42122931955677545,33.69834556454204,2.136596295568865
mp-27008,Fe2P3O10,3.369988362657489,0.0407145803333532,-2.3856204509285712,FM,17.9995583,0.0500942864205212,8.99977915,359.3135981397361,30,Monoclinic,P2_1/m,False,11.977119937991205,"{'Fe': 4.0, 'P': 6.0, 'O': 20.0}","['Fe', 'O', 'P']",3,0.28136884160005343,8.441065248001603,2.1323799510093044
mp-1214178,CaFe2(PO4)3,3.398745813348115,0.0443928474305499,-2.505202056607143,FM,44.0097322,0.05156950299378,11.00243305,853.406173127325,72,Monoclinic,P2_1/c,False,11.852863515657292,"{'Ca': 4.0, 'Fe': 8.0, 'P': 12.0, 'O': 48.0}","['Ca', 'Fe', 'O', 'P']",4,0.2867447017219484,20.645618523980282,2.1316741927049487
mp-558156,V6Fe4(CuO8)3,3.807933165143777,0.0215993036486219,-1.9279632683783785,FM,23.0055156,0.0478013101010484,23.0055156,481.2737465012573,37,Triclinic,P-1,False,13.007398554088034,"{'V': 6.0, 'Fe': 4.0, 'Cu': 3.0, 'O': 24.0}","['Cu', 'Fe', 'O', 'V']",4,0.2927513252791812,10.831799035329704,2.123886856187389
mp-19809,MnCoSi,6.54797778948593,0.0123018612499992,-0.423194020977012,FM,13.8938402,0.0964860195754943,3.47346005,143.99848041330927,12,Orthorhombic,Pnma,False,11.999873367775772,"{'Mn': 4.0, 'Co': 4.0, 'Si': 4.0}","['Co', 'Mn', 'Si']",3,0.5456705740803686,6.548046888964423,2.121829674649339
mp-2740702,V2CoO4,5.016078742768003,0.0373998299107114,-2.2276192892857147,FM,14.0000014,0.0940568378769937,7.0000007,148.84618403086245,14,Monoclinic,C2/m,False,10.631870287918746,"{'V': 4.0, 'Co': 2.0, 'O': 8.0}","['Co', 'O', 'V']",3,0.4717964579071187,6.605150410699662,2.1195583036718504
mp-1364623,CaMn2P2O9,3.3750005473884217,0.0,-2.672352445010557,FM,31.9999184,0.0456867495915991,7.9999796,700.4201149359972,56,Orthorhombic,Pnma,True,12.50750205242852,"{'Ca': 4.0, 'Mn': 8.0, 'P': 8.0, 'O': 36.0}","['Ca', 'Mn', 'O', 'P']",4,0.26983809662722497,15.110933411124599,2.1176665616461396
mp-531901,Ti11Fe13O36,4.637572358148877,0.0204447010833259,-2.624049638277777,FM,53.9998229,0.082478143440381,53.9998229,654.7167606777369,60,Triclinic,P1,False,10.911946011295615,"{'Ti': 11.0, 'Fe': 13.0, 'O': 36.0}","['Fe', 'O', 'Ti']",3,0.42499956958623564,25.49997417517414,2.1176422583428454
mp-728654,Mn5P4(HO2)10,3.0654972962583713,0.0036564160256498,-2.067679768608374,FM,50.0031778,0.0633430377062213,25.0015889,789.4029022086011,78,Monoclinic,C2/c,False,10.120550028315398,"{'Mn': 10.0, 'P': 8.0, 'H': 20.0, 'O': 40.0}","['H', 'Mn', 'O', 'P']",4,0.3028982898836215,23.626066610922475,2.1164410743209885
mp-17863,Mn2Si(P2O7)2,2.941002132700479,0.0016568965079262,-2.6904644956873094,FM,19.9983097,0.0364509543490568,9.99915485,548.6361072605902,42,Monoclinic,C2/c,False,13.06276445858548,"{'Mn': 4.0, 'Si': 2.0, 'P': 8.0, 'O': 28.0}","['Mn', 'O', 'P', 'Si']",4,0.22514393044632375,9.456045078745598,2.114870385395085
mp-756523,Mn3V(PO4)4,3.371690899960692,0.0301426360416723,-2.4937107913485215,FM,13.9998899,0.0477241971782776,13.9998899,293.349929967439,24,Monoclinic,Pm,False,12.222913748643291,"{'Mn': 3.0, 'V': 1.0, 'P': 4.0, 'O': 16.0}","['Mn', 'O', 'P', 'V']",4,0.27585001165004047,6.620400279600972,2.1146591306777918
mp-1212682,Fe3SiNi,7.405639949899041,0.0288811137499998,-0.2575840720000002,FM,27.4624091,0.1203987667832807,6.865602275,228.09543514206135,20,Cubic,P2_13,False,11.404771757103068,"{'Fe': 12.0, 'Si': 4.0, 'Ni': 4.0}","['Fe', 'Ni', 'Si']",3,0.6493457394521459,12.986914789042919,2.114621489868408
mp-2758056,V2CoO4,5.025992573230076,0.0341770741964246,-2.2308420450000006,FM,14.0000017,0.0942427348140705,7.00000085,148.55258315264624,14,Tetragonal,I4_1/amd,False,10.610898796617589,"{'V': 4.0, 'Co': 2.0, 'O': 8.0}","['Co', 'O', 'V']",3,0.4736632277401609,6.631285188362252,2.111204887488427
mp-1221658,Mn6Zn2CN,7.056886957370652,0.0297795240091982,-0.218817269410529,FM,13.0111182,0.1136653969379413,13.0111182,114.46859422928658,10,Tetragonal,P4/mmm,False,11.446859422928656,"{'Mn': 6.0, 'Zn': 2.0, 'C': 1.0, 'N': 1.0}","['C', 'Mn', 'N', 'Zn']",4,0.6164911000160742,6.164911000160743,2.1105119278543927
mp-1197728,Fe2B(PO4)3,3.1485820943830376,0.012644074166662,-2.476507414616402,FM,20.0000002,0.0465402617331246,10.0000001,429.7354474430287,36,Hexagonal,P6_3/m,False,11.937095762306352,"{'Fe': 4.0, 'B': 2.0, 'P': 6.0, 'O': 24.0}","['B', 'Fe', 'O', 'P']",4,0.2637644999318246,9.495521997545685,2.1062560020575396
mp-26980,MnPO4,3.623943774628779,0.0137861329166657,-2.4299320708456507,FM,16.0000009,0.0582322381457635,4.000000225,274.7619086862114,24,Orthorhombic,Pnma,False,11.448412861925476,"{'Mn': 4.0, 'P': 4.0, 'O': 16.0}","['Mn', 'O', 'P']",3,0.31654551756087507,7.597092421461001,2.106069008032817
mp-850230,Mn9Zn6Si4(SbO14)2,4.999289143002546,0.0,-2.2917420620689652,FM,45.0000002,0.0801298691621298,45.0000002,561.588339910424,49,Triclinic,P-1,True,11.460986528784163,"{'Mn': 9.0, 'Zn': 6.0, 'Si': 4.0, 'Sb': 2.0, 'O': 28.0}","['Mn', 'O', 'Sb', 'Si', 'Zn']",5,0.43620059498777675,21.37382915440106,2.1053784923107286
mp-774620,VFe(PO4)2,3.374100801934213,0.0347581339583324,-2.491382184107143,FM,14.0000125,0.0479343742090788,7.00000625,292.06624121001647,24,Monoclinic,P2_1/m,False,12.16942671708402,"{'V': 2.0, 'Fe': 2.0, 'P': 4.0, 'O': 16.0}","['Fe', 'O', 'P', 'V']",4,0.27726045609013694,6.654250946163287,2.103920127639932
mp-1225248,Fe9BP2,7.426815660694009,0.0171529897916666,-0.2958242334126986,FM,69.9405574,0.1359190463019231,17.48513935,514.5751041001118,48,Triclinic,P1,False,10.72031466875233,"{'Fe': 36.0, 'B': 4.0, 'P': 8.0}","['B', 'Fe', 'P']",3,0.6927796328909783,33.253422378766956,2.1032589248515543
mp-21094,InFeO3,5.877028905636047,0.047483367999999,-1.8030960023333336,FM,10.0006204,0.080934548564426,5.0003102,123.56429457364852,10,Hexagonal,P6_3/mmc,False,12.35642945736485,"{'In': 2.0, 'Fe': 2.0, 'O': 6.0}","['Fe', 'In', 'O']",3,0.47562517359196665,4.756251735919666,2.10262638633577
mp-626270,MnHO2,4.167743456206415,0.0044368630468749,-1.734264161670258,FM,16.0000002,0.1141567997792495,4.00000005,140.15810035792845,16,Orthorhombic,Pnma,False,8.759881272370528,"{'Mn': 4.0, 'H': 4.0, 'O': 8.0}","['H', 'Mn', 'O']",3,0.47577624931423,7.61241998902768,2.1018283572191145
mp-1228000,Ca2Mn7Si10H12O35,2.894867774383524,0.0096284497853487,-2.4943734008411704,FM,35.0070227,0.0463163383386721,35.0070227,755.8244877654904,66,Triclinic,P1,False,11.451886178265006,"{'Ca': 2.0, 'Mn': 7.0, 'Si': 10.0, 'H': 12.0, 'O': 35.0}","['Ca', 'H', 'Mn', 'O', 'Si']",5,0.25278523811019094,16.6838257152726,2.0982611121353356
mp-558889,Fe5Cu2(PO4)6,3.8308968437339392,0.0387764757432229,-2.198829411293435,FM,26.000464,0.0614494566923079,26.000464,423.1195099118697,37,Triclinic,P-1,False,11.435662430050533,"{'Fe': 5.0, 'Cu': 2.0, 'P': 6.0, 'O': 24.0}","['Cu', 'Fe', 'O', 'P']",4,0.3349956215625203,12.39483799781325,2.097684859179855
mp-1222104,Mn4Co4Si3Ge,6.920202321334088,0.0,-0.3813827572270121,FM,14.2062873,0.0966781326241608,14.2062873,146.94416321866055,12,Monoclinic,Pm,True,12.24534693488838,"{'Mn': 4.0, 'Co': 4.0, 'Si': 3.0, 'Ge': 1.0}","['Co', 'Ge', 'Mn', 'Si']",4,0.5651291350200661,6.781549620240794,2.094843818232738
mp-1099694,SrCaCo2O5,4.642297492799736,0.031473848912034,-2.1361111927083343,FM,108.0095135,0.0579686255255585,6.75059459375,1863.2408914435664,144,Triclinic,P1,False,12.939172857246987,"{'Sr': 16.0, 'Ca': 16.0, 'Co': 32.0, 'O': 80.0}","['Ca', 'Co', 'O', 'Sr']",4,0.35877853584741876,51.6641091620283,2.0906101982957255
mp-1094087,Sr10Fe10O29,5.219253513484607,0.0048187093877878,-2.2502026578571432,FM,43.3611615,0.0717826137134132,43.3611615,604.0621712817009,49,Orthorhombic,Pmmm,False,12.327799413912263,"{'Sr': 10.0, 'Fe': 10.0, 'O': 29.0}","['Fe', 'O', 'Sr']",3,0.42337268301060565,20.745261467519676,2.090171848057421
mp-863405,Mn8PbO16,5.467221459520363,0.0,-1.851224195737932,FM,25.998543,0.0948256125205311,25.998543,274.1721599148218,25,Triclinic,P1,True,10.966886396592871,"{'Mn': 8.0, 'Pb': 1.0, 'O': 16.0}","['Mn', 'O', 'Pb']",3,0.4985208437299841,12.463021093249603,2.086054641605453
mp-1246212,Ca8Fe3N8,3.255917396194685,0.0058557382456116,-0.9051740463157896,FM,8.0028322,0.0261434490648873,8.0028322,306.11233353859217,19,Monoclinic,C2/m,False,16.11117544939959,"{'Ca': 8.0, 'Fe': 3.0, 'N': 8.0}","['Ca', 'Fe', 'N']",3,0.20209061756049726,3.839721733649448,2.0842219189653988
mp-505217,Co2PHO5,3.684595468467866,0.0,-1.9201776156547627,FM,24.0000396,0.0579238537150233,6.0000099,414.337756567037,36,Orthorhombic,Pnnm,True,11.50938212686214,"{'Co': 8.0, 'P': 4.0, 'H': 4.0, 'O': 20.0}","['Co', 'H', 'O', 'P']",4,0.3201384251434543,11.524983305164355,2.082435953659522
mp-26220,MnPO4,3.645511083458584,0.0132907033333342,-2.430427500428982,FM,7.9999894,0.0585787168776736,3.9999947,136.56819108390312,12,Orthorhombic,Cmcm,False,11.38068259032526,"{'Mn': 2.0, 'P': 2.0, 'O': 8.0}","['Mn', 'O', 'P']",3,0.3203244668784313,3.8438936025411756,2.0812203008718173
mp-22385,Np(Al2Fe)4,5.8820953211951235,0.0,-0.3111722529807788,FM,10.8172464,0.0566635481863243,10.8172464,190.90308930937573,13,Tetragonal,I4/mmm,True,14.684853023798134,"{'Np': 1.0, 'Al': 8.0, 'Fe': 4.0}","['Al', 'Fe', 'Np']",3,0.40055527363213345,5.207218557217735,2.0773559398627883
mp-556076,Sr2Co2O5,5.077583802162445,0.0,-2.1384436083333336,FM,13.9991144,0.0573653138105355,6.9995572,244.0344778071964,18,Triclinic,P1,True,13.55747098928869,"{'Sr': 4.0, 'Co': 4.0, 'O': 10.0}","['Co', 'O', 'Sr']",3,0.3745229332354151,6.741412798237471,2.076584659473759
mp-770722,Mg3Mn5(BO4)4,3.7226439467257006,0.0,-2.5856304043329223,FM,21.0022896,0.0727901187546433,21.0022896,288.53215188167604,28,Triclinic,P1,True,10.304719710059858,"{'Mg': 3.0, 'Mn': 5.0, 'B': 4.0, 'O': 16.0}","['B', 'Mg', 'Mn', 'O']",4,0.3612562060364936,10.11517376902182,2.076315254644509
mp-1311459,Sr5Mn5O13,5.147663782050025,0.0042520768840521,-2.5525942699850077,FM,38.0003615,0.0639678547682073,19.00018075,594.0540235044202,46,Monoclinic,Pm,False,12.914217902270003,"{'Sr': 10.0, 'Mn': 10.0, 'O': 26.0}","['Mn', 'O', 'Sr']",3,0.39860437705214746,18.33580134439878,2.0724679977844733
mp-725508,MnPH5CO4,2.155404107654005,0.0316641017013861,-1.416675253443658,FM,19.9995873,0.0388712687958294,4.999896825,514.5082195553598,48,Orthorhombic,Pna2_1,False,10.718921240736664,"{'Mn': 4.0, 'P': 4.0, 'H': 20.0, 'C': 4.0, 'O': 16.0}","['C', 'H', 'Mn', 'O', 'P']",5,0.20108405120680536,9.652034457926657,2.07205925208602
mp-649086,GaFeO3,5.279594525768466,0.0357892067499996,-1.95225480425,FM,40.004998,0.0916031867794994,5.00062475,436.720592442893,40,Orthorhombic,Pna2_1,False,10.918014811072323,"{'Ga': 8.0, 'Fe': 8.0, 'O': 24.0}","['Fe', 'Ga', 'O']",3,0.48356726173463815,19.342690469385527,2.0682230356380646
mp-868005,GaFeO3,5.286571152334014,0.0366685419999992,-1.9513754690000007,FM,40.0047923,0.0917237625533699,5.0005990375,436.1442573479584,40,Triclinic,P1,False,10.90360643369896,"{'Ga': 8.0, 'Fe': 8.0, 'O': 24.0}","['Fe', 'Ga', 'O']",3,0.48484610889798857,19.393844355919544,2.062757211299853
mp-626689,Fe(HO)2,3.4028250405763747,0.0140118945000002,-1.3465976564999995,FM,3.9999851,0.0912187313405501,3.9999851,43.85047940501072,5,Monoclinic,C2,False,8.770095881002145,"{'Fe': 1.0, 'H': 2.0, 'O': 2.0}","['Fe', 'H', 'O']",3,0.38800317428086534,1.9400158714043267,2.06183112156939
mp-1198984,Fe3P3PbO13,4.5180156991082026,0.0066753384583249,-2.291405899446429,FM,30.0000018,0.0604044751011165,15.0000009,496.651974042987,40,Monoclinic,P2_1/m,False,12.416299351074674,"{'Fe': 6.0, 'P': 6.0, 'Pb': 2.0, 'O': 26.0}","['Fe', 'O', 'P', 'Pb']",4,0.3638778005716456,14.555112022865824,2.0611316321626743
mp-18849,Fe2P2O7,3.900722652281811,0.0001078236363625,-2.372485814935064,FM,16.0,0.0657926057760957,8.0,243.1884223350407,22,Triclinic,P-1,False,11.054019197047303,"{'Fe': 4.0, 'P': 4.0, 'O': 14.0}","['Fe', 'O', 'P']",3,0.3528782230922625,7.763320908029775,2.0609736721627527
mp-758220,Mn2V3Fe(PO4)6,3.239429872948026,0.0040807968749945,-2.5666712584366453,FM,19.000351,0.0417239470303335,19.000351,455.38239673697825,36,Trigonal,R3,False,12.649511020471618,"{'Mn': 2.0, 'V': 3.0, 'Fe': 1.0, 'P': 6.0, 'O': 24.0}","['Fe', 'Mn', 'O', 'P', 'V']",5,0.25609131196497814,9.219287230739212,2.0609349209392764
mp-1226238,Co7(SbO6)2,5.704467325558494,0.0346225621428564,-1.4942282364285722,FM,41.9367233,0.0849398549166647,20.96836165,493.7225680588282,42,Monoclinic,C2/m,False,11.755299239495908,"{'Co': 14.0, 'Sb': 4.0, 'O': 24.0}","['Co', 'O', 'Sb']",3,0.48526772558816744,20.38124447470303,2.0576134765495495
mp-17258,Fe4Ni3(PO4)6,3.855631216892834,0.0218528575675609,-2.2453073939961388,FM,26.0000037,0.0622826090038242,26.0000037,417.4520643218972,37,Triclinic,P-1,False,11.28248822491614,"{'Fe': 4.0, 'Ni': 3.0, 'P': 6.0, 'O': 24.0}","['Fe', 'Ni', 'O', 'P']",4,0.34173589548962213,12.64422813311602,2.056274485581637
mp-1047769,Mg3Mn3(AsO4)4,3.773769092344065,0.0303317509615421,-2.15936257591512,FM,29.9995833,0.0429651178109469,14.99979165,698.2311425748375,52,Monoclinic,P2_1/c,False,13.427521972593029,"{'Mg': 6.0, 'Mn': 6.0, 'As': 8.0, 'O': 32.0}","['As', 'Mg', 'Mn', 'O']",4,0.28104732206335026,14.614460747294213,2.052732825298002
mp-1202958,Co2AsHO5,4.05081184387223,0.0,-1.5068288893055564,FM,24.0001621,0.0534595042801272,6.000040525,448.9409773468795,36,Orthorhombic,Pnnm,True,12.470582704079986,"{'Co': 8.0, 'As': 4.0, 'H': 4.0, 'O': 20.0}","['As', 'Co', 'H', 'O']",4,0.32482939570633945,11.69385824542822,2.052373271189857
mp-1222109,Mn2Co2SiGe,7.314343207176374,0.0054187233333351,-0.3184129701436783,FM,14.4898391,0.0971553597384962,7.24491955,149.14091347096965,12,Orthorhombic,Pmc2_1,False,12.428409455914135,"{'Mn': 4.0, 'Co': 4.0, 'Si': 2.0, 'Ge': 2.0}","['Co', 'Ge', 'Mn', 'Si']",4,0.588518042724751,7.062216512697011,2.0517409900912864
mp-17489,Co7(AsO6)2,5.397917506664583,0.0,-1.4648406442857151,FM,41.9983896,0.0904891106331727,20.9991948,464.12644909567354,42,Orthorhombic,Imma,True,11.05062974037318,"{'Co': 14.0, 'As': 4.0, 'O': 24.0}","['As', 'Co', 'O']",3,0.4884714838416344,20.515802321348644,2.04712391658681
mp-1041904,CaMn(SiO3)2,3.1666006318255153,0.0436027472500057,-3.0793512470431046,FM,40.0000884,0.0385740979934453,5.00001105,1036.9675632284907,80,Orthorhombic,Pbca,False,12.962094540356134,"{'Ca': 8.0, 'Mn': 8.0, 'Si': 16.0, 'O': 48.0}","['Ca', 'Mn', 'O', 'Si']",4,0.24429698625994692,19.543758900795755,2.046693709385216
mp-771949,TiMn3(PO4)4,3.2962260383055773,0.0233525842708406,-2.6347433481540783,FM,13.0017509,0.043554453865797,13.0017509,298.5171376516824,24,Monoclinic,Pm,False,12.4382140688201,"{'Ti': 1.0, 'Mn': 3.0, 'P': 4.0, 'O': 16.0}","['Mn', 'O', 'P', 'Ti']",4,0.2650079842707081,6.360191622496995,2.0442388644409344
mp-21059,Sr4Fe4O11,5.424601085292088,0.0099283963158036,-2.295680029210527,FM,17.4360051,0.0759607651677471,17.4360051,229.53961905854135,19,Orthorhombic,Cmmm,False,12.081032582028492,"{'Sr': 4.0, 'Fe': 4.0, 'O': 11.0}","['Fe', 'O', 'Sr']",3,0.44901799978270224,8.531341995871342,2.0437587789163745
mp-1047928,Mn3P3O13,3.2387562671431023,0.0414778731578966,-2.2736235830379825,FM,20.000191,0.0418794838305465,10.0000955,477.565365440632,38,Monoclinic,P2_1/m,False,12.567509616858736,"{'Mn': 6.0, 'P': 6.0, 'O': 26.0}","['Mn', 'O', 'P']",3,0.2577086762518534,9.792929697570429,2.0423092596040933
mp-1104244,BaCo2(PO4)2,3.584757672503361,0.0025351507692299,-2.5614028699450557,FM,6.000172,0.0290992351950694,6.000172,206.19689692108017,13,Trigonal,P-3,False,15.861299763160012,"{'Ba': 1.0, 'Co': 2.0, 'P': 2.0, 'O': 8.0}","['Ba', 'Co', 'O', 'P']",4,0.22600655217609844,2.93808517828928,2.0422049177939905
mp-759787,Co7(SbO6)2,5.730417089727475,0.0115190288095234,-1.517331769761905,FM,42.0015172,0.0854580808720403,21.0007586,491.4867824248299,42,Monoclinic,C2,False,11.702066248210237,"{'Co': 14.0, 'Sb': 4.0, 'O': 24.0}","['Co', 'O', 'Sb']",3,0.4896927575165548,20.5670958156953,2.0421705415476077
mp-542976,SrFe2(PO4)2,3.872228547318538,0.0,-2.645428499560439,FM,31.9996723,0.0479254018838578,7.999918075,667.6975266174668,52,Monoclinic,P2_1/c,True,12.8403370503359,"{'Sr': 4.0, 'Fe': 8.0, 'P': 8.0, 'O': 32.0}","['Fe', 'O', 'P', 'Sr']",4,0.30156751587897307,15.6815108257066,2.0405988080908086
mp-1222069,MgMnGeO4,4.234397150980262,0.0076262737500059,-2.420278089704435,FM,19.999157,0.0590582375261422,4.99978925,338.6345044778441,28,Orthorhombic,Pnma,False,12.09408944563729,"{'Mg': 4.0, 'Mn': 4.0, 'Ge': 4.0, 'O': 16.0}","['Ge', 'Mg', 'Mn', 'O']",4,0.35012120342038144,9.80339369577068,2.040023855068466
mp-726803,BaMn2P2O9,3.880606386750455,0.0274805094841283,-2.6565620421534137,FM,8.0006049,0.0412606364215711,8.0006049,193.90405950736323,14,Monoclinic,C2,False,13.85028996481166,"{'Ba': 1.0, 'Mn': 2.0, 'P': 2.0, 'O': 9.0}","['Ba', 'Mn', 'O', 'P']",4,0.2801823208474051,3.922552491863671,2.0396425329158
mp-16894,Cr7(PO4)6,3.650699678719912,0.0016644977026967,-2.546565546158301,FM,23.9985928,0.056501309223497,23.9985928,424.7440126576704,37,Triclinic,P-1,False,11.479567909666768,"{'Cr': 7.0, 'P': 6.0, 'O': 24.0}","['Cr', 'O', 'P']",3,0.3180171681937361,11.766635223168235,2.0395459147698674
mp-849513,Fe2Sb(PO4)3,3.6095482279823368,0.0426856341666592,-2.310054099940476,FM,20.0007,0.0419357144436165,10.00035,476.9371469011544,36,Trigonal,R-3c,False,13.24825408058762,"{'Fe': 4.0, 'Sb': 2.0, 'P': 6.0, 'O': 24.0}","['Fe', 'O', 'P', 'Sb']",4,0.27245463485421295,9.808366854751666,2.0391468117152094
mp-2740514,MgCr2O4,4.379470194859053,0.0404155252380924,-2.588500358333329,FM,36.0000004,0.0822917298844514,6.000000066666666,437.4680232211524,42,Monoclinic,Cm,False,10.415905314789343,"{'Mg': 6.0, 'Cr': 12.0, 'O': 24.0}","['Cr', 'Mg', 'O']",3,0.42045987002596186,17.6593145410904,2.038584244945281
mp-1218618,Sr6CaMn4O13,4.741304014767228,0.0322668016666414,-2.6953487688218396,FM,31.9992553,0.0459803406162275,15.99962765,695.9334113481257,48,Monoclinic,P2_1,False,14.498612736419284,"{'Sr': 12.0, 'Ca': 2.0, 'Mn': 8.0, 'O': 26.0}","['Ca', 'Mn', 'O', 'Sr']",4,0.32701777066280796,15.696852991814783,2.038577752921952
mp-1204184,Mn5As4(HO2)10,3.4847733910829124,0.0028746603204998,-1.6803482792860305,FM,50.0019342,0.0580096918387595,25.0009671,861.9582799884982,78,Monoclinic,C2/c,False,11.05074717933972,"{'Mn': 10.0, 'As': 8.0, 'H': 20.0, 'O': 40.0}","['As', 'H', 'Mn', 'O']",4,0.3153427849293288,24.596737224487647,2.032868576984261
mp-1222243,Mg2Fe5(SiO3)8,3.3267226655796884,0.0283000826068313,-2.7717901800000004,FM,22.0000768,0.0470632355358849,22.0000768,467.457805429151,39,Monoclinic,C2,False,11.986097575106436,"{'Mg': 2.0, 'Fe': 5.0, 'Si': 8.0, 'O': 24.0}","['Fe', 'Mg', 'O', 'Si']",4,0.27754843849167876,10.824389101175472,2.0324543578732683
mp-673635,Fe3N,7.452146902530242,0.0029948571875006,-0.1547842253124987,FM,47.8906698,0.1479847065264091,5.986333725,323.6190476983749,32,Trigonal,P312,False,10.113095240574216,"{'Fe': 24.0, 'N': 8.0}","['Fe', 'N']",2,0.73688091778587,23.58018936914784,2.0309705342171607
mp-1222017,Mn3Ag(PO4)3,4.055351854176247,0.0380558805262936,-2.285945361283597,FM,26.0007999,0.056939831625679,13.00039995,456.6364029828637,38,Monoclinic,C2/c,False,12.016747446917464,"{'Mn': 6.0, 'Ag': 2.0, 'P': 6.0, 'O': 24.0}","['Ag', 'Mn', 'O', 'P']",4,0.3374750007928748,12.824050030129243,2.027502999357681
mp-1194855,Mn2ZnP2H2O9,3.5075095127325877,0.0075529882812412,-2.2569296839154873,FM,40.0021195,0.0551186324062395,10.000529875,725.7458640332968,64,Monoclinic,P2_1/c,False,11.339779125520264,"{'Mn': 8.0, 'Zn': 4.0, 'P': 8.0, 'H': 8.0, 'O': 36.0}","['H', 'Mn', 'O', 'P', 'Zn']",5,0.3093102144149271,19.795853722555336,2.020732223052432
mp-753348,Fe(CoO2)2,5.649551675963196,0.0169753248214235,-1.4195594342857163,FM,15.9991928,0.1144952202537075,7.9995964,139.73677472778104,14,Orthorhombic,Imma,False,9.981198194841502,"{'Fe': 2.0, 'Co': 4.0, 'O': 8.0}","['Co', 'Fe', 'O']",3,0.5660193862178797,7.924271407050316,2.019011209758077
mp-1211724,Mn2Tl2(MoO4)3,4.771595945170773,0.0084497727631482,-1.9188225092120408,FM,40.0282167,0.0287999745789321,10.007054175,1389.8698622213906,76,Cubic,P2_13,False,18.287761345018296,"{'Mn': 8.0, 'Tl': 8.0, 'Mo': 12.0, 'O': 48.0}","['Mn', 'Mo', 'O', 'Tl']",4,0.26091744392052596,19.829725737959972,2.018596587212204
mp-555558,Co2SiO4,4.599459371384535,0.0081555405952382,-2.121247118928572,FM,24.0000506,0.0791580397450348,6.00001265,303.191573178205,28,Monoclinic,P2_1/c,False,10.828270470650178,"{'Co': 8.0, 'Si': 4.0, 'O': 16.0}","['Co', 'O', 'Si']",3,0.4247639901359393,11.8933917238063,2.0179315671542644
mp-1040822,CaCr3(P2O7)2,3.3312682735989427,0.0263521076136417,-2.6711281874350656,FM,23.9986777,0.0442544037117077,11.99933885,542.289030857533,44,Monoclinic,P2_1/c,False,12.324750701307568,"{'Ca': 2.0, 'Cr': 6.0, 'P': 8.0, 'O': 28.0}","['Ca', 'Cr', 'O', 'P']",4,0.2702909254988435,11.892800721949113,2.0179164068316156
mp-1233855,MgMn2P2(H2O5)2,2.866768096202317,0.0468499494736835,-2.2185373344814625,FM,9.9991915,0.0479313495232071,9.9991915,208.61485435870392,19,Triclinic,P1,False,10.97972917677389,"{'Mg': 1.0, 'Mn': 2.0, 'P': 2.0, 'H': 4.0, 'O': 10.0}","['H', 'Mg', 'Mn', 'O', 'P']",5,0.26109643052640785,4.960832180001749,2.015627849760577
mp-775984,TiFe3Ni2(PO4)6,3.388363635494663,0.0312152487152763,-2.3881136080886245,FM,20.0006575,0.0452149121756087,20.0006575,442.34648565323096,36,Trigonal,R3,False,12.287402379256417,"{'Ti': 1.0, 'Fe': 3.0, 'Ni': 2.0, 'P': 6.0, 'O': 24.0}","['Fe', 'Ni', 'O', 'P', 'Ti']",5,0.27575914997419604,9.927329399071057,2.014706744985368
mp-1195649,Mn(BH4)2,1.6995964633367795,0.0385811010227241,-0.1114717789785796,FM,20.000366,0.0604760413424816,5.0000915,330.71552892716625,44,Orthorhombic,Fddd,False,7.51626202107196,"{'Mn': 4.0, 'B': 8.0, 'H': 32.0}","['B', 'H', 'Mn']",3,0.2261225671180613,9.949392953194698,2.0102096775238922
mp-756696,Mg2Mn3O8,3.876048340883332,0.0425603630769231,-2.2034631264456235,FM,8.9996378,0.061528596082469,8.9996378,146.267562938336,13,Trigonal,R3m,False,11.251350995256615,"{'Mg': 2.0, 'Mn': 3.0, 'O': 8.0}","['Mg', 'Mn', 'O']",3,0.3444962602728695,4.478451383547304,2.0095423683870703
mp-1214233,Ca3Fe3(SbO6)2,4.574063141642061,0.0103477906249995,-2.3374833389999994,FM,55.9992044,0.0533172063698592,13.9998011,1050.3026736160148,80,Cubic,Ia-3d,False,13.128783420200184,"{'Ca': 12.0, 'Fe': 12.0, 'Sb': 8.0, 'O': 48.0}","['Ca', 'Fe', 'O', 'Sb']",4,0.3483996190084395,27.87196952067516,2.0091584973376326
mp-1096865,AlFe2BO5,4.3309701990894105,6.267550000771394e-05,-2.436238123796296,FM,31.9999992,0.0909247478740134,7.9999998,351.9393778725637,36,Orthorhombic,Pbam,False,9.776093829793435,"{'Al': 4.0, 'Fe': 8.0, 'B': 4.0, 'O': 20.0}","['Al', 'B', 'Fe', 'O']",4,0.4430164311527401,15.948591521498644,2.0064467233275187
mp-1219888,Sr10Mn8B2O25,4.7695849991826424,0.018503668283933,-2.687951005150703,FM,64.0006826,0.052906428566222,32.0003413,1209.6957654189684,90,Monoclinic,C2,False,13.44106406021076,"{'Sr': 20.0, 'Mn': 16.0, 'B': 4.0, 'O': 50.0}","['B', 'Mn', 'O', 'Sr']",4,0.3548517422293912,31.936656800645206,2.0039881757036953
mp-694888,Ba8Mn8O21,5.836073612089998,0.0,-2.4928602307688728,FM,29.9999256,0.0562596831350955,29.9999256,533.2402162301847,37,Monoclinic,Pm,True,14.41189773595094,"{'Ba': 8.0, 'Mn': 8.0, 'O': 21.0}","['Ba', 'Mn', 'O']",3,0.4049483086139118,14.983087418714737,2.0022525906461954
mp-1044379,CaFeBiO5,5.002066599944776,0.0085317283593742,-1.9432842900000011,FM,20.0017331,0.0391344870589549,5.000433275,511.102472606016,32,Monoclinic,P2_1/c,False,15.971952268938,"{'Ca': 4.0, 'Fe': 4.0, 'Bi': 4.0, 'O': 20.0}","['Bi', 'Ca', 'Fe', 'O']",4,0.3131781585443825,10.02170107342024,1.9958421183654143
mp-1210889,Mn3Co4P6(HO6)4,3.6114513944738578,0.0023208402980987,-2.211942443820738,FM,27.0000005,0.0602637456305949,27.0000005,448.0305732322837,41,Triclinic,P-1,False,10.927574956884968,"{'Mn': 3.0, 'Co': 4.0, 'P': 6.0, 'H': 4.0, 'O': 24.0}","['Co', 'H', 'Mn', 'O', 'P']",5,0.33048973891489497,13.550079295510693,1.9926083022219234
mp-1218523,Sr4Ca(FeO3)5,5.089466763867853,0.0118828993000041,-2.2122072244,FM,42.5919438,0.071744254710308,21.2959719,593.6634783088837,50,Tetragonal,P4/m,False,11.873269566177674,"{'Sr': 8.0, 'Ca': 2.0, 'Fe': 10.0, 'O': 30.0}","['Ca', 'Fe', 'O', 'Sr']",4,0.42864913792286535,21.432456896143268,1.9872637097272943
mp-20673,Mg(FeGe)6,7.314030480082618,0.0,-0.144955848846153,FM,13.6023112,0.0753417686249936,13.6023112,180.54143734936983,13,Hexagonal,P6/mmm,True,13.88780287302845,"{'Mg': 1.0, 'Fe': 6.0, 'Ge': 6.0}","['Fe', 'Ge', 'Mg']",3,0.52665137509168,6.8464678761918405,1.9867633129925546
mp-850902,CrFe3Ni2(PO4)6,3.4205628461176834,0.0396840672222333,-2.2497426110515875,FM,20.0059599,0.0454487755379947,20.0059599,440.1869943289281,36,Trigonal,R3,False,12.227416509136892,"{'Cr': 1.0, 'Fe': 3.0, 'Ni': 2.0, 'P': 6.0, 'O': 24.0}","['Cr', 'Fe', 'Ni', 'O', 'P']",5,0.27974534469825907,10.070832409137326,1.9865249551614497
mp-1076079,Sr5Ca3MnFe7O24,4.905255535275064,0.0268506356666851,-2.236814643948276,FM,33.1611864,0.0705665875216966,33.1611864,469.9275898782006,40,Monoclinic,Cm,False,11.748189746955015,"{'Sr': 5.0, 'Ca': 3.0, 'Mn': 1.0, 'Fe': 7.0, 'O': 24.0}","['Ca', 'Fe', 'Mn', 'O', 'Sr']",5,0.41753288301684477,16.701315320673793,1.985543399623818
mp-541741,Mn2Sb2O7,5.671880199075936,0.025458004999999,-1.9633571173510975,FM,60.0006269,0.0733945273069594,10.000104483333333,817.5081862583316,66,Trigonal,P3_121,False,12.386487670580784,"{'Mn': 12.0, 'Sb': 12.0, 'O': 42.0}","['Mn', 'O', 'Sb']",3,0.45790867838566135,30.22197277345365,1.985331247227623
mp-1197934,Sr2Mn3P4(HO8)2,3.528199451042044,0.0016797031481887,-2.68719868703202,FM,30.0007462,0.044146439666258,15.0003731,679.573402222289,54,Monoclinic,P2_1/c,False,12.584692633746092,"{'Sr': 4.0, 'Mn': 6.0, 'P': 8.0, 'H': 4.0, 'O': 32.0}","['H', 'Mn', 'O', 'P', 'Sr']",5,0.28035642615387446,15.139247012309221,1.9816537886994896
mp-1004758,Mn3(HO3)2,4.475213140688017,0.0169110485037826,-1.7446518578448285,FM,10.9999992,0.1127945896284606,10.9999992,97.52240099665607,11,Monoclinic,C2/m,False,8.865672817877824,"{'Mn': 3.0, 'H': 2.0, 'O': 6.0}","['H', 'Mn', 'O']",3,0.5047798664150623,5.552578530565686,1.9810614364925228
mp-1194640,Mn3V3(AgO6)2,4.614363197999881,0.0217635978333392,-1.9828435671063225,FM,28.0067027,0.0536458793772501,14.00335135,522.0662430202777,40,Monoclinic,C2/c,False,13.051656075506944,"{'Mn': 6.0, 'V': 6.0, 'Ag': 4.0, 'O': 24.0}","['Ag', 'Mn', 'O', 'V']",4,0.353546183817953,14.14184735271812,1.9804133082101893
mp-1652433,Sr4Ca(FeO3)5,5.083195736453507,0.0119465987000042,-2.212143525,FM,42.3396421,0.0712313869969799,21.16982105,594.3958679590938,50,Monoclinic,P2/m,False,11.887917359181875,"{'Sr': 8.0, 'Ca': 2.0, 'Fe': 10.0, 'O': 30.0}","['Ca', 'Fe', 'O', 'Sr']",4,0.42759346173679424,21.379673086839713,1.9803690135029344
mp-1216818,VCo5AsO10,5.027448376254871,0.0011230951470624,-1.623792046029412,FM,59.9983919,0.0782273563534825,14.999597975,766.9745559198998,68,Monoclinic,C2/m,False,11.27903758705735,"{'V': 4.0, 'Co': 20.0, 'As': 4.0, 'O': 40.0}","['As', 'Co', 'O', 'V']",4,0.4457338081773793,30.30989895606179,1.9794982486406705
mp-1222039,Mn12Zn4CN3,7.1470626271501105,0.0226374690045965,-0.3269484874250921,FM,24.9674786,0.1102256600784494,24.9674786,226.51239813152603,20,Tetragonal,P4/mmm,False,11.325619906576302,"{'Mn': 12.0, 'Zn': 4.0, 'C': 1.0, 'N': 3.0}","['C', 'Mn', 'N', 'Zn']",4,0.6310526652055591,12.621053304111182,1.9782404842444563
mp-1200109,CaFe2P2HO9,3.4706158016915687,0.0,-2.4819755738690463,FM,36.0011356,0.0524397247526439,9.0002839,686.5241144917501,60,Orthorhombic,Pbam,True,11.442068574862502,"{'Ca': 4.0, 'Fe': 8.0, 'P': 8.0, 'H': 4.0, 'O': 36.0}","['Ca', 'Fe', 'H', 'O', 'P']",5,0.3033206608564024,18.199239651384143,1.9781670162941083
mp-882498,Mn2(PO3)5,2.806975960186865,0.0440869160606078,-2.502973336321652,FM,18.0005064,0.0301425595075658,9.0002532,597.1790947441546,44,Monoclinic,P2/c,False,13.57225215327624,"{'Mn': 4.0, 'P': 10.0, 'O': 30.0}","['Mn', 'O', 'P']",3,0.2068172568919803,9.099959303247132,1.9780864727138825
mp-505811,FeCuPO5,4.258435371385066,0.046510234374999,-1.952877971517858,FM,24.0007847,0.0667968558379786,6.000196175,359.3100962448877,32,Orthorhombic,Pnma,False,11.22844050765274,"{'Fe': 4.0, 'Cu': 4.0, 'P': 4.0, 'O': 20.0}","['Cu', 'Fe', 'O', 'P']",4,0.37925439142530354,12.136140525609713,1.977629102872819
mp-770778,VCrO3,5.035548358271711,0.0129727991250021,-2.4375949319999974,FM,20.0,0.1004558924569614,5.0,199.09235298037535,20,Triclinic,P1,False,9.954617649018768,"{'V': 4.0, 'Cr': 4.0, 'O': 12.0}","['Cr', 'O', 'V']",3,0.5058505043403719,10.117010086807438,1.9768686428493298
mp-757023,VCrO3,5.035799759716051,0.0132536116250019,-2.437314119499999,FM,19.9999996,0.1004609057419395,4.9999999,199.08241372395443,20,Triclinic,P1,False,9.954120686197722,"{'V': 4.0, 'Cr': 4.0, 'O': 12.0}","['Cr', 'O', 'V']",3,0.5059010151141363,10.118020302282726,1.9766712264342658
mp-753988,VCrO3,5.037750820391613,0.0112170361250036,-2.4393506949999972,FM,19.9999992,0.1004998261140822,4.9999998,199.00531148478836,20,Triclinic,P1,False,9.95026557423942,"{'V': 4.0, 'Cr': 4.0, 'O': 12.0}","['Cr', 'O', 'V']",3,0.5062931017071561,10.125862034143122,1.9751404011394331
mp-770779,VCrO3,5.037764702564594,0.0093814436250028,-2.441186287499998,FM,20.0000003,0.1005001085818379,5.000000075,199.00476310146337,20,Triclinic,P1,False,9.950238155073167,"{'V': 4.0, 'Cr': 4.0, 'O': 12.0}","['Cr', 'O', 'V']",3,0.5062958920230538,10.125917840461076,1.9751296243076484
mp-770843,VCrO3,5.0384257081875345,0.0111874886250014,-2.439380242499999,FM,19.9999993,0.1005132901857204,4.999999825,198.9786550917356,20,Triclinic,P1,False,9.94893275458678,"{'V': 4.0, 'Cr': 4.0, 'O': 12.0}","['Cr', 'O', 'V']",3,0.5064287630112544,10.128575260225087,1.9746113136503998
mp-755281,VCrO3,5.038461712846379,0.0123088286250023,-2.4382589024999985,FM,20.0,0.1005140119730537,5.0,198.9772331977127,20,Triclinic,P1,False,9.948861659885637,"{'V': 4.0, 'Cr': 4.0, 'O': 12.0}","['Cr', 'O', 'V']",3,0.5064360009308138,10.128720018616274,1.9745831618645415
mp-770849,VCrO3,5.03848354751344,0.0111288411250018,-2.439438889999998,FM,20.0000003,0.1005144490680809,5.000000075,198.97637091413105,20,Triclinic,P1,False,9.948818545706551,"{'V': 4.0, 'Cr': 4.0, 'O': 12.0}","['Cr', 'O', 'V']",3,0.5064403903202975,10.12880780640595,1.9745660774954212
mp-1101715,VCrO3,5.03862871829143,0.0097020376250043,-2.4408656934999966,FM,20.0,0.1005173436223268,5.0,198.9706380935201,20,Triclinic,P-1,False,9.948531904676006,"{'V': 4.0, 'Cr': 4.0, 'O': 12.0}","['Cr', 'O', 'V']",3,0.506469574261824,10.12939148523648,1.9744522688406174
mp-770855,VCrO3,5.039180107476108,0.0115463321250004,-2.4390213990000005,FM,20.0000002,0.1005283444807935,5.00000005,198.9488666434879,20,Monoclinic,C2,False,9.947443332174394,"{'V': 4.0, 'Cr': 4.0, 'O': 12.0}","['Cr', 'O', 'V']",3,0.506580428679316,10.13160857358632,1.9740202214425395
mp-505526,FeMoO4,4.49268061139107,0.000448580624992,-1.8751825816666672,FM,16.0000002,0.0501533586883536,4.00000005,319.02150959463944,24,Monoclinic,C2/m,False,13.292562899776645,"{'Fe': 4.0, 'Mo': 4.0, 'O': 16.0}","['Fe', 'Mo', 'O']",3,0.3379845290381557,8.111628696915737,1.9724768967893755
mp-530945,Sr16Fe16O47,5.268349396066185,0.0030121153164657,-2.239842744240505,FM,67.5045714,0.0702793135408438,67.5045714,960.518365916718,79,Tetragonal,I4/mmm,False,12.15846032805972,"{'Sr': 16.0, 'Fe': 16.0, 'O': 47.0}","['Fe', 'O', 'Sr']",3,0.43330728183631145,34.231275265068604,1.9720145065376873
mp-19218,Sr3Fe2O5,5.259233491818961,0.019960033500002,-2.4403017864999996,FM,7.2234562,0.0503314685594843,7.2234562,143.51769194779106,10,Orthorhombic,Immm,False,14.351769194779106,"{'Sr': 3.0, 'Fe': 2.0, 'O': 5.0}","['Fe', 'O', 'Sr']",3,0.3664519280126221,3.664519280126221,1.971187937030364
mp-768621,MnV(PO4)2,3.2185541833726465,0.0084187225000089,-2.584639201434728,FM,17.9561742,0.0392169142083757,5.9853914,457.86810519031184,36,Trigonal,R3,False,12.718558477508662,"{'Mn': 3.0, 'V': 3.0, 'P': 6.0, 'O': 24.0}","['Mn', 'O', 'P', 'V']",4,0.2530596678125353,9.110148041251271,1.9710079483553302
mp-1076424,Sr3Ca(FeO3)4,5.048118551231875,0.0151110273749992,-2.2092559030000003,FM,16.8349491,0.0712491780861972,16.8349491,236.28271303892208,20,Tetragonal,P4/mmm,False,11.814135651946104,"{'Sr': 3.0, 'Ca': 1.0, 'Fe': 4.0, 'O': 12.0}","['Ca', 'Fe', 'O', 'Sr']",4,0.42729478481993854,8.545895696398771,1.969945538545974
mp-1222215,Mg3Fe3(PO4)4,3.047897978547019,0.0019554821153837,-2.6750879451373626,FM,11.9997861,0.0355057126202971,11.9997861,337.96775826829077,26,Triclinic,P1,False,12.9987599333958,"{'Mg': 3.0, 'Fe': 3.0, 'P': 4.0, 'O': 16.0}","['Fe', 'Mg', 'O', 'P']",4,0.23447605726731696,6.096377488950241,1.9683469604285102
mp-1195269,Ca2Co2O5,4.170781674833248,0.0109887433333231,-2.1848040225000003,FM,47.999523,0.0542051071289682,5.999940375,885.5166153587053,72,Orthorhombic,Pbcm,False,12.298841879982016,"{'Ca': 16.0, 'Co': 16.0, 'O': 40.0}","['Ca', 'Co', 'O']",3,0.33911987124753135,24.416630729822256,1.965853664706237
mp-757454,Mn6PbO12,5.841300350628161,0.0,-1.8543424330309688,FM,39.9998586,0.0965312612182426,19.9999293,414.37207071775777,38,Monoclinic,C2/m,True,10.9045281767831,"{'Mn': 12.0, 'Pb': 2.0, 'O': 24.0}","['Mn', 'O', 'Pb']",3,0.5356765791173717,20.35571000646012,1.9650436456063474
mp-1191089,Mg3MnNi2,4.342739111676082,0.0002301782383451,-0.1368727384051725,FM,13.0839609,0.0348821186769418,3.270990225,375.0907741922488,24,Cubic,Fd-3m,False,15.628782258010366,"{'Mg': 12.0, 'Mn': 4.0, 'Ni': 8.0}","['Mg', 'Mn', 'Ni']",3,0.2778680411553022,6.668832987727253,1.9619566008143547
mp-24102,VFeH2O5,3.1422854355483283,0.0112426650694423,-1.805031254166667,FM,10.0,0.0501147969370212,5.0,199.5418641038674,18,Triclinic,P-1,False,11.085659116881525,"{'V': 2.0, 'Fe': 2.0, 'H': 4.0, 'O': 10.0}","['Fe', 'H', 'O', 'V']",4,0.28345499373719474,5.102189887269505,1.9599427345797225
mp-774614,Cr(PO3)2,2.963962923648932,0.0245184837611169,-2.5376874147817454,FM,31.9996839,0.0340082376979094,3.9999604875,940.9391978569678,72,Orthorhombic,Pbca,False,13.068599970235663,"{'Cr': 8.0, 'P': 16.0, 'O': 48.0}","['Cr', 'O', 'P']",3,0.22680034054141177,16.329624518981646,1.9596092894116084
mp-561583,Co7(AsO6)2,5.520750410275776,0.0079463445238099,-1.4568942997619057,FM,42.0001386,0.0925520996318962,21.0000693,453.7999544801841,42,Monoclinic,C2/m,False,10.804760820956764,"{'Co': 14.0, 'As': 4.0, 'O': 24.0}","['As', 'Co', 'O']",3,0.5109553558620016,21.460124946204065,1.9571246069296124
mp-557821,Ca3Cr3(PO4)4,3.143562411169428,0.0,-2.910920005906593,FM,23.9987587,0.0346223550748524,11.99937935,693.1578931622475,52,Triclinic,P-1,True,13.329959483889375,"{'Ca': 6.0, 'Cr': 6.0, 'P': 8.0, 'O': 32.0}","['Ca', 'Cr', 'O', 'P']",4,0.23582685416026553,12.262996416333808,1.9570060925757622
mp-704327,Mn7(PbO5)3,6.504978748735272,0.0101160596001115,-1.8247138101206897,FM,199.9999996,0.0785893905099595,24.99999995,2544.872765932117,200,Orthorhombic,Pnma,False,12.724363829660586,"{'Mn': 56.0, 'Pb': 24.0, 'O': 120.0}","['Mn', 'O', 'Pb']",3,0.5112223161657888,102.24446323315777,1.9560961373910388
mp-1190340,Ba3TaFe3(SiO7)2,5.005620508589743,0.0,-2.862215714666666,FM,15.0002509,0.0434522704246853,15.0002509,345.2121316882518,23,Trigonal,P321,True,15.009223116880516,"{'Ba': 3.0, 'Ta': 1.0, 'Fe': 3.0, 'Si': 2.0, 'O': 14.0}","['Ba', 'Fe', 'O', 'Si', 'Ta']",5,0.33350297144693924,7.670568343279602,1.9555592530691857
mp-735662,Fe4As10PbO22,4.360501671495525,0.0,-1.6592445072972974,FM,39.9939559,0.0342810833728716,19.99697795,1166.6479575627793,74,Triclinic,P-1,True,15.765512940037558,"{'Fe': 8.0, 'As': 20.0, 'Pb': 2.0, 'O': 44.0}","['As', 'Fe', 'O', 'Pb']",4,0.27658482715280036,20.467277209307227,1.9540437885804016
mp-29159,MnHO2,4.325623180686886,0.007685832421874,-1.731015192295259,FM,15.9999997,0.1184812091040733,3.999999925,135.04250860527324,16,Monoclinic,P2_1/c,False,8.440156787829578,"{'Mn': 4.0, 'H': 4.0, 'O': 8.0}","['H', 'Mn', 'O']",3,0.5125050741858599,8.200081186973758,1.9512001570687867
mp-1218639,Sr5Mn4CO13,4.7539912581234836,0.0,-2.5992830461619207,FM,15.9994847,0.0521786032542983,15.9994847,306.62922543220805,23,Monoclinic,Pm,True,13.331705453574262,"{'Sr': 5.0, 'Mn': 4.0, 'C': 1.0, 'O': 13.0}","['C', 'Mn', 'O', 'Sr']",4,0.35659288113426835,8.201636266088173,1.9507674055424877
mp-1076410,Sr2Ca2Mn(FeO4)3,4.788145016979325,0.0441408147083439,-2.2588228141465523,FM,32.1609037,0.0692199376665226,16.08045185,464.6190791869812,40,Monoclinic,Pm,False,11.61547697967453,"{'Sr': 4.0, 'Ca': 4.0, 'Mn': 2.0, 'Fe': 6.0, 'O': 24.0}","['Ca', 'Fe', 'Mn', 'O', 'Sr']",5,0.41222112749721024,16.488845099888408,1.9504642990561938
mp-1666600,BaSr4(FeO3)5,5.431872318564233,0.0047497420666609,-2.2036928016000004,FM,42.9998456,0.0698389924884146,21.4999228,615.6996839141556,50,Tetragonal,P4mm,False,12.313993678283111,"{'Ba': 2.0, 'Sr': 8.0, 'Fe': 10.0, 'O': 30.0}","['Ba', 'Fe', 'O', 'Sr']",4,0.44111378164371257,22.05568908218563,1.949603362641295
mp-1080246,Mn6HO12,4.8410011881176604,0.0327905766063549,-1.7720895791492763,FM,37.9998834,0.1059851080015221,18.9999417,358.53983749730423,38,Monoclinic,Cc,False,9.435258881508004,"{'Mn': 12.0, 'H': 2.0, 'O': 24.0}","['H', 'Mn', 'O']",3,0.513075608090145,19.496873107425507,1.949024502063744
mp-1075969,Sr6Ca2MnFe7O24,5.035975502640555,0.021256775729185,-2.241716487198276,FM,33.145871,0.0700157614223513,33.145871,473.4058492923672,40,Orthorhombic,Cmm2,False,11.835146232309182,"{'Sr': 6.0, 'Ca': 2.0, 'Mn': 1.0, 'Fe': 7.0, 'O': 24.0}","['Ca', 'Fe', 'Mn', 'O', 'Sr']",5,0.42551020526410294,17.020408210564117,1.947419273964724
mp-1310203,Co3(PO4)2,4.083765404846484,0.0202086826923082,-2.1357956691758235,FM,18.0000266,0.0603522997788402,9.0000133,298.24922440339043,26,Triclinic,P-1,False,11.471124015515016,"{'Co': 6.0, 'P': 4.0, 'O': 16.0}","['Co', 'O', 'P']",3,0.35600394515158906,9.256102573941316,1.9446658521995461
mp-1176488,Mn2HgO4,7.228237895778652,0.0085772956249998,-1.61138187333744,FM,15.9999997,0.0929958580351414,7.99999985,172.05067019171855,14,Tetragonal,I4_1/amd,False,12.289333585122751,"{'Mn': 4.0, 'Hg': 2.0, 'O': 8.0}","['Hg', 'Mn', 'O']",3,0.5881716730782725,8.234403423095815,1.9430672603583252
mp-555385,CaMnB2O5,3.221347416741732,0.0045110076388823,-2.8805277888904848,FM,40.0005231,0.0493291042190212,5.0000653875,810.8909280492439,72,Monoclinic,P2_1/c,False,11.262374000683945,"{'Ca': 8.0, 'Mn': 8.0, 'B': 16.0, 'O': 40.0}","['B', 'Ca', 'Mn', 'O']",4,0.28602738787986487,20.59397192735027,1.9423413434334365
mp-18551,Cr3BO6,4.4976517487983,0.0220655067500015,-2.471287666166667,FM,36.0017433,0.0927645435464423,9.000435825,388.0981021803423,40,Orthorhombic,Pnma,False,9.702452554508556,"{'Cr': 12.0, 'B': 4.0, 'O': 24.0}","['B', 'Cr', 'O']",3,0.4635582316461132,18.54232926584453,1.9415976700573527
mp-1666361,Ba4Sr(FeO3)5,5.891171374485068,0.0107629022666699,-2.1540585813999997,FM,43.8596179,0.06729386568368,21.92980895,651.7624965426339,50,Tetragonal,I4/mmm,False,13.03524993085268,"{'Ba': 8.0, 'Sr': 2.0, 'Fe': 10.0, 'O': 30.0}","['Ba', 'Fe', 'O', 'Sr']",4,0.4519415742494863,22.597078712474314,1.9409419446677452
mp-21522,FeNi2BO5,5.011884543232638,0.0,-1.8349809712962957,FM,36.0008326,0.102880986080378,9.00020815,349.9269784591056,36,Orthorhombic,Pbam,True,9.720193846086268,"{'Fe': 4.0, 'Ni': 8.0, 'B': 4.0, 'O': 20.0}","['B', 'Fe', 'Ni', 'O']",4,0.5156156988834765,18.562165159805154,1.9394737785200216
mp-583252,Mn7(PbO5)3,6.541261974398235,0.0055458783001114,-1.8292839914206889,FM,100.0000001,0.0790277436918763,25.000000025,1265.3784029301542,100,Hexagonal,P6_3/mcm,False,12.65378402930154,"{'Mn': 28.0, 'Pb': 12.0, 'O': 60.0}","['Mn', 'O', 'Pb']",3,0.5169411742172193,51.69411742172193,1.9344560868347445
mp-1643334,BaSr4(FeO3)5,5.462788271616989,0.00687423286666,-2.201568310800001,FM,43.0231397,0.0702745357974452,21.51156985,612.2152101296989,50,Orthorhombic,Immm,False,12.24430420259398,"{'Ba': 2.0, 'Sr': 8.0, 'Fe': 10.0, 'O': 30.0}","['Ba', 'Fe', 'O', 'Sr']",4,0.446149342684551,22.307467134227547,1.9286429714822837
mp-23821,MnH4(CO3)2,2.137504283128031,0.0391180613461541,-1.5299608748408486,FM,10.016029,0.0360164178604182,5.0080145,278.0962015383416,26,Monoclinic,C2/c,False,10.696007751474676,"{'Mn': 2.0, 'H': 8.0, 'C': 4.0, 'O': 12.0}","['C', 'H', 'Mn', 'O']",4,0.19984131769475671,5.1958742600636745,1.9276888736482347
mp-1228328,Ba4Sr(FeO3)5,5.936821376351358,0.0085239918666699,-2.1562974917999997,FM,22.1157906,0.0683904440885318,22.1157906,323.3754495199795,25,Tetragonal,P4/mmm,False,12.93501798079918,"{'Ba': 4.0, 'Sr': 1.0, 'Fe': 5.0, 'O': 15.0}","['Ba', 'Fe', 'O', 'Sr']",4,0.4589727965716021,11.474319914290053,1.927416244727247
mp-1651542,Ba4Sr(FeO3)5,5.902032232965029,0.0108480222666704,-2.1539734613999997,FM,43.7027914,0.0671768647614169,21.8513957,650.5631299587039,50,Tetragonal,I4mm,False,13.01126259917408,"{'Ba': 8.0, 'Sr': 2.0, 'Fe': 10.0, 'O': 30.0}","['Ba', 'Fe', 'O', 'Sr']",4,0.45360949315861737,22.68047465793087,1.9268905108526062
mp-775990,Fe3Ni2Sn(PO4)6,3.5981772503466924,0.0368791072453715,-2.2613073489682542,FM,19.9999647,0.0445189165167305,19.9999647,449.2464387017116,36,Trigonal,R3,False,12.47906774171421,"{'Fe': 3.0, 'Ni': 2.0, 'Sn': 1.0, 'P': 6.0, 'O': 24.0}","['Fe', 'Ni', 'O', 'P', 'Sn']",5,0.2883370236318969,10.380132850748288,1.9267542128382522
mp-1221737,MnFe3P2,6.9181186548033295,0.0096176534722207,-0.4972268595361255,FM,21.0761267,0.1029076008742665,7.025375566666667,204.80631674380396,18,Monoclinic,Pm,False,11.37812870798911,"{'Mn': 3.0, 'Fe': 9.0, 'P': 6.0}","['Fe', 'Mn', 'P']",3,0.6080190189750445,10.9443423415508,1.92575543072911
mp-756184,MnCoO4,4.129154612891366,0.0309223565277783,-1.4165579354885065,FM,8.0002037,0.0559220680405416,4.00010185,143.05986849771227,12,Monoclinic,P2_1,False,11.921655708142689,"{'Mn': 2.0, 'Co': 2.0, 'O': 8.0}","['Co', 'Mn', 'O']",3,0.34635747869073963,4.156289744288875,1.9248426342251563
mp-1278986,MnBO3,3.967412828419059,0.0323374645520715,-2.3967540239195406,FM,15.9999413,0.0840186707843402,3.999985325,190.43316385079183,20,Triclinic,P-1,False,9.521658192539594,"{'Mn': 4.0, 'B': 4.0, 'O': 12.0}","['B', 'Mn', 'O']",3,0.416672469037757,8.333449380755141,1.919966219144437
mp-555830,Mg3Mn3(BO5)2,3.815416792394213,0.01663458027779,-2.6314556642848013,FM,25.9986733,0.071226642148236,12.99933665,365.0133224853119,36,Monoclinic,P2_1/m,False,10.13925895792533,"{'Mg': 6.0, 'Mn': 6.0, 'B': 4.0, 'O': 20.0}","['B', 'Mg', 'Mn', 'O']",4,0.376301345909693,13.546848452748948,1.9191676492641583
mp-777460,MnPO4,3.7979151189436102,0.0016826133333331,-2.442035590428984,FM,16.0000024,0.0610277455036472,4.0000006,262.17587210466064,24,Orthorhombic,Pnma,False,10.923994671027527,"{'Mn': 4.0, 'P': 4.0, 'O': 16.0}","['Mn', 'O', 'P']",3,0.34766724383493064,8.344013852038335,1.917542645988226
mp-1257214,Ca2AlFeO5,3.606506721350567,0.0234169008134905,-2.921796394444445,FM,10.0000001,0.0446928400789412,5.00000005,223.74948833721336,18,Orthorhombic,Ima2,False,12.430527129845188,"{'Ca': 4.0, 'Al': 2.0, 'Fe': 2.0, 'O': 10.0}","['Al', 'Ca', 'Fe', 'O']",4,0.290133047752375,5.222394859542749,1.914830335306273
mp-1197400,Mn7(PbO5)3,6.574665647135384,0.0,-1.8348298697206895,FM,99.9980113,0.0794297278152731,24.999502825,1258.9494393404163,100,Orthorhombic,Cmc2_1,True,12.589494393404165,"{'Mn': 28.0, 'Pb': 12.0, 'O': 60.0}","['Mn', 'O', 'Pb']",3,0.5222342885016856,52.22342885016856,1.9148112925885992
mp-2221742,MnMoO4,5.089691644541198,0.0320740733333018,-2.0516781771551726,FM,10.0057944,0.071363601488242,5.0028972,140.20865246898404,12,Monoclinic,P2,False,11.684054372415336,"{'Mn': 2.0, 'Mo': 2.0, 'O': 8.0}","['Mn', 'Mo', 'O']",3,0.4356100615688126,5.227320738825751,1.9141343911962956
mp-756893,MnV4CoO12,3.304319251265772,0.0280382888888865,-2.2164301448850576,FM,8.0007498,0.0312398235661906,8.0007498,256.1073939181538,18,Monoclinic,C2,False,14.228188551008545,"{'Mn': 1.0, 'V': 4.0, 'Co': 1.0, 'O': 12.0}","['Co', 'Mn', 'O', 'V']",4,0.2322375219740499,4.180275395532898,1.9139288785972606
mp-1228283,Ba3Ti(FeO4)2,5.565645080820995,0.0263136221428572,-2.717780902738095,FM,20.0021202,0.047918599444924,10.0010601,417.4187148977449,28,Orthorhombic,Ama2,False,14.907811246348032,"{'Ba': 6.0, 'Ti': 2.0, 'Fe': 4.0, 'O': 16.0}","['Ba', 'Fe', 'O', 'Ti']",4,0.3733375066835792,10.453450187140216,1.9134467416897927
mp-761288,MnBO3,3.975014904521697,0.0444202750520723,-2.3846712134195407,FM,8.0000055,0.0841800281330719,4.00000275,95.0344835636498,10,Trigonal,R-3c,False,9.50344835636498,"{'Mn': 2.0, 'B': 2.0, 'O': 6.0}","['B', 'Mn', 'O']",3,0.4182707955538488,4.182707955538488,1.9126378377450135
mp-2767267,MnPO4,3.8041240428322785,0.0,-2.4437182037623173,FM,7.9999994,0.0611275013906855,3.9999997,130.8739800907194,12,Monoclinic,C2/c,True,10.906165007559949,"{'Mn': 2.0, 'P': 2.0, 'O': 8.0}","['Mn', 'O', 'P']",3,0.3488049227382248,4.185659072858697,1.9112878666766826
mp-1229078,Al2Fe(PO4)3,2.300593401098846,0.0155898568981438,-2.8530535985515875,FM,10.0000365,0.0175497465546047,5.00001825,569.8108784013282,36,Triclinic,P1,False,15.82807995559245,"{'Al': 4.0, 'Fe': 2.0, 'P': 6.0, 'O': 24.0}","['Al', 'Fe', 'O', 'P']",4,0.14534886148878653,5.232559013596315,1.9111177674281055
mp-1210634,MgFeBO4,3.70495769859604,0.0085919941071335,-2.5394946141666668,FM,19.9745033,0.0719009235802956,4.993625825,277.8059349640119,28,Orthorhombic,Pnma,False,9.921640534428995,"{'Mg': 4.0, 'Fe': 4.0, 'B': 4.0, 'O': 16.0}","['B', 'Fe', 'Mg', 'O']",4,0.37342188378418867,10.455812745957283,1.9103730896216649
mp-1075955,Sr5Ca3Fe7CoO24,4.954859496250621,0.030964127083326,-2.1709468247499997,FM,32.4583227,0.0695691562891356,32.4583227,466.561971300907,40,Monoclinic,Cm,False,11.664049282522674,"{'Sr': 5.0, 'Ca': 3.0, 'Fe': 7.0, 'Co': 1.0, 'O': 24.0}","['Ca', 'Co', 'Fe', 'O', 'Sr']",5,0.42479754468072645,16.991901787229057,1.9102230642832072
mp-649813,Mn7(PbO5)3,6.586106313163346,0.0115683543001114,-1.8232615154206897,FM,100.0066007,0.0795747791209526,25.001650175,1256.7625295948517,100,Orthorhombic,Cmcm,False,12.567625295948517,"{'Mn': 28.0, 'Pb': 12.0, 'O': 60.0}","['Mn', 'O', 'Pb']",3,0.5240533639466908,52.40533639466908,1.9083285707173356
mp-542161,Mn3Ag2(P2O7)2,4.240498792780946,0.0,-2.3133287526390363,FM,30.0007828,0.052586992126858,15.0003914,570.4981704910543,46,Triclinic,P-1,True,12.402134141109878,"{'Mn': 6.0, 'Ag': 4.0, 'P': 8.0, 'O': 28.0}","['Ag', 'Mn', 'O', 'P']",4,0.3419168624152182,15.728175671100036,1.9074547123176766
mp-756099,Mn3Sn(PO4)4,3.6113858906194434,0.020059935972208,-2.452014197390189,FM,13.0042878,0.0426314035003078,13.0042878,305.04010499926665,24,Monoclinic,Pm,False,12.710004374969444,"{'Mn': 3.0, 'Sn': 1.0, 'P': 4.0, 'O': 16.0}","['Mn', 'O', 'P', 'Sn']",4,0.2841372657378118,6.819294377707482,1.9069843710679923
mp-1182626,Fe6P4H17O27,2.804704799683313,0.0179501041666796,-1.775233354533729,FM,57.9999817,0.0539398803898431,28.99999085,1075.2708623158426,108,Monoclinic,C2/c,False,9.956211688109654,"{'Fe': 12.0, 'P': 8.0, 'H': 34.0, 'O': 54.0}","['Fe', 'H', 'O', 'P']",4,0.28170401429219016,30.424033543556536,1.9063869889889644
mp-1076796,Sr5Ca3Mn4(FeO6)4,4.913651829962451,0.0497586554166726,-2.3262456810431025,FM,31.9998815,0.0683458638601824,31.9998815,468.2050923441875,40,Monoclinic,Cm,False,11.70512730860469,"{'Sr': 5.0, 'Ca': 3.0, 'Mn': 4.0, 'Fe': 4.0, 'O': 24.0}","['Ca', 'Fe', 'Mn', 'O', 'Sr']",5,0.41978627830474946,16.791451132189977,1.9057246004578348
mp-1099701,Sr7CaMnFe7O24,5.1721268279108745,0.013698306666666,-2.248350854198275,FM,33.1104913,0.0695295454317624,33.1104913,476.2075042255991,40,Trigonal,R3m,False,11.905187605639975,"{'Sr': 7.0, 'Ca': 1.0, 'Mn': 1.0, 'Fe': 7.0, 'O': 24.0}","['Ca', 'Fe', 'Mn', 'O', 'Sr']",5,0.43444311834788946,17.377724733915578,1.9053409929655094
mp-606338,BaCa4(CoN2)2,3.6865746271670896,0.0,-0.7755392931818189,FM,15.9953517,0.0188276617774198,3.998837925,849.5665520815402,44,Tetragonal,P4/ncc,True,19.308330729125913,"{'Ba': 4.0, 'Ca': 16.0, 'Co': 8.0, 'N': 16.0}","['Ba', 'Ca', 'Co', 'N']",4,0.1909318148153546,8.400999851875602,1.9039819047763569
mp-2227413,Ba2MgMnO4,5.3376269682842405,0.0290713440625003,-2.652216966616379,FM,5.0,0.0384593835769043,5.0,130.0072839181594,8,Tetragonal,P4mm,False,16.250910489769925,"{'Ba': 2.0, 'Mg': 1.0, 'Mn': 1.0, 'O': 4.0}","['Ba', 'Mg', 'Mn', 'O']",4,0.32845094874187625,2.62760758993501,1.9028716537250023
mp-2900514,Sr2Co2O5,5.274456547720492,0.0425047833333316,-2.0886595170833337,FM,13.8383231,0.0589050998450729,6.91916155,234.9257218202899,18,Monoclinic,C2,False,13.051428990016108,"{'Sr': 4.0, 'Co': 4.0, 'O': 10.0}","['Co', 'O', 'Sr']",3,0.4041286629805264,7.274315933649476,1.9023538744016864
mp-1076597,Sr7CaMn2(FeO4)6,5.169448468373368,0.0205550313125097,-2.276893203396551,FM,33.0416913,0.069391570197374,33.0416913,476.1628999894048,40,Orthorhombic,Amm2,False,11.90407249973512,"{'Sr': 7.0, 'Ca': 1.0, 'Mn': 2.0, 'Fe': 6.0, 'O': 24.0}","['Ca', 'Fe', 'Mn', 'O', 'Sr']",5,0.4342588192812497,17.370352771249987,1.9021888464284935
mp-603888,Sr5Mn5O13,5.375621161380686,0.0020482110144852,-2.554798135854574,FM,18.9999991,0.066799946690647,18.9999991,284.4313512402888,23,Tetragonal,P4/m,False,12.366580488708207,"{'Sr': 5.0, 'Mn': 5.0, 'O': 13.0}","['Mn', 'O', 'Sr']",3,0.43468937644396594,9.997855658211217,1.9004074223051364
mp-1212719,Fe5SiC,7.259345272719442,0.0186483967857125,-0.1551051289285721,FM,37.0002269,0.1266382785403686,9.250056725,292.17253524340515,28,Orthorhombic,Cmc2_1,False,10.434733401550185,"{'Fe': 20.0, 'Si': 4.0, 'C': 4.0}","['C', 'Fe', 'Si']",3,0.6956905359595477,19.479335006867334,1.8994604737254004
mp-19477,Mn2Al4Si5O18,2.594640686382397,0.0,-3.1789881819262793,FM,19.9981589,0.0241773367490669,9.99907945,827.1448219279887,58,Orthorhombic,Cccm,True,14.26111761944808,"{'Mn': 4.0, 'Al': 8.0, 'Si': 10.0, 'O': 36.0}","['Al', 'Mn', 'O', 'Si']",4,0.18193810300281446,10.552409974163238,1.8951271746419964
mp-744374,Fe6P4H17O27,2.816819598677797,0.0164375809259391,-1.7767458777744698,FM,57.9998599,0.054172757567137,28.99992995,1070.6462529274045,108,Monoclinic,C2/c,False,9.9133912308093,"{'Fe': 12.0, 'P': 8.0, 'H': 34.0, 'O': 54.0}","['Fe', 'H', 'O', 'P']",4,0.2841428864346192,30.687431734938876,1.8900200056156808
mp-1227727,BaSr4(FeO3)5,5.458857847136344,0.0039344114666599,-2.204508132200001,FM,21.0459576,0.0687039945582435,21.0459576,306.32800516654646,25,Orthorhombic,Cmmm,False,12.253120206661858,"{'Ba': 1.0, 'Sr': 4.0, 'Fe': 5.0, 'O': 15.0}","['Ba', 'Fe', 'O', 'Sr']",4,0.4455075731786615,11.137689329466538,1.8896161472487436
mp-1075935,BaSr7Fe7CoO24,5.4221050254432,0.0323599193749997,-2.168732366999999,FM,33.7504296,0.0695513671603558,33.7504296,485.2590391528302,40,Trigonal,R3m,False,12.131475978820756,"{'Ba': 1.0, 'Sr': 7.0, 'Fe': 7.0, 'Co': 1.0, 'O': 24.0}","['Ba', 'Co', 'Fe', 'O', 'Sr']",5,0.44694520558826983,17.877808223530792,1.8878393356730185
mp-22124,Fe2WO6,6.532429660595093,0.0298801973611109,-1.8922197127777785,FM,39.9998322,0.1004761003384333,9.99995805,398.1029524958542,36,Orthorhombic,Pbcn,False,11.05841534710706,"{'Fe': 8.0, 'W': 4.0, 'O': 24.0}","['Fe', 'O', 'W']",3,0.5907202302999056,21.2659282907966,1.8809351584859333
mp-1227739,BaSr4(FeO3)5,5.487589884668068,0.0036719630666599,-2.204770580600001,FM,42.2814734,0.0693766421949112,21.1407367,609.4482532206112,50,Tetragonal,P4/mmm,False,12.188965064412224,"{'Ba': 2.0, 'Sr': 8.0, 'Fe': 10.0, 'O': 30.0}","['Ba', 'Fe', 'O', 'Sr']",4,0.4502096655186935,22.510483275934675,1.8783014510044722
mp-542803,V6Zn3(FeO6)4,3.787289422609966,0.0070791192567423,-2.0898772435135142,FM,20.0047068,0.0411325314810736,20.0047068,486.347571610194,37,Triclinic,P-1,False,13.144528962437676,"{'V': 6.0, 'Zn': 3.0, 'Fe': 4.0, 'O': 24.0}","['Fe', 'O', 'V', 'Zn']",4,0.28812667486470406,10.66068696999405,1.8764932181486955
mp-27010,Co3(P2O7)2,3.404482524742515,0.0409533905555488,-2.1807582218367347,FM,22.000718,0.0429842348936559,11.000359,511.8322579064237,42,Monoclinic,P2_1/c,False,12.186482331105326,"{'Co': 6.0, 'P': 8.0, 'O': 28.0}","['Co', 'O', 'P']",3,0.27936548318399973,11.73335029372799,1.8750584828069428
mp-27188,Ba2Cr7O14,5.099817118074547,0.0452635103260874,-2.4180033886956527,FM,18.0024886,0.0640942959917125,18.0024886,280.8750501343791,23,Trigonal,R-3m,False,12.211958701494742,"{'Ba': 2.0, 'Cr': 7.0, 'O': 14.0}","['Ba', 'Cr', 'O']",3,0.41760844781192474,9.604994299674269,1.8742841524237566
mp-21856,Co2SiO4,4.77372549455151,0.0001818284523809,-2.1292208310714296,FM,24.0000004,0.0821570388002191,6.0000001,292.12348388505933,28,Orthorhombic,Pnma,False,10.432981567323548,"{'Co': 8.0, 'Si': 4.0, 'O': 16.0}","['Co', 'O', 'Si']",3,0.45756100149769074,12.81170804193534,1.873286553318503
mp-1077660,Sr8Fe7CoO24,5.333348574021966,0.0145238199193551,-2.18056368325,FM,33.4463223,0.0699921294334332,33.4463223,477.8583330831427,40,Cubic,Pm-3m,False,11.946458327078568,"{'Sr': 8.0, 'Fe': 7.0, 'Co': 1.0, 'O': 24.0}","['Co', 'Fe', 'O', 'Sr']",4,0.4464376326440677,17.857505305762707,1.872956033181561
mp-685142,Co7(SbO6)2,5.985435848969272,0.0,-1.528850798571428,FM,41.9958124,0.0892490683485183,20.9979062,470.5462272839195,42,Monoclinic,C2/c,True,11.203481601998083,"{'Co': 14.0, 'Sb': 4.0, 'O': 24.0}","['Co', 'O', 'Sb']",3,0.5342478402340394,22.438409289829654,1.8716038136907887
mp-1099685,BaSr7(FeO3)8,5.3991452415470285,0.0044747471666646,-2.209420429000001,FM,33.2125767,0.068286253830066,33.2125767,486.3728032680083,40,Cubic,Pm-3m,False,12.159320081700209,"{'Ba': 1.0, 'Sr': 7.0, 'Fe': 8.0, 'O': 24.0}","['Ba', 'Fe', 'O', 'Sr']",4,0.44403348256887726,17.76133930275509,1.8699365027528165
mp-6480,Mn3Al2(SiO4)3,4.060923553962859,0.0095273688999988,-2.9556334624396543,FM,60.0006094,0.0741042176985065,15.00015235,809.6787371012115,80,Cubic,Ia-3d,False,10.120984213765144,"{'Mn': 12.0, 'Al': 8.0, 'Si': 12.0, 'O': 48.0}","['Al', 'Mn', 'O', 'Si']",4,0.40123800889243166,32.09904071139454,1.869233723819695
mp-776159,NbFe3Ni2(PO4)6,3.5132476501653116,0.0330181499073942,-2.3960590518849205,FM,18.9997448,0.0424186220036194,18.9997448,447.9104672089252,36,Trigonal,R3,False,12.441957422470145,"{'Nb': 1.0, 'Fe': 3.0, 'Ni': 2.0, 'P': 6.0, 'O': 24.0}","['Fe', 'Nb', 'Ni', 'O', 'P']",5,0.28237097515061377,10.165355105422096,1.8690684784701452
mp-862748,Sr2MnZn2(AsO)2,5.41826049789513,0.0004643511111135,-1.5034265781034482,FM,4.9298525,0.0296329187873025,4.9298525,166.3640539558457,9,Tetragonal,I4/mmm,False,18.484894883982857,"{'Sr': 2.0, 'Mn': 1.0, 'Zn': 2.0, 'As': 2.0, 'O': 2.0}","['As', 'Mn', 'O', 'Sr', 'Zn']",5,0.29311827478067226,2.6380644730260503,1.8687384445707285
mp-1076445,Sr8MnFe7O24,5.308885708515762,0.0027605295624999,-2.2547600524482747,FM,33.1099434,0.0691503920894436,33.1099434,478.8106386609264,40,Cubic,Pm-3m,False,11.97026596652316,"{'Sr': 8.0, 'Mn': 1.0, 'Fe': 7.0, 'O': 24.0}","['Fe', 'Mn', 'O', 'Sr']",4,0.44350607775657985,17.740243110263194,1.8663748401984994
mp-562339,Co3P2H2O9,3.4740054942435084,0.0115362698437451,-1.9802178272991071,FM,36.0008081,0.048938028131544,9.000202025,735.640757801496,64,Monoclinic,P2_1/c,False,11.494386840648374,"{'Co': 12.0, 'P': 8.0, 'H': 8.0, 'O': 36.0}","['Co', 'H', 'O', 'P']",4,0.3022349554095525,19.34303714621136,1.8611765995109684
mp-758851,VFe3Ni2(PO4)6,3.4425487276681164,0.0313838287499876,-2.3118037832738096,FM,18.9988025,0.0434887522945935,18.9988025,436.8670402705924,36,Trigonal,R3,False,12.13519556307201,"{'V': 1.0, 'Fe': 3.0, 'Ni': 2.0, 'P': 6.0, 'O': 24.0}","['Fe', 'Ni', 'O', 'P', 'V']",5,0.28368300368755156,10.212588132751856,1.8603318035582657
mp-1076592,BaSr7MnFe7O24,5.415300554492435,0.0140848062083325,-2.242268337948276,FM,33.2572312,0.0686220211915795,33.2572312,484.6437138182243,40,Trigonal,R3m,False,12.116092845455608,"{'Ba': 1.0, 'Sr': 7.0, 'Mn': 1.0, 'Fe': 7.0, 'O': 24.0}","['Ba', 'Fe', 'Mn', 'O', 'Sr']",5,0.4469510611684984,17.878042446739936,1.8602277793598405
mp-34591,NbFeO4,5.137496718773393,0.0468485770833346,-2.44704690125,FM,20.000851,0.0727149075047256,5.00021275,275.0584671884534,24,Orthorhombic,Pna2_1,False,11.46076946618556,"{'Nb': 4.0, 'Fe': 4.0, 'O': 16.0}","['Fe', 'Nb', 'O']",3,0.4482680446484266,10.758433071562239,1.8590858786739344
mp-1076439,Ba2Co2O5,5.591873697998324,0.0394983519444522,-2.054551607222222,FM,12.0000902,0.0427607165233083,6.0000451,280.6335154243477,18,Orthorhombic,Ima2,False,15.590750856908208,"{'Ba': 4.0, 'Co': 4.0, 'O': 10.0}","['Ba', 'Co', 'O']",3,0.35866609307790864,6.455989675402355,1.8587530035435074
mp-1286142,BaFe2(PO4)2,4.312112892179461,0.0003802900000149,-2.635138728021978,FM,15.9999529,0.0473265731115951,7.99997645,338.07545841682673,26,Triclinic,P-1,False,13.002902246801028,"{'Ba': 2.0, 'Fe': 4.0, 'P': 4.0, 'O': 16.0}","['Ba', 'Fe', 'O', 'P']",4,0.3316269560697748,8.622300857814146,1.8556477167576098
mp-1094055,Sr3Ca(FeO3)4,5.0738141627524005,0.0132130053749994,-2.2111539250000005,FM,15.999275,0.0680570884079741,15.999275,235.0860927827378,20,Monoclinic,Pm,False,11.75430463913689,"{'Sr': 3.0, 'Ca': 1.0, 'Fe': 4.0, 'O': 12.0}","['Ca', 'Fe', 'O', 'Sr']",4,0.4316558332050314,8.633116664100628,1.8532443869929744
mp-1076399,Sr6Ca2Fe7CoO24,5.093426223753284,0.0239913946458267,-2.1772275404999997,FM,32.1645613,0.0685272959063353,32.1645613,469.3686052337928,40,Orthorhombic,Cmm2,False,11.73421513084482,"{'Sr': 6.0, 'Ca': 2.0, 'Fe': 7.0, 'Co': 1.0, 'O': 24.0}","['Ca', 'Co', 'Fe', 'O', 'Sr']",5,0.4340662044250911,17.362648177003642,1.8525147184979014
mp-1077670,Sr6Ca2Mn3Fe5O24,5.057797348995793,0.0367358162500055,-2.3002022563448272,FM,31.8289276,0.0676106708871823,31.8289276,470.76781197913186,40,Monoclinic,P2,False,11.769195299478296,"{'Sr': 6.0, 'Ca': 2.0, 'Mn': 3.0, 'Fe': 5.0, 'O': 24.0}","['Ca', 'Fe', 'Mn', 'O', 'Sr']",5,0.4297487823334867,17.18995129333947,1.8516008019366899
mp-1188668,FePH2O5,3.058986348603721,0.0060159172222151,-1.9883757207936508,FM,9.999723,0.0545547500960589,4.9998615,183.29701781041396,18,Monoclinic,C2/c,False,10.18316765613411,"{'Fe': 2.0, 'P': 2.0, 'H': 4.0, 'O': 10.0}","['Fe', 'H', 'O', 'P']",4,0.3003963454103652,5.407134217386574,1.849357274662429
mp-1040883,CaFe3(P2O7)2,3.5166736352743,0.0,-2.58792971538961,FM,24.0003196,0.0457494849078632,12.0001598,524.6030561510199,44,Monoclinic,P2_1/c,True,11.922796730705,"{'Ca': 2.0, 'Fe': 6.0, 'P': 8.0, 'O': 28.0}","['Ca', 'Fe', 'O', 'P']",4,0.29495375243777705,12.97796510726219,1.84931300104744
mp-1103865,BaFe2(PO4)2,4.320099301359586,0.0,-2.6355190180219785,FM,15.9979615,0.0474083247423539,7.99898075,337.4504707125336,26,Trigonal,R-3,True,12.97886425817437,"{'Ba': 2.0, 'Fe': 4.0, 'P': 4.0, 'O': 16.0}","['Ba', 'Fe', 'O', 'P']",4,0.33285649772002923,8.65426894072076,1.8485630166547182
mp-1225360,Fe4Co(BiO3)5,7.355205532428949,0.0409312932000025,-1.5903786766000008,FM,24.003711,0.0678418940951501,24.003711,353.81840852400336,25,Triclinic,P1,False,14.152736340960134,"{'Fe': 4.0, 'Co': 1.0, 'Bi': 5.0, 'O': 15.0}","['Bi', 'Co', 'Fe', 'O']",4,0.5197020106381749,12.992550265954373,1.8474980283816356
mp-1221713,MnFe4Si3,6.538709203797839,0.0456644806250006,-0.351919912241379,FM,16.7808966,0.0911235814138996,8.3904483,184.15536724547903,16,Orthorhombic,Amm2,False,11.50971045284244,"{'Mn': 2.0, 'Fe': 8.0, 'Si': 6.0}","['Fe', 'Mn', 'Si']",3,0.5681037095232087,9.089659352371338,1.8461524188606855
mp-1076408,BaSr7Mn2(FeO4)6,5.412655466229041,0.0199208830208323,-2.2709699461465527,FM,32.9404619,0.0679742157086634,32.9404619,484.6023092224022,40,Orthorhombic,Amm2,False,12.115057730560055,"{'Ba': 1.0, 'Sr': 7.0, 'Mn': 2.0, 'Fe': 6.0, 'O': 24.0}","['Ba', 'Fe', 'Mn', 'O', 'Sr']",5,0.446770918191805,17.8708367276722,1.8432523558895906
mp-1197792,CaFe3P3H2O13,3.5151109819627537,0.0156724064204558,-2.362171675917209,FM,104.0000085,0.0539015860570844,13.0000010625,1929.4424544364767,176,Orthorhombic,Pbca,False,10.962741218389072,"{'Ca': 8.0, 'Fe': 24.0, 'P': 24.0, 'H': 16.0, 'O': 104.0}","['Ca', 'Fe', 'H', 'O', 'P']",5,0.32064160887666054,56.432923162292255,1.8428960024082441
mp-1048389,CaMnP2O7,3.1645797444131674,0.0213279584090351,-2.8800625658833408,FM,20.0001611,0.0354285820688085,5.000040275,564.5205066676434,44,Monoclinic,P2_1/c,False,12.830011515173714,"{'Ca': 4.0, 'Mn': 4.0, 'P': 8.0, 'O': 28.0}","['Ca', 'Mn', 'O', 'P']",4,0.24665447421231873,10.852796865342023,1.842857776493516
mp-1097025,GaFe2BO5,4.923354712801115,0.0,-2.125574479074073,FM,31.9996768,0.0871316631838272,7.9999192,367.2565819441348,36,Orthorhombic,Pbam,True,10.20157172067041,"{'Ga': 4.0, 'Fe': 8.0, 'B': 4.0, 'O': 20.0}","['B', 'Fe', 'Ga', 'O']",4,0.4826074694770239,17.37386890117286,1.8418279188143174
mp-540414,Mn4P7O24,3.011880624173232,0.0167909871666394,-2.4357020522635464,FM,30.0018546,0.0331588557630366,15.0009273,904.791613269242,70,Triclinic,P-1,False,12.925594475274886,"{'Mn': 8.0, 'P': 14.0, 'O': 48.0}","['Mn', 'O', 'P']",3,0.2330167970173131,16.311175791211916,1.8393434651206633
mp-540593,CaCr2O4,4.796542890651464,0.0,-2.7209668489285668,FM,24.0000001,0.0832962809397564,6.000000025,288.1281112341363,28,Orthorhombic,Pnma,True,10.29028968693344,"{'Ca': 4.0, 'Cr': 8.0, 'O': 16.0}","['Ca', 'Cr', 'O']",3,0.4661232129103315,13.051449961489281,1.8388761532869102
mp-504423,Mn3(CoO4)2,5.339393651499433,0.0,-1.690257374907162,FM,25.9606056,0.1016315698270366,12.9803028,255.4384001367044,26,Orthorhombic,Pmn2_1,True,9.824553851411707,"{'Mn': 6.0, 'Co': 4.0, 'O': 16.0}","['Co', 'Mn', 'O']",3,0.543474414436866,14.130334775358515,1.8372250914586932
mp-772172,Cr(PO3)2,3.0619151576759713,0.0104234547333383,-2.551782443809525,FM,15.9999995,0.0351324785579422,3.999999875,455.41903551188415,36,Monoclinic,C2/c,False,12.650528764219004,"{'Cr': 4.0, 'P': 8.0, 'O': 24.0}","['Cr', 'O', 'P']",3,0.24203851196610457,8.713386430779764,1.8362550114247778
mp-1076651,Sr7CaMn3Fe5O24,5.173255587675714,0.0257089790104183,-2.3063499098448275,FM,31.9618419,0.0672143135841973,31.9618419,475.5213613832766,40,Monoclinic,Cm,False,11.888034034581915,"{'Sr': 7.0, 'Ca': 1.0, 'Mn': 3.0, 'Fe': 5.0, 'O': 24.0}","['Ca', 'Fe', 'Mn', 'O', 'Sr']",5,0.4351649375015984,17.406597500063935,1.8361912429975245
mp-769568,Mn2V3Cr(PO4)6,3.2406462118278476,0.0003810511111073,-2.61113540760331,FM,17.0009648,0.037509912098486,17.0009648,453.2392599418061,36,Trigonal,R3,False,12.589979442827946,"{'Mn': 2.0, 'V': 3.0, 'Cr': 1.0, 'P': 6.0, 'O': 24.0}","['Cr', 'Mn', 'O', 'P', 'V']",5,0.25739884854807493,9.266358547730697,1.8346974933495837
mp-756802,Mn3FeNi2(PO4)6,3.471335999182651,0.0309876729166678,-2.2637407236569507,FM,19.0001902,0.0437501828569819,19.0001902,434.28824656827254,36,Trigonal,R3,False,12.063562404674236,"{'Mn': 3.0, 'Fe': 1.0, 'Ni': 2.0, 'P': 6.0, 'O': 24.0}","['Fe', 'Mn', 'Ni', 'O', 'P']",5,0.2877538062751366,10.359137025904918,1.8341479751147751
mp-558841,FeP2HO7,2.9391023686076707,0.0,-2.297300560503246,FM,20.0024415,0.038349513410286,5.000610375,521.5826674513935,44,Monoclinic,P2_1/c,True,11.854151532986217,"{'Fe': 4.0, 'P': 8.0, 'H': 4.0, 'O': 28.0}","['Fe', 'H', 'O', 'P']",4,0.24793865342695448,10.909300750785997,1.8335218688107813
mp-1172918,Fe2(PO3)5,2.921421446932044,0.0318330816287861,-2.443614894918831,FM,17.999327,0.0312571394059575,8.9996635,575.846905445525,44,Monoclinic,Pc,False,13.087429669216476,"{'Fe': 4.0, 'P': 10.0, 'O': 30.0}","['Fe', 'O', 'P']",3,0.22322346868488996,9.821832622135158,1.8325833571461478
mp-1075966,Sr2Ca2Fe3CoO12,4.8548322184703805,0.046833694541652,-2.132621278749999,FM,30.870447,0.0669684594971686,15.4352235,460.9699436389929,40,Monoclinic,Pm,False,11.524248590974825,"{'Sr': 4.0, 'Ca': 4.0, 'Fe': 6.0, 'Co': 2.0, 'O': 24.0}","['Ca', 'Co', 'Fe', 'O', 'Sr']",5,0.42127104254523157,16.850841701809262,1.8319824935917273
mp-1199449,Mn9(PbO5)4,6.511566757260762,0.0039268558508567,-1.8135062057993736,FM,123.9999881,0.0739774895445974,30.999997025,1676.1854026588228,132,Orthorhombic,Pnma,False,12.69837426256684,"{'Mn': 36.0, 'Pb': 16.0, 'O': 80.0}","['Mn', 'O', 'Pb']",3,0.512787434251014,67.68794132113385,1.8319361717872802
mp-18659,SrCo2(PO4)2,3.568788673824232,0.0,-2.570866743406594,FM,11.9999053,0.032610008743293,5.99995265,367.98227790932526,26,Triclinic,P-1,True,14.15316453497405,"{'Sr': 2.0, 'Co': 4.0, 'P': 4.0, 'O': 16.0}","['Co', 'O', 'P', 'Sr']",4,0.25215482127727384,6.55602535320912,1.8303628576003212
mp-1195596,Sr5(CoN2)2,4.287211366168173,0.0,-0.6520432747727279,FM,15.9976649,0.0168723591739826,3.999416225,948.158152338801,44,Tetragonal,P4/ncc,True,21.54904891679093,"{'Sr': 20.0, 'Co': 8.0, 'N': 16.0}","['Co', 'N', 'Sr']",3,0.1989513032673844,8.753857343764913,1.827498926675406
mp-37509,NbFeO4,5.1822257877757245,0.0476780916666683,-2.446217386666666,FM,20.0000001,0.0733448716588691,5.000000025,272.6843697132779,24,Monoclinic,P2,False,11.361848738053244,"{'Nb': 4.0, 'Fe': 4.0, 'O': 16.0}","['Fe', 'Nb', 'O']",3,0.45610762009349326,10.946582882243838,1.8270541880646125
mp-775989,CrFe3Sb2(PO4)6,3.612589812216729,0.0396555509027916,-2.3538485866071435,FM,18.0005728,0.0379145859734272,18.0005728,474.76643454885306,36,Trigonal,R3,False,13.18795651524592,"{'Cr': 1.0, 'Fe': 3.0, 'Sb': 2.0, 'P': 6.0, 'O': 24.0}","['Cr', 'Fe', 'O', 'P', 'Sb']",5,0.27393097695161484,9.861515170258134,1.825335406296274
mp-1224921,Fe2Sb3PbO8,5.824851657361288,0.0132556799202809,-1.6799954782142843,FM,17.9999596,0.0388716458636266,8.9999798,463.06142176611866,28,Orthorhombic,Ama2,False,16.537907920218522,"{'Fe': 4.0, 'Sb': 6.0, 'Pb': 2.0, 'O': 16.0}","['Fe', 'O', 'Pb', 'Sb']",4,0.35221212292759707,9.861939441972718,1.8251946998773505
mp-766563,Mn2V3Co(PO4)6,3.301140767540485,0.0289386398611029,-2.521217580658868,FM,17.4136195,0.0388330213907679,17.4136195,448.4229883832805,36,Trigonal,R3,False,12.456194121757791,"{'Mn': 2.0, 'V': 3.0, 'Co': 1.0, 'P': 6.0, 'O': 24.0}","['Co', 'Mn', 'O', 'P', 'V']",5,0.2650200161680392,9.540720582049412,1.8251891301337573
mp-26218,Cr3(P2O7)2,3.2247780777155644,0.0375567859523897,-2.546846121360545,FM,20.0024837,0.0385462290624229,10.00124185,518.9219331314451,42,Monoclinic,P2_1/c,False,12.355284122177263,"{'Cr': 6.0, 'P': 8.0, 'O': 28.0}","['Cr', 'O', 'P']",3,0.2610039595873972,10.962166302670681,1.8246834747550629
mp-542292,Mn3AgAs3(HO6)2,4.63110778526613,0.0,-1.7157869916885602,FM,30.0000001,0.0605010090657231,15.00000005,495.8594999202498,42,Monoclinic,C2/c,True,11.806178569529758,"{'Mn': 6.0, 'Ag': 2.0, 'As': 6.0, 'H': 4.0, 'O': 24.0}","['Ag', 'As', 'H', 'Mn', 'O']",5,0.3922613704334804,16.474977558206177,1.8209433059322753
mp-19004,Sr8Fe8O23,5.5300059297066735,0.0006412341025656,-2.262595125512822,FM,33.6440813,0.0739213935621639,33.6440813,455.1332121695886,39,Tetragonal,I4/mmm,False,11.670082363322784,"{'Sr': 8.0, 'Fe': 8.0, 'O': 23.0}","['Fe', 'O', 'Sr']",3,0.4738617738540222,18.480609180306864,1.8205071581650836
mp-705094,Co2As2O5,4.847634488178242,0.0,-1.4856079199999987,FM,23.9999999,0.0503754681586626,5.999999975,476.4223694042821,36,Triclinic,P-1,True,13.2339547056745,"{'Co': 8.0, 'As': 8.0, 'O': 20.0}","['As', 'Co', 'O']",3,0.3663027867323482,13.186900322364535,1.819987966337837
mp-542899,Sr2Co2O5,5.294902659257559,0.0050922733333322,-2.1333513350000004,FM,13.3345117,0.0569805725134199,6.66725585,234.01856302618717,18,Orthorhombic,Ima2,False,13.00103127923262,"{'Sr': 4.0, 'Co': 4.0, 'O': 10.0}","['Co', 'O', 'Sr']",3,0.40726789633338134,7.330822134000864,1.8189653842716502
mp-18215,SrFe3(P2O7)2,3.695724348852243,0.0,-2.608150599025974,FM,23.9996216,0.0442871328380861,11.9998108,541.9095810004836,44,Monoclinic,P2_1/c,True,12.316126840920084,"{'Sr': 2.0, 'Fe': 6.0, 'P': 8.0, 'O': 28.0}","['Fe', 'O', 'P', 'Sr']",4,0.3000719622806476,13.203166340348494,1.8177171279481539
mp-1105162,BaFe2(PO4)2,4.357909072404247,0.0081913280769381,-2.6273276899450546,FM,7.9998389,0.0478283758686232,7.9998389,167.26135384513708,13,Triclinic,P-1,False,12.866257988087469,"{'Ba': 1.0, 'Fe': 2.0, 'P': 2.0, 'O': 8.0}","['Ba', 'Fe', 'O', 'P']",4,0.33870835455336906,4.403208609193798,1.8168203258179778
mp-1221846,Mn4Cr(Co2Si)5,7.411075624068492,0.0024708201666641,-0.4002336610862088,FM,24.0008613,0.106955880744495,24.0008613,224.39964154318184,20,Trigonal,R-3m,False,11.219982077159091,"{'Mn': 4.0, 'Cr': 1.0, 'Co': 10.0, 'Si': 5.0}","['Co', 'Cr', 'Mn', 'Si']",4,0.6605247292823646,13.210494585647293,1.8168026294848973
mp-645208,Sr2Co2O5,5.295938531165809,0.0013763411111105,-2.137067267222223,FM,26.6351281,0.0569192856691186,6.658782025,467.9455791984895,36,Orthorhombic,Pnma,False,12.998488311069153,"{'Sr': 8.0, 'Co': 8.0, 'O': 20.0}","['Co', 'O', 'Sr']",3,0.40742726418855446,14.66738151078796,1.8159429534446676
mp-22640,CaFe4As3,6.412384578174803,0.0381844724999957,-0.3427073521875012,FM,23.5601595,0.0465876324760225,5.890039875,505.7170379311675,32,Orthorhombic,Pnma,False,15.803657435348985,"{'Ca': 4.0, 'Fe': 16.0, 'As': 12.0}","['As', 'Ca', 'Fe']",3,0.4057532001314986,12.984102404207956,1.8145389466710076
mp-673174,Fe8N3,7.440144068848253,0.0175083167424237,-0.1544495243939398,FM,44.8375166,0.1370058233463109,14.945838866666667,327.26723218664796,33,Monoclinic,C2,False,9.917188854140846,"{'Fe': 24.0, 'N': 9.0}","['Fe', 'N']",2,0.7502271236613265,24.757495080823773,1.8110683836802803
mp-1227552,Ca2AlFeO5,3.7091322987983393,0.0405068280357125,-2.904706467222223,FM,20.0055188,0.0459772879537292,5.0013797,435.1174175417479,36,Orthorhombic,Pnma,False,12.08659493171522,"{'Ca': 8.0, 'Al': 4.0, 'Fe': 4.0, 'O': 20.0}","['Al', 'Ca', 'Fe', 'O']",4,0.30687983834599913,11.047674180455969,1.8108353372143273
mp-1208436,Ta2Fe4O9,6.897392949757877,0.0058497446666976,-2.3726038656444435,FM,32.000124,0.0911315954383682,16.000062,351.141926639938,30,Trigonal,P-3c1,False,11.704730887997933,"{'Ta': 4.0, 'Fe': 8.0, 'O': 18.0}","['Fe', 'O', 'Ta']",3,0.5892824889148442,17.67847466744533,1.8101179316634026
mp-21664,Co3(AsO4)2,4.712991004505007,0.0026829663461533,-1.5494628609615393,FM,36.0005959,0.0561864370069085,9.000148975,640.734629525867,52,Monoclinic,P2_1/c,False,12.321819798574364,"{'Co': 12.0, 'As': 8.0, 'O': 32.0}","['As', 'Co', 'O']",3,0.3824914729762807,19.889556594766596,1.810025061567868
mp-1171010,CaFe2(SiO3)4,3.404886375946047,0.0314175968859657,-2.876457403684211,FM,9.9992308,0.0449528654160474,9.9992308,222.43811840369207,19,Monoclinic,C2,False,11.707269389668005,"{'Ca': 1.0, 'Fe': 2.0, 'Si': 4.0, 'O': 12.0}","['Ca', 'Fe', 'O', 'Si']",4,0.2908352291740169,5.52586935430632,1.8095308011955766
mp-19115,CaFeO3,4.531422989529327,0.0,-2.2285190305,FM,15.5379632,0.0736537445676511,3.8844908,210.95958245175632,20,Orthorhombic,Pnma,True,10.547979122587815,"{'Ca': 4.0, 'Fe': 4.0, 'O': 12.0}","['Ca', 'Fe', 'O']",3,0.42960105787710345,8.592021157542069,1.808417706974661
mp-1218679,SrCr9Ga3O19,5.08836840060102,0.0016484104492171,-2.4201753502343744,FM,53.9997864,0.0774138051630387,26.9998932,697.5472434958181,64,Hexagonal,P6_3mc,False,10.899175679622155,"{'Sr': 2.0, 'Cr': 18.0, 'Ga': 6.0, 'O': 38.0}","['Cr', 'Ga', 'O', 'Sr']",4,0.4668580955268554,29.878918113718747,1.8072872047936128
mp-850533,Fe3Ni2P6WO24,3.839574841924725,0.0291659257639,-2.306211953551587,FM,20.0000146,0.0445266710349225,20.0000146,449.16932110900103,36,Trigonal,R3,False,12.47692558636114,"{'Fe': 3.0, 'Ni': 2.0, 'P': 6.0, 'W': 1.0, 'O': 24.0}","['Fe', 'Ni', 'O', 'P', 'W']",5,0.30773404997476833,11.07842579909166,1.8053119606252936
mp-1216963,TiCrAs2,6.087377289688493,0.0066236868750007,-0.5434949395833337,FM,2.5795777,0.0378704299662807,2.5795777,68.11588097354101,4,Trigonal,P-3m1,False,17.028970243385253,"{'Ti': 1.0, 'Cr': 1.0, 'As': 2.0}","['As', 'Cr', 'Ti']",3,0.35747183785543807,1.4298873514217523,1.8040426033806778
mp-695994,MnAsH3O5,3.131314477483209,0.0,-1.6253168571681045,FM,39.99943,0.0442899911273323,4.99992875,903.125717162663,80,Monoclinic,P2_1,True,11.289071464533288,"{'Mn': 8.0, 'As': 8.0, 'H': 24.0, 'O': 40.0}","['As', 'H', 'Mn', 'O']",4,0.27737573345343897,22.190058676275118,1.8025833362381358
mp-1176512,MnP4O11,2.526846819716128,0.0047862459374998,-2.5507037263439027,FM,20.0001987,0.0214431259963057,5.000049675,932.709097705513,64,Monoclinic,P2_1/c,False,14.57357965164864,"{'Mn': 4.0, 'P': 16.0, 'O': 44.0}","['Mn', 'O', 'P']",3,0.17338546054676948,11.096669474993247,1.802360496099409
mp-1044552,Al4Co13Si2(SbO14)2,4.928193381567367,0.0176165645578123,-2.070311625510204,FM,39.0001369,0.0713716468498688,39.0001369,546.4373966602909,49,Monoclinic,C2/m,False,11.15178360531206,"{'Al': 4.0, 'Co': 13.0, 'Si': 2.0, 'Sb': 2.0, 'O': 28.0}","['Al', 'Co', 'O', 'Sb', 'Si']",5,0.4419197462924104,21.65406756832811,1.8010536254649345
mp-699375,Co8As3O16,5.267039458235763,0.0439672367592534,-1.4402885523148152,FM,23.0299967,0.0767138367459164,23.0299967,300.2065556475497,27,Monoclinic,C2/m,False,11.11876132027962,"{'Co': 8.0, 'As': 3.0, 'O': 16.0}","['As', 'Co', 'O']",3,0.47370739478229074,12.79009965912185,1.8006112003650492
mp-773920,Cr5O12,2.9421326685534033,0.0,-1.8322077199999995,FM,24.0009774,0.0235217327337403,6.00024435,1020.3745477293072,68,Orthorhombic,Pbcn,True,15.005508054842757,"{'Cr': 20.0, 'O': 48.0}","['Cr', 'O']",2,0.1960701802165161,13.332772254723094,1.8001490568848295
mp-1041525,Mn3Zn3(AsO4)4,4.332639493206418,0.0376965981730741,-1.8186721655305051,FM,29.9995686,0.0426926135083334,14.9997843,702.6875643053373,52,Monoclinic,P2_1/c,False,13.513222390487256,"{'Mn': 6.0, 'Zn': 6.0, 'As': 8.0, 'O': 32.0}","['As', 'Mn', 'O', 'Zn']",4,0.32062222969529575,16.672355944155377,1.7993598925361582
mp-1221879,MnFeBiO5,6.792706972562048,0.0,-1.7546241047413806,FM,32.0008588,0.0818644982628433,8.0002147,390.9003228390218,32,Orthorhombic,Pbam,True,12.21563508871943,"{'Mn': 4.0, 'Fe': 4.0, 'Bi': 4.0, 'O': 20.0}","['Bi', 'Fe', 'Mn', 'O']",4,0.5560666247172688,17.7941319909526,1.7983939208875597
mp-1208083,TlCr2FeO8,3.9762486768344423,0.0,-1.6357253136111125,FM,5.0029648,0.0243386465979012,5.0029648,205.55640922250024,12,Monoclinic,C2/m,True,17.12970076854169,"{'Tl': 1.0, 'Cr': 2.0, 'Fe': 1.0, 'O': 8.0}","['Cr', 'Fe', 'O', 'Tl']",4,0.23212598576950824,2.785511829234099,1.7960666142191934
mp-1195412,Ca2Co2O5,4.179060673664084,0.0248716356944349,-2.1709211301388884,FM,43.9996824,0.0497867809315277,5.4999603,883.7623476905085,72,Monoclinic,P2/c,False,12.274477051257062,"{'Ca': 16.0, 'Co': 16.0, 'O': 40.0}","['Ca', 'Co', 'O']",3,0.34046751288977284,24.513660928063643,1.7949045852073622
mp-626680,Fe(HO)2,3.6504348234791553,0.000428191500001,-1.3601813594999996,FM,4.0,0.0978567131290936,4.0,40.87609191127396,5,Trigonal,P-3m1,False,8.175218382254792,"{'Fe': 1.0, 'H': 2.0, 'O': 2.0}","['Fe', 'H', 'O']",3,0.4465244416470665,2.2326222082353326,1.7916152518977249
mp-25830,Mn2P3O11,3.099906390522342,0.0352222460937508,-2.370880829361915,FM,14.0036544,0.0345073393631678,7.0018272,405.8166946057598,32,Monoclinic,C2/c,False,12.681771706429991,"{'Mn': 4.0, 'P': 6.0, 'O': 22.0}","['Mn', 'O', 'P']",3,0.24443795885007202,7.822014683202305,1.7902874089552276
mp-774339,Fe3Ni2Sb(PO4)6,3.644252714892166,0.0265377420833363,-2.2690706657738104,FM,18.9998329,0.0427004534285288,18.9998329,444.9562328840733,36,Trigonal,R3,False,12.359895357890924,"{'Fe': 3.0, 'Ni': 2.0, 'Sb': 1.0, 'P': 6.0, 'O': 24.0}","['Fe', 'Ni', 'O', 'P', 'Sb']",5,0.2948449488745523,10.614418159483883,1.7900022982440944
mp-1192094,Mn3ZnO7,4.85991090678138,0.0070063142045482,-1.8162943194357353,FM,18.0000001,0.0769693264464281,9.00000005,233.85939478797815,22,Trigonal,R-3,False,10.629972490362643,"{'Mn': 6.0, 'Zn': 2.0, 'O': 14.0}","['Mn', 'O', 'Zn']",3,0.4571894152301407,10.058167135063096,1.789590474913806
mp-1210817,MnAlSiO5,3.3195472483663675,0.0,-2.936076515678879,FM,16.0007606,0.0420873933613057,4.00019015,380.1794153094489,32,Orthorhombic,Pnnm,True,11.88060672842028,"{'Mn': 4.0, 'Al': 4.0, 'Si': 4.0, 'O': 20.0}","['Al', 'Mn', 'O', 'Si']",4,0.27940889924632284,8.94108477588233,1.7895771040176722
mp-561817,Co3(PO4)2,4.259261338812659,0.0102479896153857,-2.1457563622527456,FM,18.0000004,0.0629457908361553,9.0000002,285.9603503410274,26,Monoclinic,P2_1/c,False,10.998475013116437,"{'Co': 6.0, 'P': 4.0, 'O': 16.0}","['Co', 'O', 'P']",3,0.3872592640100739,10.06874086426192,1.7877111589880483
mp-1208114,V3ZnFe2O11,3.826520829734008,0.0327893639706147,-2.1010352591176464,FM,18.0002697,0.0409944263107748,9.00013485,439.0906598751168,34,Triclinic,P-1,False,12.914431172797554,"{'V': 6.0, 'Zn': 2.0, 'Fe': 4.0, 'O': 22.0}","['Fe', 'O', 'V', 'Zn']",4,0.2962980543652623,10.074133848418919,1.7867808757400068
mp-1222085,Mn2CrAs3,7.343832931355713,0.0031697258333354,-0.235414558477012,FM,21.6085452,0.0617925085992604,5.4021363,349.6952250334537,24,Monoclinic,Pm,False,14.570634376393905,"{'Mn': 8.0, 'Cr': 4.0, 'As': 12.0}","['As', 'Cr', 'Mn']",3,0.5040160051818721,12.09638412436493,1.7863640057920587
mp-20704,U(MnAl2)4,5.680091525493192,0.0223145867307721,-0.2346210747480101,FM,8.7025696,0.0441906235365094,8.7025696,196.93249163615215,13,Tetragonal,I4/mmm,False,15.148653202780936,"{'U': 1.0, 'Mn': 4.0, 'Al': 8.0}","['Al', 'Mn', 'U']",3,0.3749568657661567,4.874439254960038,1.7853478410146577
mp-1229132,Ba3Al2Ga2(FeO6)2,4.381969045529258,0.014656707023807,-2.7088884330952387,FM,19.999544,0.0290276317408615,9.999772,688.982972449906,42,Monoclinic,P2_1,False,16.404356486902525,"{'Ba': 6.0, 'Al': 4.0, 'Ga': 4.0, 'Fe': 4.0, 'O': 24.0}","['Al', 'Ba', 'Fe', 'Ga', 'O']",5,0.2671222762702021,11.219135603348487,1.7826278874845665
mp-756391,Mn3Ni(PO4)4,3.563403220595912,0.028565586197919,-2.314926792598522,FM,12.9990214,0.0462302533518364,12.9990214,281.1799732324771,24,Monoclinic,Pm,False,11.715832218019878,"{'Mn': 3.0, 'Ni': 1.0, 'P': 4.0, 'O': 16.0}","['Mn', 'Ni', 'O', 'P']",4,0.30415280402489164,7.299667296597399,1.780769023001808
mp-560130,Fe2Ag(MoO4)3,4.257136442761658,0.0305511167129655,-1.7615495287037044,FM,17.9987631,0.0329893316342752,8.99938155,545.5934451639412,36,Triclinic,P-1,False,15.155373476776145,"{'Fe': 4.0, 'Ag': 2.0, 'Mo': 6.0, 'O': 24.0}","['Ag', 'Fe', 'Mo', 'O']",4,0.28089947432078965,10.112381075548427,1.779873895725777
mp-9374,MnMoN2,7.215594661790833,0.0,-0.5247943282327601,FM,9.9783953,0.1211892694646029,4.98919765,82.33728401931245,8,Hexagonal,P6_3/mmc,True,10.292160502414056,"{'Mn': 2.0, 'Mo': 2.0, 'N': 4.0}","['Mn', 'Mo', 'N']",3,0.7010767719856675,5.60861417588534,1.7791195805378919
mp-1047531,Ca3Fe3(AsO4)4,3.7412216478661846,7.594148352829677e-06,-2.200034051538462,FM,23.9999986,0.0320544538224384,11.9999993,748.7258629625998,52,Monoclinic,P2_1/c,False,14.398574287742305,"{'Ca': 6.0, 'Fe': 6.0, 'As': 8.0, 'O': 32.0}","['As', 'Ca', 'Fe', 'O']",4,0.25983278435081836,13.511304786242555,1.7762902236086937
mp-775116,MnCr3(PO4)4,3.531055996092068,0.0325899058333334,-2.525468930687604,FM,13.0019972,0.0467968282955225,13.0019972,277.8392825661651,24,Monoclinic,Pm,False,11.576636773590211,"{'Mn': 1.0, 'Cr': 3.0, 'P': 4.0, 'O': 16.0}","['Cr', 'Mn', 'O', 'P']",4,0.30501570232793934,7.320376855870544,1.7761376847112873
mp-770962,VFe(PO4)2,3.3041130911108536,0.0278555850694441,-2.4982847329960314,FM,16.9999214,0.0379989103850695,5.666640466666667,447.3791808167103,36,Trigonal,R3,False,12.42719946713084,"{'V': 3.0, 'Fe': 3.0, 'P': 6.0, 'O': 24.0}","['Fe', 'O', 'P', 'V']",4,0.26587752935406117,9.571591056746202,1.7760810401545728
mp-759695,Mn2NbV3(PO4)6,3.268403469756764,0.0489254337962954,-2.661623351492199,FM,15.9989729,0.0340277066726273,15.9989729,470.17487995657126,36,Trigonal,R3,False,13.06041333212698,"{'Mn': 2.0, 'Nb': 1.0, 'V': 3.0, 'P': 6.0, 'O': 24.0}","['Mn', 'Nb', 'O', 'P', 'V']",5,0.2502526824106631,9.009096566783873,1.775868732386273
mp-773104,Sr24Fe16O55,5.151122842947303,0.0003125856842123,-2.412290142578946,FM,66.0018602,0.0528182608521111,66.0018602,1249.6030565035512,95,Monoclinic,C2/m,False,13.153716384247907,"{'Sr': 24.0, 'Fe': 16.0, 'O': 55.0}","['Fe', 'O', 'Sr']",3,0.39160969360081194,37.20292089207713,1.7741042535737024
mp-557471,MnAsO4,4.492358488968608,0.0079769047222217,-1.82111114632184,FM,16.0000007,0.05582172865419,4.000000175,286.62675065328756,24,Monoclinic,P2_1/c,False,11.942781277220314,"{'Mn': 4.0, 'As': 4.0, 'O': 16.0}","['As', 'Mn', 'O']",3,0.37615680842596877,9.02776340222325,1.7723105920188063
mp-1217055,TiAlFeO5,3.9279525865453424,0.0374271837499993,-2.882356848541667,FM,9.9989585,0.0561302369622329,4.99947925,178.13854067154162,16,Orthorhombic,Cmc2_1,False,11.133658791971351,"{'Ti': 2.0, 'Al': 2.0, 'Fe': 2.0, 'O': 10.0}","['Al', 'Fe', 'O', 'Ti']",4,0.35279979923381954,5.644796787741113,1.7713584520376153
mp-1076858,Sr7CaFe7CoO24,5.208073956988717,0.0176783705833321,-2.182616462499999,FM,31.1250402,0.0656377165297251,31.1250402,474.19443950193664,40,Trigonal,R3m,False,11.854860987548417,"{'Sr': 7.0, 'Ca': 1.0, 'Fe': 7.0, 'Co': 1.0, 'O': 24.0}","['Ca', 'Co', 'Fe', 'O', 'Sr']",5,0.43931969868385157,17.572787947354062,1.7712067256059107
mp-18703,BaMnP2O7,3.766882225927488,0.0,-2.9168630402015223,FM,20.0026011,0.0309764155403929,5.000650275,645.73646598706,44,Monoclinic,P2_1/c,True,14.675828772433182,"{'Ba': 4.0, 'Mn': 4.0, 'P': 8.0, 'O': 28.0}","['Ba', 'Mn', 'O', 'P']",4,0.2566725385215132,11.293591694946581,1.771146118993335
mp-1076372,Sr7CaFe6(CoO12)2,5.226979829163236,0.0248697373750017,-2.1493205924999996,FM,31.2635534,0.0660320391966006,31.2635534,473.4603653071712,40,Orthorhombic,Amm2,False,11.83650913267928,"{'Sr': 7.0, 'Ca': 1.0, 'Fe': 6.0, 'Co': 2.0, 'O': 24.0}","['Ca', 'Co', 'Fe', 'O', 'Sr']",5,0.44159809032986996,17.663923613194797,1.769909907029172
mp-1208769,SrMnP2O7,3.5046597266388737,0.0,-2.919144761337886,FM,20.0041612,0.0333489006000615,5.0010403,599.8446977278488,44,Monoclinic,P2_1/c,True,13.63283403926929,"{'Sr': 4.0, 'Mn': 4.0, 'P': 8.0, 'O': 28.0}","['Mn', 'O', 'P', 'Sr']",4,0.2570749204856249,11.311296501367496,1.7685117879795271
mp-1226214,Co7CuAs4(HO5)4,4.097454242312592,0.0150443308101797,-1.46362828513889,FM,21.0597054,0.0472508582662196,21.0597054,445.6999549372397,36,Monoclinic,Pm,False,12.380554303812213,"{'Co': 7.0, 'Cu': 1.0, 'As': 4.0, 'H': 4.0, 'O': 20.0}","['As', 'Co', 'Cu', 'H', 'O']",5,0.3309588683804655,11.914519261696759,1.7675665242913765
mp-1324016,Ca3Fe2O7,4.2084381631438355,0.0,-2.410423277916665,FM,15.7560416,0.0580539528323508,7.8780208,271.4034244231492,24,Orthorhombic,Cmc2_1,True,11.308476017631216,"{'Ca': 6.0, 'Fe': 4.0, 'O': 14.0}","['Ca', 'Fe', 'O']",3,0.37214901075816015,8.931576258195843,1.7640829730969214
mp-18941,Co2SiO4,4.921032065405588,0.0463033502380962,-2.083099309285714,FM,24.0000001,0.0846922215662329,6.000000025,283.37903595114653,28,Orthorhombic,Imma,False,10.120679855398093,"{'Co': 8.0, 'Si': 4.0, 'O': 16.0}","['Co', 'O', 'Si']",3,0.486235325661531,13.614589118522868,1.76281486654251
mp-1193910,MnZnGeO4,4.9735447536119555,0.0315782862499993,-2.0104425407758635,FM,19.9995531,0.0582733596538085,4.999888275,343.2023349745702,28,Orthorhombic,Pnma,False,12.257226249091792,"{'Mn': 4.0, 'Zn': 4.0, 'Ge': 4.0, 'O': 16.0}","['Ge', 'Mn', 'O', 'Zn']",4,0.4057642938573051,11.361400228004543,1.7603070659110667
mp-1210836,MnFe2Ag2(PO4)3,4.694499335027293,0.0366556956666634,-2.1158661380096477,FM,27.9997041,0.0593138996112112,13.99985205,472.0597411994747,40,Monoclinic,C2/c,False,11.801493529986868,"{'Mn': 2.0, 'Fe': 4.0, 'Ag': 4.0, 'P': 6.0, 'O': 24.0}","['Ag', 'Fe', 'Mn', 'O', 'P']",5,0.3977885784624514,15.911543138498057,1.7597101586114912
mp-28770,Ca2FeN2,3.520619231001265,0.0058685213333324,-0.8596097740000005,FM,4.0008651,0.0258590098663997,2.00043255,154.7184180937484,10,Monoclinic,C2/m,False,15.47184180937484,"{'Ca': 4.0, 'Fe': 2.0, 'N': 4.0}","['Ca', 'Fe', 'N']",3,0.22755010517674884,2.2755010517674883,1.758234783891812
mp-1221930,Mn9Al8Fe3(SiO4)12,4.085223799032579,0.0136713806562518,-2.9132005387672413,FM,57.00005,0.0707224319897152,57.00005,805.9684656812875,80,Monoclinic,C2,False,10.074605821016094,"{'Mn': 9.0, 'Al': 8.0, 'Fe': 3.0, 'Si': 12.0, 'O': 48.0}","['Al', 'Fe', 'Mn', 'O', 'Si']",5,0.4054971352338781,32.439770818710244,1.7571039671810553
mp-1233434,CaMn2(P2O7)2,2.9225081184739365,0.0356985117658767,-2.63426682163969,FM,8.0005791,0.0282837910230935,8.0005791,282.8679894243168,21,Triclinic,P1,False,13.4699042583008,"{'Ca': 1.0, 'Mn': 2.0, 'P': 4.0, 'O': 14.0}","['Ca', 'Mn', 'O', 'P']",4,0.2169657677167933,4.556281122052659,1.7559450099065976
mp-1222033,Mn4Zn3(NiO6)2,5.296619673482969,0.0,-1.7916456098440068,FM,35.9964468,0.0791455419167115,17.9982234,454.8133214866442,42,Monoclinic,C2/c,True,10.828888606824862,"{'Mn': 8.0, 'Zn': 6.0, 'Ni': 4.0, 'O': 24.0}","['Mn', 'Ni', 'O', 'Zn']",4,0.4891194162016586,20.543015480469663,1.752247465043386
mp-28961,Co10Ge3O16,6.0001964776286485,0.0075163408620699,-1.542332138448275,FM,30.0038725,0.1019674170390769,30.0038725,294.2496080733479,29,Trigonal,R-3m,False,10.146538209425788,"{'Co': 10.0, 'Ge': 3.0, 'O': 16.0}","['Co', 'Ge', 'O']",3,0.5913540513802699,17.149267490027825,1.749571666396074
mp-770561,Mn2P4O13,3.048395729037664,0.0057070737280424,-2.485851198522816,FM,31.9991401,0.0332438176982536,7.999785025,962.5591257432804,76,Monoclinic,P2_1/c,False,12.665251654516847,"{'Mn': 8.0, 'P': 16.0, 'O': 52.0}","['Mn', 'O', 'P']",3,0.24068970851838586,18.292417847397324,1.7493116747577955
mp-573523,Sr8Fe3N8,4.542129282097905,0.0,-0.7699556284210527,FM,8.0007593,0.0223188839653286,8.0007593,358.4748821862602,19,Monoclinic,C2/m,True,18.867099062434747,"{'Sr': 8.0, 'Fe': 3.0, 'N': 8.0}","['Fe', 'N', 'Sr']",3,0.24074338439985674,4.574124303597278,1.7491346471952842
mp-775212,MnV2(PO4)3,3.218434857749431,0.0108808275000011,-2.6180560137144235,FM,15.9994251,0.0351000768469863,7.99971255,455.82307895641225,36,Trigonal,R-3c,False,12.661752193233674,"{'Mn': 2.0, 'V': 4.0, 'P': 6.0, 'O': 24.0}","['Mn', 'O', 'P', 'V']",4,0.2541855825822696,9.150680972961705,1.7484409244814523
mp-725932,TiMnCr(PO4)3,3.211788647077535,0.0,-2.784313409455164,FM,15.9996589,0.0351890125176216,7.99982945,454.67768929258307,36,Trigonal,R3c,True,12.629935813682865,"{'Ti': 2.0, 'Mn': 2.0, 'Cr': 2.0, 'P': 6.0, 'O': 24.0}","['Cr', 'Mn', 'O', 'P', 'Ti']",5,0.25429968088974664,9.15478851203088,1.74768197855951
mp-756542,MnVO4,4.239039037917151,0.0252791565972234,-2.180544084655174,FM,7.9996391,0.0601068215755076,3.99981955,133.0903696172099,12,Orthorhombic,Imma,False,11.090864134767491,"{'Mn': 2.0, 'V': 2.0, 'O': 8.0}","['Mn', 'O', 'V']",3,0.38220998710358994,4.586519845243079,1.7441631934279858
mp-1099936,BaSr7Fe6(CoO12)2,5.466537595785285,0.0325486441666704,-2.1431350699999996,FM,31.620738,0.0655687892858225,31.620738,482.2528880647965,40,Orthorhombic,Amm2,False,12.056322201619912,"{'Ba': 1.0, 'Sr': 7.0, 'Fe': 6.0, 'Co': 2.0, 'O': 24.0}","['Ba', 'Co', 'Fe', 'O', 'Sr']",5,0.4534166808391028,18.13666723356411,1.743470153186798
mp-22334,FeGeO3,5.191813051031378,0.0121973114999986,-1.916730591000001,FM,16.0283091,0.07098952915054,4.007077275,225.78413030477273,20,Monoclinic,C2/c,False,11.289206515238636,"{'Fe': 4.0, 'Ge': 4.0, 'O': 12.0}","['Fe', 'Ge', 'O']",3,0.4598917597993495,9.19783519598699,1.7426175571174773
mp-531245,Co2SnO4,5.923835843964608,0.0194476980000013,-1.6185404734285709,FM,59.9957601,0.0712070642011076,5.99957601,842.5534850103643,70,Triclinic,P1,False,12.036478357290918,"{'Co': 20.0, 'Sn': 10.0, 'O': 40.0}","['Co', 'O', 'Sn']",3,0.49215689740150054,34.45098281810504,1.7414818153887441
mp-752945,MnCoO4,4.342675646993998,0.0332556356944451,-1.4142246563218397,FM,4.0,0.0588123338381728,4.0,68.01294454673986,6,Monoclinic,P2/m,False,11.335490757789977,"{'Mn': 1.0, 'Co': 1.0, 'O': 4.0}","['Co', 'Mn', 'O']",3,0.3831043348528712,2.2986260091172275,1.7401699903048493
mp-728240,CaFe2P3HO12,3.4016930890587216,0.0188851552631552,-2.4978642443515033,FM,39.9996044,0.0468031500945044,9.9999011,854.634876482314,76,Monoclinic,P2_1/c,False,11.245195743188342,"{'Ca': 4.0, 'Fe': 8.0, 'P': 12.0, 'H': 4.0, 'O': 48.0}","['Ca', 'Fe', 'H', 'O', 'P']",5,0.30250190096684276,22.99014447348005,1.7398587662700846
mp-1218831,Sr2FeRuO6,5.6756691483807815,0.0,-2.291433211,FM,7.8719839,0.0628426950662196,7.8719839,125.2648997899438,10,Cubic,Fm-3m,True,12.52648997899438,"{'Sr': 2.0, 'Fe': 1.0, 'Ru': 1.0, 'O': 6.0}","['Fe', 'O', 'Ru', 'Sr']",4,0.45309333723160183,4.530933372316018,1.7373868148443288
mp-1289597,MnBO3,4.173469460902217,0.0203677105520725,-2.4087237779195396,FM,16.0000016,0.0883827051389507,4.0000004,181.03091068377705,20,Monoclinic,C2/c,False,9.05154553418885,"{'Mn': 4.0, 'B': 4.0, 'O': 12.0}","['B', 'Mn', 'O']",3,0.4610781048538602,9.221562097077204,1.7350641281341304
mp-759483,Mn2Ni(PO4)3,3.4731309127798005,0.0394567674305585,-2.270627003043925,FM,17.9959232,0.0415006241340475,8.9979616,433.6301820876939,36,Trigonal,R-3c,False,12.045282835769276,"{'Mn': 4.0, 'Ni': 2.0, 'P': 6.0, 'O': 24.0}","['Mn', 'Ni', 'O', 'P']",4,0.2883395068537623,10.380222246735443,1.7336741711536743
mp-18743,CaMnP2O7,3.263683973171189,0.0,-2.9013905242924314,FM,10.0,0.0365377944166824,5.0,273.6892075629557,22,Triclinic,P-1,True,12.440418525588894,"{'Ca': 2.0, 'Mn': 2.0, 'P': 4.0, 'O': 14.0}","['Ca', 'Mn', 'O', 'P']",4,0.2623451909160504,5.771594200153109,1.7326235444159814
mp-772462,Sr21Fe14O47,5.350086356120321,0.0,-2.437322983841462,FM,59.4749994,0.0567968173260098,59.4749994,1047.1537350168337,82,Triclinic,P-1,True,12.77016750020529,"{'Sr': 21.0, 'Fe': 14.0, 'O': 47.0}","['Fe', 'O', 'Sr']",3,0.41895193277882337,34.35405848786352,1.7312364831948783
mp-756349,Mn3Cu(PO4)4,3.486453991496931,0.0176660201562448,-2.287113597181856,FM,12.0006117,0.0414246893459126,12.0006117,289.69708377991986,24,Monoclinic,Pm,False,12.070711824163329,"{'Mn': 3.0, 'Cu': 1.0, 'P': 4.0, 'O': 16.0}","['Cu', 'Mn', 'O', 'P']",4,0.2888358236270454,6.93205976704909,1.7311754519261082
mp-767807,Mn(CoO2)2,5.494413193952365,0.0147590039285718,-1.5494667829187196,FM,25.9999775,0.0908238209871779,6.499994375,286.26826329703243,28,Triclinic,P1,False,10.223866546322586,"{'Mn': 4.0, 'Co': 8.0, 'O': 16.0}","['Co', 'Mn', 'O']",3,0.5374104962205953,15.04749389417667,1.7278609769073843
mp-1042777,CaMnAs2O7,3.7678619628362178,0.0068094040454536,-2.2011351545846396,FM,20.0017046,0.0317951634955978,5.00042615,629.0800990147235,44,Monoclinic,P2_1/c,False,14.297274977607351,"{'Ca': 4.0, 'Mn': 4.0, 'As': 8.0, 'O': 28.0}","['As', 'Ca', 'Mn', 'O']",4,0.2635370704373743,11.595631099244468,1.7249345403290075
mp-1043946,MgFe3(P2O7)2,3.589382471399052,0.0479028807954833,-2.4784544983441545,FM,24.0000308,0.0480594262636707,12.0000154,499.38238272607464,44,Monoclinic,P2_1/c,False,11.349599607410788,"{'Mg': 2.0, 'Fe': 6.0, 'P': 8.0, 'O': 28.0}","['Fe', 'Mg', 'O', 'P']",4,0.3162563082009821,13.915277560843213,1.7247252665325699
mp-542084,MnP4O11,2.585361756419118,0.0032495768749996,-2.552240395406403,FM,20.0000901,0.0219395716549658,5.000022525,911.598932492064,64,Monoclinic,P2_1/c,False,14.2437333201885,"{'Mn': 4.0, 'P': 16.0, 'O': 44.0}","['Mn', 'O', 'P']",3,0.1815087167319209,11.616557870842938,1.7216881560242014
mp-758139,Sr21Co14O43,5.158109549951229,0.0079203684188042,-2.2972772168589746,FM,50.000259,0.0463204245537461,50.000259,1079.4430206913182,78,Monoclinic,C2/m,False,13.839013085786132,"{'Sr': 21.0, 'Co': 14.0, 'O': 43.0}","['Co', 'O', 'Sr']",3,0.3727223551258186,29.07234369981385,1.7198564902877147
mp-1213332,Fe6CuP4(H4O7)4,3.127061791742006,0.0155663005909119,-1.7589186423376624,FM,31.0033071,0.0591759045765594,31.0033071,523.9177554081855,55,Triclinic,P-1,False,9.525777371057918,"{'Fe': 6.0, 'Cu': 1.0, 'P': 4.0, 'H': 16.0, 'O': 28.0}","['Cu', 'Fe', 'H', 'O', 'P']",5,0.328273658929184,18.05505124110512,1.717154201668294
mp-769629,Mn2V3P6WO24,3.5911101141216184,0.0464740957639175,-2.571346093714423,FM,17.0000703,0.03617254226429,17.0000703,469.9716756370383,36,Trigonal,R3,False,13.054768767695508,"{'Mn': 2.0, 'V': 3.0, 'P': 6.0, 'W': 1.0, 'O': 24.0}","['Mn', 'O', 'P', 'V', 'W']",5,0.2750803310287616,9.902891917035419,1.7166773546983467
mp-648069,Ca2GaFeO5,4.1311541060230015,0.0139896549537024,-2.615057349722223,FM,20.0015896,0.0435396222820827,5.0003974,459.3882204676579,36,Orthorhombic,Pnma,False,12.760783901879387,"{'Ca': 8.0, 'Ga': 4.0, 'Fe': 4.0, 'O': 20.0}","['Ca', 'Fe', 'Ga', 'O']",4,0.3237382701398597,11.654577725034947,1.7162002838622814
mp-1221789,Mn3CrAs4,7.441664390248793,0.0012187296875003,-0.2439871217241389,FM,7.0903353,0.061520556996311,7.0903353,115.25148090621418,8,Monoclinic,Pm,False,14.406435113276771,"{'Mn': 3.0, 'Cr': 1.0, 'As': 4.0}","['As', 'Cr', 'Mn']",3,0.516551411347465,4.13241129077972,1.7157864503516462
mp-1104462,Ca(Al2Fe)4,4.063147509513891,0.0,-0.3485567607692307,FM,6.0100921,0.0306815890612077,6.0100921,195.8859460639497,13,Tetragonal,I4/mmm,True,15.068149697226897,"{'Ca': 1.0, 'Al': 8.0, 'Fe': 4.0}","['Al', 'Ca', 'Fe']",3,0.26965138992889504,3.5054680690756355,1.714490613398973
mp-558732,BaFe2(P2O7)2,3.62155563785392,0.0128558121428579,-2.627090928265305,FM,20.0012256,0.0365399916028735,10.0006128,547.3790420473731,42,Monoclinic,C2/c,False,13.032834334461263,"{'Ba': 2.0, 'Fe': 4.0, 'P': 8.0, 'O': 28.0}","['Ba', 'Fe', 'O', 'P']",4,0.27787935800563707,11.670933036236757,1.7137640613564271
mp-1274857,Ni(HO)2,2.680414888262564,0.027394128500001,-1.2278417874999996,FM,3.9988661,0.034813060368541,1.99943305,114.86683611457455,10,Monoclinic,C2/m,False,11.486683611457456,"{'Ni': 2.0, 'H': 4.0, 'O': 4.0}","['H', 'Ni', 'O']",3,0.2333497621183689,2.333497621183689,1.7136790985762982
mp-19401,CrPO4,3.446216656281685,0.0,-2.59617238077381,FM,17.9999994,0.0423636649858752,2.9999999,424.8924026285614,36,Orthorhombic,Imma,True,11.80256673968226,"{'Cr': 6.0, 'P': 6.0, 'O': 24.0}","['Cr', 'O', 'P']",3,0.29198874552387927,10.511594838859654,1.712394710406544
mp-1211470,Mn3Al2(GeO4)3,4.78207731149617,0.0046139812500021,-2.4539358546896546,FM,59.999485,0.0687097653536764,14.99987125,873.2308237578582,80,Cubic,Ia-3d,False,10.915385296973229,"{'Mn': 12.0, 'Al': 8.0, 'Ge': 12.0, 'O': 48.0}","['Al', 'Ge', 'Mn', 'O']",4,0.4381043070300241,35.04834456240193,1.711906389563528
mp-1077671,Sr6Ca2Mn5(FeO8)3,5.070347514246217,0.0493727074583372,-2.35722448824138,FM,29.6035711,0.0631194756412941,29.6035711,469.0085080591619,40,Monoclinic,P2,False,11.725212701479048,"{'Sr': 6.0, 'Ca': 2.0, 'Mn': 5.0, 'Fe': 3.0, 'O': 24.0}","['Ca', 'Fe', 'Mn', 'O', 'Sr']",5,0.43243117573522827,17.29724702940913,1.7114614279178302
mp-695492,Ca2Fe3Sb(PO4)6,3.24828031341267,0.0082140220833268,-2.593674678829364,FM,14.9996326,0.0312385114708757,14.9996326,480.1647675813373,36,Trigonal,R3,False,13.337910210592703,"{'Ca': 2.0, 'Fe': 3.0, 'Sb': 1.0, 'P': 6.0, 'O': 24.0}","['Ca', 'Fe', 'O', 'P', 'Sb']",5,0.24353742543812826,8.767347315772618,1.7108518756882583
mp-1218682,Sr8Fe4Co4O23,5.342734425440052,0.0303829522073577,-2.134003542179487,FM,29.2359892,0.0615590861731991,29.2359892,474.9256530180334,39,Tetragonal,I4/mmm,False,12.17758084661624,"{'Sr': 8.0, 'Fe': 4.0, 'Co': 4.0, 'O': 23.0}","['Co', 'Fe', 'O', 'Sr']",4,0.4387352868139346,17.11067618574345,1.7086402011604493
mp-773171,TiMn(PO4)2,3.1443227242585507,0.0161133993749942,-2.856360261712507,FM,14.9992459,0.0323394472512969,4.999748633333334,463.806501807123,36,Trigonal,R3,False,12.88351393908675,"{'Ti': 3.0, 'Mn': 3.0, 'P': 6.0, 'O': 24.0}","['Mn', 'O', 'P', 'Ti']",4,0.2440578509190045,8.786082633084161,1.707159666757521
mp-767946,Mn2V3Sb(PO4)6,3.3873987525291276,0.0450373515277711,-2.5330133664922005,FM,16.0040236,0.0342110653733551,16.0040236,467.80254941912784,36,Trigonal,R3,False,12.99451526164244,"{'Mn': 2.0, 'V': 3.0, 'Sb': 1.0, 'P': 6.0, 'O': 24.0}","['Mn', 'O', 'P', 'Sb', 'V']",5,0.2606791160981697,9.38444817953411,1.7053771616430322
mp-774229,Mn2InO5,5.700541711559099,0.0202411834505147,-1.9157027978160928,FM,28.00214,0.0788748427719578,7.000535,355.01991529744777,32,Orthorhombic,Pbam,False,11.094372353045244,"{'Mn': 8.0, 'In': 4.0, 'O': 20.0}","['In', 'Mn', 'O']",3,0.5138228220719835,16.44233030630347,1.703051786355664
mp-1280914,MnSbO4,5.1070090402951545,0.0366170136805568,-1.9033338684051724,FM,16.0006741,0.0511125542348137,4.000168525,313.0478282594146,24,Orthorhombic,C222_1,False,13.043659510808942,"{'Mn': 4.0, 'Sb': 4.0, 'O': 16.0}","['Mn', 'O', 'Sb']",3,0.3915319190954892,9.39676605829174,1.7027851923461421
mp-770376,Mn2P4O13,3.0912690153758455,0.0353169809648843,-2.456241291285974,FM,16.0033394,0.0337193079102736,8.0016697,474.6046224490896,38,Orthorhombic,C222_1,False,12.48959532760762,"{'Mn': 4.0, 'P': 8.0, 'O': 26.0}","['Mn', 'O', 'P']",3,0.24750754001955141,9.405286520742953,1.7015259837863874
mp-758049,Sr12Fe8O27,5.3623774429935205,0.0,-2.4329524835106375,FM,33.6916304,0.0563678724316044,33.6916304,597.709811397985,47,Triclinic,P-1,True,12.717230029744362,"{'Sr': 12.0, 'Fe': 8.0, 'O': 27.0}","['Fe', 'O', 'Sr']",3,0.4216623769839377,19.818131718245073,1.7000406939965302
mp-764992,Co29Ge13O56,5.668997011458999,0.0492287715816308,-1.5804295284183678,FM,88.9966841,0.0856016713482971,88.9966841,1039.660589544907,98,Trigonal,R3,False,10.60878152596844,"{'Co': 29.0, 'Ge': 13.0, 'O': 56.0}","['Co', 'Ge', 'O']",3,0.5343683435823696,52.36809767107222,1.6994446630273752
mp-1276416,MnSbO4,5.112141817846611,0.0477025215972224,-1.8922483604885063,FM,16.0006968,0.0511639972741806,4.0001742,312.73351677849814,24,Triclinic,P1,False,13.030563199104089,"{'Mn': 4.0, 'Sb': 4.0, 'O': 16.0}","['Mn', 'O', 'Sb']",3,0.3923193295434916,9.415663909043797,1.6993700024308687
mp-1227419,Ca(MnAl3)3,3.6084398226010306,0.0345696646153799,-0.2547685110610078,FM,5.0292974,0.0244098656239726,5.0292974,206.03543982891856,13,Monoclinic,C2/m,False,15.848879986839888,"{'Ca': 1.0, 'Mn': 3.0, 'Al': 9.0}","['Al', 'Ca', 'Mn']",3,0.22767790693079243,2.9598127901003015,1.699194427708912
mp-3574,MnAlCu2,6.685943187493788,0.0408403645114949,-0.1308494194827583,FM,3.5015772,0.0674538797211184,3.5015772,51.91068644942193,4,Cubic,Fm-3m,False,12.977671612355484,"{'Mn': 1.0, 'Al': 1.0, 'Cu': 2.0}","['Al', 'Cu', 'Mn']",3,0.5151881930136364,2.0607527720545455,1.6991738395232
mp-1173476,Sr18Fe6Ru3O34,5.187359766879162,0.030375191836061,-2.5402489511475417,FM,37.0687574,0.0419650316111913,37.0687574,883.3249011568581,61,Monoclinic,C2/m,False,14.480736084538655,"{'Sr': 18.0, 'Fe': 6.0, 'Ru': 3.0, 'O': 34.0}","['Fe', 'O', 'Ru', 'Sr']",4,0.3582248676169024,21.85171692463105,1.6963773385795808
mp-1217554,V17Fe7(PbO11)4,5.580942182703557,0.0396260543315953,-2.1812691556944435,FM,59.0025663,0.0710841448070078,59.0025663,830.0383504674761,72,Triclinic,P1,False,11.52831042315939,"{'V': 17.0, 'Fe': 7.0, 'Pb': 4.0, 'O': 44.0}","['Fe', 'O', 'Pb', 'V']",4,0.4841075559079257,34.85574402537065,1.6927645055303788
mp-704707,Cr2(MoO4)3,3.4513144110890623,0.003123396985293,-2.0905235668382365,FM,48.0512502,0.0213836738228352,6.006406275,2247.0998481414767,136,Monoclinic,P2_1/c,False,16.52279300104027,"{'Cr': 16.0, 'Mo': 24.0, 'O': 96.0}","['Cr', 'Mo', 'O']",3,0.20888202199663028,28.407954991541718,1.691471639345632
mp-756657,V4FeCoO12,3.2921514108456065,0.0343590337499843,-2.158286795555556,FM,7.0,0.0271832591190532,7.0,257.51143265575416,18,Monoclinic,C2,False,14.306190703097451,"{'V': 4.0, 'Fe': 1.0, 'Co': 1.0, 'O': 12.0}","['Co', 'Fe', 'O', 'V']",4,0.23012075535473037,4.142173596385146,1.689934001343851
mp-1200219,V4Cr2O13,2.912196073295626,0.0,-2.361630009605264,FM,24.1147542,0.0205000437840579,6.02868855,1176.326960762548,76,Monoclinic,P2_1/c,True,15.477986325823,"{'V': 16.0, 'Cr': 8.0, 'O': 52.0}","['Cr', 'O', 'V']",3,0.18815083641965794,14.299463567894003,1.6864097093924464
mp-677070,V9NiO15,4.761690799732605,0.0279964621499981,-2.400820697400001,FM,38.0000008,0.0719580266781143,19.0000004,528.08564317617,50,Triclinic,P-1,False,10.5617128635234,"{'V': 18.0, 'Ni': 2.0, 'O': 30.0}","['Ni', 'O', 'V']",3,0.45084456103497017,22.54222805174851,1.6857251516028602
mp-1076457,Sr6Ca2Fe5(CoO8)3,5.154219644536776,0.0386006610000038,-2.1130744282500005,FM,29.8338322,0.0640455203200619,29.8338322,465.8223096776796,40,Monoclinic,P2,False,11.645557741941987,"{'Sr': 6.0, 'Ca': 2.0, 'Fe': 5.0, 'Co': 3.0, 'O': 24.0}","['Ca', 'Co', 'Fe', 'O', 'Sr']",5,0.4425910513477279,17.703642053909117,1.6851804904975713
mp-1193887,BeCr2O4,4.621405969382043,0.0,-2.6000753471428544,FM,23.9999986,0.0943404880200598,5.99999965,254.39765156712795,28,Orthorhombic,Pnma,True,9.085630413111712,"{'Be': 4.0, 'Cr': 8.0, 'O': 16.0}","['Be', 'Cr', 'O']",3,0.5086500065766235,14.242200184145458,1.6851327947712047
mp-558892,MnVBiO5,5.515621668648858,0.0,-2.1457780603663803,FM,9.9990066,0.0420564343499629,4.9995033,237.7521241291062,16,Triclinic,P-1,True,14.859507758069135,"{'Mn': 2.0, 'V': 2.0, 'Bi': 2.0, 'O': 10.0}","['Bi', 'Mn', 'O', 'V']",4,0.37118468245717756,5.938954919314841,1.6836306615968646
mp-1206118,VCoO3,5.000794887539418,0.0221318904999971,-2.0000814740000004,FM,7.9999995,0.0763031267926375,3.99999975,104.84497603539772,10,Triclinic,P-1,False,10.484497603539772,"{'V': 2.0, 'Co': 2.0, 'O': 6.0}","['Co', 'O', 'V']",3,0.4769703877705167,4.769703877705167,1.6772528662406219
mp-541930,Fe(PO3)3,2.9288663660778185,0.0,-2.4788503990201467,FM,30.0070666,0.0301307330474726,5.001177766666667,995.895670799719,78,Monoclinic,Cc,True,12.767893215381012,"{'Fe': 6.0, 'P': 18.0, 'O': 54.0}","['Fe', 'O', 'P']",3,0.22939308127589295,17.89266033951965,1.6770600922727612
mp-17223,Cr4Co3(PO4)6,3.8097331775500543,0.007668735540534,-2.4338500134556,FM,21.0000665,0.0504706817498048,21.0000665,416.08446274021657,37,Triclinic,P-1,False,11.245526020005853,"{'Cr': 4.0, 'Co': 3.0, 'P': 6.0, 'O': 24.0}","['Co', 'Cr', 'O', 'P']",4,0.3387776766309124,12.534774035343759,1.6753446405006602
mp-1218544,SrCaMnRuO6,5.132995180280778,0.0302153378214278,-2.3553660487931034,FM,14.0000816,0.0569874121929616,7.0000408,245.6697200531788,20,Monoclinic,P2_1,False,12.28348600265894,"{'Sr': 2.0, 'Ca': 2.0, 'Mn': 2.0, 'Ru': 2.0, 'O': 12.0}","['Ca', 'Mn', 'O', 'Ru', 'Sr']",5,0.41787772454575733,8.357554490915147,1.6751409297083744
mp-1650411,Sr5Fe4MoO15,5.344160810119439,0.0062908382000124,-2.3855411194,FM,36.0081419,0.0580934250290665,18.00407095,619.8316226317111,50,Monoclinic,Cm,False,12.396632452634222,"{'Sr': 10.0, 'Fe': 8.0, 'Mo': 2.0, 'O': 30.0}","['Fe', 'Mo', 'O', 'Sr']",4,0.4310977864786038,21.55488932393019,1.6705324420303953
mp-1218594,Sr5Fe4MoO15,5.344296935342975,0.0034541462000117,-2.3883778114000007,FM,18.000339,0.0580828626459155,18.000339,309.9079174133268,25,Monoclinic,C2/m,False,12.396316696533072,"{'Sr': 5.0, 'Fe': 4.0, 'Mo': 1.0, 'O': 15.0}","['Fe', 'Mo', 'O', 'Sr']",4,0.4311197484037848,10.77799371009462,1.6701010859879204
mp-559970,Cr3(P2O7)2,3.3712907421746805,0.0014686685714373,-2.582934238741497,FM,19.9988116,0.0402901177834586,9.9994058,496.37014484506307,42,Triclinic,P-1,False,11.81833678202531,"{'Cr': 6.0, 'P': 8.0, 'O': 28.0}","['Cr', 'O', 'P']",3,0.2852593223863893,11.98089154022835,1.6692256609493379
mp-1221860,Mn2SiNi2Ge,7.282931727148051,0.0031804495833318,-0.3723125976436788,FM,11.7032148,0.0782481088634658,5.8516074,149.5654651593023,12,Orthorhombic,Pmc2_1,False,12.463788763275195,"{'Mn': 4.0, 'Si': 2.0, 'Ni': 4.0, 'Ge': 2.0}","['Ge', 'Mn', 'Ni', 'Si']",4,0.5843272752349074,7.011927302818888,1.6690439439232565
mp-1041845,MgMn(SiO3)2,3.3937284859614656,0.0051307187916673,-3.011844112668105,FM,40.0006838,0.044159329112034,5.000085475,905.8263475542536,80,Orthorhombic,Pbca,False,11.322829344428172,"{'Mg': 8.0, 'Mn': 8.0, 'Si': 16.0, 'O': 48.0}","['Mg', 'Mn', 'O', 'Si']",4,0.2997244224679125,23.977953797433,1.6682275784634442
mp-550807,MnInO3,5.890629396118938,0.0220858326874999,-1.98190778291954,FM,7.9999715,0.0651635020466006,3.99998575,122.7676728343874,10,Hexagonal,P6_3/mmc,False,12.27676728343874,"{'Mn': 2.0, 'In': 2.0, 'O': 6.0}","['In', 'Mn', 'O']",3,0.47981926024331745,4.798192602433175,1.667288531924124
mp-765562,TiMn2V3(PO4)6,3.187116671439272,0.0009115390277436,-2.7217471824181256,FM,14.9997063,0.0327004460119742,14.9997063,458.700358230814,36,Trigonal,R3,False,12.74167661752261,"{'Ti': 1.0, 'Mn': 2.0, 'V': 3.0, 'P': 6.0, 'O': 24.0}","['Mn', 'O', 'P', 'Ti', 'V']",5,0.250133225564388,9.004796120317968,1.6657463533411287
mp-759718,Ba5Mn5O14,5.911828508825866,0.0,-2.492107004568965,FM,34.0000011,0.051060753080916,17.00000055,665.8734751937594,48,Orthorhombic,Ama2,True,13.872364066536656,"{'Ba': 10.0, 'Mn': 10.0, 'O': 28.0}","['Ba', 'Mn', 'O']",3,0.4261586907949281,20.45561715815655,1.6621351894260845
mp-1233455,MgVFe(P2O7)2,2.757082985679884,0.049557626904769,-2.614107514455783,FM,7.0008294,0.0242680306247951,7.0008294,288.47950244660956,21,Triclinic,P1,False,13.737119164124264,"{'Mg': 1.0, 'V': 1.0, 'Fe': 1.0, 'P': 4.0, 'O': 14.0}","['Fe', 'Mg', 'O', 'P', 'V']",5,0.20070314253954039,4.2147659933303485,1.661024458078682
mp-1226302,Cr3FeAs4,7.232795324214824,0.0190881181250004,-0.1700116087500003,FM,6.5470745,0.0557496308512601,6.5470745,117.4370915112887,8,Monoclinic,Pm,False,14.679636438911087,"{'Cr': 3.0, 'Fe': 1.0, 'As': 4.0}","['As', 'Cr', 'Fe']",3,0.49270943148448587,3.941675451875887,1.6609877144715643
mp-1048275,MgMnP2O7,3.235423516414106,9.554659092714246e-05,-2.780657777019705,FM,20.00138,0.0384805870447597,5.000345,519.7784528789764,44,Monoclinic,P2_1/c,False,11.813146656340372,"{'Mg': 4.0, 'Mn': 4.0, 'P': 8.0, 'O': 28.0}","['Mg', 'Mn', 'O', 'P']",4,0.27388329380280607,12.050864927323467,1.6597464265531658
mp-766713,ZnFe2As2(HO5)2,4.118246194347753,0.0001695233823548,-1.6466722498529416,FM,20.0004818,0.0507232849658276,10.0002409,394.3057279013837,34,Monoclinic,P2_1/c,False,11.597227291217166,"{'Zn': 2.0, 'Fe': 4.0, 'As': 4.0, 'H': 4.0, 'O': 20.0}","['As', 'Fe', 'H', 'O', 'Zn']",5,0.3551061034620397,12.07360751770935,1.656545632335957
mp-1204413,Mn3P4H12(NO8)2,2.5348116793781004,0.0,-1.8359613789828249,FM,30.0030207,0.0391577822559894,15.00151035,766.2083747199671,74,Monoclinic,P2_1/c,True,10.3541672259455,"{'Mn': 6.0, 'P': 8.0, 'H': 24.0, 'N': 4.0, 'O': 32.0}","['H', 'Mn', 'N', 'O', 'P']",5,0.24481077271249418,18.11599718072457,1.6561617006610727
mp-1207884,ZnFePO5,4.268702349234112,0.0460093955468785,-2.1829783197209833,FM,80.0000989,0.0553488739554373,5.00000618125,1445.3789785210429,128,Monoclinic,P2_1/c,False,11.292023269695646,"{'Zn': 16.0, 'Fe': 16.0, 'P': 16.0, 'O': 80.0}","['Fe', 'O', 'P', 'Zn']",4,0.3780281219123955,48.38759960478662,1.653318196261304
mp-1182833,Fe2P2H4NO8,3.164364866679502,0.0231270134804191,-1.8281547351050416,FM,72.0262941,0.0536704268526978,9.0032867625,1342.0108302414112,136,Monoclinic,C2/c,False,9.867726692951551,"{'Fe': 16.0, 'P': 16.0, 'H': 32.0, 'N': 8.0, 'O': 64.0}","['Fe', 'H', 'N', 'O', 'P']",5,0.3206782033130068,43.61223565056892,1.6515157506964544
mp-1076062,Sr7CaFe5(CoO8)3,5.295149198523752,0.0299884187375001,-2.1175967264999995,FM,29.8714449,0.0637824195964135,29.8714449,468.3335171198124,40,Monoclinic,Cm,False,11.70833792799531,"{'Sr': 7.0, 'Ca': 1.0, 'Fe': 5.0, 'Co': 3.0, 'O': 24.0}","['Ca', 'Co', 'Fe', 'O', 'Sr']",5,0.452254558340236,18.09018233360944,1.6512517314157942
mp-850419,MnV4NiO12,3.3308385309681325,0.0110781627777765,-2.213327408218392,FM,7.0000601,0.0275648495705265,7.0000601,253.94878655477015,18,Monoclinic,C2,False,14.108265919709453,"{'Mn': 1.0, 'V': 4.0, 'Ni': 1.0, 'O': 12.0}","['Mn', 'Ni', 'O', 'V']",4,0.23609127797307128,4.249643003515283,1.6472113290950758
mp-12209,MnB4O7,2.7129512614010993,0.0,-2.753720564966476,FM,39.9994253,0.0388659889938062,4.9999281625,1029.1626775887366,96,Orthorhombic,Pbca,True,10.720444558216007,"{'Mn': 8.0, 'B': 32.0, 'O': 56.0}","['B', 'Mn', 'O']",3,0.2530633171664443,24.294078447978656,1.646468104795639
mp-1218549,Sr4Fe3MoO12,5.334604121405408,0.0021995938093741,-2.4295859634999992,FM,14.0003552,0.0558065581220651,14.0003552,250.87293807615157,20,Tetragonal,P4/mmm,False,12.54364690380758,"{'Sr': 4.0, 'Fe': 3.0, 'Mo': 1.0, 'O': 12.0}","['Fe', 'Mo', 'O', 'Sr']",4,0.4252833456102872,8.505666912205744,1.646003228730872
mp-1047869,CaCr3P3O13,3.359223485757145,0.0196427401250005,-2.7300389586964284,FM,17.9996582,0.0366340840731328,8.9998291,491.3363785502912,40,Monoclinic,P2_1/m,False,12.28340946375728,"{'Ca': 2.0, 'Cr': 6.0, 'P': 6.0, 'O': 26.0}","['Ca', 'Cr', 'O', 'P']",4,0.27347647212027537,10.939058884811015,1.6454485152276392
mp-863435,Co3(AsO4)2,4.943810121408029,0.0119993548717953,-1.540146472435897,FM,27.0014308,0.0589403199793645,9.000476933333333,458.11476438291186,39,Tetragonal,I-4,False,11.746532420074663,"{'Co': 9.0, 'As': 6.0, 'O': 24.0}","['As', 'Co', 'O']",3,0.4208740030342167,16.41408611833445,1.6450157873754265
mp-1191740,Sr2MnSi2O7,3.737598690464924,0.0,-3.209908774827586,FM,9.9999767,0.0282522709064527,4.99998835,353.95302321400425,24,Tetragonal,P-42_1m,True,14.748042633916844,"{'Sr': 4.0, 'Mn': 2.0, 'Si': 4.0, 'O': 14.0}","['Mn', 'O', 'Si', 'Sr']",4,0.25343015227453797,6.082323654588912,1.644104665896125
mp-1218513,Sr4Fe3MoO12,5.3486109669332,0.0091528063093733,-2.4226327509999996,FM,14.0074246,0.0559813402471827,14.0074246,250.215956569652,20,Cubic,Im-3m,False,12.5107978284826,"{'Sr': 4.0, 'Fe': 3.0, 'Mo': 1.0, 'O': 12.0}","['Fe', 'Mo', 'O', 'Sr']",4,0.42751957471140095,8.55039149422802,1.6382202627161313
mp-1216958,U(AlFe)6,6.699585953960886,0.016665893846155,-0.2850759661538437,FM,10.1566643,0.055753178473715,10.1566643,182.17193311747013,13,Orthorhombic,Immm,False,14.01322562442078,"{'U': 1.0, 'Al': 6.0, 'Fe': 6.0}","['Al', 'Fe', 'U']",3,0.47809020803072994,6.215172704399489,1.6341724973805596
mp-1042694,Mg2Mn3O8,4.298342161907304,0.018262420384616,-2.227761069137931,FM,18.0,0.0682348565753776,9.0,263.79479496840105,26,Hexagonal,P6_3mc,False,10.14595365263081,"{'Mg': 4.0, 'Mn': 6.0, 'O': 16.0}","['Mg', 'Mn', 'O']",3,0.4236508768983741,11.014922799357727,1.634146723302461
mp-1205588,Mn3GeN,7.480301357936405,0.0070517955000006,-0.283973625758621,FM,10.9397943,0.097989333471245,5.46989715,111.64270551151652,10,Tetragonal,I4/mcm,False,11.164270551151652,"{'Mn': 6.0, 'Ge': 2.0, 'N': 2.0}","['Ge', 'Mn', 'N']",3,0.6700215050919536,6.700215050919535,1.6327527126907109
mp-1030631,Mg3MnO4,3.9049407440140897,0.0470062337500003,-2.7398680853663793,FM,5.0000009,0.0612875370527994,5.0000009,81.58266982881825,8,Cubic,Pm-3m,False,10.197833728602282,"{'Mg': 3.0, 'Mn': 1.0, 'O': 4.0}","['Mg', 'Mn', 'O']",3,0.3829186519350421,3.063349215480337,1.6322007542375458
mp-1182551,Fe3P2H6O11,3.221864665650815,0.0086487229545459,-1.8716604199675315,FM,47.9998738,0.0565774789800894,11.99996845,848.3918807497935,88,Orthorhombic,Pbcn,False,9.6408168267022,"{'Fe': 12.0, 'P': 8.0, 'H': 24.0, 'O': 44.0}","['Fe', 'H', 'O', 'P']",4,0.33419000937007814,29.408720824566878,1.6321646251238107
mp-1204140,MnH4(NO4)2,2.20615155653632,0.0074434349999998,-1.1783720150287356,FM,40.0317589,0.0309247427006738,5.0039698625,1294.4896352889511,120,Orthorhombic,P2_12_12_1,False,10.787413627407926,"{'Mn': 8.0, 'H': 32.0, 'N': 16.0, 'O': 64.0}","['H', 'Mn', 'N', 'O']",4,0.20451163112268916,24.5413957347227,1.6311932431520417
mp-22632,Co3(BO3)2,4.7243686792892605,0.0,-2.2781895807575783,FM,17.999704,0.0869692480606205,8.999852,206.966305922912,22,Orthorhombic,Pnnm,True,9.407559360132364,"{'Co': 6.0, 'B': 4.0, 'O': 12.0}","['B', 'Co', 'O']",3,0.5021885590550011,11.048148299210025,1.629205502363417
mp-649683,Fe(PO3)2,3.2820619413164667,0.0,-2.4705333663095215,FM,15.9999996,0.0369804723442764,3.9999999,432.6607689335354,36,Monoclinic,C2/c,True,12.018354692598203,"{'Fe': 4.0, 'P': 8.0, 'O': 24.0}","['Fe', 'O', 'P']",3,0.27308745874656243,9.831148514876247,1.6274802049617298
mp-1218841,Sr2Fe3Sb(PO4)6,3.4956852096326756,0.0045694622222223,-2.5989201779960314,FM,15.0005053,0.0305292445940828,15.0005053,491.34872151102576,36,Trigonal,R3,False,13.648575597528492,"{'Sr': 2.0, 'Fe': 3.0, 'Sb': 1.0, 'P': 6.0, 'O': 24.0}","['Fe', 'O', 'P', 'Sb', 'Sr']",5,0.25612088123435245,9.220351724436687,1.6268907898864833
mp-758927,Mn3CrNi2(PO4)6,3.481060677237066,0.0304524333564666,-2.3075229917125077,FM,16.9993768,0.0394198489293077,16.9993768,431.2390143981848,36,Trigonal,R3,False,11.978861511060687,"{'Mn': 3.0, 'Cr': 1.0, 'Ni': 2.0, 'P': 6.0, 'O': 24.0}","['Cr', 'Mn', 'Ni', 'O', 'P']",5,0.29060029402817844,10.461610585014423,1.624929226896526
mp-555215,Mg2Mn(PO4)2,2.978891846675681,0.0,-2.8894212713243643,FM,19.9999999,0.0305619593455365,4.999999975,654.408301309415,52,Monoclinic,P2_1/c,True,12.584775025181058,"{'Mg': 8.0, 'Mn': 4.0, 'P': 8.0, 'O': 32.0}","['Mg', 'Mn', 'O', 'P']",4,0.23670600711694675,12.308712370081231,1.6248653229247576
mp-770423,Mg2Mn3O8,4.311049348455853,0.0,-2.246023489522547,FM,17.9999998,0.0684365784836086,8.9999999,263.01723725582224,26,Orthorhombic,Pmn2_1,True,10.116047586762392,"{'Mg': 4.0, 'Mn': 6.0, 'O': 16.0}","['Mg', 'Mn', 'O']",3,0.4261594571873293,11.080145886870561,1.6245273287718291
mp-1211638,Mn3Ga2(GeO4)3,5.2333523702787375,0.0227511872500016,-2.146410063939655,FM,59.9994897,0.0661934560931836,14.999872425,906.4263031610844,80,Cubic,Ia-3d,False,11.330328789513556,"{'Mn': 12.0, 'Ga': 8.0, 'Ge': 12.0, 'O': 48.0}","['Ga', 'Ge', 'Mn', 'O']",4,0.4618888354874846,36.95110683899877,1.6237535173554154
mp-1228949,Al2CrFeCo4,7.1370348893245,0.0370732387499996,-0.2920568399999999,FM,8.0036451,0.0865324570055574,8.0036451,92.49298329164488,8,Trigonal,R-3m,False,11.561622911455611,"{'Al': 2.0, 'Cr': 1.0, 'Fe': 1.0, 'Co': 4.0}","['Al', 'Co', 'Cr', 'Fe']",4,0.6173038979028547,4.938431183222837,1.6206857609336562
mp-541018,MnP4O11,2.6653244248927845,0.0091524456249993,-2.5463375266564032,FM,20.0026837,0.0226210738987913,5.000670925,884.2499604348466,64,Triclinic,P-1,False,13.816405631794478,"{'Mn': 4.0, 'P': 16.0, 'O': 44.0}","['Mn', 'O', 'P']",3,0.19291011685118076,12.346247478475568,1.6201427790000686
mp-1326396,CaMnAsO5,4.002129238366585,0.0200221516796705,-2.33475015005388,FM,16.0058481,0.0385863989282112,4.001462025,414.8054377859501,32,Orthorhombic,P2_12_12_1,False,12.96266993081094,"{'Ca': 4.0, 'Mn': 4.0, 'As': 4.0, 'O': 20.0}","['As', 'Ca', 'Mn', 'O']",4,0.3087426633346525,9.87976522670888,1.6200636080632682
mp-758069,Sr18Co12O35,5.121033672541235,0.0258148240769218,-2.296076465153847,FM,37.9992784,0.0412005278602768,37.9992784,922.3007658753014,65,Monoclinic,Cm,False,14.189242551927714,"{'Sr': 18.0, 'Co': 12.0, 'O': 35.0}","['Co', 'O', 'Sr']",3,0.3609095872313145,23.459123170035443,1.6198081285722066
mp-1291928,Nb2Co4O9,5.562488066958127,0.0148351776666793,-2.0949913743333335,FM,24.001251,0.0710821315018676,12.0006255,337.6551953759204,30,Monoclinic,Cc,False,11.255173179197348,"{'Nb': 4.0, 'Co': 8.0, 'O': 18.0}","['Co', 'Nb', 'O']",3,0.49421612430088,14.8264837290264,1.61880938452128
mp-775004,Fe3P6WO24,3.131737676775243,0.0413596310171504,-2.262247221701681,FM,11.9975789,0.0245626075351788,11.9975789,488.44891092352253,34,Trigonal,R3,False,14.366144438927131,"{'Fe': 3.0, 'P': 6.0, 'W': 1.0, 'O': 24.0}","['Fe', 'O', 'P', 'W']",4,0.21799430529804156,7.411806380133413,1.6187118611406635
mp-831249,V4Cr2O13,2.9654978544511796,0.006791380526316,-2.3548386290789485,FM,24.0005876,0.0207764252514866,6.0001469,1155.1836906246751,76,Monoclinic,P2_1/c,False,15.199785402956252,"{'V': 16.0, 'Cr': 8.0, 'O': 52.0}","['Cr', 'O', 'V']",3,0.19510129754031996,14.827698613064317,1.6186320093432218
mp-1274499,FePH5CO4,2.187426296055521,0.0283732554687548,-1.3258995050744045,FM,15.9999779,0.0313891104849654,3.999994475,509.7302106621837,48,Monoclinic,Pc,False,10.619379388795492,"{'Fe': 4.0, 'P': 4.0, 'H': 20.0, 'C': 4.0, 'O': 16.0}","['C', 'Fe', 'H', 'O', 'P']",5,0.20598438156974355,9.887250315347691,1.6182434336838523
mp-695062,Ca3Zr2Fe2SiO12,4.034340715882712,0.0004047282499985,-3.1327755347499995,FM,40.0000002,0.0382935712391872,10.00000005,1044.5617607758277,80,Tetragonal,I4_1/acd,False,13.057022009697842,"{'Ca': 12.0, 'Zr': 8.0, 'Fe': 8.0, 'Si': 4.0, 'O': 48.0}","['Ca', 'Fe', 'O', 'Si', 'Zr']",5,0.30897862566872336,24.718290053497867,1.6182349229428041
mp-1094065,Sr2Co2O5,5.3263811538469605,0.0351279377777773,-2.103315670555556,FM,6.0007215,0.0515890367781066,6.0007215,116.3177658425788,9,Tetragonal,P4/mmm,False,12.92419620473098,"{'Sr': 2.0, 'Co': 2.0, 'O': 5.0}","['Co', 'O', 'Sr']",3,0.4121247518586267,3.7091227667276403,1.6178276852491766
mp-1228678,Ba2MnRuO6,6.152541948389551,0.0229156085833341,-2.3171343647931044,FM,20.9979188,0.0492415176974943,6.999306266666667,426.4271245455228,30,Monoclinic,C2/m,False,14.21423748485076,"{'Ba': 6.0, 'Mn': 3.0, 'Ru': 3.0, 'O': 18.0}","['Ba', 'Mn', 'O', 'Ru']",4,0.43284361577234115,12.985308473170235,1.6170519817365236
mp-699575,CoSiO3,4.080334775064735,0.0219165005833357,-2.45051476425,FM,48.0057909,0.0546049770393873,3.00036193125,879.1468013139676,80,Orthorhombic,Pbca,False,10.989335016424594,"{'Co': 16.0, 'Si': 16.0, 'O': 48.0}","['Co', 'O', 'Si']",3,0.37129951620969703,29.703961296775763,1.6161410399228746
mp-705347,Co6P7O24,3.691111884200447,0.011383234504505,-2.243929121689188,FM,38.0000002,0.04425178378696,19.0000001,858.7224502167462,74,Monoclinic,P2_1/m,False,11.604357435361436,"{'Co': 12.0, 'P': 14.0, 'O': 48.0}","['Co', 'O', 'P']",3,0.31807981654828105,23.537906424572796,1.6144171666996372
mp-601268,FePH5CO4,2.1908043596704827,0.0301920925520873,-1.3240806679910715,FM,8.0000073,0.0314376571023617,4.00000365,254.4721215691041,24,Orthorhombic,Pmn2_1,False,10.603005065379335,"{'Fe': 2.0, 'P': 2.0, 'H': 10.0, 'C': 2.0, 'O': 8.0}","['C', 'Fe', 'H', 'O', 'P']",5,0.20662108017130368,4.9589059241112885,1.6132605502964292
mp-1196264,Zr2Mn4P3,6.63487479287818,0.0,-0.8695192822947462,FM,27.9733754,0.0564360695831036,6.99334385,495.6648399975561,36,Hexagonal,P-62m,True,13.768467777709892,"{'Zr': 8.0, 'Mn': 16.0, 'P': 12.0}","['Mn', 'P', 'Zr']",3,0.4818891179466999,17.348008246081196,1.612483404619029
mp-725423,MnFe2Sb2(PO4)6,3.515418328569225,0.0,-2.3819843115939476,FM,15.0001079,0.0324046072252899,15.0001079,462.9004695447526,35,Trigonal,R-3,True,13.225727701278643,"{'Mn': 1.0, 'Fe': 2.0, 'Sb': 2.0, 'P': 6.0, 'O': 24.0}","['Fe', 'Mn', 'O', 'P', 'Sb']",5,0.265801505064206,9.30305267724721,1.6123855706725458
mp-758262,Ga13Fe11O32,5.602235649793779,0.017111353727679,-1.9681001344196432,FM,46.9871367,0.0779872044016756,46.9871367,602.4980259324497,56,Monoclinic,C2/m,False,10.758893320222317,"{'Ga': 13.0, 'Fe': 11.0, 'O': 32.0}","['Fe', 'Ga', 'O']",3,0.5207074262242073,29.15961586855561,1.6113770809535517
mp-1273841,FePH5CO4,2.1934185939580875,0.0290411008854203,-1.3252316596577387,FM,8.0000005,0.0314751441505591,4.00000025,254.16882800385488,24,Monoclinic,P2_1,False,10.590367833493952,"{'Fe': 2.0, 'P': 2.0, 'H': 10.0, 'C': 2.0, 'O': 8.0}","['C', 'Fe', 'H', 'O', 'P']",5,0.20711448633738716,4.970747672097292,1.6094159325179718
mp-1216789,V2Fe(CuO2)3,5.35619072583065,0.0467208112499912,-1.6548838191666668,FM,9.0049426,0.065365799915356,9.0049426,137.7622948340071,12,Monoclinic,C2/m,False,11.480191236167258,"{'V': 2.0, 'Fe': 1.0, 'Cu': 3.0, 'O': 6.0}","['Cu', 'Fe', 'O', 'V']",4,0.4665593643559244,5.598712372271093,1.608395288280756
mp-36028,Co2SnO4,6.164730980085324,0.0,-1.6379881714285724,FM,11.999465,0.0741046605924314,5.9997325,161.92591537522736,14,Orthorhombic,Imma,True,11.56613681251624,"{'Co': 4.0, 'Sn': 2.0, 'O': 8.0}","['Co', 'O', 'Sn']",3,0.5329982759164832,7.461975862830765,1.608081454641412
mp-675232,CrHO2,4.05704198561519,0.0007175662500005,-1.9853010184375,FM,12.0,0.0862279820800557,3.0,139.165961101339,16,Monoclinic,P2_1/c,False,8.697872568833688,"{'Cr': 4.0, 'H': 4.0, 'O': 8.0}","['Cr', 'H', 'O']",3,0.46644072484488075,7.463051597518092,1.6079213500266718
mp-27908,Fe12N5,7.438944422764716,0.0263151192647068,-0.1589874358823522,FM,41.8148075,0.1265402796401038,20.90740375,330.4466184121488,34,Trigonal,P-31m,False,9.719018188592612,"{'Fe': 24.0, 'N': 10.0}","['Fe', 'N']",2,0.7654008129644144,26.02362764079009,1.6068016372344038
mp-1333984,CaCo2(PO4)2,3.5731039837194833,0.026720391132482,-2.519168275714286,FM,24.0008278,0.0371128617888308,6.00020695,646.6983854967241,52,Monoclinic,C2/c,False,12.43650741339854,"{'Ca': 4.0, 'Co': 8.0, 'P': 8.0, 'O': 32.0}","['Ca', 'Co', 'O', 'P']",4,0.2873076712735265,14.93999890622338,1.6064812287236685
mp-735530,Ba2Fe3P6HO22,3.6272949961454106,0.0,-2.628824755267857,FM,14.9963827,0.0333917851872697,14.9963827,449.10395224143946,34,Triclinic,P-1,True,13.208939771807042,"{'Ba': 2.0, 'Fe': 3.0, 'P': 6.0, 'H': 1.0, 'O': 22.0}","['Ba', 'Fe', 'H', 'O', 'P']",5,0.27460909496214475,9.336709228712921,1.6061743310889496
mp-1041922,CaFe(SiO3)2,3.2092249765316514,0.0419193336249978,-2.978504527625,FM,32.0001605,0.0311604180618937,4.0000200625,1026.94901064672,80,Orthorhombic,Pbca,False,12.836862633084,"{'Ca': 8.0, 'Fe': 8.0, 'Si': 16.0, 'O': 48.0}","['Ca', 'Fe', 'O', 'Si']",4,0.25000072589860295,20.000058071888237,1.600003379239129
mp-1104243,Th(MnAl2)4,5.660276580599415,0.0067639569230779,-0.3077018632095489,FM,7.8081287,0.0398649764100603,7.8081287,195.86437527728071,13,Tetragonal,I4/mmm,False,15.066490405944672,"{'Th': 1.0, 'Mn': 4.0, 'Al': 8.0}","['Al', 'Mn', 'Th']",3,0.3756864689845807,4.883924096799549,1.5987407963847537
mp-774360,Mn2V3Ni(PO4)6,3.280629069788979,0.0078029247222168,-2.5389877003810883,FM,15.0678234,0.0334020079251466,15.0678234,451.1053177930725,36,Trigonal,R3,False,12.530703272029792,"{'Mn': 2.0, 'V': 3.0, 'Ni': 1.0, 'P': 6.0, 'O': 24.0}","['Mn', 'Ni', 'O', 'P', 'V']",5,0.26180725842513425,9.425061303304833,1.598697654594201
mp-28771,Sr2FeN2,4.64192357315908,0.0190371298,-0.7124207172000001,FM,9.9999913,0.0215781284678521,1.99999826,463.4318177731844,25,Triclinic,P-1,False,18.53727271092738,"{'Sr': 10.0, 'Fe': 5.0, 'N': 10.0}","['Fe', 'N', 'Sr']",3,0.25041027585588427,6.260256896397107,1.5973771468955498
mp-449,Fe5Si3,6.629144384132165,0.0339786193749995,-0.3560453987500001,FM,14.8842087,0.08173758908034,7.44210435,182.09747641773836,16,Hexagonal,P6_3/mcm,False,11.381092276108648,"{'Fe': 10.0, 'Si': 6.0}","['Fe', 'Si']",2,0.5824699618724787,9.319519389959659,1.5971004594974536
mp-1276442,Sr2FeCoO6,5.397490065646119,0.0226333761774171,-2.0887679455000003,FM,14.4824004,0.0609746874601197,7.2412002,237.5149591291,20,Tetragonal,P4/mmm,False,11.875747956455,"{'Sr': 4.0, 'Fe': 2.0, 'Co': 2.0, 'O': 12.0}","['Co', 'Fe', 'O', 'Sr']",4,0.4544968523613995,9.08993704722799,1.5932344002774432
mp-669418,Sr2NiN2,4.67481718481822,0.0095610301666688,-0.6451764789999942,FM,7.9999901,0.0214947250709186,1.999997525,372.1838764443467,20,Orthorhombic,Pnma,False,18.609193822217335,"{'Sr': 8.0, 'Ni': 4.0, 'N': 8.0}","['N', 'Ni', 'Sr']",3,0.2512100862336659,5.024201724673318,1.5922907833721927
mp-532537,Ca2Mn2V3AgO12,4.094238962822886,0.0102347245885443,-2.478970691126436,FM,40.0059739,0.03836796443936,10.001493475,1042.6921126667758,80,Tetragonal,I4_1/acd,False,13.033651408334697,"{'Ca': 8.0, 'Mn': 8.0, 'V': 12.0, 'Ag': 4.0, 'O': 48.0}","['Ag', 'Ca', 'Mn', 'O', 'V']",5,0.3141283155850495,25.13026524680396,1.5919439571012057
mp-557042,MnP4O11,2.6891966973591965,0.0,-2.5554899722814026,FM,20.0000009,0.0228206208866102,5.000000225,876.4003836431438,64,Monoclinic,P2_1/c,True,13.69375599442412,"{'Mn': 4.0, 'P': 16.0, 'O': 44.0}","['Mn', 'O', 'P']",3,0.19638123378671235,12.56839896234959,1.591292650711743
mp-1213798,Cr6O11,4.966650245126532,0.0180880670588106,-2.123403061470588,FM,27.9999998,0.0858122697941374,13.9999999,326.29366251669643,34,Triclinic,P-1,False,9.59687242696166,"{'Cr': 12.0, 'O': 22.0}","['Cr', 'O']",2,0.5175280053919564,17.595952183326517,1.5912750562332227
mp-765944,Al15Fe9O32,4.1928175913732035,0.0069279873214274,-2.8178269978571433,FM,37.1250697,0.0660461077575563,37.1250697,562.1083658143733,56,Monoclinic,C2/m,False,10.03764938954238,"{'Al': 15.0, 'Fe': 9.0, 'O': 32.0}","['Al', 'Fe', 'O']",3,0.41770910983815057,23.391710150936433,1.5871036987226768
mp-1218650,Sr3Fe2MoO9,5.347840730315838,1.808754166976456e-05,-2.489227529666668,FM,20.0065785,0.0524277464132851,10.00328925,381.60287002018333,30,Monoclinic,C2/m,False,12.720095667339445,"{'Sr': 6.0, 'Fe': 4.0, 'Mo': 2.0, 'O': 18.0}","['Fe', 'Mo', 'O', 'Sr']",4,0.4204245683503103,12.612737050509308,1.5862202169030493
mp-1176486,Mn2V3Sn(PO4)6,3.394986448955804,0.0215760163888916,-2.5795045871866447,FM,15.0000817,0.0322398514863742,15.0000817,465.2652232700137,36,Trigonal,R3,False,12.9240339797226,"{'Mn': 2.0, 'V': 3.0, 'Sn': 1.0, 'P': 6.0, 'O': 24.0}","['Mn', 'O', 'P', 'Sn', 'V']",5,0.26268783061716106,9.456761902217798,1.5861752527027444
mp-1218659,Sr7Mn7O20,5.280785557389379,0.0262865761397099,-2.493278691926978,FM,23.3420974,0.0563259760596849,23.3420974,414.410881673243,34,Monoclinic,P2/m,False,12.188555343330677,"{'Sr': 7.0, 'Mn': 7.0, 'O': 20.0}","['Mn', 'O', 'Sr']",3,0.43325770845179895,14.730762087361164,1.5845817929560664
mp-1041600,Mg3Fe3(AsO4)4,3.851001606258608,0.0348509624145414,-2.035919061730769,FM,24.0153926,0.0349785701958228,12.0076963,686.5744501720063,52,Monoclinic,P2_1/c,False,13.20335481100012,"{'Mg': 6.0, 'Fe': 6.0, 'As': 8.0, 'O': 32.0}","['As', 'Fe', 'Mg', 'O']",4,0.2916684177153386,15.166757721197605,1.5834229728899292
mp-867954,Mn3VNi2(PO4)6,3.4197124398680705,0.0486178767361105,-2.3406358569902843,FM,15.9971446,0.036484579649357,15.9971446,438.46317413394945,36,Trigonal,R3,False,12.17953261483193,"{'Mn': 3.0, 'V': 1.0, 'Ni': 2.0, 'P': 6.0, 'O': 24.0}","['Mn', 'Ni', 'O', 'P', 'V']",5,0.2807753423726318,10.107912325414745,1.582635868316518
mp-760130,Ba8Mn8O23,5.848788681088863,0.0070283401282047,-2.4842470758576485,FM,26.0000002,0.0480444258383834,26.0000002,541.1658011578985,39,Orthorhombic,Amm2,False,13.87604618353586,"{'Ba': 8.0, 'Mn': 8.0, 'O': 23.0}","['Ba', 'Mn', 'O']",3,0.4215025378070981,16.438598974476825,1.581643316463195
mp-1254209,Ca3Fe2(Si2O7)2,3.3589010909618215,0.0418727110507255,-3.0072581258695656,FM,20.0010394,0.0355979865203622,10.0005197,561.8587272782776,46,Monoclinic,C2/c,False,12.214320158223426,"{'Ca': 6.0, 'Fe': 4.0, 'Si': 8.0, 'O': 28.0}","['Ca', 'Fe', 'O', 'Si']",4,0.2749969746535917,12.649860834065217,1.5811272283833002
mp-1022803,CoHCO4,2.4147514841832214,0.049467092857145,-1.452654910892856,FM,12.0000651,0.0213933249712789,2.00001085,560.9256679880464,42,Hexagonal,P6_3/m,False,13.355373047334435,"{'Co': 6.0, 'H': 6.0, 'C': 6.0, 'O': 24.0}","['C', 'Co', 'H', 'O']",4,0.18080749041039895,7.593914597236756,1.5802212345614919
mp-1295166,Sr2FeCoO6,5.411041047832237,0.026413398177417,-2.084987923500001,FM,14.435234,0.0609286895790546,7.217617,236.92014549681676,20,Monoclinic,Cm,False,11.846007274840838,"{'Sr': 4.0, 'Fe': 2.0, 'Co': 2.0, 'O': 12.0}","['Co', 'Fe', 'O', 'Sr']",4,0.4567818440669444,9.135636881338888,1.5801015503896014
mp-565434,Sr8Co8O23,5.459531498872332,0.0485380133126547,-2.002559162435897,FM,28.0006559,0.059763724766185,28.0006559,468.5226031266888,39,Tetragonal,I4/mmm,False,12.013400080171508,"{'Sr': 8.0, 'Co': 8.0, 'O': 23.0}","['Co', 'O', 'Sr']",3,0.45445348214811054,17.723685803776313,1.5798438434309199
mp-1358311,MnZnAsO5,4.253675788358273,0.0175579723958323,-1.82193092505388,FM,16.0041891,0.0372337654100051,4.001047275,429.82999231389846,32,Orthorhombic,P2_12_12_1,False,13.432187259809329,"{'Mn': 4.0, 'Zn': 4.0, 'As': 4.0, 'O': 20.0}","['As', 'Mn', 'O', 'Zn']",4,0.3166778206767387,10.133690261655639,1.5793051382828867
mp-22265,Fe(SbO2)2,5.585109182132804,0.0,-1.7078385696428555,FM,16.0003282,0.0370263792071742,4.00008205,432.1332126609825,28,Tetragonal,P4_2/mbc,True,15.433329023606518,"{'Fe': 4.0, 'Sb': 8.0, 'O': 16.0}","['Fe', 'O', 'Sb']",3,0.3618862251682661,10.13281430471145,1.5790606359538566
mp-1199954,Mn(BO2)2,3.886556145771424,0.0401718778928543,-2.613749505716339,FM,40.0002018,0.0832594564210638,5.000025225,480.4283323411216,56,Monoclinic,P2_1/c,False,8.579077363234315,"{'Mn': 8.0, 'B': 16.0, 'O': 32.0}","['B', 'Mn', 'O']",3,0.4530272873429586,25.36952809120568,1.5767026353898175
mp-1224713,Fe2NiP,7.441102237565599,0.0438447100000001,-0.3391139892857131,FM,16.7096432,0.0929668845196139,4.1774108,179.73758383260264,16,Tetragonal,I-4,False,11.233598989537663,"{'Fe': 8.0, 'Ni': 4.0, 'P': 4.0}","['Fe', 'Ni', 'P']",3,0.6623969971240579,10.598351953984926,1.5766265616152952
mp-18783,Ca2FeMoO6,4.553824273177323,0.0039552929999997,-2.548062933,FM,11.9991657,0.0501715219481769,5.99958285,239.16288033666115,20,Monoclinic,P2_1/c,False,11.958144016833057,"{'Ca': 4.0, 'Fe': 2.0, 'Mo': 2.0, 'O': 12.0}","['Ca', 'Fe', 'Mo', 'O']",4,0.38081363351763164,7.6162726703526324,1.5754643011546015
mp-1218737,Sr2NiN2,4.701986494380718,0.0069019781666685,-0.6478355309999941,FM,2.0011427,0.0216320282222165,2.0011427,92.50832512990064,5,Tetragonal,I4/mmm,False,18.50166502598013,"{'Sr': 2.0, 'Ni': 1.0, 'N': 2.0}","['N', 'Ni', 'Sr']",3,0.25413855930145557,1.2706927965072778,1.574843821811607
mp-774935,Ti3Mn2Fe(PO4)6,3.164728437530143,0.0130650926620639,-2.8287101412144224,FM,14.0006482,0.0303509566663856,14.0006482,461.29182529215,36,Trigonal,R3,False,12.813661813670834,"{'Ti': 3.0, 'Mn': 2.0, 'Fe': 1.0, 'P': 6.0, 'O': 24.0}","['Fe', 'Mn', 'O', 'P', 'Ti']",5,0.24698079936476158,8.891308777131417,1.5746442454017435
mp-541954,Fe2P2H4O9,3.0643936138635044,0.0009933092646958,-1.991200773193277,FM,31.9999615,0.0458968218256158,7.999990375,697.2151932781601,68,Monoclinic,P2_1/c,False,10.253164607031763,"{'Fe': 8.0, 'P': 8.0, 'H': 16.0, 'O': 36.0}","['Fe', 'H', 'O', 'P']",4,0.2988729559420026,20.323361004056174,1.5745408199762525
mp-1188610,Fe5Si2B,6.883993725381037,0.0255402212500008,-0.347785583645833,FM,16.6049698,0.0994176784403324,8.3024849,167.02230489083294,16,Tetragonal,I4/mcm,False,10.43889405567706,"{'Fe': 10.0, 'Si': 4.0, 'B': 2.0}","['B', 'Fe', 'Si']",3,0.6594562305800262,10.55129968928042,1.5737369128913852
mp-2217116,MgMn(CO3)2,3.244575751436636,0.0022858294999981,-2.2252218262931054,FM,4.9999652,0.0490290901547068,4.9999652,101.97956323935566,10,Trigonal,R-3,False,10.197956323935566,"{'Mg': 1.0, 'Mn': 1.0, 'C': 2.0, 'O': 6.0}","['C', 'Mg', 'Mn', 'O']",4,0.31815940845140805,3.1815940845140807,1.5715283179386588
mp-16552,MnAg(PO3)3,3.282738096915167,0.0,-2.375846176501877,FM,80.0000009,0.0247285671298642,5.00000005625,3235.124804436622,224,Orthorhombic,P2_12_12_1,True,14.442521448377777,"{'Mn': 16.0, 'Ag': 16.0, 'P': 48.0, 'O': 144.0}","['Ag', 'Mn', 'O', 'P']",4,0.22729674376103443,50.91447060247171,1.5712625497890633
mp-647862,Cr2(MoO4)3,3.579311020653426,0.0,-2.09364696382353,FM,24.000001,0.0221530637788208,6.00000025,1083.3716383259307,68,Orthorhombic,Pbcn,True,15.931935857734274,"{'Cr': 8.0, 'Mo': 12.0, 'O': 48.0}","['Cr', 'Mo', 'O']",3,0.2246626557259094,15.27706058936184,1.5709829033938878
mp-540833,V2Co3O8,4.785126977841545,0.0145949249999928,-1.8689020957692304,FM,17.9999993,0.0637729360055275,8.99999965,282.2513816588254,26,Orthorhombic,Cmce,False,10.855822371493284,"{'V': 4.0, 'Co': 6.0, 'O': 16.0}","['Co', 'O', 'V']",3,0.4407889899163228,11.460513737824392,1.5706101586521923
mp-1221995,Mn3FeCo2P3,7.007783335271463,0.0022770102777771,-0.6053855741912962,FM,34.8703774,0.0852709224253765,8.71759435,408.936322115153,36,Monoclinic,Pm,False,11.359342280976472,"{'Mn': 12.0, 'Fe': 4.0, 'Co': 8.0, 'P': 12.0}","['Co', 'Fe', 'Mn', 'P']",4,0.6169180540503142,22.209049945811312,1.5700976622179488
mp-22706,Mn3GeC,7.370983620350476,0.0131879817391293,-0.0831213477586217,FM,10.2872317,0.091524115101683,5.14361585,112.3991386157726,10,Tetragonal,I4/mcm,False,11.23991386157726,"{'Mn': 6.0, 'Ge': 2.0, 'C': 2.0}","['C', 'Ge', 'Mn']",3,0.6557864865448471,6.557864865448471,1.5686861365809022
mp-1192825,MgFeSiO4,3.859399627862119,0.0030574828571428,-2.7549136442857147,FM,15.9999988,0.0539776524733017,3.9999997,296.41894500532175,28,Orthorhombic,Pnma,False,10.586390893047206,"{'Mg': 4.0, 'Fe': 4.0, 'Si': 4.0, 'O': 16.0}","['Fe', 'Mg', 'O', 'Si']",4,0.3645623581117571,10.207746027129199,1.5674369990668549
mp-1218769,Sr2MnRuO6,5.6137181248506165,0.0,-2.3590672217931044,FM,6.9597033,0.0550700923562506,6.9597033,126.37900178153689,10,Tetragonal,I4/m,True,12.63790017815369,"{'Sr': 2.0, 'Mn': 1.0, 'Ru': 1.0, 'O': 6.0}","['Mn', 'O', 'Ru', 'Sr']",4,0.44419706167284684,4.441970616728469,1.5668053439592207
mp-758834,Mn3(Ni17O20)2,6.210791141647193,0.0373200105194806,-1.2645394193999102,FM,76.9958138,0.1028371862668927,76.9958138,748.715679561411,77,Tetragonal,I4/mmm,False,9.7235802540443,"{'Mn': 3.0, 'Ni': 34.0, 'O': 40.0}","['Mn', 'Ni', 'O']",3,0.6387350111152686,49.18259585587568,1.5655093526504367
mp-532650,Ca4Mn3B3CO15,3.3887794083687504,0.0,-2.7890529852420425,FM,24.0014941,0.0401777329642767,12.00074705,597.382986276016,52,Hexagonal,P6_3,True,11.488134351461849,"{'Ca': 8.0, 'Mn': 6.0, 'B': 6.0, 'C': 2.0, 'O': 30.0}","['B', 'C', 'Ca', 'Mn', 'O']",5,0.29498083019350596,15.339003170062309,1.5647362370225328
mp-2224767,MgMn2P2(HO5)2,3.246146369772499,0.0349369864460697,-2.336000358391046,FM,7.9998038,0.0436663944036669,7.9998038,183.20275601523468,17,Triclinic,P1,False,10.77663270677851,"{'Mg': 1.0, 'Mn': 2.0, 'P': 2.0, 'H': 2.0, 'O': 10.0}","['H', 'Mg', 'Mn', 'O', 'P']",5,0.3012208412494814,5.120754301241184,1.5622315247698924
mp-1221923,Mn2AsP,6.755234133871035,0.0343216900000005,-0.4058358407512319,FM,6.3658348,0.0600098708788705,3.1829174,106.07979498655128,8,Orthorhombic,Pmc2_1,False,13.25997437331891,"{'Mn': 4.0, 'As': 2.0, 'P': 2.0}","['As', 'Mn', 'P']",3,0.5094454893867364,4.075563915093891,1.5619518998154018
mp-1212936,MnBP(HO3)2,2.9267932416955693,0.0074487872727297,-2.286682831597626,FM,30.0027091,0.0452593129898324,5.000451516666667,662.9068608871758,66,Trigonal,P3_121,False,10.044043346775393,"{'Mn': 6.0, 'B': 6.0, 'P': 6.0, 'H': 12.0, 'O': 36.0}","['B', 'H', 'Mn', 'O', 'P']",5,0.2913959190185302,19.232130655222992,1.560030432293885
mp-504351,Mn(PO3)3,2.713999633847183,0.0087240375641028,-2.5049142662968924,FM,7.9999997,0.0224003660070984,3.99999985,357.13700827320747,26,Monoclinic,Cc,False,13.736038779738749,"{'Mn': 2.0, 'P': 6.0, 'O': 18.0}","['Mn', 'O', 'P']",3,0.19758240911859173,5.137142637083385,1.5572858815035753
mp-773110,Ti3Mn2Cr(PO4)6,3.175614758265899,0.0063104660416666,-2.855109008992199,FM,13.9999478,0.03058774955717,13.9999478,457.6978693327341,36,Trigonal,R3,False,12.71382970368706,"{'Ti': 3.0, 'Mn': 2.0, 'Cr': 1.0, 'P': 6.0, 'O': 24.0}","['Cr', 'Mn', 'O', 'P', 'Ti']",5,0.24977641137862328,8.991950809630438,1.5569422138081497
mp-1201579,BaFeCoPbO5,7.203107286886939,0.0403740907812464,-1.8092775961111112,FM,29.2220123,0.0587609387500933,7.305503075,497.30336038842813,36,Orthorhombic,Pnma,False,13.813982233011892,"{'Ba': 4.0, 'Fe': 4.0, 'Co': 4.0, 'Pb': 4.0, 'O': 20.0}","['Ba', 'Co', 'Fe', 'O', 'Pb']",5,0.5214359744631314,18.77169508067273,1.5567061032270273
mp-1189340,Fe2P,7.131994250231794,0.0,-0.4575927709920633,FM,18.0446699,0.0905411289925799,3.007444983333333,199.29804389206151,18,Orthorhombic,Imm2,True,11.072113549558972,"{'Fe': 12.0, 'P': 6.0}","['Fe', 'P']",2,0.644140273517686,11.594524923318348,1.5563095529433406
mp-1040889,CaCr2P2O9,3.381953628784891,0.0,-2.815471406556123,FM,24.0008676,0.0349142055252947,6.0002169,687.4241369350874,56,Orthorhombic,Pnma,True,12.27543101669799,"{'Ca': 4.0, 'Cr': 8.0, 'P': 8.0, 'O': 36.0}","['Ca', 'Cr', 'O', 'P']",4,0.2755058966307983,15.428330211324703,1.5556361104057057
mp-1233809,CaVFe(P2O7)2,2.894112718511911,0.0236914209920637,-2.697285148503402,FM,6.9878368,0.0246162722623035,6.9878368,283.87063343871614,21,Triclinic,P1,False,13.517649211367436,"{'Ca': 1.0, 'V': 1.0, 'Fe': 1.0, 'P': 4.0, 'O': 14.0}","['Ca', 'Fe', 'O', 'P', 'V']",5,0.21409881801623884,4.496075178341016,1.554208175535536
mp-36484,V8Ni2O15,4.8536015774198695,0.0404795832500113,-2.282607042599999,FM,36.0000001,0.0687823969528764,18.00000005,523.3897289834779,50,Monoclinic,C2/c,False,10.467794579669558,"{'V': 16.0, 'Ni': 4.0, 'O': 30.0}","['Ni', 'O', 'V']",3,0.4636699297525846,23.183496487629228,1.552828759855516
mp-631631,Mn5V2Pb3O16,6.13997198555017,0.0031148179366917,-2.016048719602122,FM,19.0001347,0.0560169902493829,19.0001347,339.18521176187767,26,Trigonal,P-3m1,False,13.045585067764526,"{'Mn': 5.0, 'V': 2.0, 'Pb': 3.0, 'O': 16.0}","['Mn', 'O', 'Pb', 'V']",4,0.47065516446034783,12.237034275969044,1.5526747961564722
mp-31908,Mn3Nb6O11,6.002198877842285,0.0,-2.450766437689654,FM,29.9999999,0.0603611267925311,14.99999995,497.0086128960751,40,Trigonal,P-3m1,True,12.425215322401876,"{'Mn': 6.0, 'Nb': 12.0, 'O': 22.0}","['Mn', 'Nb', 'O']",3,0.48306598494278813,19.322639397711526,1.5525829200928443
mp-1196132,Mn3P4H2(PbO8)2,4.600096571267442,0.0,-2.361025251846835,FM,30.0056346,0.0432429294442473,15.0028173,693.8853353745591,54,Monoclinic,P2_1/c,True,12.849728432862204,"{'Mn': 6.0, 'P': 8.0, 'H': 4.0, 'Pb': 4.0, 'O': 32.0}","['H', 'Mn', 'O', 'P', 'Pb']",5,0.35799173463487716,19.331553670283366,1.5521584613307582
mp-2217988,MgMnP2O7,3.3484552813344335,0.0011609084091093,-2.779592415201522,FM,5.0000001,0.0398221861123459,5.0000001,125.55815207869416,11,Monoclinic,C2,False,11.414377461699468,"{'Mg': 1.0, 'Mn': 1.0, 'P': 2.0, 'O': 7.0}","['Mg', 'Mn', 'O', 'P']",4,0.2933541748176854,3.2268959229945393,1.5494767167327885
mp-27026,Mn2P5O16,2.717508377201358,0.0034982243840575,-2.453572990177233,FM,14.0001116,0.021999169022457,7.0000558,636.3927467309553,46,Monoclinic,P2/c,False,13.834624928933811,"{'Mn': 4.0, 'P': 10.0, 'O': 32.0}","['Mn', 'O', 'P']",3,0.196428048549256,9.035690233265775,1.5494235900714284
mp-1044445,CaCoBiO5,5.098649546769074,0.0319335589062497,-1.810073196875,FM,16.0007424,0.0316568170528828,4.0001856,505.44381556966727,32,Monoclinic,P2_1/c,False,15.795119236552102,"{'Ca': 4.0, 'Co': 4.0, 'Bi': 4.0, 'O': 20.0}","['Bi', 'Ca', 'Co', 'O']",4,0.3227990539615611,10.329569726769956,1.5490231271233612
mp-780939,Mn(NO3)4,1.836237653293733,0.0,-0.8814188856135909,FM,11.9970927,0.0109474733756243,2.999273175,1095.8777690853108,68,Triclinic,P-1,True,16.115849545372217,"{'Mn': 4.0, 'N': 16.0, 'O': 48.0}","['Mn', 'N', 'O']",3,0.11393986076402791,7.747910531953898,1.548429431460475
mp-548805,Co2GeO4,5.782320348860038,0.0,-1.6557598442857144,FM,12.0000376,0.0820939336921142,6.0000188,146.17447429191347,14,Orthorhombic,Imma,True,10.44103387799382,"{'Co': 4.0, 'Ge': 2.0, 'O': 8.0}","['Co', 'Ge', 'O']",3,0.5538072585941148,7.7533016203176075,1.5477325902753192
mp-1204934,CrAsO4,4.132361848728201,0.0,-1.9666654518055553,FM,18.0000007,0.0391047742101898,3.000000116666667,460.30187013097736,36,Orthorhombic,Imma,True,12.786163059193816,"{'Cr': 6.0, 'As': 6.0, 'O': 24.0}","['As', 'Cr', 'O']",3,0.3231901415301325,11.634845095084769,1.547076953143471
mp-510511,FeP(H2O3)2,2.639651401570586,0.0116603860416661,-1.804134090803571,FM,20.0019993,0.0425426899987391,5.000499825,470.16301274303106,48,Monoclinic,P2_1/c,False,9.795062765479814,"{'Fe': 4.0, 'P': 4.0, 'H': 16.0, 'O': 24.0}","['Fe', 'H', 'O', 'P']",4,0.2694879517131182,12.935421682229673,1.546296656681722
mp-25310,Fe(PO3)3,3.049877360846368,0.0151172291025636,-2.463733169917582,FM,20.0004338,0.0313689259775838,5.00010845,637.5874588212633,52,Orthorhombic,P2_12_12_1,False,12.261297285024296,"{'Fe': 4.0, 'P': 12.0, 'O': 36.0}","['Fe', 'O', 'P']",3,0.2487401854754331,12.934489644722522,1.5462870472172434
mp-1043634,CaMn(Si2O5)2,2.786862110817308,0.0338585109895781,-3.145299489401941,FM,20.1543051,0.0230192812177588,5.038576275,875.5401573725671,64,Tetragonal,P4/ncc,False,13.680314958946362,"{'Ca': 4.0, 'Mn': 4.0, 'Si': 16.0, 'O': 40.0}","['Ca', 'Mn', 'O', 'Si']",4,0.2037133004013782,13.037651225688204,1.5458539848258699
mp-1105304,Ca2FeOsO6,5.934138593222818,0.0061021153750013,-2.3296084820000003,FM,15.5238689,0.0656949739693496,7.76193445,236.30223078013168,20,Monoclinic,P2_1/c,False,11.815111539006583,"{'Ca': 4.0, 'Fe': 2.0, 'Os': 2.0, 'O': 12.0}","['Ca', 'Fe', 'O', 'Os']",4,0.5022499003612252,10.044998007224503,1.545432750592386
mp-774985,Ni4P2O9,4.1064188590864905,0.0391723293333337,-1.9530301279523825,FM,31.9996801,0.044889136101509,7.999920025,712.8602347712426,60,Orthorhombic,Pnma,False,11.881003912854045,"{'Ni': 16.0, 'P': 8.0, 'O': 36.0}","['Ni', 'O', 'P']",3,0.3456289459381257,20.737736756287543,1.5430652089022159
mp-1076747,Sr7CaFe4(CoO6)4,5.343912992019835,0.0380810019374981,-2.0819153842500007,FM,28.3186234,0.0608977074677827,28.3186234,465.0195315641667,40,Trigonal,R3m,False,11.625488289104169,"{'Sr': 7.0, 'Ca': 1.0, 'Fe': 4.0, 'Co': 4.0, 'O': 24.0}","['Ca', 'Co', 'Fe', 'O', 'Sr']",5,0.45967213239794363,18.386885295917747,1.5401533725936332
mp-1201485,Mn4GeP4(H6O11)2,3.0204594996094434,0.0208916501162699,-1.9864057393091985,FM,40.0964928,0.046730467931378,20.0482464,858.0374769386052,86,Monoclinic,P2_1/c,False,9.977179964402389,"{'Mn': 8.0, 'Ge': 2.0, 'P': 8.0, 'H': 24.0, 'O': 44.0}","['Ge', 'H', 'Mn', 'O', 'P']",5,0.3027367964080181,26.035364491089556,1.540078027857946
mp-775134,MnV3(PO4)4,3.3177303310512367,0.0351477787499927,-2.6117285211042685,FM,10.0001286,0.0340001092746555,10.0001286,294.1204841201594,24,Monoclinic,Pm,False,12.255020171673308,"{'Mn': 1.0, 'V': 3.0, 'P': 4.0, 'O': 16.0}","['Mn', 'O', 'P', 'V']",4,0.2707241836059933,6.49738040654384,1.5391016031519973
mp-1202876,Co2H2CO5,3.7054825475568847,0.0268831272499987,-1.4443361265000008,FM,23.999934,0.0631881049270076,5.9999835,379.81727775700466,40,Monoclinic,P2_1/c,False,9.495431943925116,"{'Co': 8.0, 'H': 8.0, 'C': 4.0, 'O': 20.0}","['C', 'Co', 'H', 'O']",4,0.39023843985607604,15.609537594243042,1.5375172938403647
mp-1233846,CaVFe(P2O7)2,2.9101668035568604,0.0224941252777792,-2.6984824442176865,FM,6.9846815,0.0247416455497157,6.9846815,282.3046464700589,21,Triclinic,P1,False,13.44307840333614,"{'Ca': 1.0, 'V': 1.0, 'Fe': 1.0, 'P': 4.0, 'O': 14.0}","['Ca', 'Fe', 'O', 'P', 'V']",5,0.216480683682887,4.546094357340627,1.5364136665403259
mp-1214361,Ca2Mn3Si3H3O14,3.399875924549848,0.0080920601666543,-2.603577032701723,FM,24.0055704,0.0441806583676024,12.0027852,543.3502190090319,50,Monoclinic,P2_1/m,False,10.86700438018064,"{'Ca': 4.0, 'Mn': 6.0, 'Si': 6.0, 'H': 6.0, 'O': 28.0}","['Ca', 'H', 'Mn', 'O', 'Si']",5,0.3128622944838946,15.643114724194728,1.534577405027358
mp-1222053,Mn5Fe5(SiC)2,7.25052879868421,0.0491824419565194,-0.162609307118227,FM,29.9687653,0.1031802232468351,14.98438265,290.45067317121976,28,Orthorhombic,Cmc2_1,False,10.373238327543564,"{'Mn': 10.0, 'Fe': 10.0, 'Si': 4.0, 'C': 4.0}","['C', 'Fe', 'Mn', 'Si']",4,0.6989648333281062,19.571015333186974,1.5312831138189007
mp-1196500,MnTl(PO3)3,3.714577414790303,0.0,-2.492708632513782,FM,20.0922583,0.0226433006131987,5.023064575,887.337877247818,56,Orthorhombic,Pnma,True,15.845319236568178,"{'Mn': 4.0, 'Tl': 4.0, 'P': 12.0, 'O': 36.0}","['Mn', 'O', 'P', 'Tl']",4,0.2344274267581633,13.127935898457146,1.530496374708939
mp-1042773,MgMnAs2O7,3.911175893768067,0.0183134992424207,-2.0831527373119125,FM,20.0003224,0.0345283954033526,5.0000806,579.2427411225149,44,Monoclinic,P2_1/c,False,13.164607752784429,"{'Mg': 4.0, 'Mn': 4.0, 'As': 8.0, 'O': 28.0}","['As', 'Mg', 'Mn', 'O']",4,0.29709779183818213,13.072302840880013,1.5299769783067236
mp-1226272,CrNiPO5,4.336189681447099,0.0,-2.2919264268303863,FM,9.9999993,0.0589035277066359,4.99999965,169.7691070355607,16,Monoclinic,C2/c,True,10.610569189722543,"{'Cr': 2.0, 'Ni': 2.0, 'P': 2.0, 'O': 10.0}","['Cr', 'Ni', 'O', 'P']",4,0.4086670190744486,6.538672305191177,1.5293623587866316
mp-775167,FeCu(PO4)2,3.4154850739735063,0.0393447958593826,-2.0863759161904754,FM,10.0014175,0.0332512200430323,5.00070875,300.783474623084,24,Monoclinic,P2_1/m,False,12.532644775961831,"{'Fe': 2.0, 'Cu': 2.0, 'P': 4.0, 'O': 16.0}","['Cu', 'Fe', 'O', 'P']",4,0.27252707908266566,6.540649897983975,1.529116778300997
mp-1204465,Fe3P4PbO14,4.410969683937185,0.0,-2.4016298324350633,FM,23.9999945,0.04411183797145,11.99999725,544.0715146698994,44,Monoclinic,P2_1/c,True,12.365261697043168,"{'Fe': 6.0, 'P': 8.0, 'Pb': 2.0, 'O': 28.0}","['Fe', 'O', 'P', 'Pb']",4,0.35672271173944936,15.695799316535773,1.5290711875193017
mp-1218341,Sr3CaMn2FeO10,4.988755632732699,0.0442817986834684,-2.472985789168358,FM,10.5325062,0.050334273193325,10.5325062,209.25118277851183,17,Tetragonal,I4mm,False,12.308893104618344,"{'Sr': 3.0, 'Ca': 1.0, 'Mn': 2.0, 'Fe': 1.0, 'O': 10.0}","['Ca', 'Fe', 'Mn', 'O', 'Sr']",5,0.405296852473347,6.890046492046899,1.5286553163549115
mp-18907,Ca2MnAlO5,3.604812572247733,0.0102636916468199,-3.0261516364367815,FM,8.0004141,0.0358732278952129,4.00020705,223.01907493157628,18,Orthorhombic,Ima2,False,12.389948607309794,"{'Ca': 4.0, 'Mn': 2.0, 'Al': 2.0, 'O': 10.0}","['Al', 'Ca', 'Mn', 'O']",4,0.2909465314586514,5.237037566255725,1.5276602466153362
mp-1246609,Mn2NiN2,6.887230883677246,0.0385483269999973,-0.2421626789181061,FM,11.0989526,0.1170851535395199,5.5494763,94.79385100907568,10,Orthorhombic,Pmmn,False,9.479385100907567,"{'Mn': 4.0, 'Ni': 2.0, 'N': 4.0}","['Mn', 'N', 'Ni']",3,0.7265482740033269,7.265482740033269,1.527627687950323
mp-1215711,Zr(MnAl)6,5.3477339285127,0.0259067189053254,-0.2696771621220156,FM,7.6279666,0.0421554303474351,7.6279666,180.94861177153427,13,Orthorhombic,Immm,False,13.919123982425711,"{'Zr': 1.0, 'Mn': 6.0, 'Al': 6.0}","['Al', 'Mn', 'Zr']",3,0.3842004665857385,4.9946060656146,1.5272408874274968
mp-1218399,Sr4FeRuO8,5.311264263782671,0.0,-2.557285502142856,FM,7.9958921,0.0402508656706459,7.9958921,198.65143188289775,14,Orthorhombic,Cmmm,True,14.189387991635554,"{'Sr': 4.0, 'Fe': 1.0, 'Ru': 1.0, 'O': 8.0}","['Fe', 'O', 'Ru', 'Sr']",4,0.3743124274925449,5.240373984895628,1.525824706985918
mp-766394,V11NiO18,5.02733150303626,0.0226283881666589,-2.4238105269999997,FM,22.9999758,0.0767696915877487,22.9999758,299.59708479108247,30,Triclinic,P1,False,9.986569493036082,"{'V': 11.0, 'Ni': 1.0, 'O': 18.0}","['Ni', 'O', 'V']",3,0.5034092544533897,15.102277633601691,1.5229474889818202
mp-1008224,CrCo2Si,7.346076135725464,0.0184809443749998,-0.2298111974999983,FM,4.0004652,0.0894058070189977,4.0004652,44.74502645169284,4,Cubic,Fm-3m,False,11.18625661292321,"{'Cr': 1.0, 'Co': 2.0, 'Si': 1.0}","['Co', 'Cr', 'Si']",3,0.6567054904889917,2.626821961955967,1.5229297066715552
mp-1233750,MgVFe(P2O7)2,2.881032924473444,0.0251986897619111,-2.6384664515986405,FM,7.001248,0.0253605626476649,7.001248,276.06832298117916,21,Triclinic,P1,False,13.146110618151388,"{'Mg': 1.0, 'V': 1.0, 'Fe': 1.0, 'P': 4.0, 'O': 14.0}","['Fe', 'Mg', 'O', 'P', 'V']",5,0.21915477574754927,4.602250290698534,1.5212662410277873
mp-6672,Ca3Fe2(SiO4)3,3.724006621978265,0.0,-3.015575760875001,FM,39.998814,0.0441302742581189,9.9997035,906.380362969106,80,Cubic,Ia-3d,True,11.329754537113825,"{'Ca': 12.0, 'Fe': 8.0, 'Si': 12.0, 'O': 48.0}","['Ca', 'Fe', 'O', 'Si']",4,0.32869261286987506,26.295409029590004,1.5211329838980512
mp-763790,Mn(PO3)3,2.7492753431221484,0.045580562179488,-2.4680577416815077,FM,16.0008946,0.0226927884736503,4.00022365,705.1092296823465,52,Triclinic,P-1,False,13.559792878506665,"{'Mn': 4.0, 'P': 12.0, 'O': 36.0}","['Mn', 'O', 'P']",3,0.20275201603410664,10.543104833773546,1.517664374230928
mp-1218360,Sr3CaMn2FeO10,5.017046292626587,0.0288339563305273,-2.4884336315212994,FM,10.5704221,0.0508019386454132,10.5704221,208.0712347176218,17,Tetragonal,I4mm,False,12.239484395154223,"{'Sr': 3.0, 'Ca': 1.0, 'Mn': 2.0, 'Fe': 1.0, 'O': 10.0}","['Ca', 'Fe', 'Mn', 'O', 'Sr']",5,0.40990667013823745,6.968413392350037,1.516905141076198
mp-1226258,CrFeAs2,7.4084232404034704,0.0007280487500009,-0.1918596575000002,FM,6.2169989,0.0538194832152651,3.10849945,115.51576731299124,8,Orthorhombic,Pmn2_1,False,14.439470914123904,"{'Cr': 2.0, 'Fe': 2.0, 'As': 4.0}","['As', 'Cr', 'Fe']",3,0.5130674998040928,4.104539998432743,1.5146639824131007
mp-1101790,CrNiP,6.701310833922315,0.0,-0.5145905473809513,FM,10.393508,0.0740211094565307,2.598377,140.41275625710034,12,Orthorhombic,Pnma,True,11.701063021425028,"{'Cr': 4.0, 'Ni': 4.0, 'P': 4.0}","['Cr', 'Ni', 'P']",3,0.5727095753310615,6.872514903972737,1.5123296413648972
mp-1218655,Sr3UFe2O9,6.0767924238803035,0.0365687284166487,-2.8936245909999996,FM,19.999607,0.0483688362414318,9.9998035,413.48125268452713,30,Orthorhombic,Immm,False,13.78270842281757,"{'Sr': 6.0, 'U': 2.0, 'Fe': 4.0, 'O': 18.0}","['Fe', 'O', 'Sr', 'U']",4,0.440899730115457,13.226991903463711,1.5120298814700843
mp-1101128,Ti2FeO5,3.988060866611083,0.0185230742187503,-3.003068215677083,FM,32.0002486,0.0414841787618441,4.000031075,771.3844061783091,64,Triclinic,P-1,False,12.05288134653608,"{'Ti': 16.0, 'Fe': 8.0, 'O': 40.0}","['Fe', 'O', 'Ti']",3,0.33088028928097146,21.176338513982174,1.5111322752453682
mp-1076805,Sr6Ca2Fe3Co5O24,5.2185202456831234,0.0475329842500098,-2.051587451999999,FM,27.2986001,0.059081745693525,27.2986001,462.047960491996,40,Monoclinic,P2,False,11.5511990122999,"{'Sr': 6.0, 'Ca': 2.0, 'Fe': 3.0, 'Co': 5.0, 'O': 24.0}","['Ca', 'Co', 'Fe', 'O', 'Sr']",5,0.4517730358663512,18.070921434654046,1.510636864794859
mp-758347,Mn11In25O48,6.0348153097221955,0.0083875677910043,-1.9878508104036663,FM,55.0975571,0.047195527195199,55.0975571,1167.4317541176815,84,Monoclinic,Cm,False,13.897997072829543,"{'Mn': 11.0, 'In': 25.0, 'O': 48.0}","['In', 'Mn', 'O']",3,0.4342219442195886,36.474643314445444,1.5105715119681273
mp-1094054,Sr2FeCoO6,5.500423223286626,0.0201683786774173,-2.0912329430000005,FM,7.1284189,0.0611697205624936,7.1284189,116.5350901467221,10,Cubic,Fm-3m,False,11.65350901467221,"{'Sr': 2.0, 'Fe': 1.0, 'Co': 1.0, 'O': 6.0}","['Co', 'Fe', 'O', 'Sr']",4,0.4719971655199635,4.719971655199635,1.5102673110647096
mp-1221920,Mn2FeCoP2,7.021825162709696,0.0030963462499968,-0.5916746558579646,FM,11.2593837,0.083062808266523,5.62969185,135.55264907336266,12,Orthorhombic,Pmc2_1,False,11.296054089446889,"{'Mn': 4.0, 'Fe': 2.0, 'Co': 2.0, 'P': 4.0}","['Co', 'Fe', 'Mn', 'P']",4,0.6216175229959012,7.459410275950814,1.5094200859685014
mp-1178212,FeSnO3,6.2646906011965635,0.0,-1.858812262000002,FM,16.0231149,0.0679052951821781,4.005778725,235.9626720863631,20,Triclinic,P-1,True,11.798133604318156,"{'Fe': 4.0, 'Sn': 4.0, 'O': 12.0}","['Fe', 'O', 'Sn']",3,0.5309899693713983,10.619799387427966,1.5087963826292838
mp-1227276,Be4AlCr,3.2508646896619435,0.0214637191666664,-0.0982198599999997,FM,3.0032449,0.0511143852288332,3.0032449,58.75537554750614,6,Cubic,F-43m,False,9.792562591251023,"{'Be': 4.0, 'Al': 1.0, 'Cr': 1.0}","['Al', 'Be', 'Cr']",3,0.33197282727264527,1.9918369636358717,1.5077764670648135
mp-767781,Sr16Mn8O29,5.214870739954412,0.0,-2.7411358005367603,FM,29.9999998,0.0408665618830556,29.9999998,734.0964939954681,53,Triclinic,P1,True,13.85087724519751,"{'Sr': 16.0, 'Mn': 8.0, 'O': 29.0}","['Mn', 'O', 'Sr']",3,0.3765011159681279,19.95455914631078,1.5034158149039556
mp-1043130,CaFeNiP2O9,3.492342483361711,0.0295581940079401,-2.428921200306123,FM,24.0033976,0.0350029533683601,6.0008494,685.753494780733,56,Orthorhombic,Pnma,False,12.245598121084518,"{'Ca': 4.0, 'Fe': 4.0, 'Ni': 4.0, 'P': 8.0, 'O': 36.0}","['Ca', 'Fe', 'Ni', 'O', 'P']",5,0.28519166224707165,15.970733085836013,1.5029615403996657
mp-554400,Mn2Nb2Zn2O9,5.29317145422691,0.0340493021110983,-2.439375908057472,FM,20.0018583,0.0558792362577834,10.00092915,357.94795418689966,30,Trigonal,P-3c1,False,11.931598472896656,"{'Mn': 4.0, 'Nb': 4.0, 'Zn': 4.0, 'O': 18.0}","['Mn', 'Nb', 'O', 'Zn']",4,0.44362634782344273,13.308790434703281,1.5029057973476114
mp-1197208,Sr9Mn5Co2O21,5.071253767983615,0.0,-2.5300382710717613,FM,42.0006261,0.0422737652228956,21.00031305,993.5388030506508,74,Trigonal,R-3c,True,13.426200041225009,"{'Sr': 18.0, 'Mn': 10.0, 'Co': 4.0, 'O': 42.0}","['Co', 'Mn', 'O', 'Sr']",4,0.37771325858488497,27.95078113528149,1.5026637680255663
mp-31513,Nb2Co4O9,5.774317408583075,0.0118620716666804,-2.0979644803333333,FM,23.9986374,0.0737810290411396,11.9993187,325.2684018085271,30,Trigonal,P-3c1,False,10.842280060284237,"{'Nb': 4.0, 'Co': 8.0, 'O': 18.0}","['Co', 'Nb', 'O']",3,0.5325740874130951,15.977222622392853,1.502053139471484
mp-2767681,MnInO3,6.206325129586856,0.0049481908750017,-1.9932126471465497,FM,24.0000003,0.0686560465640281,4.00000005,349.5686323507978,30,Monoclinic,C2/c,False,11.652287745026594,"{'Mn': 6.0, 'In': 6.0, 'O': 18.0}","['In', 'Mn', 'O']",3,0.5326271772026765,15.978815316080295,1.5019887160124805
mp-882825,MnInO3,6.206457402229093,0.0145566753541652,-1.989436940252875,FM,24.0000006,0.0686575106579774,4.0000001,349.5611823090674,30,Hexagonal,P6_3cm,False,11.652039410302248,"{'Mn': 6.0, 'In': 6.0, 'O': 18.0}","['In', 'Mn', 'O']",3,0.5326498807360368,15.979496422081104,1.501924714400627
mp-19201,CaMnO3,4.357036335736278,0.0350749438333366,-2.5004380640862065,FM,12.0051162,0.05506417828474,3.00127905,218.02043676963348,20,Orthorhombic,Pnma,False,10.901021838481672,"{'Ca': 4.0, 'Mn': 4.0, 'O': 12.0}","['Ca', 'Mn', 'O']",3,0.3996906345380865,7.993812690761731,1.5018010384298899
mp-15539,CaMn2Be3(SiO4)3,3.373573847062974,0.0,-3.043167901588671,FM,40.0031483,0.0448277699479285,10.000787075,892.3742659174712,84,Monoclinic,P2_1/c,True,10.62350316568418,"{'Ca': 4.0, 'Mn': 8.0, 'Be': 12.0, 'Si': 12.0, 'O': 48.0}","['Be', 'Ca', 'Mn', 'O', 'Si']",5,0.31755756970640553,26.674835855338063,1.4996586489582737
mp-1210692,Mg2FeBO5,3.659054682742013,0.0,-2.6778405357407404,FM,20.0042235,0.0564366921491873,5.001055875,354.45421654266875,36,Orthorhombic,Pbam,True,9.845950459518576,"{'Mg': 8.0, 'Fe': 4.0, 'B': 4.0, 'O': 20.0}","['B', 'Fe', 'Mg', 'O']",4,0.371630417783041,13.378695040189477,1.4952297993120776
mp-562027,BaCoSiO4,4.431315005576855,0.0166379232738158,-2.787397283333333,FM,18.0001075,0.0277649897100888,3.0000179166666663,648.3023292264847,42,Hexagonal,P6_3,False,15.435769743487732,"{'Ba': 6.0, 'Co': 6.0, 'Si': 6.0, 'O': 24.0}","['Ba', 'Co', 'O', 'Si']",4,0.2870809217302819,12.057398712671839,1.4928682321073627
mp-1213761,CrNi2BO5,5.001067733563826,0.0,-2.0418554501851864,FM,27.9982336,0.0810199883795816,6.9995584,345.571928112693,36,Orthorhombic,Pbam,True,9.599220225352584,"{'Cr': 4.0, 'Ni': 8.0, 'B': 4.0, 'O': 20.0}","['B', 'Cr', 'Ni', 'O']",4,0.5209868735332753,18.755527447197913,1.4927990523765808
mp-1105397,MnFe4SiB2,6.931091172443476,0.0113098243750027,-0.3681301607830463,FM,16.8510537,0.1072116339202608,8.42552685,157.1756075700987,16,Tetragonal,I4/mcm,False,9.823475473131168,"{'Mn': 2.0, 'Fe': 8.0, 'Si': 2.0, 'B': 4.0}","['B', 'Fe', 'Mn', 'Si']",4,0.7055640533130212,11.289024853008339,1.4926934717049076
mp-776046,TiFe3Sb2(PO4)6,3.516793224137667,0.0433366135416646,-2.4514276750330675,FM,14.0015215,0.0288245838989096,14.0015215,485.7493016761164,36,Trigonal,R3,False,13.4930361576699,"{'Ti': 1.0, 'Fe': 3.0, 'Sb': 2.0, 'P': 6.0, 'O': 24.0}","['Fe', 'O', 'P', 'Sb', 'Ti']",5,0.260637649157903,9.382955369684508,1.4922293614693798
mp-17831,VCrO4,3.935022997427472,0.019246584479152,-2.3434162916666685,FM,12.0000001,0.0425864573024206,3.000000025,281.77972200843095,24,Monoclinic,C2/m,False,11.740821750351287,"{'V': 4.0, 'Cr': 4.0, 'O': 16.0}","['Cr', 'O', 'V']",3,0.33515737493499853,8.043776998439965,1.4918364969997697
mp-1445397,MgCoO2,4.90484754325873,0.0439395018750001,-2.1111306562500003,FM,12.0006757,0.0769006832357354,3.000168925,156.05421428067794,16,Monoclinic,P2_1/m,False,9.753388392542371,"{'Mg': 4.0, 'Co': 4.0, 'O': 8.0}","['Co', 'Mg', 'O']",3,0.5028865196231774,8.046184313970839,1.4914741238481022
mp-555289,Ti4Cr3(PO4)6,3.455780912716387,0.0481572499589741,-2.79202948489704,FM,15.9989501,0.0362981545648075,15.9989501,440.7648347916724,37,Triclinic,P-1,False,11.912563102477632,"{'Ti': 4.0, 'Cr': 3.0, 'P': 6.0, 'O': 24.0}","['Cr', 'O', 'P', 'Ti']",4,0.2900954969126365,10.733533385767549,1.4905576313960405
mp-758680,Mn(Ni9O10)2,6.394401730852836,0.040933841153846,-1.2322848605879757,FM,77.9998739,0.1049183648054201,38.99993695,743.4339454742478,78,Tetragonal,I4/mmm,False,9.531204429157023,"{'Mn': 2.0, 'Ni': 36.0, 'O': 40.0}","['Mn', 'Ni', 'O']",3,0.6708912581175621,52.32951813316984,1.4905521144204579
mp-1101126,Ti2FeO5,4.019448868962873,0.0085843794791671,-3.013006910416666,FM,23.9998322,0.0418100625331981,3.9999720333333335,574.0204808577746,48,Monoclinic,P2_1,False,11.958760017870304,"{'Ti': 12.0, 'Fe': 6.0, 'O': 30.0}","['Fe', 'O', 'Ti']",3,0.3361091670839201,16.133240020028165,1.48760150907109
mp-2665409,Co(HO)2,3.5293946620696577,0.0382347560000004,-1.2384994985000006,FM,3.0,0.0686013900701627,3.0,43.73089228850494,5,Monoclinic,C2/m,False,8.746178457700989,"{'Co': 1.0, 'H': 2.0, 'O': 2.0}","['Co', 'H', 'O']",3,0.40353563320698477,2.0176781660349237,1.4868575427445416
mp-1101225,V2Fe(PO4)3,3.2686711130835007,0.0367069526389034,-2.547618151329366,FM,13.999572,0.0311282127343803,6.999786,449.7390235494577,36,Trigonal,R-3c,False,12.492750654151603,"{'V': 4.0, 'Fe': 2.0, 'P': 6.0, 'O': 24.0}","['Fe', 'O', 'P', 'V']",4,0.26164542970344584,9.41923546932405,1.4862747667358875
mp-2226385,Fe(PO3)3,3.1157234974335486,0.0221032337179485,-2.4567471653021973,FM,20.0568318,0.0321365387742098,5.01420795,624.1130054769919,52,Monoclinic,P2_1,False,12.002173182249845,"{'Fe': 4.0, 'P': 12.0, 'O': 36.0}","['Fe', 'O', 'P']",3,0.2595966122236454,13.49902383562956,1.4857986802765433
mp-1221760,Mn4AsP3,6.364987217273336,0.0186681181250003,-0.5090329016440887,FM,5.9829809,0.0591681259831791,5.9829809,101.11830991065862,8,Monoclinic,Pm,False,12.639788738832328,"{'Mn': 4.0, 'As': 1.0, 'P': 3.0}","['As', 'Mn', 'P']",3,0.5035675317672547,4.028540254138037,1.4851485954135373
mp-18758,Co2GeO4,5.9033328067723865,0.0192725621428575,-1.636487282142857,FM,12.0,0.0838117337448239,6.0,143.1780427849829,14,Cubic,Fd-3m,False,10.227003056070206,"{'Co': 4.0, 'Ge': 2.0, 'O': 8.0}","['Co', 'Ge', 'O']",3,0.5772299836430069,8.081219771002097,1.4849243480618721
mp-1221599,MnV(Co2Si)2,7.458770621236166,0.0111859711197919,-0.4188975497413807,FM,7.9999799,0.090335920792084,7.9999799,88.55812648893726,8,Trigonal,R-3m,False,11.069765811117158,"{'Mn': 1.0, 'V': 1.0, 'Co': 4.0, 'Si': 2.0}","['Co', 'Mn', 'Si', 'V']",4,0.673796604960284,5.390372839682272,1.4841236660118573
mp-1229026,Al2Fe2Bi2O9,6.021259358320785,0.0104931405000021,-2.26110121,FM,19.9998213,0.0498352458987251,9.99991065,401.3188043788025,30,Orthorhombic,Pbam,False,13.377293479293416,"{'Al': 4.0, 'Fe': 4.0, 'Bi': 4.0, 'O': 18.0}","['Al', 'Bi', 'Fe', 'O']",4,0.4501104328495921,13.503312985487764,1.481104771954419
mp-1105372,Fe5SiB2,7.0019042883678955,0.0,-0.3566275916666663,FM,16.9487767,0.108634719734265,8.47438835,156.0162049615349,16,Tetragonal,I4/mcm,True,9.751012810095933,"{'Fe': 10.0, 'Si': 2.0, 'B': 4.0}","['B', 'Fe', 'Si']",3,0.7180694379888738,11.48911100782198,1.4752034938526564
mp-1173350,Sr13Mn8O30,4.755039653506713,0.0246818632026037,-2.575463030067614,FM,25.3797931,0.0353046955061001,25.3797931,718.8786855735583,51,Triclinic,P-1,False,14.09566050144232,"{'Sr': 13.0, 'Mn': 8.0, 'O': 30.0}","['Mn', 'O', 'Sr']",3,0.33734067680050606,17.20437451682581,1.4751941766426129
mp-20274,Co2P2O7,4.03828677626849,0.002129738863636,-2.2485414517532445,FM,23.9999995,0.0500034022795703,5.999999875,479.9673303391515,44,Monoclinic,P2_1/c,False,10.908348416798898,"{'Co': 8.0, 'P': 8.0, 'O': 28.0}","['Co', 'O', 'P']",3,0.370201484401572,16.28886531366917,1.4733991004186067
mp-774589,Ti3Mn2V(PO4)6,3.1441360094930735,0.011212194062498,-2.864182918436645,FM,12.9999204,0.0281552175301441,12.9999204,461.7233159744461,36,Trigonal,R3,False,12.825647665956836,"{'Ti': 3.0, 'Mn': 2.0, 'V': 1.0, 'P': 6.0, 'O': 24.0}","['Mn', 'O', 'P', 'Ti', 'V']",5,0.2451444239996211,8.82519926398636,1.4730455382520067
mp-1018802,MnGaGe,7.119532764594809,0.0189438020833323,-0.1158684051436793,FM,4.1006219,0.044554619650293,2.05031095,92.03584122556924,6,Tetragonal,P4/nmm,False,15.339306870928205,"{'Mn': 2.0, 'Ga': 2.0, 'Ge': 2.0}","['Ga', 'Ge', 'Mn']",3,0.4641365365789827,2.784819219473896,1.4724912379679294
mp-1041863,MnZn(SiO3)2,3.922858213368676,0.0435768639166695,-2.702770928043104,FM,40.0002343,0.0433447531472901,5.0000292875,922.8391303573668,80,Orthorhombic,Pbca,False,11.535489129467086,"{'Mn': 8.0, 'Zn': 8.0, 'Si': 16.0, 'O': 48.0}","['Mn', 'O', 'Si', 'Zn']",4,0.34006864982845364,27.205491986276293,1.470299979143107
mp-562111,Co3(AsO4)2,5.2300984382610896,0.0,-1.552145827307693,FM,35.9999746,0.0623501136964232,8.99999365,577.3842654927694,52,Monoclinic,P2_1/c,True,11.10354356716864,"{'Co': 12.0, 'As': 8.0, 'O': 32.0}","['As', 'Co', 'O']",3,0.4710296678373591,24.493542727542675,1.469774095174827
mp-504967,CrP(HO)5,2.2966640648413126,0.0128613187648838,-1.6388691281994052,FM,16.0008759,0.0329310742376774,4.000218975,485.8898857812822,48,Orthorhombic,P2_12_12_1,False,10.122705953776713,"{'Cr': 4.0, 'P': 4.0, 'H': 20.0, 'O': 20.0}","['Cr', 'H', 'O', 'P']",4,0.22688242406018352,10.890356354888809,1.4692701853431105
mp-1046651,MnZnPO5,4.042605314087818,0.0309616021354157,-2.287088834071736,FM,7.9998649,0.0420974544072847,3.99993245,190.03203430314,16,Monoclinic,C2/c,False,11.87700214394625,"{'Mn': 2.0, 'Zn': 2.0, 'P': 2.0, 'O': 10.0}","['Mn', 'O', 'P', 'Zn']",4,0.3403725338340827,5.445960541345324,1.4689538859610947
mp-1204107,Al4Fe2Si5O18,2.640419915874775,0.0,-3.1046468531034495,FM,15.9999139,0.0196297390875418,7.99995695,815.0854083513739,58,Orthorhombic,Cccm,True,14.053196695713345,"{'Al': 8.0, 'Fe': 4.0, 'Si': 10.0, 'O': 36.0}","['Al', 'Fe', 'O', 'Si']",4,0.1878874944289497,10.897474676879082,1.468222168384263
mp-1216438,VCo3AsO8,5.094144418517836,0.0034144162500018,-1.7222744809615371,FM,17.999999,0.0641109536474836,8.9999995,280.7632389774394,26,Monoclinic,C2/m,False,10.7985861145169,"{'V': 2.0, 'Co': 6.0, 'As': 2.0, 'O': 16.0}","['As', 'Co', 'O', 'V']",4,0.47174179698114443,12.265286721509755,1.467556316350373
mp-616616,Sr15Fe10(Bi5O23)2,6.236646929540435,0.017102913287041,-2.2361619377160498,FM,96.001927,0.038369871410101,48.0009635,2502.013258629972,162,Orthorhombic,C222,False,15.444526287839333,"{'Sr': 30.0, 'Fe': 20.0, 'Bi': 20.0, 'O': 92.0}","['Bi', 'Fe', 'O', 'Sr']",4,0.40380953182429613,65.41714415553598,1.4675346690730728
mp-541825,MnV2O6,4.2028205368737375,0.0128827183333353,-2.320705628659004,FM,10.0000007,0.050055838921946,5.00000035,199.77690745715768,18,Monoclinic,C2/m,False,11.098717080953204,"{'Mn': 2.0, 'V': 4.0, 'O': 12.0}","['Mn', 'O', 'V']",3,0.3786762475535399,6.816172455963718,1.4670991329232923
mp-1191609,V2FeAgO7,4.202736048216105,0.0135324487121168,-1.9256541969696976,FM,10.0010687,0.0335178881646298,5.00053435,298.3800366800479,22,Triclinic,P-1,False,13.562728940002176,"{'V': 4.0, 'Fe': 2.0, 'Ag': 2.0, 'O': 14.0}","['Ag', 'Fe', 'O', 'V']",4,0.30987392484269694,6.817226346539332,1.4670289926748434
mp-1233829,MgVFe(P2O7)2,2.9345879292845423,0.0440082930952447,-2.619656848265307,FM,7.0013531,0.0258323733823071,7.0013531,271.03019131781696,21,Triclinic,P1,False,12.906199586562712,"{'Mg': 1.0, 'V': 1.0, 'Fe': 1.0, 'P': 4.0, 'O': 14.0}","['Fe', 'Mg', 'O', 'P', 'V']",5,0.22737816113892179,4.774941383917358,1.4662699574871214
mp-554162,Ca4Mn3O10,4.137143516722975,0.0216410461764704,-2.6045197716937127,FM,35.9993959,0.0462207948709539,8.999848975,778.8571356357762,68,Orthorhombic,Pbca,False,11.453781406408474,"{'Ca': 16.0, 'Mn': 12.0, 'O': 40.0}","['Ca', 'Mn', 'O']",3,0.3612032891083649,24.561823659368812,1.4656646183626705
mp-23881,Fe2P2H9NO11,2.6009319159900692,0.0228000885333514,-1.667982592021428,FM,40.0044584,0.0420298956454405,10.0011146,951.80960565482,100,Monoclinic,P2_1/c,False,9.5180960565482,"{'Fe': 8.0, 'P': 8.0, 'H': 36.0, 'N': 4.0, 'O': 44.0}","['Fe', 'H', 'N', 'O', 'P']",5,0.27326178476636576,27.326178476636574,1.4639609572265342
mp-19267,BaMnO3,5.719479111320032,0.005607107666667,-2.484337766586208,FM,17.9999981,0.0430072081274761,2.9999996833333333,418.5344476825107,30,Hexagonal,P6_3cm,False,13.95114825608369,"{'Ba': 6.0, 'Mn': 6.0, 'O': 18.0}","['Ba', 'Mn', 'O']",3,0.4099647574762123,12.29894272428637,1.4635402817557577
mp-721689,Fe3P2(H2O3)4,3.0591460780679487,0.0007046075999985,-1.807567797371429,FM,24.0000013,0.0514671290572621,12.00000065,466.3170792623327,50,Monoclinic,P2_1/c,False,9.326341585246654,"{'Fe': 6.0, 'P': 4.0, 'H': 16.0, 'O': 24.0}","['Fe', 'H', 'O', 'P']",4,0.3280113697430098,16.40056848715049,1.463363987583937
mp-562909,Sr4Mn2CoO9,5.144339790626012,0.0174992907187325,-2.5083630650538797,FM,27.0002409,0.0420365907764546,9.0000803,642.3032981809569,48,Trigonal,P321,False,13.381318712103267,"{'Sr': 12.0, 'Mn': 6.0, 'Co': 3.0, 'O': 27.0}","['Co', 'Mn', 'O', 'Sr']",4,0.3844419149790528,18.453211918994533,1.4631729705660461
mp-1233333,CaVFe(P2O7)2,2.982169046146782,0.0129029452777782,-2.7080736242176875,FM,6.9806081,0.0253390078618322,6.9806081,275.48861179031377,21,Triclinic,P1,False,13.118505323348275,"{'Ca': 1.0, 'V': 1.0, 'Fe': 1.0, 'P': 4.0, 'O': 14.0}","['Ca', 'Fe', 'O', 'P', 'V']",5,0.22732536768797332,4.77383272144744,1.462264915282465
mp-1233631,CaVFe(P2O7)2,2.986300045892616,0.0136461490873021,-2.707330420408163,FM,6.998828,0.0254403365851366,6.998828,275.1075236987634,21,Triclinic,P1,False,13.100358271369684,"{'Ca': 1.0, 'V': 1.0, 'Fe': 1.0, 'P': 4.0, 'O': 14.0}","['Ca', 'Fe', 'O', 'P', 'V']",5,0.2279556012158123,4.787067625532059,1.462028228444363
mp-1040886,MgCr2P2O9,3.41066098654576,0.0358304620833447,-2.676013130484695,FM,24.0008728,0.0368721918725439,6.0002182,650.9206960889057,56,Orthorhombic,Pnma,False,11.62358385873046,"{'Mg': 4.0, 'Cr': 8.0, 'P': 8.0, 'O': 36.0}","['Cr', 'Mg', 'O', 'P']",4,0.29342593712902215,16.431852479225242,1.4606309806118485
mp-1046441,SrCaMn(PO4)2,3.5406608508517294,0.0136628477670894,-3.0566363140166724,FM,10.0007692,0.0286167649566292,5.0003846,349.4723884812586,26,Triclinic,P-1,False,13.441245710817638,"{'Sr': 2.0, 'Ca': 2.0, 'Mn': 2.0, 'P': 4.0, 'O': 16.0}","['Ca', 'Mn', 'O', 'P', 'Sr']",5,0.26341761225316884,6.8488579185823895,1.4602097632753943
mp-1218583,Sr4Fe2CoNiO12,5.378433568789288,0.0312934300666674,-2.033558936,FM,13.1804336,0.0553143230344396,13.1804336,238.2824714639213,20,Trigonal,R3m,False,11.914123573196065,"{'Sr': 4.0, 'Fe': 2.0, 'Co': 1.0, 'Ni': 1.0, 'O': 12.0}","['Co', 'Fe', 'Ni', 'O', 'Sr']",5,0.4514334214972791,9.028668429945583,1.4598424676095278
mp-1233024,MgVFe(P2O7)2,2.941997447702428,0.0267864545238172,-2.6368786868367344,FM,7.0013064,0.0258974246019444,7.0013064,270.34759276697844,21,Triclinic,P1,False,12.87369489366564,"{'Mg': 1.0, 'V': 1.0, 'Fe': 1.0, 'P': 4.0, 'O': 14.0}","['Fe', 'Mg', 'O', 'P', 'V']",5,0.22852782142211603,4.799084249864436,1.4588838277214597
mp-1373293,MgCrP2O7,3.069170136943163,0.0227611959090907,-2.7360895031168813,FM,7.9995479,0.0295422047726016,3.99977395,270.78371304971216,22,Triclinic,P-1,False,12.308350593168734,"{'Mg': 2.0, 'Cr': 2.0, 'P': 4.0, 'O': 14.0}","['Cr', 'Mg', 'O', 'P']",4,0.24935673660828164,5.485848205382196,1.4582153206775934
mp-1247681,Ca8Ti2Mn6O23,4.086039041570197,0.0483756475427306,-2.7726110333141776,FM,80.0000019,0.0441782961076677,20.000000475,1810.843987849384,156,Triclinic,P1,False,11.607974281085792,"{'Ca': 32.0, 'Ti': 8.0, 'Mn': 24.0, 'O': 92.0}","['Ca', 'Mn', 'O', 'Ti']",4,0.3520027648775937,54.912431320904616,1.4568650481433845
mp-1247621,SrCa3Mn4O12,4.6029305833847385,0.0489389435178599,-2.479118663211207,FM,47.9994652,0.0536847630274411,11.9998663,894.0984833157393,80,Triclinic,P-1,False,11.17623104144674,"{'Sr': 4.0, 'Ca': 12.0, 'Mn': 16.0, 'O': 48.0}","['Ca', 'Mn', 'O', 'Sr']",4,0.41184998469653133,32.94799877572251,1.4568249054133162
mp-1204772,Co2As2O7,4.6351808404122306,0.0159133847727144,-1.564230233636365,FM,29.9999294,0.044108374257311,5.99998588,680.141354224305,55,Triclinic,P-1,False,12.366206440441909,"{'Co': 10.0, 'As': 10.0, 'O': 35.0}","['As', 'Co', 'O']",3,0.3748264160667361,20.615452883670486,1.4552156369925282
mp-1048535,CaCrP2O7,3.1685746999829156,0.0322404736363637,-2.8392692469805194,FM,16.0010732,0.0286941846791455,4.0002683,557.6416747477514,44,Monoclinic,P2_1/c,False,12.673674426085258,"{'Ca': 4.0, 'Cr': 4.0, 'P': 8.0, 'O': 28.0}","['Ca', 'Cr', 'O', 'P']",4,0.2500123163540701,11.000541919579085,1.4545713581183508
mp-1218880,Sr2Al3FeO8,3.583175125417519,0.0133631383482102,-3.1177773642857143,FM,10.0006971,0.0245212183547932,5.00034855,407.83850766718314,28,Monoclinic,P2_1,False,14.565660988113684,"{'Sr': 4.0, 'Al': 6.0, 'Fe': 2.0, 'O': 16.0}","['Al', 'Fe', 'O', 'Sr']",4,0.2460015462629242,6.888043295361878,1.451892311236495
mp-753184,Al(CoO2)2,4.93665420914952,0.0319373360714285,-2.05576668,FM,9.99855,0.0711648364250409,4.999275,140.4984610697676,14,Orthorhombic,Imma,False,10.03560436212626,"{'Al': 2.0, 'Co': 4.0, 'O': 8.0}","['Al', 'Co', 'O']",3,0.4919139925224775,6.886795895314685,1.451843520845789
mp-1189157,Mn5SiB2,6.751077776570099,0.0,-0.4198495559985638,FM,15.7212503,0.0985152128460933,7.86062515,159.5819553733363,16,Tetragonal,I4/mcm,True,9.97387221083352,"{'Mn': 10.0, 'Si': 2.0, 'B': 4.0}","['B', 'Mn', 'Si']",3,0.6768763057979775,10.83002089276764,1.451636193102707
mp-975079,MnZn3,7.392047571604984,0.0134610587499999,-0.1037553311206895,FM,6.0856368,0.0539302571325176,3.0428184,112.84271805058052,8,Hexagonal,P6_3/mmc,False,14.105339756322566,"{'Mn': 2.0, 'Zn': 6.0}","['Mn', 'Zn']",2,0.5240602282048242,4.192481825638594,1.4515594946134425
mp-1233634,MgVFe(P2O7)2,2.9499698065642823,0.0313336388095315,-2.632331502551021,FM,7.0012106,0.0259672473053781,7.0012106,269.6169723985323,21,Triclinic,P1,False,12.838903447549155,"{'Mg': 1.0, 'V': 1.0, 'Fe': 1.0, 'P': 4.0, 'O': 14.0}","['Fe', 'Mg', 'O', 'P', 'V']",5,0.2297680497883492,4.825129045555333,1.4509892966384317
mp-1229040,Al2Fe2Bi2O9,6.086476144483642,0.039328865833335,-2.2322654846666676,FM,20.0007586,0.0503773766471662,10.0003793,397.0186605801569,30,Orthorhombic,Pbam,False,13.233955352671895,"{'Al': 4.0, 'Fe': 4.0, 'Bi': 4.0, 'O': 18.0}","['Al', 'Bi', 'Fe', 'O']",4,0.4599136072538435,13.797408217615304,1.4496025836551543
mp-1304800,Sr3MnFeO7,5.2098285786402725,0.0175375441666574,-2.491724381494253,FM,14.0480982,0.0453783245458027,7.0240491,309.5772781522706,24,Orthorhombic,Aea2,False,12.899053256344608,"{'Sr': 6.0, 'Mn': 2.0, 'Fe': 2.0, 'O': 14.0}","['Fe', 'Mn', 'O', 'Sr']",4,0.40389232256853685,9.693415741644884,1.4492412761836382
mp-759777,Mn(CoO3)2,4.360346220374639,0.0280572887962975,-1.2944071258812262,FM,9.9999932,0.0488439718164508,4.9999966,204.7334159797374,18,Orthorhombic,Cmce,False,11.374078665540967,"{'Mn': 2.0, 'Co': 4.0, 'O': 12.0}","['Co', 'Mn', 'O']",3,0.3833581908998741,6.900447436197734,1.4491804035116556
mp-776019,TiMn3Ni2(PO4)6,3.45559713286628,0.0476421484490909,-2.4222827212495446,FM,15.0008254,0.0346894001488946,15.0008254,432.43253949659334,36,Trigonal,R3,False,12.012014986016482,"{'Ti': 1.0, 'Mn': 3.0, 'Ni': 2.0, 'P': 6.0, 'O': 24.0}","['Mn', 'Ni', 'O', 'P', 'Ti']",5,0.2876783900860127,10.356422043096458,1.4484563623978108
mp-1246229,Ca9(FeN4)2,2.9294455253428837,0.0446035997368365,-0.8856308978947373,FM,4.6149479,0.0139302540699983,4.6149479,331.28957137538737,19,Monoclinic,C2/m,False,17.436293230283546,"{'Ca': 9.0, 'Fe': 2.0, 'N': 8.0}","['Ca', 'Fe', 'N']",3,0.16800850310632484,3.192161559020172,1.445712510057464
mp-772496,Mn3CuNi2(PO4)6,3.5354707600013664,0.0466814483680497,-2.170776597823618,FM,15.3869479,0.0357813447660038,15.3869479,430.0270993341552,36,Trigonal,R3,False,11.945197203726533,"{'Mn': 3.0, 'Cu': 1.0, 'Ni': 2.0, 'P': 6.0, 'O': 24.0}","['Cu', 'Mn', 'Ni', 'O', 'P']",5,0.2959742480348846,10.655072929255844,1.4440959721403457
mp-23823,Co2PH2CO7,3.351733859480289,0.0223590497115395,-1.7733979051648352,FM,23.9997857,0.044060787824327,5.999946425,544.697153298496,52,Monoclinic,P2_1/c,False,10.474945255740309,"{'Co': 8.0, 'P': 4.0, 'H': 8.0, 'C': 4.0, 'O': 28.0}","['C', 'Co', 'H', 'O', 'P']",5,0.3199762650447769,16.6387657823284,1.442401799146037
mp-1094044,SrCa3Mn4O12,4.626940409906192,0.0489173851428601,-2.4791402215862077,FM,12.0016088,0.0539726299468165,12.0016088,222.36472100444473,20,Monoclinic,Pm,False,11.118236050222237,"{'Sr': 1.0, 'Ca': 3.0, 'Mn': 4.0, 'O': 12.0}","['Ca', 'Mn', 'O', 'Sr']",4,0.4161577779969608,8.323155559939217,1.4419541619245726
mp-1218508,Sr3Tl(FeO4)2,6.114311773623126,0.0077879816071586,-2.21798069952381,FM,9.0004453,0.046879933616196,9.0004453,191.9892927683356,14,Orthorhombic,Pmm2,False,13.713520912023972,"{'Sr': 3.0, 'Tl': 1.0, 'Fe': 2.0, 'O': 8.0}","['Fe', 'O', 'Sr', 'Tl']",4,0.44586009769833196,6.242041367776648,1.4419073456422589
mp-510570,CaMn4(CuO4)3,5.266461800910108,0.0254812821666678,-1.726377317086207,FM,14.9893739,0.0739957161048439,14.9893739,202.5708336785561,20,Cubic,Im-3,False,10.128541683927804,"{'Ca': 1.0, 'Mn': 4.0, 'Cu': 3.0, 'O': 12.0}","['Ca', 'Cu', 'Mn', 'O']",4,0.5199624946271433,10.399249892542866,1.4413899132040897
mp-756937,V4FeNiO12,3.3016357137384023,0.0258244415971891,-2.148977992222222,FM,6.0000001,0.0233780416394794,6.0000001,256.65109988800606,18,Monoclinic,C2,False,14.25839443822256,"{'V': 4.0, 'Fe': 1.0, 'Ni': 1.0, 'O': 12.0}","['Fe', 'Ni', 'O', 'V']",4,0.23155732772321747,4.168031899017914,1.4395283542368618
mp-1043952,CaMn(GeO3)2,4.404476380240074,0.0283208909999999,-2.419566883293105,FM,20.0023192,0.0394410473222676,5.0005798,507.1447275870664,40,Monoclinic,P2_1/c,False,12.67861818967666,"{'Ca': 4.0, 'Mn': 4.0, 'Ge': 8.0, 'O': 24.0}","['Ca', 'Ge', 'Mn', 'O']",4,0.34739403887296966,13.895761554918787,1.4394546942207445
mp-558651,Ba2Mn(AsO4)2,4.555002407592081,0.0,-2.457532997148542,FM,20.0000611,0.0225794983268477,5.000015275,885.7619779895323,52,Monoclinic,P2_1/c,True,17.03388419210639,"{'Ba': 8.0, 'Mn': 4.0, 'As': 8.0, 'O': 32.0}","['As', 'Ba', 'Mn', 'O']",4,0.2674083230942064,13.905232800898734,1.4383118489542541
mp-1228376,Ba3Fe2WO9,6.610572786566528,0.0,-2.522751010666667,FM,20.0034981,0.0467604237906337,10.00174905,427.786929168225,30,Hexagonal,P6_3mc,True,14.2595643056075,"{'Ba': 6.0, 'Fe': 4.0, 'W': 2.0, 'O': 18.0}","['Ba', 'Fe', 'O', 'W']",4,0.46358869351758203,13.907660805527462,1.438307877917889
mp-24516,Co7P6(HO6)4,3.772834054023714,0.0049229423170746,-2.079024282508711,FM,21.000266,0.0483719648966194,21.000266,434.1412643642197,41,Triclinic,P-1,False,10.588811325956575,"{'Co': 7.0, 'P': 6.0, 'H': 4.0, 'O': 24.0}","['Co', 'H', 'O', 'P']",4,0.35630383221346923,14.608457120752238,1.43754168057678
mp-849251,Ti3Mn2Co(PO4)6,3.1906986577553065,0.0379759121064751,-2.7869593437144227,FM,12.9431547,0.0281897256166991,12.9431547,459.1444016160509,36,Trigonal,R3,False,12.754011156001416,"{'Ti': 3.0, 'Mn': 2.0, 'Co': 1.0, 'P': 6.0, 'O': 24.0}","['Co', 'Mn', 'O', 'P', 'Ti']",5,0.2501721708353626,9.006198150073054,1.4371385666098198
mp-510510,FeP(H2O3)2,2.738214905173584,0.0091989967708334,-1.806595480074404,FM,39.9999575,0.0441267586206476,4.9999946875,906.478489477886,96,Orthorhombic,Pbca,False,9.442484265394643,"{'Fe': 8.0, 'P': 8.0, 'H': 32.0, 'O': 48.0}","['Fe', 'H', 'O', 'P']",4,0.2899888237260559,27.838927077701364,1.4368354566379633
mp-16916,Ca6FeN5,2.971038318101862,0.0,-0.931947353333334,FM,6.0000001,0.0146517118910775,3.00000005,409.50846867619833,24,Hexagonal,P6_3/mcm,True,17.062852861508265,"{'Ca': 12.0, 'Fe': 2.0, 'N': 10.0}","['Ca', 'Fe', 'N']",3,0.17412318691466686,4.178956485952004,1.435765153374921
mp-25270,Co2P3O10,3.6526975876471295,0.029825756111105,-2.2322936429285702,FM,14.0000008,0.0415283256399567,7.0000004,337.11931758042743,30,Monoclinic,P2_1/m,False,11.237310586014248,"{'Co': 4.0, 'P': 6.0, 'O': 20.0}","['Co', 'O', 'P']",3,0.3250508704630101,9.751526113890304,1.4356727999792842
mp-18395,Ca3Mn2O7,4.061401948779587,0.0262235136111099,-2.637707225071838,FM,12.001604,0.0429018105302543,6.000802,279.74586274247025,24,Orthorhombic,Cmcm,False,11.656077614269591,"{'Ca': 6.0, 'Mn': 4.0, 'O': 14.0}","['Ca', 'Mn', 'O']",3,0.3484364194527619,8.362474066866286,1.4351738377943246
mp-540338,MnP2O7,2.8186958224325727,0.0358810057499994,-2.347652992721675,FM,11.9995236,0.0222480875149589,2.9998809,539.3507910256061,40,Monoclinic,P2_1/c,False,13.483769775640152,"{'Mn': 4.0, 'P': 8.0, 'O': 28.0}","['Mn', 'O', 'P']",3,0.20904360348282147,8.361744139312858,1.435050319655689
mp-1048260,MnZnP2O7,3.751785317618783,0.0078677121022723,-2.499341746110613,FM,20.0006185,0.0383880689837773,5.000154625,521.011320169613,44,Monoclinic,P2_1/c,False,11.841166367491205,"{'Mn': 4.0, 'Zn': 4.0, 'P': 8.0, 'O': 28.0}","['Mn', 'O', 'P', 'Zn']",4,0.3168425475313777,13.941072091380619,1.4346542625201568
mp-27156,V2Co2O7,4.363515684287179,0.0022802809090904,-1.9924287170454535,FM,24.0000005,0.0475263068846269,6.000000125,504.9834938418735,44,Monoclinic,P2_1/c,False,11.476897587315309,"{'V': 8.0, 'Co': 8.0, 'O': 28.0}","['Co', 'O', 'V']",3,0.38019993217591297,16.72879701574017,1.4346519045821606
mp-767961,Ti3Mn2P6WO24,3.5491259734377376,0.0294923958256134,-2.799088214825534,FM,14.0017037,0.029713997706953,14.0017037,471.21574949585494,36,Trigonal,R3,False,13.08932637488486,"{'Ti': 3.0, 'Mn': 2.0, 'P': 6.0, 'W': 1.0, 'O': 24.0}","['Mn', 'O', 'P', 'Ti', 'W']",5,0.2711465717783324,9.761276584019967,1.4344131712159423
mp-774915,Ti3MnFe2(PO4)6,3.1969760304211463,0.0247171948379953,-2.786359611827449,FM,13.0011617,0.028442091751897,13.0011617,457.1098994198577,36,Trigonal,R3,False,12.697497206107158,"{'Ti': 3.0, 'Mn': 1.0, 'Fe': 2.0, 'P': 6.0, 'O': 24.0}","['Fe', 'Mn', 'O', 'P', 'Ti']",5,0.2517800144806085,9.064080521301905,1.434360790313522
mp-1218834,Sr2FeCoO6,5.451982922910539,0.0375049076774178,-2.073896414,FM,6.6481653,0.0565462062023011,6.6481653,117.57049228405089,10,Tetragonal,P4/mmm,False,11.757049228405087,"{'Sr': 2.0, 'Fe': 1.0, 'Co': 1.0, 'O': 6.0}","['Co', 'Fe', 'O', 'Sr']",4,0.4637203448751854,4.637203448751854,1.4336583187415284
mp-1288147,Co2As2O7,4.670565690356273,0.0193255229545332,-1.560818095454546,FM,12.0000512,0.044445390666072,6.0000256,269.99540380146505,22,Triclinic,P1,False,12.272518354612048,"{'Co': 4.0, 'As': 4.0, 'O': 14.0}","['As', 'Co', 'O']",3,0.38057109025231656,8.372563985550965,1.4332588225911689
mp-1105388,MnFe4B2P,7.115698574931097,0.0165944393749999,-0.4042383263634033,FM,16.8820221,0.1093070127376248,8.44101105,154.44591959093023,16,Tetragonal,I4/mcm,False,9.65286997443314,"{'Mn': 2.0, 'Fe': 8.0, 'B': 4.0, 'P': 2.0}","['B', 'Fe', 'Mn', 'P']",4,0.7371588547010303,11.794541675216484,1.4313419346742133
mp-1218206,SrMnO3,5.151404571306499,0.0126189035000008,-2.486665473586206,FM,11.9985,0.0488337796492589,2.999625,245.70082607116169,20,Hexagonal,P6_3mc,False,12.285041303558083,"{'Sr': 4.0, 'Mn': 4.0, 'O': 12.0}","['Mn', 'O', 'Sr']",3,0.4193233416166466,8.386466832332932,1.4306978421164613
mp-684887,Fe24N11,7.435217087876263,0.0498165222142859,-0.1480681918571414,FM,78.0871235,0.1169878019677337,39.04356175,667.4809013125756,70,Monoclinic,C2/c,False,9.535441447322508,"{'Fe': 48.0, 'N': 22.0}","['Fe', 'N']",2,0.7797454505857225,54.58218154100058,1.430633977891543
mp-735042,FeP3(HO5)2,2.65418780274782,0.0,-2.2690887241517865,FM,19.9962533,0.0257112673696902,4.999063325,777.723361998584,64,Monoclinic,P2_1/c,True,12.151927531227876,"{'Fe': 4.0, 'P': 12.0, 'H': 8.0, 'O': 40.0}","['Fe', 'H', 'O', 'P']",4,0.21841702033912894,13.978689301704252,1.4304812753483331
mp-6172,Al2Fe3(SiO4)3,4.1646720556517645,0.0244395584999992,-2.784980043750001,FM,47.9997599,0.0604646863225133,11.999939975,793.8478278705279,80,Cubic,Ia-3d,False,9.923097848381598,"{'Al': 8.0, 'Fe': 12.0, 'Si': 12.0, 'O': 48.0}","['Al', 'Fe', 'O', 'Si']",4,0.41969474848330746,33.5755798786646,1.429603303158471
mp-1227209,CaMnFeBiO6,6.508982952711081,0.0141740217916703,-2.0965567557931037,FM,15.9977427,0.0687831988148979,7.99887135,232.5821272583068,20,Monoclinic,Pc,False,11.62910636291534,"{'Ca': 2.0, 'Mn': 2.0, 'Fe': 2.0, 'Bi': 2.0, 'O': 12.0}","['Bi', 'Ca', 'Fe', 'Mn', 'O']",5,0.5597148009126406,11.194296018252812,1.429097700642805
mp-18207,SrCrP2O7,3.4738490783616043,0.0031983320454411,-2.8936712428896105,FM,16.0036555,0.0266932339753161,4.000913875,599.5397753153078,44,Monoclinic,P2_1/c,False,13.625903984438814,"{'Sr': 4.0, 'Cr': 4.0, 'P': 8.0, 'O': 28.0}","['Cr', 'O', 'P', 'Sr']",4,0.25494448532213665,11.217557354174012,1.426661348341143
mp-1044891,MgMn(GeO3)2,4.3202208035044904,0.0243253152499995,-2.3264850505431047,FM,20.0022883,0.0405902900807422,5.000572075,492.7850542632589,40,Monoclinic,P2_1/c,False,12.319626356581471,"{'Mg': 4.0, 'Mn': 4.0, 'Ge': 8.0, 'O': 24.0}","['Ge', 'Mg', 'Mn', 'O']",4,0.3506779084413152,14.027116337652608,1.4259729383086672
mp-1214713,Ba2TiMn2Si2PO13,4.160481857761946,0.0235868184435634,-3.0557062516113467,FM,18.0203848,0.0310295354823635,9.0101924,580.7494221188837,42,Triclinic,P-1,False,13.827367193306754,"{'Ba': 4.0, 'Ti': 2.0, 'Mn': 4.0, 'Si': 4.0, 'P': 2.0, 'O': 26.0}","['Ba', 'Mn', 'O', 'P', 'Si', 'Ti']",6,0.3008874935913946,12.637274730838573,1.425970803342994
mp-1047736,Ca(CoO2)2,4.59412830750555,0.020126389642856,-1.858458768571429,FM,8.0001662,0.0498635919764077,4.0000831,160.44103288397616,14,Tetragonal,I4_1/a,False,11.460073777426867,"{'Ca': 2.0, 'Co': 4.0, 'O': 8.0}","['Ca', 'Co', 'O']",3,0.4008812156650069,5.612337019310097,1.4254607612611672
mp-1227712,BaSr3Mn4O12,5.333191036430848,0.0288723972916695,-2.468077104086207,FM,12.0041218,0.0474841631238141,12.0041218,252.80264008653677,20,Hexagonal,P-6m2,False,12.64013200432684,"{'Ba': 1.0, 'Sr': 3.0, 'Mn': 4.0, 'O': 12.0}","['Ba', 'Mn', 'O', 'Sr']",4,0.42192526427771837,8.438505285554367,1.4225412432400213
mp-546953,Co2As2O7,4.6894306107601125,0.0321967811363519,-1.5479468372727268,FM,6.0000315,0.0446249542910821,6.0000315,134.45462511541558,11,Triclinic,P-1,False,12.223147737765052,"{'Co': 2.0, 'As': 2.0, 'O': 7.0}","['As', 'Co', 'O']",3,0.3836516346989318,4.22016798168825,1.4217518179453434
mp-763057,Mn(CoO3)2,4.404192694130328,0.0285594637962978,-1.293904950881226,FM,5.0000181,0.0493353458563207,5.0000181,101.34758383090173,9,Monoclinic,C2/m,False,11.26084264787797,"{'Mn': 1.0, 'Co': 2.0, 'O': 6.0}","['Co', 'Mn', 'O']",3,0.39110684980224536,3.519961648220208,1.42047516413372
mp-1173281,Sr2FeMoO6,5.453581847265381,0.0024814592166668,-2.5301048672000004,FM,60.0033283,0.0465849613889912,6.00033283,1288.0407434271197,100,Monoclinic,P2,False,12.880407434271197,"{'Sr': 20.0, 'Fe': 10.0, 'Mo': 10.0, 'O': 60.0}","['Fe', 'Mo', 'O', 'Sr']",4,0.42340134619926,42.340134619926,1.4171737723233737
mp-22290,Mn6Si7Ni16,7.248273934745149,0.0,-0.4336662064684897,FM,25.7292756,0.0766443658306103,25.7292756,335.6968946271092,29,Cubic,Fm-3m,True,11.575754987141696,"{'Mn': 6.0, 'Si': 7.0, 'Ni': 16.0}","['Mn', 'Ni', 'Si']",3,0.6261599301986353,18.15863797576042,1.4169166010328234
mp-1208422,TlCr2FeO8,4.477173353840136,0.012075135624987,-1.623650177986112,FM,20.0006475,0.0273894565081803,5.000161875,730.2316310667386,48,Orthorhombic,Pnma,False,15.213158980557054,"{'Tl': 4.0, 'Cr': 8.0, 'Fe': 4.0, 'O': 32.0}","['Cr', 'Fe', 'O', 'Tl']",4,0.29429609981478005,14.126212791109442,1.4158534772028726
mp-1286204,CaMn4(CuO4)3,5.295025669602739,0.0324553046666675,-1.7194032945862077,FM,14.8824227,0.0738662159597149,14.8824227,201.4780709508194,20,Monoclinic,C2/m,False,10.073903547540969,"{'Ca': 1.0, 'Mn': 4.0, 'Cu': 3.0, 'O': 12.0}","['Ca', 'Cu', 'Mn', 'O']",4,0.5256180630094727,10.512361260189454,1.4157069312638697
mp-504697,Mn2BiO5,7.158046449939602,0.0,-1.8853860322952585,FM,28.0000012,0.0756536831686758,7.0000003,370.1075747703095,32,Orthorhombic,Pbam,True,11.565861711572172,"{'Mn': 8.0, 'Bi': 4.0, 'O': 20.0}","['Bi', 'Mn', 'O']",3,0.6188943485964085,19.80461915508507,1.4138116456943162
mp-24105,Co(HO)2,3.619758631802138,0.0367089820000012,-1.2400252725,FM,2.9999246,0.0703560402035745,2.9999246,42.63919048485031,5,Trigonal,P-3m1,False,8.527838096970061,"{'Co': 1.0, 'H': 2.0, 'O': 2.0}","['Co', 'H', 'O']",3,0.4244638079008837,2.1223190395044185,1.4135125512046063
mp-1173284,Sr2FeMoO6,5.461649643536893,0.0,-2.5325863264166677,FM,72.0041764,0.0466539954021967,6.000348033333334,1543.365702749856,120,Triclinic,P1,True,12.8613808562488,"{'Sr': 24.0, 'Fe': 12.0, 'Mo': 12.0, 'O': 72.0}","['Fe', 'Mo', 'O', 'Sr']",4,0.4246549965809704,50.95859958971645,1.4129936258007096
mp-1226343,CrFe11Si4,7.401774712220272,0.0242592276041655,-0.2813790049999998,FM,15.3265986,0.08774041534748,15.3265986,174.68117217478147,16,Trigonal,R-3m,False,10.917573260923842,"{'Cr': 1.0, 'Fe': 11.0, 'Si': 4.0}","['Cr', 'Fe', 'Si']",3,0.6779688613322788,10.847501781316462,1.4129150572160545
mp-19487,Ba2Mn(PO4)2,4.251943317082192,0.0,-3.064983261324365,FM,20.0009923,0.0246442327750228,5.000248075,811.5891650021734,52,Monoclinic,P2_1/c,True,15.60748394234949,"{'Ba': 8.0, 'Mn': 4.0, 'P': 8.0, 'O': 32.0}","['Ba', 'Mn', 'O', 'P']",4,0.2724297736129608,14.16634822787396,1.411866486568902
mp-20028,FeBPbO4,6.371394966481857,0.0,-2.0858265548809505,FM,20.0000013,0.0567841215534997,5.000000325,352.2111596136394,28,Orthorhombic,Pnma,True,12.578969986201406,"{'Fe': 4.0, 'B': 4.0, 'Pb': 4.0, 'O': 16.0}","['B', 'Fe', 'O', 'Pb']",4,0.5065116598156292,14.182326474837616,1.4102059584853124
mp-771700,MnNi(PO4)2,3.5237791421151203,0.0347571715625028,-2.208509382268062,FM,14.999907,0.034951199043473,4.999969,429.1671648043548,36,Trigonal,R3,False,11.9213101334543,"{'Mn': 3.0, 'Ni': 3.0, 'P': 6.0, 'O': 24.0}","['Mn', 'Ni', 'O', 'P']",4,0.29558656747184847,10.641116428986544,1.4096177877670855
mp-1210760,Mg2Cr5(PO4)6,3.4790742281726073,0.0066320964414572,-2.6817777748069505,FM,16.000034,0.0381622474735297,16.000034,419.26340976374667,37,Triclinic,P-1,False,11.331443507128288,"{'Mg': 2.0, 'Cr': 5.0, 'P': 6.0, 'O': 24.0}","['Cr', 'Mg', 'O', 'P']",4,0.30702833456161355,11.360048378779702,1.4084476990333668
mp-1173282,Sr2FeMoO6,5.4803382953854625,0.0002142909166673,-2.5323720355,FM,60.0058144,0.0468154568619419,6.0005814399999995,1281.7521908833694,100,Monoclinic,P2/c,False,12.817521908833694,"{'Sr': 20.0, 'Fe': 10.0, 'Mo': 10.0, 'O': 60.0}","['Fe', 'Mo', 'O', 'Sr']",4,0.42756613441857855,42.75661344185785,1.403427670472506
mp-1217154,TiFe3Bi3PbO12,7.426448912101186,0.0310021759531249,-1.910032613166667,FM,15.0103673,0.0540709627217897,15.0103673,277.60495734526785,20,Triclinic,P1,False,13.880247867263392,"{'Ti': 1.0, 'Fe': 3.0, 'Bi': 3.0, 'Pb': 1.0, 'O': 12.0}","['Bi', 'Fe', 'O', 'Pb', 'Ti']",5,0.5350371969665245,10.70074393933049,1.4027405370228072
mp-18857,Sr2FeMoO6,5.483020499764869,0.001081101416668,-2.531505224999999,FM,6.0001556,0.0468350454767691,6.0001556,128.11251785751264,10,Tetragonal,I4/m,False,12.811251785751264,"{'Sr': 2.0, 'Fe': 1.0, 'Mo': 1.0, 'O': 6.0}","['Fe', 'Mo', 'O', 'Sr']",4,0.42798475835617494,4.279847583561749,1.401955439498756
mp-626703,CrHO2,4.345523161236062,0.008600903125,-1.9774176815625009,FM,11.9999992,0.0923593272201082,2.9999998,129.92731282463686,16,Orthorhombic,Pnma,False,8.120457051539804,"{'Cr': 4.0, 'H': 4.0, 'O': 8.0}","['Cr', 'H', 'O']",3,0.5351328297970694,8.562125276753111,1.40152109577058
mp-1292002,Co(HO)2,3.6353445174214696,0.0369907575000008,-1.2397434970000003,FM,12.0000545,0.070661074717454,3.000013625,169.82553050577727,20,Trigonal,P-3m1,False,8.491276525288864,"{'Co': 4.0, 'H': 8.0, 'O': 8.0}","['Co', 'H', 'O']",3,0.428126973205339,8.56253946410678,1.401459759724659
mp-1247154,MgMnN2,4.882334591699281,0.0,-0.7452095282327598,FM,3.0005142,0.0822528072006323,3.0005142,36.47917076776599,4,Trigonal,R-3m,True,9.119792691941498,"{'Mg': 1.0, 'Mn': 1.0, 'N': 2.0}","['Mg', 'Mn', 'N']",3,0.5353558744831389,2.1414234979325557,1.4011773957355265
mp-550468,Co2P2O7,4.141132904619827,0.0,-2.250671190616882,FM,12.0000006,0.0512768806829814,6.0000003,234.02360752382376,22,Monoclinic,P2_1/c,True,10.637436705628351,"{'Co': 4.0, 'P': 4.0, 'O': 14.0}","['Co', 'O', 'P']",3,0.389298006579792,8.564556144755425,1.4011234671335884
mp-1212702,Fe2As2H2PbO10,5.086912974239465,0.0185357002941168,-1.6280382610294115,FM,9.9999237,0.0485679084965918,9.9999237,205.89570375882508,17,Monoclinic,C2/m,False,12.11151198581324,"{'Fe': 2.0, 'As': 2.0, 'H': 2.0, 'Pb': 1.0, 'O': 10.0}","['As', 'Fe', 'H', 'O', 'Pb']",5,0.42000643521618075,7.140109398675072,1.4005280790033272
mp-1218474,Sr3Fe2RuO9,5.562912163674706,0.0243438433333347,-2.2442725963333343,FM,9.4715903,0.0512099516926777,9.4715903,184.95604832515977,15,Tetragonal,P4/mmm,False,12.33040322167732,"{'Sr': 3.0, 'Fe': 2.0, 'Ru': 1.0, 'O': 9.0}","['Fe', 'O', 'Ru', 'Sr']",4,0.45115411586012805,6.76731173790192,1.3996089831287264
mp-758503,TiV3Fe2(PO4)6,3.2481671989799272,0.032888646666688,-2.635276225866402,FM,13.0479243,0.0289306966733802,13.0479243,451.0062252322349,36,Trigonal,R3,False,12.527950700895412,"{'Ti': 1.0, 'V': 3.0, 'Fe': 2.0, 'P': 6.0, 'O': 24.0}","['Fe', 'O', 'P', 'Ti', 'V']",5,0.25927362555376043,9.333850519935375,1.39791442686296
mp-1247715,Ca4Mn3CrO12,4.313768465191276,0.043190005249996,-2.529293260314655,FM,44.0010721,0.0502123955349548,11.000268025,876.2990020933997,80,Monoclinic,Pm,False,10.953737526167496,"{'Ca': 16.0, 'Mn': 12.0, 'Cr': 4.0, 'O': 48.0}","['Ca', 'Cr', 'Mn', 'O']",4,0.3938170377814943,31.505363022519543,1.3966216503694537
mp-530567,Al2FeO4,4.108099046520186,0.0334434533333318,-2.8701190495238103,FM,47.9999916,0.056936106477723,3.9999993,843.0501235412115,84,Trigonal,P3m1,False,10.036310994538232,"{'Al': 24.0, 'Fe': 12.0, 'O': 48.0}","['Al', 'Fe', 'O']",3,0.4093236099156171,34.38318323291184,1.3960310560790092
mp-1200058,Sr4Mn3O10,5.002255585633176,0.0059688228431378,-2.581967055076065,FM,36.0047966,0.0401539275588692,9.00119915,896.6693618504389,68,Orthorhombic,P222_1,False,13.186314144859397,"{'Sr': 16.0, 'Mn': 12.0, 'O': 40.0}","['Mn', 'O', 'Sr']",3,0.3793520714492665,25.795940858550125,1.3957543474544805
mp-645796,TlFe(MoO4)2,4.9167841897771085,0.0,-1.8290729531944467,FM,20.1649238,0.0257313846210008,5.04123095,783.6703736316734,48,Orthorhombic,Pnma,True,16.32646611732653,"{'Tl': 4.0, 'Fe': 4.0, 'Mo': 8.0, 'O': 32.0}","['Fe', 'Mo', 'O', 'Tl']",4,0.3011542212775091,14.455402621320438,1.3949748981919414
mp-1190531,Ba5Cr5O14,5.388648445429648,0.0240765628645815,-2.6237367933333338,FM,11.9960003,0.0332549322366673,11.9960003,360.728454192219,24,Trigonal,P-3m1,False,15.030352258009124,"{'Ba': 5.0, 'Cr': 5.0, 'O': 14.0}","['Ba', 'Cr', 'O']",3,0.35851777476194774,8.604426594286746,1.394166150242391
mp-1101714,V4Ni2O9,4.964187056928853,0.0448228593333421,-2.135563055333334,FM,19.999336,0.0642678872745663,9.999668,311.18707721880617,30,Monoclinic,Cc,False,10.372902573960204,"{'V': 8.0, 'Ni': 4.0, 'O': 18.0}","['Ni', 'O', 'V']",3,0.47857260988749534,14.357178296624861,1.3929851386397785
mp-1218239,SrCa5Mn4(GaO8)2,4.38691070535445,0.0074380201091184,-2.643666151311578,FM,13.9947013,0.0409345559618958,13.9947013,341.8798853718374,28,Monoclinic,Pm,False,12.20999590613705,"{'Sr': 1.0, 'Ca': 5.0, 'Mn': 4.0, 'Ga': 2.0, 'O': 16.0}","['Ca', 'Ga', 'Mn', 'O', 'Sr']",5,0.35928846652188295,10.060077062612724,1.3911127333218862
mp-1228475,Ba5Mn(Co2O7)2,5.690114861577576,0.0225602754513793,-2.1347211463721263,FM,26.0002362,0.0370824727861582,13.0001181,701.1462355796583,48,Monoclinic,P2_1/m,False,14.60721324124288,"{'Ba': 10.0, 'Mn': 2.0, 'Co': 8.0, 'O': 28.0}","['Ba', 'Co', 'Mn', 'O']",4,0.3895414387127426,18.697989058211647,1.3905364966817866
mp-772175,CrP4O11,2.563255397657763,0.0408804432857214,-2.5161937860044636,FM,15.9990919,0.0175459920299244,3.999772975,911.8374083787196,64,Monoclinic,P2_1/c,False,14.247459505917494,"{'Cr': 4.0, 'P': 16.0, 'O': 44.0}","['Cr', 'O', 'P']",3,0.17990964610870794,11.514217350957308,1.389507546396092
mp-754908,NbCrO4,4.561149289270861,0.0414621223213842,-2.7145691916666657,FM,2.9999182,0.03944536650374,2.9999182,76.052486410934,6,Tetragonal,I-4m2,False,12.675414401822332,"{'Nb': 1.0, 'Cr': 1.0, 'O': 4.0}","['Cr', 'Nb', 'O']",3,0.3598422224850581,2.1590533349103485,1.3894599783587873
mp-1179211,SrCrP2O7,3.5206938265295364,0.0,-2.8968695749350655,FM,16.0033072,0.0270526026362973,4.0008268,591.562572191403,44,Monoclinic,Pc,True,13.444603913440975,"{'Sr': 4.0, 'Cr': 4.0, 'P': 8.0, 'O': 28.0}","['Cr', 'O', 'P', 'Sr']",4,0.2618666826629078,11.522134037167943,1.3889186802007987
mp-34782,Al2FeO4,4.119351327733001,0.0146069054761888,-2.888955597380953,FM,24.0006578,0.0570936320060147,4.0001096333333335,420.37363812257655,42,Monoclinic,Cm,False,10.008896145775632,"{'Al': 12.0, 'Fe': 6.0, 'O': 24.0}","['Al', 'Fe', 'O']",3,0.4115689949956789,17.285897789818513,1.3884530668772388
mp-1227783,BaSr3Mn3O10,5.197777100914914,0.0281649189215773,-2.557024046399594,FM,18.0043868,0.0388670697796126,9.0021934,463.2298473255121,34,Monoclinic,C2/m,False,13.624407274279768,"{'Ba': 2.0, 'Sr': 6.0, 'Mn': 6.0, 'O': 20.0}","['Ba', 'Mn', 'O', 'Sr']",4,0.38150482412011466,12.971164020083899,1.3880316964709498
mp-1042806,MnZnAs2O7,4.348969377063695,0.029249882424235,-1.8021321677664577,FM,20.00051,0.0342644294740832,5.0001275,583.7105799507883,44,Monoclinic,P2_1/c,False,13.266149544336098,"{'Mn': 4.0, 'Zn': 4.0, 'As': 8.0, 'O': 28.0}","['As', 'Mn', 'O', 'Zn']",4,0.3278245403859827,14.424279776983239,1.3865863883141483
mp-1041706,Zn3Fe3(AsO4)4,4.4218302823358835,0.0345370376282101,-1.6969181821153847,FM,24.0018805,0.0347572508357461,12.00094025,690.557507365204,52,Monoclinic,P2_1/c,False,13.27995206471546,"{'Zn': 6.0, 'Fe': 6.0, 'As': 8.0, 'O': 32.0}","['As', 'Fe', 'O', 'Zn']",4,0.33297034965092903,17.31445818184831,1.3862334153293043
mp-1210942,Mn3Fe2SiC,7.248254599718033,0.0444701401708069,-0.1716418230418719,FM,27.1457679,0.0935653640805245,6.786441975,290.12624668074517,28,Orthorhombic,Cmc2_1,False,10.36165166716947,"{'Mn': 12.0, 'Fe': 8.0, 'Si': 4.0, 'C': 4.0}","['C', 'Fe', 'Mn', 'Si']",4,0.6995269511601006,19.586754632482815,1.3859247440094675
mp-1246021,Ca3(MnN2)2,3.8657083471419167,0.0306047866666672,-0.9035956892624534,FM,14.116957,0.0287135728224926,3.52923925,491.6475245790922,36,Orthorhombic,Pnna,False,13.65687568275256,"{'Ca': 12.0, 'Mn': 8.0, 'N': 16.0}","['Ca', 'Mn', 'N']",3,0.2830594959595311,10.19014185454312,1.3853543161134867
mp-1182735,FePH5CO8,2.083973121780647,0.0462199070312614,-1.7037696695870528,FM,16.0000527,0.0216506248644067,4.000013175,739.0111278637416,64,Monoclinic,P2_1/c,False,11.547048872870963,"{'Fe': 4.0, 'P': 4.0, 'H': 20.0, 'C': 4.0, 'O': 32.0}","['C', 'Fe', 'H', 'O', 'P']",5,0.1804766867036309,11.550507949032378,1.3852250282499807
mp-30093,Ba3FeO5,5.696233831288211,0.0041776894444529,-2.484196669444442,FM,16.0000003,0.0250471575972608,4.000000075,638.7950504112189,36,Orthorhombic,Pnma,False,17.74430695586719,"{'Ba': 12.0, 'Fe': 4.0, 'O': 20.0}","['Ba', 'Fe', 'O']",3,0.3210175435679521,11.556631568446274,1.3844864920402677
mp-21971,Ca3Fe2(GeO4)3,4.3951951815645645,0.0,-2.5272509496250004,FM,39.9998671,0.0412385143414716,9.999966775,969.9638248067056,80,Cubic,Ia-3d,True,12.12454781008382,"{'Ca': 12.0, 'Fe': 8.0, 'Ge': 12.0, 'O': 48.0}","['Ca', 'Fe', 'Ge', 'O']",4,0.3625038434760545,29.000307478084363,1.3792911378690742
mp-1048266,MgCrP2O7,3.15989493380226,0.018982224772726,-2.7398684742532464,FM,15.9993212,0.0304159020761958,3.9998303,526.0183031862607,44,Monoclinic,P2_1/c,False,11.95496143605138,"{'Mg': 4.0, 'Cr': 4.0, 'P': 8.0, 'O': 28.0}","['Cr', 'Mg', 'O', 'P']",4,0.2643166145457635,11.629931040013593,1.375702155494578
mp-1203127,Fe3P4(H3O5)4,2.6330277740306247,0.0160867083333009,-1.875884422014652,FM,27.9998685,0.0356030002179667,13.99993425,786.4468816835869,78,Monoclinic,P2_1/c,False,10.082652329276756,"{'Fe': 6.0, 'P': 8.0, 'H': 24.0, 'O': 40.0}","['Fe', 'H', 'O', 'P']",4,0.26114435845270245,20.369259959310792,1.374613930792378
mp-554541,Sr4Cr3O9,4.95902197359321,0.0412136868489572,-2.7303098407291677,FM,23.99709,0.0367249936304723,7.99903,653.4266620018843,48,Trigonal,P3,False,13.61305545837259,"{'Sr': 12.0, 'Cr': 9.0, 'O': 27.0}","['Cr', 'O', 'Sr']",3,0.3642842702549344,17.485644972236848,1.3723880381937192
mp-1272815,SrCoO3,5.487982872487861,0.0395657678548406,-1.9602539784999995,FM,12.794274,0.0543356611625306,3.1985685,235.4673473417271,20,Orthorhombic,Amm2,False,11.773367367086356,"{'Sr': 4.0, 'Co': 4.0, 'O': 12.0}","['Co', 'O', 'Sr']",3,0.4661353630933215,9.32270726186643,1.3723775337592818
mp-569961,Sr8Mn2FeN8,4.442003256746255,0.0,-0.8430279918874779,FM,5.9999997,0.0163989492409979,5.9999997,365.8770822340133,19,Monoclinic,C2/m,True,19.25668853863228,"{'Sr': 8.0, 'Mn': 2.0, 'Fe': 1.0, 'N': 8.0}","['Fe', 'Mn', 'N', 'Sr']",4,0.23067326699680588,4.382792072939312,1.3689902692500104
mp-1227724,Ca3Mn4BiO12,5.404933535466903,0.0327838257500028,-2.341176747586206,FM,12.9994305,0.0571046121155555,12.9994305,227.6423920662427,20,Monoclinic,Pm,False,11.382119603312136,"{'Ca': 3.0, 'Mn': 4.0, 'Bi': 1.0, 'O': 12.0}","['Bi', 'Ca', 'Mn', 'O']",4,0.4748617765265879,9.497235530531757,1.3687594098524114
mp-1228535,Ba2Sr2Mn3O10,5.411438902694164,0.0124570410364288,-2.5655802228701816,FM,18.0074195,0.0378748040700052,9.00370975,475.4458786563298,34,Orthorhombic,Cmce,False,13.983702313421464,"{'Ba': 4.0, 'Sr': 4.0, 'Mn': 6.0, 'O': 20.0}","['Ba', 'Mn', 'O', 'Sr']",4,0.3869818436781439,13.157382685056893,1.368617143016703
mp-21470,Ca2MnGaO5,4.133969287119701,0.0029496418981427,-2.7172993956034492,FM,8.0017072,0.0349711090757176,4.0008536,228.8090773065023,18,Orthorhombic,Ima2,False,12.711615405916795,"{'Ca': 4.0, 'Mn': 2.0, 'Ga': 2.0, 'O': 10.0}","['Ca', 'Ga', 'Mn', 'O']",4,0.32521195419391685,5.853815175490503,1.3669217356746357
mp-2223528,MgCr6O16,2.8590094034218185,0.0483683299999997,-1.876001899782608,FM,6.0064194,0.0174606713406329,6.0064194,343.99704815601183,23,Triclinic,P1,False,14.95639339808747,"{'Mg': 1.0, 'Cr': 6.0, 'O': 16.0}","['Cr', 'Mg', 'O']",3,0.19115633878602115,4.396595792078486,1.366152287827322
mp-1048533,CaFeP2O7,3.292950251951466,0.0191435136363642,-2.7797752615259737,FM,15.999843,0.0293929454113235,3.99996075,544.3429631191739,44,Monoclinic,P2_1/c,False,12.371430979981223,"{'Ca': 4.0, 'Fe': 4.0, 'P': 8.0, 'O': 28.0}","['Ca', 'Fe', 'O', 'P']",4,0.26617375607396904,11.711645267254637,1.3661481913847766
mp-1202376,FeAgP2O7,4.118498945102718,0.0,-2.1929214569047613,FM,20.0007141,0.0367282491824269,5.000178525,544.5594207515228,44,Monoclinic,P2_1/c,True,12.376350471625518,"{'Fe': 4.0, 'Ag': 4.0, 'P': 8.0, 'O': 28.0}","['Ag', 'Fe', 'O', 'P']",4,0.33277168051639633,14.641953942721438,1.365986683078075
mp-1195120,MnPH6NO5,2.4055706022691665,0.0064407329563556,-1.558170356076707,FM,20.0669815,0.0390808662576329,5.016745375,513.4733034757307,56,Orthorhombic,Pnma,False,9.169166133495192,"{'Mn': 4.0, 'P': 4.0, 'H': 24.0, 'N': 4.0, 'O': 20.0}","['H', 'Mn', 'N', 'O', 'P']",5,0.2623543479577229,14.691843485632482,1.3658586493671812
mp-604694,FeP3(HO2)6,2.088042819564082,0.0420038473863648,-1.9659085198376625,FM,9.9991109,0.0181273441643007,4.99955545,551.603743459112,44,Trigonal,R-3c,False,12.53644871497982,"{'Fe': 2.0, 'P': 6.0, 'H': 12.0, 'O': 24.0}","['Fe', 'H', 'O', 'P']",4,0.1665577602586191,7.32854145137924,1.3644066785101086
mp-1228074,Ba3Mn2IrO9,6.564290358436212,0.0280740043194365,-2.3062610513908055,FM,9.2766782,0.0427375007204895,9.2766782,217.06178516780943,15,Trigonal,R-3m,False,14.470785677853964,"{'Ba': 3.0, 'Mn': 2.0, 'Ir': 1.0, 'O': 9.0}","['Ba', 'Ir', 'Mn', 'O']",4,0.4536236320936034,6.804354481404051,1.3633443444712767
mp-1213999,CaCoGeO4,4.196558783847758,0.0,-2.343906481785715,FM,12.0000192,0.0321736949000719,3.0000048,372.9760985572464,28,Orthorhombic,Pnma,True,13.320574948473086,"{'Ca': 4.0, 'Co': 4.0, 'Ge': 4.0, 'O': 16.0}","['Ca', 'Co', 'Ge', 'O']",4,0.31504336712799336,8.821214279583813,1.3603591092638285
mp-1227452,Ca8Fe5(WO8)3,5.304580664168451,0.0416993980000004,-2.5937364472499995,FM,23.9988992,0.0499326467378174,23.9988992,480.6254177955274,40,Triclinic,P-1,False,12.015635444888186,"{'Ca': 8.0, 'Fe': 5.0, 'W': 3.0, 'O': 24.0}","['Ca', 'Fe', 'O', 'W']",4,0.44147316956301136,17.658926782520453,1.3590236539037648
mp-541468,MnP2PbO7,4.693027304677274,0.0,-2.51322736088334,FM,20.0004977,0.0324053907141436,5.000124425,617.1966225135058,44,Monoclinic,P2_1/c,True,14.02719596621604,"{'Mn': 4.0, 'P': 8.0, 'Pb': 4.0, 'O': 28.0}","['Mn', 'O', 'P', 'Pb']",4,0.3345663178856451,14.720917986968384,1.3586447338206311
mp-705519,Ni15O16,6.361803170709446,0.0382223330645166,-1.1411743664516132,FM,27.9998899,0.0943972875750896,27.9998899,296.6175259826941,31,Cubic,Im-3m,False,9.568307289764324,"{'Ni': 15.0, 'O': 16.0}","['Ni', 'O']",2,0.664882823894564,20.611367540731482,1.358468323107022
mp-607225,Mn2Ga5,7.200126340979699,0.0322265842857145,-0.1459564284236449,FM,9.0532129,0.0428087805417875,4.52660645,211.4802801066189,14,Tetragonal,P4/mbm,False,15.10573429332992,"{'Mn': 4.0, 'Ga': 10.0}","['Ga', 'Mn']",2,0.4766485495616709,6.673079693863393,1.3566768741463395
mp-1218421,Sr3FeMoO7,5.183707031529779,0.0235955401736118,-2.6099578512499995,FM,5.9999335,0.0355650386917414,5.9999335,168.70313433381,12,Tetragonal,I4mm,False,14.0585945278175,"{'Sr': 3.0, 'Fe': 1.0, 'Mo': 1.0, 'O': 7.0}","['Fe', 'Mo', 'O', 'Sr']",4,0.36872156895007296,4.424658827400876,1.35602172597892
mp-2234300,MgFe4(PO3)12,3.062748269820537,0.0338486232861781,-2.5058859568059293,FM,17.9945261,0.0277656638757066,17.9945261,648.0855700246448,53,Triclinic,P1,False,12.228029623106504,"{'Mg': 1.0, 'Fe': 4.0, 'P': 12.0, 'O': 36.0}","['Fe', 'Mg', 'O', 'P']",4,0.2504694839823632,13.27488265106525,1.355531839564399
mp-17881,SrFeP2O7,3.5853997518026817,0.0,-2.8237312878896095,FM,16.0000875,0.0272102505334137,4.000021875,588.0169122423972,44,Monoclinic,P2_1/c,True,13.364020732781755,"{'Sr': 4.0, 'Fe': 4.0, 'P': 8.0, 'O': 28.0}","['Fe', 'O', 'P', 'Sr']",4,0.268287502952442,11.804650129907449,1.3554054820704324
mp-1227867,Ca2MnFeSi4(HO3)5,2.9282049046547485,0.0133515857142869,-2.56626644229218,FM,20.001235,0.032162635864647,10.0006175,621.8779792854368,56,Triclinic,P-1,False,11.104963915811371,"{'Ca': 4.0, 'Mn': 2.0, 'Fe': 2.0, 'Si': 8.0, 'H': 10.0, 'O': 30.0}","['Ca', 'Fe', 'H', 'Mn', 'O', 'Si']",6,0.2636843241323403,14.766322151411055,1.354517041881597
mp-1221366,MnNi5(BO5)2,5.108535465419394,0.0024043146111285,-1.792433630070243,FM,25.9987782,0.0754531098117603,12.9993891,344.5686766902185,36,Orthorhombic,Pmc2_1,False,9.571352130283849,"{'Mn': 2.0, 'Ni': 10.0, 'B': 4.0, 'O': 20.0}","['B', 'Mn', 'Ni', 'O']",4,0.5337318485291059,19.214346547047814,1.3530919792843321
mp-505087,Co3P2(H2O5)2,3.5129747942056175,0.0119627502631525,-1.8674095936466175,FM,18.0000001,0.0472724639084139,9.00000005,380.7713542258625,38,Monoclinic,P2_1/c,False,10.020298795417435,"{'Co': 6.0, 'P': 4.0, 'H': 8.0, 'O': 20.0}","['Co', 'H', 'O', 'P']",4,0.3505858324117241,13.322261631645516,1.3511219489371873
mp-1218516,Sr4MnRuO8,5.273285289275314,0.0,-2.6112702191379316,FM,6.9862755,0.0349669473309448,6.9862755,199.796551694329,14,Orthorhombic,Cmmm,True,14.271182263880643,"{'Sr': 4.0, 'Mn': 1.0, 'Ru': 1.0, 'O': 8.0}","['Mn', 'O', 'Ru', 'Sr']",4,0.36950584694175115,5.173081857184516,1.3505054999849406
mp-774615,CrP4O11,2.6006719584609517,0.037110215785721,-2.519964013504464,FM,15.9997463,0.017802843964064,3.999936575,898.7185604893402,64,Monoclinic,P2_1/c,False,14.04247750764594,"{'Cr': 4.0, 'P': 16.0, 'O': 44.0}","['Cr', 'O', 'P']",3,0.18520036489607486,11.852823353348791,1.3498679447947375
mp-675227,BaMnO3,5.958508258609489,0.0017817334666663,-2.4881631407862073,FM,15.0000004,0.044804576378857,3.00000008,334.7872385437482,25,Trigonal,R-3m,False,13.391489541749928,"{'Ba': 5.0, 'Mn': 5.0, 'O': 15.0}","['Ba', 'Mn', 'O']",3,0.44494738542960194,11.123684635740048,1.3484740795154755
mp-1218464,Sr4TlFe2O9,5.932682658219303,0.0,-2.3497478086458337,FM,9.0002781,0.0396715586994417,9.0002781,226.869787703266,16,Orthorhombic,Fmm2,True,14.179361731454124,"{'Sr': 4.0, 'Tl': 1.0, 'Fe': 2.0, 'O': 9.0}","['Fe', 'O', 'Sr', 'Tl']",4,0.4184026594835234,6.694442551736374,1.3444402622688199
mp-1247708,Ca8TiMn7O24,4.2945511210275145,0.0400512002291693,-2.623033576346264,FM,84.0017214,0.0477661256697341,21.00043035,1758.6044549814878,160,Monoclinic,Pm,False,10.9912778436343,"{'Ca': 32.0, 'Ti': 4.0, 'Mn': 28.0, 'O': 96.0}","['Ca', 'Mn', 'O', 'Ti']",4,0.3907235520858699,62.51576833373918,1.3436885387308763
mp-775025,MnCu(PO4)2,3.2567901893812596,0.0079028115624923,-2.1579382193513954,FM,7.9997482,0.0254351873214961,3.9998741,314.5150102055334,24,Monoclinic,P2_1/m,False,13.104792091897224,"{'Mn': 2.0, 'Cu': 2.0, 'P': 4.0, 'O': 16.0}","['Cu', 'Mn', 'O', 'P']",4,0.24851902773756737,5.964456665701617,1.3412367040911288
mp-1227278,CaCo3(SiO3)4,3.813288891816148,0.0265007843333355,-2.689834717999999,FM,9.0013776,0.0396592834988747,9.0013776,226.9677312817664,20,Monoclinic,C2,False,11.34838656408832,"{'Ca': 1.0, 'Co': 3.0, 'Si': 4.0, 'O': 12.0}","['Ca', 'Co', 'O', 'Si']",4,0.3360203558700761,6.720407117401522,1.3394095689072518
mp-1182836,Ca2Mn3P3H6O17,3.0950411638833057,0.0,-2.3261501671039246,FM,48.1744804,0.0364454926057986,12.0436201,1321.822726367407,124,Monoclinic,P2_1/c,True,10.659860696511348,"{'Ca': 8.0, 'Mn': 12.0, 'P': 12.0, 'H': 24.0, 'O': 68.0}","['Ca', 'H', 'Mn', 'O', 'P']",5,0.2903453667922902,36.002825482243985,1.3380749914686245
mp-554600,Cr(PO3)3,2.523946758411484,0.0,-2.6196815145329686,FM,12.0000001,0.0157828994612007,3.000000025,760.3165774134028,52,Monoclinic,P2_1/c,True,14.621472642565438,"{'Cr': 4.0, 'P': 12.0, 'O': 36.0}","['Cr', 'O', 'P']",3,0.17261918960637881,8.976197859531698,1.3368689380278498
mp-1195702,SrV2(CoO4)2,4.383423621237724,0.0139468742307755,-2.259052480576923,FM,24.000102,0.0363801376953764,6.0000255,659.7034404036949,52,Tetragonal,I4_1cd,False,12.68660462314798,"{'Sr': 4.0, 'V': 8.0, 'Co': 8.0, 'O': 32.0}","['Co', 'O', 'Sr', 'V']",4,0.3455159005459766,17.966826828390783,1.3358008194343793
mp-1041862,MgCr(SiO3)2,3.3712054546218733,0.0214484707777806,-2.9781102379999993,FM,32.0001929,0.0355444993764949,4.0000241125,900.2853735833235,80,Orthorhombic,Pbca,False,11.253567169791545,"{'Mg': 8.0, 'Cr': 8.0, 'Si': 16.0, 'O': 48.0}","['Cr', 'Mg', 'O', 'Si']",4,0.29956771961794937,23.96541756943595,1.3352654009588851
mp-1218555,Sr6Mn3FeO14,5.231434656286908,0.0157139097569531,-2.5515972851580457,FM,13.0569032,0.0423910526508981,13.0569032,308.0108273679153,24,Orthorhombic,Amm2,False,12.833784473663137,"{'Sr': 6.0, 'Mn': 3.0, 'Fe': 1.0, 'O': 14.0}","['Fe', 'Mn', 'O', 'Sr']",4,0.4076299291937309,9.783118300649543,1.3346361353039242
mp-1101575,Co2(PO3)5,3.037362915141564,0.0158403694318201,-2.329145271964285,FM,13.9989126,0.0249704508792034,6.9994563,560.6191361029425,44,Monoclinic,P2/c,False,12.741344002339604,"{'Co': 4.0, 'P': 10.0, 'O': 30.0}","['Co', 'O', 'P']",3,0.23838638330334966,10.489000865347386,1.3346278429862986
mp-1195488,SrFeNi2(PO4)3,4.096122683182863,0.0,-2.4902214415225283,FM,17.8360987,0.0403076373991636,8.91804935,442.4992346579479,38,Orthorhombic,Imma,True,11.644716701524946,"{'Sr': 2.0, 'Fe': 2.0, 'Ni': 4.0, 'P': 6.0, 'O': 24.0}","['Fe', 'Ni', 'O', 'P', 'Sr']",5,0.3517580365563081,13.366805389139708,1.33435762553194
mp-764995,Sr12Mn6O23,5.090816684748072,0.0014964991463264,-2.7173235490874696,FM,20.0002795,0.0350567047426894,20.0002795,570.5122499903749,41,Triclinic,P-1,False,13.91493292659451,"{'Sr': 12.0, 'Mn': 6.0, 'O': 23.0}","['Mn', 'O', 'Sr']",3,0.3658527649111694,14.999963361357946,1.3333552234883177
mp-1044245,MnZn(GeO3)2,4.746227763403967,0.0366888880000022,-2.044003002293105,FM,20.0027859,0.0395251378582267,5.000696475,506.0775745235411,40,Monoclinic,P2_1/c,False,12.651939363088529,"{'Mn': 4.0, 'Zn': 4.0, 'Ge': 8.0, 'O': 24.0}","['Ge', 'Mn', 'O', 'Zn']",4,0.37513835841253523,15.005534336501409,1.3330272319155358
mp-759779,FeP4O11,2.63178618218877,0.0002762996875,-2.476683481941963,FM,16.0000933,0.0178212977511207,4.000023325,897.8074169146182,64,Monoclinic,P2_1/c,False,14.02824088929091,"{'Fe': 4.0, 'P': 16.0, 'O': 44.0}","['Fe', 'O', 'P']",3,0.18760628670112606,12.006802348872068,1.3325857155883862
mp-774828,V3Fe2Ni(PO4)6,3.3419383741154047,0.0283667513194334,-2.468694351607143,FM,12.9982332,0.0292930546567954,12.9982332,443.73088953304705,36,Trigonal,R3,False,12.32585804258464,"{'V': 3.0, 'Fe': 2.0, 'Ni': 1.0, 'P': 6.0, 'O': 24.0}","['Fe', 'Ni', 'O', 'P', 'V']",5,0.2711323108354269,9.760763190075368,1.3316820567080712
mp-24017,CaMnSiHO5,3.54561004264518,0.0108359754320961,-2.682255667686782,FM,16.0010743,0.0418479528442272,4.000268575,382.36217574516985,36,Orthorhombic,P2_12_12_1,False,10.62117154847694,"{'Ca': 4.0, 'Mn': 4.0, 'Si': 4.0, 'H': 4.0, 'O': 20.0}","['Ca', 'H', 'Mn', 'O', 'Si']",5,0.3338247599582002,12.017691358495208,1.3314599137786118
mp-1185985,MnBe2Ru,6.818309930687845,0.0237211305172406,-0.2253445294827587,FM,3.4236975,0.0807779624471609,3.4236975,42.38405372306256,4,Cubic,Fm-3m,False,10.59601343076564,"{'Mn': 1.0, 'Be': 2.0, 'Ru': 1.0}","['Be', 'Mn', 'Ru']",3,0.6434787927779337,2.573915171111735,1.330151645409986
mp-1217946,TaFeO4,7.223712541997927,0.0304656174999973,-2.643517372888889,FM,15.0011401,0.0723186454408384,5.000380033333333,207.43115428333016,18,Orthorhombic,Cmm2,False,11.523953015740563,"{'Ta': 3.0, 'Fe': 3.0, 'O': 12.0}","['Fe', 'O', 'Ta']",3,0.6268432830410764,11.283179094739374,1.3295136037496802
mp-30895,Ba6Mn5O16,5.901392524990083,0.0022011511728381,-2.523109913320564,FM,30.0000014,0.0393524654740044,15.0000007,762.3410893992767,54,Orthorhombic,Cmce,False,14.117427581468087,"{'Ba': 12.0, 'Mn': 10.0, 'O': 32.0}","['Ba', 'Mn', 'O']",3,0.41802180255111254,22.57317733776008,1.3290110183034107
mp-771905,Mn(PO3)3,2.9382057069331653,0.0,-2.513638303860996,FM,24.0041322,0.02425505770484,4.0006887,989.654714167511,78,Monoclinic,Cc,True,12.687880950865525,"{'Mn': 6.0, 'P': 18.0, 'O': 54.0}","['Mn', 'O', 'P']",3,0.23157576259672666,18.06290948254468,1.3289183685051789
mp-1221660,MnAl2Cu,5.439494202318144,0.0046621299305531,-0.2458426319827582,FM,2.1969457,0.0417323452715226,2.1969457,52.64371522151556,4,Tetragonal,P4/mmm,False,13.16092880537889,"{'Mn': 1.0, 'Al': 2.0, 'Cu': 1.0}","['Al', 'Cu', 'Mn']",3,0.41330625541375277,1.653225021655011,1.3288848591226141
mp-1042824,CaFeAs2O7,3.847141684878666,0.0086072407437951,-2.1036594259090915,FM,15.9997096,0.0259028160910538,3.9999274,617.6822451951815,44,Monoclinic,P2_1/c,False,14.038232845345034,"{'Ca': 4.0, 'Fe': 4.0, 'As': 8.0, 'O': 28.0}","['As', 'Ca', 'Fe', 'O']",4,0.2740474336949289,12.058087082576872,1.326886220876486
mp-1237189,FePH5CO8,2.381405391738596,0.0421245181250107,-1.7078650584933035,FM,20.0084151,0.0309387618928697,5.002103775,646.7102713832654,64,Monoclinic,P2_1/c,False,10.104847990363522,"{'Fe': 4.0, 'P': 4.0, 'H': 20.0, 'C': 4.0, 'O': 32.0}","['C', 'Fe', 'H', 'O', 'P']",5,0.23566959087456046,15.08285381597187,1.3265669311740094
mp-1227513,BaTiFe3(BiO4)3,7.416278668843305,0.0359256442500051,-2.0929508131666665,FM,14.9996217,0.0571761005166152,14.9996217,262.3407606407354,20,Trigonal,R3,False,13.11703803203677,"{'Ba': 1.0, 'Ti': 1.0, 'Fe': 3.0, 'Bi': 3.0, 'O': 12.0}","['Ba', 'Bi', 'Fe', 'O', 'Ti']",5,0.5653927853780668,11.307855707561336,1.3264779891000957
mp-1221742,Mn3VP4,5.686700961890582,0.0393500531250001,-0.6255390115455661,FM,4.8650352,0.0490529112840242,4.8650352,99.17933661124944,8,Monoclinic,Pm,False,12.397417076406178,"{'Mn': 3.0, 'V': 1.0, 'P': 4.0}","['Mn', 'P', 'V']",3,0.45870046372103424,3.669603709768274,1.3257658278057536
mp-557535,BaMnO3,6.009789272964193,0.0012205596666667,-2.4887243145862072,FM,24.0000003,0.0451901796557373,3.0000000375,531.0888445860152,40,Hexagonal,P6_3/mmc,False,13.27722111465038,"{'Ba': 8.0, 'Mn': 8.0, 'O': 24.0}","['Ba', 'Mn', 'O']",3,0.4526390892393031,18.105563569572126,1.3255594175667613
mp-1181488,FePH6(NO2)2,2.43071269844813,0.0471921831071426,-1.2504194699744895,FM,20.0007041,0.0395900450177264,5.000176025,505.1952856089125,56,Monoclinic,P2_1/c,False,9.021344385873435,"{'Fe': 4.0, 'P': 4.0, 'H': 24.0, 'N': 8.0, 'O': 16.0}","['Fe', 'H', 'N', 'O', 'P']",5,0.26944018479711235,15.088650348638291,1.3255462641034033
mp-861559,TaFeO4,7.237528687973211,0.0335178038888877,-2.6404651864999997,FM,30.0022251,0.0724568297474368,5.00037085,414.070353403246,36,Tetragonal,I4_1md,False,11.501954261201275,"{'Ta': 6.0, 'Fe': 6.0, 'O': 24.0}","['Fe', 'O', 'Ta']",3,0.6292433897417808,22.65276203070411,1.324440042204754
mp-775135,Cr3Ni(PO4)4,3.6018486939440697,0.0499696307812502,-2.4078633807738092,FM,10.0,0.0364817327719966,10.0,274.10978701307727,24,Monoclinic,Pm,False,11.421241125544888,"{'Cr': 3.0, 'Ni': 1.0, 'P': 4.0, 'O': 16.0}","['Cr', 'Ni', 'O', 'P']",4,0.31536403569031835,7.56873685656764,1.3212244248289162
mp-1217793,SrTiFe3(BiO4)3,7.273179482438343,0.0306070052500011,-2.113115530666667,FM,15.0022289,0.0585672953855043,15.0022289,256.1536912580928,20,Trigonal,R3,False,12.80768456290464,"{'Sr': 1.0, 'Ti': 1.0, 'Fe': 3.0, 'Bi': 3.0, 'O': 12.0}","['Bi', 'Fe', 'O', 'Sr', 'Ti']",5,0.5678762188993877,11.357524377987753,1.3209065990715478
mp-1042798,Mn3Zn2O8,5.327015377963308,0.0047675969230764,-1.819067989522548,FM,17.9999996,0.0681543180426266,8.9999998,264.1065176346131,26,Hexagonal,P6_3mc,False,10.157942985946658,"{'Mn': 6.0, 'Zn': 4.0, 'O': 16.0}","['Mn', 'O', 'Zn']",3,0.5244187120692786,13.634886513801243,1.3201429716177238
mp-1192651,BaFeO3,6.361031518317205,0.0,-2.150281130333332,FM,20.0075123,0.0529659355865975,3.334585383333333,377.7430168733332,30,Hexagonal,P6_3/mmc,True,12.591433895777774,"{'Ba': 6.0, 'Fe': 6.0, 'O': 18.0}","['Ba', 'Fe', 'O']",3,0.5051872225966432,15.155616677899296,1.3201384493430735
mp-543041,FeAs(H2O3)2,3.175261262427288,0.0007278843749993,-1.48911983375,FM,39.9981309,0.041424200304228,4.9997663625,965.5740027869048,96,Orthorhombic,Pbca,False,10.05806252903026,"{'Fe': 8.0, 'As': 8.0, 'H': 32.0, 'O': 48.0}","['As', 'Fe', 'H', 'O']",4,0.31569313207813476,30.306540679500937,1.3197854325569518
mp-1247602,SrCa7TiMn7O24,4.4248872495123575,0.0488947734166655,-2.6136368949712634,FM,84.0045894,0.0472421805507867,21.00114735,1778.169178911896,160,Triclinic,P1,False,11.11355736819935,"{'Sr': 4.0, 'Ca': 28.0, 'Ti': 4.0, 'Mn': 28.0, 'O': 96.0}","['Ca', 'Mn', 'O', 'Sr', 'Ti']",5,0.3981521940196985,63.70435104315176,1.318663294177463
mp-1228826,Ba3Fe2(Ge2O7)2,4.9718377767775515,0.0060796888889074,-2.405612431304347,FM,9.9993151,0.0288368373311693,9.9993151,346.7549157754502,23,Monoclinic,C2,False,15.076300685889136,"{'Ba': 3.0, 'Fe': 2.0, 'Ge': 4.0, 'O': 14.0}","['Ba', 'Fe', 'Ge', 'O']",4,0.32977836409372024,7.584902374155566,1.3183182336098602
mp-753454,ZnNi9O10,6.558212996046335,0.0472547262500002,-1.2281119550000006,FM,18.0035659,0.0943471828006604,18.0035659,190.82250646570412,20,Triclinic,P-1,False,9.541125323285206,"{'Zn': 1.0, 'Ni': 9.0, 'O': 10.0}","['Ni', 'O', 'Zn']",3,0.6873626300705804,13.747252601411608,1.309611921886948
mp-1288387,Co2As2O7,4.886128961391471,0.0174473815908955,-1.562696236818183,FM,12.0,0.0464965056399173,6.0,258.08391049709303,22,Triclinic,P1,False,11.731086840776957,"{'Co': 4.0, 'As': 4.0, 'O': 14.0}","['As', 'Co', 'O']",3,0.41651119181962,9.16324622003164,1.3095795651291104
mp-1218543,Sr6Co4O13,5.282874051198003,0.0287300876811702,-2.2505544167391314,FM,12.008383,0.0394078302385305,12.008383,304.72073512585666,23,Orthorhombic,Cmmm,False,13.24872761416768,"{'Sr': 6.0, 'Co': 4.0, 'O': 13.0}","['Co', 'O', 'Sr']",3,0.3987457667669686,9.171152635640277,1.3093646433637884
mp-753807,ZnNi9O10,6.559556878616309,0.0471198857499999,-1.228246795500001,FM,18.0035017,0.0943661795377885,18.0035017,190.78341189801552,20,Triclinic,P-1,False,9.539170594900778,"{'Zn': 1.0, 'Ni': 9.0, 'O': 10.0}","['Ni', 'O', 'Zn']",3,0.6876443620918952,13.752887241837904,1.3090706979136153
mp-775759,Ti3Mn2Ni(PO4)6,3.2184912168454565,0.0104999783564672,-2.8090538856588676,FM,11.9986759,0.026367480077535,11.9986759,455.05584396829846,36,Trigonal,R3,False,12.640440110230513,"{'Ti': 3.0, 'Mn': 2.0, 'Ni': 1.0, 'P': 6.0, 'O': 24.0}","['Mn', 'Ni', 'O', 'P', 'Ti']",5,0.2546186041608296,9.166269749789866,1.309003141684224
mp-585323,Cr4P7O24,3.0355116187079454,0.0198904306428655,-2.5522917192142844,FM,22.0028979,0.0248655966668334,11.00144895,884.8731118263564,70,Triclinic,P-1,False,12.641044454662234,"{'Cr': 8.0, 'P': 14.0, 'O': 48.0}","['Cr', 'O', 'P']",3,0.24013139338248246,16.809197536773773,1.3089796732927839
mp-776069,Ti3Cr2Fe(PO4)6,3.1527841984022524,0.0457791692014026,-2.772104283829366,FM,11.6262011,0.0252776235237584,11.6262011,459.9404326546976,36,Trigonal,R3,False,12.776123129297154,"{'Ti': 3.0, 'Cr': 2.0, 'Fe': 1.0, 'P': 6.0, 'O': 24.0}","['Cr', 'Fe', 'O', 'P', 'Ti']",5,0.2467715884149979,8.883777182939925,1.3087002139502693
mp-1096874,Co(AsO2)2,4.604759915745009,0.0134193149999957,-1.5224531375000012,FM,11.9999997,0.0304983379990447,2.999999925,393.4640536928883,28,Tetragonal,P4_2/mbc,False,14.052287631888868,"{'Co': 4.0, 'As': 8.0, 'O': 16.0}","['As', 'Co', 'O']",3,0.32768756492682544,9.175251817951112,1.3078659788412947
mp-13869,Cr5O12,3.455616528481596,0.0251750226470583,-1.807032697352941,FM,23.9997711,0.0276255398022574,5.999942775,868.7530188292961,68,Orthorhombic,Pbcn,False,12.77577968866612,"{'Cr': 20.0, 'O': 48.0}","['Cr', 'O']",2,0.27048185024254956,18.39276581649337,1.3048484028692766
mp-19042,Ca3Mn2O7,4.2592989725688515,0.0165942661111113,-2.647336472571837,FM,11.9999999,0.0449862427875935,5.99999995,266.74821359629965,24,Orthorhombic,Cmc2_1,False,11.114508899845818,"{'Ca': 6.0, 'Mn': 4.0, 'O': 14.0}","['Ca', 'Mn', 'O']",3,0.38321971856335796,9.197273245520591,1.3047345207281342
mp-1218626,Sr4Fe2MoWO12,5.972462069275671,0.0221351235000009,-2.57859377,FM,12.0001789,0.0462138068009094,12.0001789,259.6665310801415,20,Triclinic,P-1,False,12.983326554007077,"{'Sr': 4.0, 'Fe': 2.0, 'Mo': 1.0, 'W': 1.0, 'O': 12.0}","['Fe', 'Mo', 'O', 'Sr', 'W']",5,0.4600101556740383,9.200203113480766,1.3043384751382845
mp-1214894,Al11Cr4,3.769861963658604,0.0025876192000016,-0.1505642954666636,FM,4.9693515,0.0223497561210298,4.9693515,222.3447751773958,15,Triclinic,P-1,False,14.822985011826386,"{'Al': 11.0, 'Cr': 4.0}","['Al', 'Cr']",2,0.25432542505108474,3.814881375766271,1.3026228106507867
mp-14763,Ca3MnN3,3.361536031528116,0.0,-1.0252003354187198,FM,3.9980519,0.018632150780675,1.99902595,214.5781207474296,14,Orthorhombic,Cmcm,True,15.3270086248164,"{'Ca': 6.0, 'Mn': 2.0, 'N': 6.0}","['Ca', 'Mn', 'N']",3,0.21932107652665872,3.070495071373222,1.3020870599254684
mp-1218833,Sr2FeCoO6,5.5556716426386155,0.0383894746774178,-2.073011847,FM,6.265516,0.0543050964723601,6.265516,115.37620604705091,10,Tetragonal,P4/mmm,False,11.537620604705094,"{'Sr': 2.0, 'Fe': 1.0, 'Co': 1.0, 'O': 6.0}","['Co', 'Fe', 'O', 'Sr']",4,0.4815266364689603,4.815266364689603,1.3011774480317624
mp-1194928,CaTi2MnO6,4.277604018246368,0.0178724869999911,-3.23747311970977,FM,19.9994819,0.0449171500014477,4.999870475,445.2526907730204,40,Tetragonal,P4_2mc,False,11.13131726932551,"{'Ca': 4.0, 'Ti': 8.0, 'Mn': 4.0, 'O': 24.0}","['Ca', 'Mn', 'O', 'Ti']",4,0.3842855175850688,15.371420703402752,1.30108220221783
mp-1105063,Zr(Fe2P)2,7.253342395584176,0.0136204744285688,-0.6979975470408155,FM,10.7281518,0.0622242378025893,5.3640759,172.41114039895191,14,Tetragonal,P4_2/mnm,False,12.315081457067992,"{'Zr': 2.0, 'Fe': 8.0, 'P': 4.0}","['Fe', 'P', 'Zr']",3,0.5889804643899669,8.245726501459536,1.3010559831327246
mp-18906,CrPO4,3.954429381570476,0.0049670973611117,-2.591205283412697,FM,11.9999993,0.0486110230584868,2.999999825,246.8575756071228,24,Orthorhombic,Cmcm,False,10.285732316963449,"{'Cr': 4.0, 'P': 4.0, 'O': 16.0}","['Cr', 'O', 'P']",3,0.3844577381280618,9.226985715073482,1.3005329877553014
mp-1210616,Mn4Cu3BiO12,6.442623471645305,0.0409772589375005,-1.5428297505862076,FM,16.0201058,0.0766061488358793,16.0201058,209.12297568073035,20,Cubic,Im-3,False,10.456148784036518,"{'Mn': 4.0, 'Cu': 3.0, 'Bi': 1.0, 'O': 12.0}","['Bi', 'Cu', 'Mn', 'O']",4,0.6161564458112252,12.323128916224505,1.3000031005849573
mp-19001,SrMnO3,5.4065665476002,0.0030636509999997,-2.496220726086208,FM,11.9999998,0.0512590456446065,2.99999995,234.105017935749,20,Hexagonal,P6_3/mmc,False,11.705250896787453,"{'Sr': 4.0, 'Mn': 4.0, 'O': 12.0}","['Mn', 'O', 'Sr']",3,0.4618924101049428,9.237848202098856,1.29900378718862
mp-757501,BaMnO3,6.0723285891016925,0.0052143219999987,-2.484730552252876,FM,17.9999985,0.0456604351848165,2.99999975,394.21434393129783,30,Hexagonal,P-6m2,False,13.14047813104326,"{'Ba': 6.0, 'Mn': 6.0, 'O': 18.0}","['Ba', 'Mn', 'O']",3,0.4621086484483646,13.863259453450937,1.2983958469823862
mp-24040,CrHO2,4.516524529048014,0.0131275818750005,-1.9728910028125,FM,5.9999994,0.0959937704836817,2.9999997,62.50404968747383,8,Orthorhombic,Pmn2_1,False,7.813006210934229,"{'Cr': 2.0, 'H': 2.0, 'O': 4.0}","['Cr', 'H', 'O']",3,0.5780776831749065,4.624621465399252,1.2974033539590486
mp-550220,CoGeO3,5.252721517690726,0.0187632445000014,-1.7872653455000005,FM,11.9999893,0.0528468358453036,2.999997325,227.07110289681435,20,Monoclinic,C2,False,11.353555144840715,"{'Co': 4.0, 'Ge': 4.0, 'O': 12.0}","['Co', 'Ge', 'O']",3,0.46264993217368294,9.252998643473658,1.29687572238691
mp-695983,Ca2Fe2Si5HO15,3.2537652822921292,0.006141294649975,-2.9257334348500006,FM,17.9998393,0.0307620087502397,8.99991965,585.1321168959655,50,Triclinic,P-1,False,11.70264233791931,"{'Ca': 4.0, 'Fe': 4.0, 'Si': 10.0, 'H': 2.0, 'O': 30.0}","['Ca', 'Fe', 'H', 'O', 'Si']",5,0.2780368047094087,13.901840235470436,1.2947810502147445
mp-1195793,BaFePHO5,4.396922065213357,0.02379100944444,-2.495505406765872,FM,15.9998152,0.0347088537630374,3.9999538,460.9721573991794,36,Orthorhombic,P2_12_12_1,False,12.804782149977209,"{'Ba': 4.0, 'Fe': 4.0, 'P': 4.0, 'H': 4.0, 'O': 20.0}","['Ba', 'Fe', 'H', 'O', 'P']",5,0.3433812472335723,12.361724900408602,1.2943028039291786
mp-774638,Mn3V(PO4)6,2.9374401220202424,0.0406585750000063,-2.3077360453426534,FM,9.8837985,0.0222562137918042,9.8837985,444.091640764148,34,Trigonal,R3,False,13.061518846004352,"{'Mn': 3.0, 'V': 1.0, 'P': 6.0, 'O': 24.0}","['Mn', 'O', 'P', 'V']",4,0.2248926910149377,7.646351494507882,1.2926162898866473
mp-18840,BaMnO3,6.088581280011918,0.0,-2.4899448742528745,FM,8.9998148,0.0457817078274339,2.9999382666666663,196.58101951817105,15,Trigonal,R-3m,True,13.1054013012114,"{'Ba': 3.0, 'Mn': 3.0, 'O': 9.0}","['Ba', 'Mn', 'O']",3,0.4645856422152536,6.968784633228804,1.291446826622646
mp-752448,TiFe(PO4)2,3.2385104819142225,0.0222035063194301,-2.755456117440475,FM,11.9981742,0.0265615323232118,3.9993914,451.7124258495776,36,Trigonal,R3,False,12.54756738471049,"{'Ti': 3.0, 'Fe': 3.0, 'P': 6.0, 'O': 24.0}","['Fe', 'O', 'P', 'Ti']",4,0.25809867224625743,9.291552200865267,1.2912992297328623
mp-1207502,Zn2Cr5(PO4)6,3.799643781734992,0.0073604624155478,-2.5214814329150577,FM,15.9996502,0.03811093749836,15.9996502,419.8178069140516,37,Triclinic,P-1,False,11.346427213893287,"{'Zn': 2.0, 'Cr': 5.0, 'P': 6.0, 'O': 24.0}","['Cr', 'O', 'P', 'Zn']",4,0.3348757904234794,12.390404245668739,1.2912936400434982
mp-774450,Ti3CrFe2(PO4)6,3.2326098765473805,0.0119747709548594,-2.7857967674404764,FM,11.9981135,0.02662934538513,11.9981135,450.5598363938687,36,Trigonal,R3,False,12.5155510109408,"{'Ti': 3.0, 'Cr': 1.0, 'Fe': 2.0, 'P': 6.0, 'O': 24.0}","['Cr', 'Fe', 'O', 'P', 'Ti']",5,0.2582874596349381,9.298348546857772,1.2903488656654596
mp-19015,VCrMoO7,3.466547899694484,0.0122455394062566,-2.191792862,FM,6.0028706,0.0201554978725083,3.0014353,297.827949374933,20,Triclinic,P-1,False,14.89139746874665,"{'V': 2.0, 'Cr': 2.0, 'Mo': 2.0, 'O': 14.0}","['Cr', 'Mo', 'O', 'V']",4,0.23278862222097746,4.655772444419549,1.2893393462979692
mp-29360,Cr2P4O13,3.054646640764767,0.0107776438158051,-2.6014799337406016,FM,23.9991914,0.0253210730613892,5.99979785,947.7951957966212,76,Monoclinic,P2_1/c,False,12.470989418376597,"{'Cr': 8.0, 'P': 16.0, 'O': 52.0}","['Cr', 'O', 'P']",3,0.24494019987408536,18.615455190430488,1.2892078734844523
mp-19110,BaCrP2O7,3.933487014399504,0.0,-2.88997143538961,FM,7.999423,0.0260814679151722,3.9997115,306.7090788761364,22,Triclinic,P-1,True,13.94132176709711,"{'Ba': 2.0, 'Cr': 2.0, 'P': 4.0, 'O': 14.0}","['Ba', 'Cr', 'O', 'P']",4,0.2821459170164855,6.207210174362681,1.2887308106691158
mp-649039,Ga2Fe2Bi2O9,6.824060269898612,0.0295425943333347,-1.8498228340000007,FM,20.0006422,0.0505438515667304,10.0003211,395.7087079838816,30,Orthorhombic,Pbam,False,13.190290266129386,"{'Ga': 4.0, 'Fe': 4.0, 'Bi': 4.0, 'O': 18.0}","['Bi', 'Fe', 'Ga', 'O']",4,0.5173548217829397,15.52064465348819,1.2886476461855567
mp-1101188,V3FeNi2(PO4)6,3.386642715031258,0.0212900611805881,-2.4466918266071422,FM,12.8745426,0.029308938058194,12.8745426,439.2701835336753,36,Trigonal,R3,False,12.201949542602092,"{'V': 3.0, 'Fe': 1.0, 'Ni': 2.0, 'P': 6.0, 'O': 24.0}","['Fe', 'Ni', 'O', 'P', 'V']",5,0.2775493131820515,9.991775274553854,1.2885140274108962
mp-39933,TaFeO4,7.341953805547827,0.0420212720833319,-2.631961718305554,FM,19.9999999,0.0734968058212171,4.999999975,272.1206680552962,24,Orthorhombic,Pna2_1,False,11.338361168970676,"{'Ta': 4.0, 'Fe': 4.0, 'O': 16.0}","['Fe', 'O', 'Ta']",3,0.647532187071295,15.540772489711081,1.2869373072182346
mp-1218485,Sr3CoRuO7,5.503861220575914,0.0386792570833316,-2.2944821237499995,FM,6.3207058,0.0391691952643803,6.3207058,161.36930456030868,12,Tetragonal,I4mm,False,13.44744204669239,"{'Sr': 3.0, 'Co': 1.0, 'Ru': 1.0, 'O': 7.0}","['Co', 'O', 'Ru', 'Sr']",4,0.4092868518388354,4.911442222066025,1.2869347768365196
mp-557275,Ca3Mn2(Si2O7)2,3.325839404766248,0.0163673183091734,-3.1007794513418294,FM,16.0011439,0.028288926575614,8.00057195,565.6327700250565,46,Monoclinic,C2/c,False,12.2963645657621,"{'Ca': 6.0, 'Mn': 4.0, 'Si': 8.0, 'O': 28.0}","['Ca', 'Mn', 'O', 'Si']",4,0.2704733896737812,12.441775924993935,1.2860819867247206
mp-16803,CaCo3(P2O7)2,3.6840654266307458,0.0003903527597373,-2.493324412889611,FM,18.0000031,0.0353552274781269,9.00000155,509.1185769101896,44,Monoclinic,P2_1/c,False,11.570876747958854,"{'Ca': 2.0, 'Co': 6.0, 'P': 8.0, 'O': 28.0}","['Ca', 'Co', 'O', 'P']",4,0.3183912081062162,14.009213156673512,1.2848689572137326
mp-1218355,SrCaMnGaO5,4.606384846118288,0.0082927912222219,-2.697183738381227,FM,7.9984666,0.0333798421356025,3.9992333,239.61966529101488,18,Monoclinic,C2,False,13.312203627278604,"{'Sr': 2.0, 'Ca': 2.0, 'Mn': 2.0, 'Ga': 2.0, 'O': 10.0}","['Ca', 'Ga', 'Mn', 'O', 'Sr']",5,0.3460272224712029,6.228490004481651,1.2841742692441955
mp-1045779,CaMn(PO3)4,2.864284116394691,0.0,-2.790898375639011,FM,10.0000003,0.0209892421546079,5.00000015,476.4345575861867,36,Monoclinic,C2/c,True,13.234293266282965,"{'Ca': 2.0, 'Mn': 2.0, 'P': 8.0, 'O': 24.0}","['Ca', 'Mn', 'O', 'P']",4,0.21642894401411167,7.79144198450802,1.283459508507325
mp-550898,BaCo2(PO4)2,4.521899756372889,0.0262751253846147,-2.5376628953296714,FM,5.9994506,0.0367020636401962,5.9994506,163.4635768390247,13,Triclinic,P-1,False,12.574121295309594,"{'Ba': 1.0, 'Co': 2.0, 'P': 2.0, 'O': 8.0}","['Ba', 'Co', 'O', 'P']",4,0.35961954320097506,4.675054061612676,1.2832901012337103
mp-558339,MgFe(SiO3)2,3.4681912241191917,0.002546551541668,-2.9098826406250007,FM,31.9998337,0.0359608486849156,3.9999792125,889.8520160182661,80,Orthorhombic,Pbca,False,11.123150200228327,"{'Mg': 8.0, 'Fe': 8.0, 'Si': 16.0, 'O': 48.0}","['Fe', 'Mg', 'O', 'Si']",4,0.31179936993460716,24.943949594768572,1.2828695623531583
mp-19504,BaV2(CoO4)2,4.723048758091925,0.0,-2.286837832692308,FM,23.9999951,0.0351818484367373,5.999998775,682.1698167211397,52,Tetragonal,I4_1/acd,True,13.11865032156038,"{'Ba': 4.0, 'V': 8.0, 'Co': 8.0, 'O': 32.0}","['Ba', 'Co', 'O', 'V']",4,0.36002550889931395,18.721326462764324,1.2819601830957146
mp-656884,Ni9O10,6.286449994600997,0.0466523734210522,-1.1083094205263162,FM,16.0000992,0.0880121317406042,16.0000992,181.79424681084492,19,Triclinic,P-1,False,9.568118253202364,"{'Ni': 9.0, 'O': 10.0}","['Ni', 'O']",2,0.6570205162856321,12.48338980942701,1.2817110932414606
mp-734805,MnP2HO7,3.139948231630685,0.0,-2.3515955903152133,FM,15.9999999,0.0329014170762092,3.999999975,486.3012393338359,44,Monoclinic,P2_1/c,True,11.052300893950816,"{'Mn': 4.0, 'P': 8.0, 'H': 4.0, 'O': 28.0}","['H', 'Mn', 'O', 'P']",4,0.2840990542837331,12.500358388484257,1.2799632940716108
mp-1182381,MnP(HO)7,2.286370975995645,0.0127381253906246,-1.7148226964108684,FM,40.2585867,0.0338057264294029,5.0323233375,1190.8806865627532,128,Orthorhombic,Pbca,False,9.30375536377151,"{'Mn': 8.0, 'P': 8.0, 'H': 56.0, 'O': 56.0}","['H', 'Mn', 'O', 'P']",4,0.24574710819447076,31.455629848892258,1.2798531421368995
mp-1221970,Mn3Nb8FeO24,5.066335140103686,0.0006064984722176,-2.8383605642720307,FM,18.9999645,0.0430072124789208,18.9999645,441.7855379330263,36,Monoclinic,P2,False,12.27182049813962,"{'Mn': 3.0, 'Nb': 8.0, 'Fe': 1.0, 'O': 24.0}","['Fe', 'Mn', 'Nb', 'O']",4,0.4128429959411263,14.862347853880546,1.2783958959108286
mp-1218929,Sr10Fe5Mo4WO30,5.663633267667702,0.0040129474499988,-2.5558304058,FM,28.0001405,0.0433501255367087,28.0001405,645.9067915798665,50,Triclinic,P-1,False,12.918135831597333,"{'Sr': 10.0, 'Fe': 5.0, 'Mo': 4.0, 'W': 1.0, 'O': 30.0}","['Fe', 'Mo', 'O', 'Sr', 'W']",5,0.4384249663805704,21.921248319028518,1.277305931327586
mp-21241,Cr2ReO6,6.5878864666705805,0.0473051600000005,-2.216127602500001,FM,14.0020031,0.0719200300762862,7.00100155,194.68850451185764,18,Tetragonal,P4_2/mnm,False,10.816028028436536,"{'Cr': 4.0, 'Re': 2.0, 'O': 12.0}","['Cr', 'O', 'Re']",3,0.6090855579654839,10.96354004337871,1.2771425146074356
mp-705116,Sr2MnMoO6,5.24047148057272,0.0063398669999994,-2.6424696557931036,FM,19.9989049,0.0373798258270699,4.999726225,535.0186753817643,40,Tetragonal,P4_2/n,False,13.375466884544108,"{'Sr': 8.0, 'Mn': 4.0, 'Mo': 4.0, 'O': 24.0}","['Mn', 'Mo', 'O', 'Sr']",4,0.3917972752508771,15.671891010035084,1.276100305138303
mp-18998,Sr4Mn3O10,5.232192075563258,0.0033996247549037,-2.5845362531642992,FM,18.0000003,0.0419940710034442,9.00000015,428.6319442219285,34,Orthorhombic,Cmce,False,12.606821888880248,"{'Sr': 8.0, 'Mn': 6.0, 'O': 20.0}","['Mn', 'O', 'Sr']",3,0.4150286346298169,14.110973577413773,1.2756030050832963
mp-26568,Co3(P3O10)2,2.7199392047208018,0.0492273154310378,-2.1684912013054185,FM,14.0006465,0.016797425478291,7.00032325,833.4995453972649,58,Orthorhombic,C222_1,False,14.370681817194225,"{'Co': 6.0, 'P': 12.0, 'O': 40.0}","['Co', 'O', 'P']",3,0.1892700178961899,10.977661037979015,1.2753760980196485
mp-1047370,Ca3Co3(AsO4)4,3.849990222242667,0.0041156945604221,-2.129949244807693,FM,18.0000006,0.024470987781256,9.0000003,735.5649375865171,52,Monoclinic,P2_1/c,False,14.145479568971483,"{'Ca': 6.0, 'Co': 6.0, 'As': 8.0, 'O': 32.0}","['As', 'Ca', 'Co', 'O']",4,0.27217106379961353,14.152895317579905,1.271824612285618
mp-1218209,SrMnFeBiO6,7.258563880382157,0.0283798927499994,-2.058466937793105,FM,8.0,0.0694697553608208,8.0,115.15802752505157,10,Trigonal,R3,False,11.515802752505156,"{'Sr': 1.0, 'Mn': 1.0, 'Fe': 1.0, 'Bi': 1.0, 'O': 6.0}","['Bi', 'Fe', 'Mn', 'O', 'Sr']",5,0.6303133213012982,6.303133213012982,1.269210046756396
mp-559723,Cr2B(PO4)3,3.114343030979513,0.0051444508333489,-2.6470646515608447,FM,11.9993027,0.0281507799469062,5.99965135,426.2511632939226,36,Hexagonal,P6_3/m,False,11.84031009149785,"{'Cr': 4.0, 'B': 2.0, 'P': 6.0, 'O': 24.0}","['B', 'Cr', 'O', 'P']",4,0.2630288402003782,9.469038247213614,1.26721451394823
mp-1196626,SrCo3(P2O7)2,3.8626385200593414,0.0,-2.51015336538961,FM,17.9999997,0.0341907628671501,8.99999985,526.4579725798997,44,Monoclinic,P2_1/c,True,11.964953922270446,"{'Sr': 2.0, 'Co': 6.0, 'P': 8.0, 'O': 28.0}","['Co', 'O', 'P', 'Sr']",4,0.32282936860039113,14.20449221841721,1.2672047281395686
mp-1218641,Sr7Mn4O15,4.998216002081327,0.001471978461538,-2.6717057271816973,FM,23.9991735,0.0336588152069078,11.99958675,713.0130205853071,52,Monoclinic,Pc,False,13.711788857409752,"{'Sr': 14.0, 'Mn': 8.0, 'O': 30.0}","['Mn', 'O', 'Sr']",3,0.36451961549716594,18.955020005852628,1.266111747314955
mp-1279155,SrMn2BiO6,6.7925854540664234,0.0212508727999862,-2.145455817586207,FM,14.0016913,0.0569933100030638,7.00084565,245.6725412025953,20,Triclinic,P1,False,12.283627060129763,"{'Sr': 2.0, 'Mn': 4.0, 'Bi': 2.0, 'O': 12.0}","['Bi', 'Mn', 'O', 'Sr']",4,0.5529788083614016,11.05957616722803,1.2660242208458319
mp-772209,CrP4O11,2.6860355928519266,0.0385205600044713,-2.518553669285714,FM,16.0057028,0.0183940442054651,4.0014257,870.1568084328309,64,Triclinic,P-1,False,13.596200131762982,"{'Cr': 4.0, 'P': 16.0, 'O': 44.0}","['Cr', 'O', 'P']",3,0.1975578151852076,12.643700171853286,1.2659033813243232
mp-541929,FeSiP3O11,3.007639347996297,0.0,-2.635087714933036,FM,20.0000001,0.0256662529334666,5.000000025,779.2333439495426,64,Trigonal,R-3c,True,12.175520999211605,"{'Fe': 4.0, 'Si': 4.0, 'P': 12.0, 'O': 44.0}","['Fe', 'O', 'P', 'Si']",4,0.24702346192750593,15.80950156336038,1.2650620274045448
mp-1222170,Mg3MnNi3O8,4.763910562056849,0.0,-2.10067433486207,FM,8.9995453,0.0597755062467138,8.9995453,150.55573536852734,15,Trigonal,R-3m,True,10.03704902456849,"{'Mg': 3.0, 'Mn': 1.0, 'Ni': 3.0, 'O': 8.0}","['Mg', 'Mn', 'Ni', 'O']",4,0.47463258876148195,7.119488831422229,1.264071833399056
mp-2219669,MgV2(CoO4)2,4.167182840168052,0.0371085851923016,-2.139910131923077,FM,5.9996613,0.0404687100608225,5.9996613,148.2543251559735,13,Monoclinic,C2/m,False,11.404178858151807,"{'Mg': 1.0, 'V': 2.0, 'Co': 2.0, 'O': 8.0}","['Co', 'Mg', 'O', 'V']",4,0.3654084079178847,4.750309302932501,1.2630043471687702
mp-1042039,MgCrP2O7,3.299574548169512,0.0,-2.758850699025973,FM,8.0004628,0.0317635878509829,4.0002314,251.87528680745152,22,Triclinic,P-1,True,11.448876673065978,"{'Mg': 2.0, 'Cr': 2.0, 'P': 4.0, 'O': 14.0}","['Cr', 'Mg', 'O', 'P']",4,0.28820072417514253,6.340415931853135,1.261819868915394
mp-1641174,Mn3In2Sb3O14,6.11905490381937,0.0410048544318204,-1.9528364864602912,FM,27.9945586,0.0524332301619055,13.9972793,533.9087161625791,44,Monoclinic,C2/m,False,12.13428900369498,"{'Mn': 6.0, 'In': 4.0, 'Sb': 6.0, 'O': 28.0}","['In', 'Mn', 'O', 'Sb']",4,0.5042779928808415,22.188231686757028,1.2616849776590562
mp-1204587,Co3P2(H2O3)4,2.884849425288256,0.0291380108999996,-1.7063856888714282,FM,36.0000969,0.0356326168294782,9.000024225,1010.313025065779,100,Orthorhombic,Pnma,False,10.10313025065779,"{'Co': 12.0, 'P': 8.0, 'H': 32.0, 'O': 48.0}","['Co', 'H', 'O', 'P']",4,0.2855401597045065,28.554015970450653,1.260771757543842
mp-1101287,Ti3VCr2(PO4)6,3.115568160721926,0.0433284134548621,-2.8017684566071415,FM,10.9988859,0.0237648791055109,10.9988859,462.8210331374853,36,Trigonal,R3,False,12.856139809374593,"{'Ti': 3.0, 'V': 1.0, 'Cr': 2.0, 'P': 6.0, 'O': 24.0}","['Cr', 'O', 'P', 'Ti', 'V']",5,0.24234087423738804,8.724271472545968,1.2607225640114383
mp-17289,CoMoO4,4.904389058348303,0.0085114772916723,-1.6985268195833332,FM,11.9999957,0.0404826655426178,2.999998925,296.42306254184524,24,Monoclinic,C2/m,False,12.350960939243553,"{'Co': 4.0, 'Mo': 4.0, 'O': 16.0}","['Co', 'Mo', 'O']",3,0.39708562616899323,9.530055028055838,1.2591738100853378
mp-705895,BaNb2Fe2(PO4)6,3.288776479275553,0.0,-2.7592274335102047,FM,19.9983439,0.0197120176354729,9.99917195,1014.5254671450688,70,Monoclinic,P2_1/c,True,14.493220959215266,"{'Ba': 2.0, 'Nb': 4.0, 'Fe': 4.0, 'P': 12.0, 'O': 48.0}","['Ba', 'Fe', 'Nb', 'O', 'P']",5,0.2269182598216334,15.884278187514338,1.2590023710186262
mp-975423,MnNiP,7.007107747805108,0.0073950483333353,-0.5472865808579633,FM,6.9493896,0.0675975835703278,2.3164632,102.80529618000207,9,Hexagonal,P-62m,False,11.422810686666898,"{'Mn': 3.0, 'Ni': 3.0, 'P': 3.0}","['Mn', 'Ni', 'P']",3,0.6134311370479113,5.5208802334312015,1.2587466683154231
mp-1218247,SrMn2BiO6,6.81234719939859,0.0268327477999861,-2.139873942586207,FM,7.000324,0.0571548622166358,7.000324,122.47993833781726,10,Tetragonal,I4mm,False,12.247993833781726,"{'Sr': 1.0, 'Mn': 2.0, 'Bi': 1.0, 'O': 6.0}","['Bi', 'Mn', 'O', 'Sr']",4,0.5562010637700648,5.562010637700649,1.2585959387689978
mp-1228111,BaNb2Fe2(PO4)6,3.28960028067196,0.0181435558572022,-2.7410838776530615,FM,10.0008261,0.0197202170236994,10.0008261,507.1357018019214,35,Trigonal,R3,False,14.489591480054898,"{'Ba': 1.0, 'Nb': 2.0, 'Fe': 2.0, 'P': 6.0, 'O': 24.0}","['Ba', 'Fe', 'Nb', 'O', 'P']",5,0.227031954986456,7.94611842452596,1.258580046973893
mp-22100,MnNb2O6,5.237983917942158,0.0,-2.8716737219923467,FM,19.9999993,0.046836135306985,4.999999825,427.02070033983415,36,Orthorhombic,Pbcn,True,11.86168612055095,"{'Mn': 4.0, 'Nb': 8.0, 'O': 24.0}","['Mn', 'Nb', 'O']",3,0.44158847778538796,15.897185200273967,1.2580843116588543
mp-22372,Mn6Ni16P7,7.471747754814157,0.0061371609310372,-0.4258325603477999,FM,23.9357068,0.0724995483363712,23.9357068,330.14973678107793,29,Cubic,Fm-3m,False,11.384473682106137,"{'Mn': 6.0, 'Ni': 16.0, 'P': 7.0}","['Mn', 'Ni', 'P']",3,0.6563103366436768,19.032999762666627,1.2575898228586158
mp-1272521,SrMn2BiO6,6.818658759190092,0.0489537817999856,-2.117752908586207,FM,7.0000072,0.0572052265837728,7.0000072,122.36656714835324,10,Monoclinic,C2,False,12.236656714835323,"{'Sr': 1.0, 'Mn': 2.0, 'Bi': 1.0, 'O': 6.0}","['Bi', 'Mn', 'O', 'Sr']",4,0.5572321687281929,5.57232168728193,1.256210174652438
mp-1213888,Cr5Cu2(PO4)6,3.8466765386499535,0.0132585970270184,-2.421239869942085,FM,16.0001601,0.0387341508258666,16.0001601,413.07631015148314,37,Triclinic,P-1,False,11.164224598688731,"{'Cr': 5.0, 'Cu': 2.0, 'P': 6.0, 'O': 24.0}","['Cr', 'Cu', 'O', 'P']",4,0.34455384739409095,12.748492353581366,1.2550629247940177
mp-1120751,Ba6ZnCo5(SiO4)6,4.420913543212967,0.0157048789881004,-2.813128769047619,FM,14.9996394,0.0229964107628732,14.9996394,652.2600224299492,42,Triclinic,P1,False,15.53000053404641,"{'Ba': 6.0, 'Zn': 1.0, 'Co': 5.0, 'Si': 6.0, 'O': 24.0}","['Ba', 'Co', 'O', 'Si', 'Zn']",5,0.2846692460519239,11.956108334180804,1.2545586725003297
mp-1247666,Ca8Ti3Mn5O23,4.0474916442420374,0.0442080380769223,-2.907621482427057,FM,68.0000029,0.0374349154123789,17.000000725,1816.4860839384664,156,Triclinic,P1,False,11.644141563708118,"{'Ca': 32.0, 'Ti': 12.0, 'Mn': 20.0, 'O': 92.0}","['Ca', 'Mn', 'O', 'Ti']",4,0.3475989725903933,54.225439724101356,1.254024001390925
mp-1372141,Ca2FeSbO6,4.840158533521322,0.0268755867500001,-2.518763574,FM,9.9991912,0.0411945565793265,4.9995956,242.73088559030856,20,Monoclinic,P2_1/m,False,12.136544279515428,"{'Ca': 4.0, 'Fe': 2.0, 'Sb': 2.0, 'O': 12.0}","['Ca', 'Fe', 'O', 'Sb']",4,0.39880862476567946,7.976172495313589,1.2536327675805705
mp-553000,BaCo2(AsO4)2,5.006853387756169,0.0138015388461534,-1.953074013461539,FM,6.0000411,0.033940394859089,6.0000411,176.78171173053445,13,Triclinic,P-1,False,13.598593210041107,"{'Ba': 1.0, 'Co': 2.0, 'As': 2.0, 'O': 8.0}","['As', 'Ba', 'Co', 'O']",4,0.36818907003256357,4.7864579104233265,1.2535451501482735
mp-2217668,MgCrP2O7,3.3128107230531296,0.0163843609090914,-2.7424663381168815,FM,4.0000002,0.0318891636314664,4.0000002,125.43446564565993,11,Monoclinic,C2,False,11.403133240514538,"{'Mg': 1.0, 'Cr': 1.0, 'P': 2.0, 'O': 7.0}","['Cr', 'Mg', 'O', 'P']",4,0.29051758434979463,3.195693427847741,1.2516845843670146
mp-18791,Ba4Mn3O10,6.013518185261593,0.0,-2.546114705811359,FM,18.0000009,0.0372866121186365,9.00000045,482.74702037097336,34,Orthorhombic,Cmce,True,14.198441775616864,"{'Ba': 8.0, 'Mn': 6.0, 'O': 20.0}","['Ba', 'Mn', 'O']",3,0.42353367223639093,14.400144856037292,1.2499874883170679
mp-1101261,VCr2O6,4.538374051266221,0.0444575102083284,-2.213218027777777,FM,10.0035297,0.0544780683073539,5.00176485,183.62489733597323,18,Tetragonal,P4_2/mnm,False,10.201383185331846,"{'V': 2.0, 'Cr': 4.0, 'O': 12.0}","['Cr', 'O', 'V']",3,0.4448783041295581,8.007809474332046,1.24922174185899
mp-14051,Ca3Mn2(SiO4)3,3.669535000796734,0.0476068123472224,-3.0461872711681046,FM,32.0000849,0.0349135658849318,8.000021225,916.5516064863118,80,Cubic,Ia-3d,False,11.456895081078898,"{'Ca': 12.0, 'Mn': 8.0, 'Si': 12.0, 'O': 48.0}","['Ca', 'Mn', 'O', 'Si']",4,0.32029053027263765,25.623242421811014,1.248869458955003
mp-25237,Mn(PO3)3,3.03159320586802,0.0107158200641022,-2.502922483796893,FM,16.0013752,0.0250238194055098,4.0003438,639.4457592863207,52,Orthorhombic,P2_12_12_1,False,12.297033832429245,"{'Mn': 4.0, 'P': 12.0, 'O': 36.0}","['Mn', 'O', 'P']",3,0.24653044361585993,12.819583068024716,1.2481977857697633
mp-2761326,CoPO4,4.130649650467845,0.0,-2.1206921457738113,FM,12.0000004,0.0484885338938652,3.0000001,247.48119681791871,24,Monoclinic,P2/m,True,10.311716534079949,"{'Co': 4.0, 'P': 4.0, 'O': 16.0}","['Co', 'O', 'P']",3,0.4005782778081765,9.613878667396236,1.2481955322252893
mp-1218689,Sr2V11NiO22,4.7282226617427945,0.0400479619791642,-2.537432278333335,FM,18.9991554,0.0471947459222452,18.9991554,402.5692908973737,36,Orthorhombic,Amm2,False,11.182480302704825,"{'Sr': 2.0, 'V': 11.0, 'Ni': 1.0, 'O': 22.0}","['Ni', 'O', 'Sr', 'V']",4,0.4228241439959549,15.221669183854377,1.2481650448790729
mp-1228512,Ba3Fe4P8PbO28,4.115119834732669,0.0,-2.7134836599350645,FM,15.9999994,0.025775234938817,15.9999994,620.7508656266117,44,Triclinic,P1,True,14.10797421878663,"{'Ba': 3.0, 'Fe': 4.0, 'P': 8.0, 'Pb': 1.0, 'O': 28.0}","['Ba', 'Fe', 'O', 'P', 'Pb']",5,0.2916875074277385,12.834250326820495,1.2466641208145872
mp-771899,Ni4P2O9,4.570463072598016,0.0367832190000001,-1.955419238285716,FM,32.0000768,0.0499624342700455,8.0000192,640.4827400330508,60,Monoclinic,P2_1/c,False,10.67471233388418,"{'Ni': 16.0, 'P': 8.0, 'O': 36.0}","['Ni', 'O', 'P']",3,0.4281579615115467,25.689477690692804,1.2456491792199225
mp-1228238,Ba3TiFe2O9,5.833947923034714,0.0051363303333324,-2.606868855222223,FM,16.0550532,0.0394153854622428,8.0275266,407.3296001476277,30,Trigonal,P-3m1,False,13.577653338254256,"{'Ba': 6.0, 'Ti': 2.0, 'Fe': 4.0, 'O': 18.0}","['Ba', 'Fe', 'O', 'Ti']",4,0.42967277022737804,12.890183106821341,1.2455256117738036
mp-1343817,CaFeReO6,5.578547102307923,0.0433917513009305,-2.2566024847222224,FM,10.0002146,0.0444236593839791,5.0001073,225.11010436043568,18,Monoclinic,Pc,False,12.506116908913093,"{'Ca': 2.0, 'Fe': 2.0, 'Re': 2.0, 'O': 12.0}","['Ca', 'Fe', 'O', 'Re']",4,0.44606548482943575,8.029178726929844,1.245484119871352
mp-1218288,SrMn2Si2(H2O5)2,3.5136545424939625,0.0199877238706225,-2.3379732542558975,FM,16.0046487,0.0405386303159416,8.00232435,394.7999371282715,38,Monoclinic,P2_1/m,False,10.389472029691357,"{'Sr': 2.0, 'Mn': 4.0, 'Si': 4.0, 'H': 8.0, 'O': 20.0}","['H', 'Mn', 'O', 'Si', 'Sr']",5,0.3381937534893526,12.851362632595398,1.2453658929059246
mp-1216956,TiFe2Bi2PbO9,7.420047683036686,0.0292779802708311,-2.000631977222222,FM,10.0009799,0.0481192564967757,10.0009799,207.8373738104229,15,Orthorhombic,Cmm2,False,13.85582492069486,"{'Ti': 1.0, 'Fe': 2.0, 'Bi': 2.0, 'Pb': 1.0, 'O': 9.0}","['Bi', 'Fe', 'O', 'Pb', 'Ti']",5,0.5355182910801803,8.032774366202705,1.245021887092755
mp-1228231,Ba3TiFe2O9,5.828464061965719,0.0,-2.6120051855555553,FM,16.0062676,0.0392586785732829,8.0031338,407.7128467307327,30,Hexagonal,P6_3mc,True,13.590428224357757,"{'Ba': 6.0, 'Ti': 2.0, 'Fe': 4.0, 'O': 18.0}","['Ba', 'Fe', 'O', 'Ti']",4,0.42886537243318945,12.865961172995684,1.2440786494518181
mp-35078,BaMnO3,6.203842350194257,0.013227351166666,-2.476717523086208,FM,11.9999985,0.0466493414459389,2.999999625,257.2383259452137,20,Hexagonal,P6_3/mmc,False,12.861916297260686,"{'Ba': 4.0, 'Mn': 4.0, 'O': 12.0}","['Ba', 'Mn', 'O']",3,0.48234199374439585,9.646839874887917,1.2439305156539073
mp-1210629,Mg2Ta2Mn2O9,6.279007325406714,0.0016964831666665,-2.958687998701917,FM,20.003175,0.0569241560731426,10.0015875,351.4004665136825,30,Trigonal,P-3c1,False,11.713348883789417,"{'Mg': 4.0, 'Ta': 4.0, 'Mn': 4.0, 'O': 18.0}","['Mg', 'Mn', 'O', 'Ta']",4,0.5360556906229003,16.081670718687008,1.2438493083157198
mp-510305,MnVSbO6,5.165469567495826,0.0084006327777794,-2.1479394747701144,FM,20.0000444,0.0480590217693455,5.0000111,416.1558779949416,36,Orthorhombic,Pbcn,False,11.559885499859488,"{'Mn': 4.0, 'V': 4.0, 'Sb': 4.0, 'O': 24.0}","['Mn', 'O', 'Sb', 'V']",4,0.44684435391324706,16.086396740876893,1.2432892662144903
mp-1227588,Ca4Mn3SbO12,4.619078233694789,0.0283955707291676,-2.546517845189655,FM,10.0002925,0.0435411959781317,10.0002925,229.6742722690157,20,Triclinic,P-1,False,11.483713613450783,"{'Ca': 4.0, 'Mn': 3.0, 'Sb': 1.0, 'O': 12.0}","['Ca', 'Mn', 'O', 'Sb']",4,0.4022286160362358,8.044572320724715,1.2431105223874848
mp-697742,MnP2O7,3.031391083948827,0.02624432125,-2.3572896772216745,FM,6.0036999,0.0239426054184816,3.00184995,250.75382545316663,20,Triclinic,P-1,False,12.537691272658332,"{'Mn': 2.0, 'P': 4.0, 'O': 14.0}","['Mn', 'O', 'P']",3,0.24178224028849368,4.835644805769873,1.2415510528888325
mp-1639712,Ca4Mn3SbO12,4.623226401458193,0.0296261344791668,-2.5452872814396557,FM,20.0021817,0.0435837773234646,10.00109085,458.9363962547419,40,Triclinic,P-1,False,11.473409906368548,"{'Ca': 8.0, 'Mn': 6.0, 'Sb': 2.0, 'O': 24.0}","['Ca', 'Mn', 'O', 'Sb']",4,0.40295138404250486,16.118055361700193,1.2409798360371245
mp-773173,Ta2Co4O9,7.276017210397255,0.0230687680000141,-2.231011664477778,FM,47.9933392,0.0708895670116724,11.9983348,677.015550004665,60,Orthorhombic,Pnc2,False,11.28359250007775,"{'Ta': 8.0, 'Co': 16.0, 'O': 36.0}","['Co', 'O', 'Ta']",3,0.6448316181523853,38.689897089143116,1.2404617952180481
mp-1265277,Ca3Mn2(SiO4)3,3.682434597173996,0.0255162190972217,-3.068277864418105,FM,32.005086,0.0350417739155925,8.0012715,913.34091924378,80,Tetragonal,I4_1/acd,False,11.41676149054725,"{'Ca': 12.0, 'Mn': 8.0, 'Si': 12.0, 'O': 48.0}","['Ca', 'Mn', 'O', 'Si']",4,0.3225463368244091,25.803706945952726,1.24032899873791
mp-504699,Ba2UFeO6,7.310790047903382,0.0,-3.1097674889999993,FM,6.0022379,0.0397665161831352,6.0022379,150.93698106110466,10,Cubic,Fm-3m,True,15.093698106110466,"{'Ba': 2.0, 'U': 1.0, 'Fe': 1.0, 'O': 6.0}","['Ba', 'Fe', 'O', 'U']",4,0.48436042621945075,4.843604262194507,1.2392089805620385
mp-1217230,V5FePbO11,5.618181918818566,0.0223650985243146,-2.2847234802777794,FM,21.9995643,0.0536451364424727,10.99978215,410.0942929577891,36,Orthorhombic,Cmc2_1,False,11.391508137716365,"{'V': 10.0, 'Fe': 2.0, 'Pb': 2.0, 'O': 22.0}","['Fe', 'O', 'Pb', 'V']",4,0.49319035292765306,17.75485270539551,1.2390733206879585
mp-1045783,MgMn(PO3)4,2.8612359295714067,0.0040694826388882,-2.7171145036945816,FM,10.0016743,0.0218075209376207,5.00083715,458.63417160571703,36,Monoclinic,C2/c,False,12.739838100158806,"{'Mg': 2.0, 'Mn': 2.0, 'P': 8.0, 'O': 24.0}","['Mg', 'Mn', 'O', 'P']",4,0.22458966174269832,8.085227822737139,1.2370306093136254
mp-1218744,Sr2NbFeO6,5.310921835292194,0.0286898009999987,-2.895267624000001,FM,4.9999212,0.0380756492128203,4.9999212,131.3154549789393,10,Tetragonal,P4/mmm,False,13.13154549789393,"{'Sr': 2.0, 'Nb': 1.0, 'Fe': 1.0, 'O': 6.0}","['Fe', 'Nb', 'O', 'Sr']",4,0.40443996756847644,4.044399675684764,1.2362579371321543
mp-885579,Ta2Co4O9,7.290338278142637,0.0191219548333485,-2.234958477644444,FM,47.9993808,0.0710380372949086,11.9998452,675.6856274158376,60,Orthorhombic,Pbcn,False,11.261427123597294,"{'Ta': 8.0, 'Co': 16.0, 'O': 36.0}","['Co', 'O', 'Ta']",3,0.6473725042243001,38.84235025345801,1.2357486219754885
mp-771911,Ni3(PO4)2,4.1797084302521785,0.0381733032692324,-2.073124101291209,FM,23.9998497,0.041260751489184,5.999962425,581.6629322975671,52,Monoclinic,P2_1/c,False,11.18582562110706,"{'Ni': 12.0, 'P': 8.0, 'O': 32.0}","['Ni', 'O', 'P']",3,0.37366114686834473,19.430379637153926,1.2351714247573697
mp-1228190,Ca3Mn2WO9,5.165726245745127,0.0293904167916565,-2.695963664057473,FM,32.0006434,0.0446056486734617,8.00016085,717.412353629527,60,Monoclinic,P2_1/c,False,11.956872560492116,"{'Ca': 12.0, 'Mn': 8.0, 'W': 4.0, 'O': 36.0}","['Ca', 'Mn', 'O', 'W']",4,0.43202988236352985,25.92179294181179,1.234507330254268
mp-1205149,Fe3P4H12(NO8)2,2.634402875894444,0.0,-1.745097161447876,FM,24.0024455,0.0324062805721661,12.00122275,740.6726435805717,74,Monoclinic,P2_1/c,True,10.009089778115834,"{'Fe': 6.0, 'P': 8.0, 'H': 24.0, 'N': 4.0, 'O': 32.0}","['Fe', 'H', 'N', 'O', 'P']",5,0.26320104368075303,19.476877232375724,1.2323559477030324
mp-19070,Sr3Mn2O7,5.2731386822112105,0.0280495223611119,-2.5968244809051715,FM,6.1250504,0.0401262125643189,6.1250504,152.64461828242725,12,Tetragonal,I4/mmm,False,12.720384856868938,"{'Sr': 3.0, 'Mn': 2.0, 'O': 7.0}","['Mn', 'O', 'Sr']",3,0.4145423854344898,4.974508625213877,1.2312875223402906
mp-1227139,Ca5Co3(SiO4)4,3.402089739683171,0.0,-2.98973606357143,FM,9.0050598,0.0247470145245126,9.0050598,363.8846936902314,28,Triclinic,P-1,True,12.995881917508266,"{'Ca': 5.0, 'Co': 3.0, 'Si': 4.0, 'O': 16.0}","['Ca', 'Co', 'O', 'Si']",4,0.2617821369321477,7.329899834100136,1.2285379069038147
mp-774314,Ti3MnV2(PO4)6,3.159830618068806,0.0162156634722254,-2.8621009004385596,FM,10.998986,0.0240504503990687,10.998986,457.3297305245431,36,Trigonal,R3,False,12.703603625681756,"{'Ti': 3.0, 'Mn': 1.0, 'V': 2.0, 'P': 6.0, 'O': 24.0}","['Mn', 'O', 'P', 'Ti', 'V']",5,0.2487349819133883,8.95445934888198,1.2283249687624405
mp-978261,MnBe2Co,5.8611895208958495,0.004891544008621,-0.2356347119827591,FM,3.0818405,0.0824738946252162,3.0818405,37.367466566296144,4,Cubic,Fm-3m,False,9.341866641574036,"{'Mn': 1.0, 'Be': 2.0, 'Co': 1.0}","['Be', 'Co', 'Mn']",3,0.6274109603333282,2.509643841333313,1.2279991484220698
mp-1043125,CaMnNiP2O9,3.5233428440947963,0.0258620911309863,-2.507063476765482,FM,19.9994283,0.0294972437783717,4.999857075,678.010069356519,56,Orthorhombic,Pnma,False,12.107322667080696,"{'Ca': 4.0, 'Mn': 4.0, 'Ni': 4.0, 'P': 8.0, 'O': 36.0}","['Ca', 'Mn', 'Ni', 'O', 'P']",5,0.29100924630303426,16.29651779296992,1.2272209654891713
mp-39160,CaTiFe(PO4)3,2.9947141905679313,0.0,-2.896108553736772,FM,9.9989555,0.0210316477595232,4.99947775,475.4242565455872,36,Trigonal,R3c,True,13.206229348488534,"{'Ca': 2.0, 'Ti': 2.0, 'Fe': 2.0, 'P': 6.0, 'O': 24.0}","['Ca', 'Fe', 'O', 'P', 'Ti']",5,0.2267652720199562,8.163549792718422,1.224829363926792
mp-863438,Ta2Co4O9,7.325176341387684,0.0177344391666807,-2.236345993311112,FM,24.0004937,0.0713798931669362,12.00024685,336.2360552133361,30,Trigonal,P-3c1,False,11.207868507111204,"{'Ta': 4.0, 'Co': 8.0, 'O': 18.0}","['Co', 'O', 'Ta']",3,0.6535744362757274,19.607233088271823,1.22406326236597
mp-693284,Ca3Hf2Fe2SiO12,5.246841276392088,0.0,-3.2076076467499997,FM,40.0020298,0.0390599646980475,10.00050745,1024.1184319861811,80,Tetragonal,I4_1/acd,True,12.801480399827266,"{'Ca': 12.0, 'Hf': 8.0, 'Fe': 8.0, 'Si': 4.0, 'O': 48.0}","['Ca', 'Fe', 'Hf', 'O', 'Si']",5,0.40986207161344285,32.78896572907543,1.2199844951049623
mp-1032864,Mg6MnCoO8,4.050890309681292,0.0471926067187489,-2.64458938487069,FM,7.9534869,0.0500457431167487,7.9534869,158.92434410346917,16,Tetragonal,P4/mmm,False,9.932771506466825,"{'Mg': 6.0, 'Mn': 1.0, 'Co': 1.0, 'O': 8.0}","['Co', 'Mg', 'Mn', 'O']",4,0.40783081610645344,6.525293057703255,1.218870452203021
mp-26910,Cr(PO3)3,2.6468628477453566,0.0253228665384632,-2.5943586479945058,FM,5.9998151,0.0165510157275397,2.99990755,362.5043440697556,26,Hexagonal,P-6c2,False,13.94247477191368,"{'Cr': 2.0, 'P': 6.0, 'O': 18.0}","['Cr', 'O', 'P']",3,0.1898416809817229,4.9358837055247955,1.2155503366670355
mp-1208946,Sr2FeIrO6,7.054063269853188,0.0,-2.221845612999995,FM,6.997214,0.0572398417612828,6.997214,122.24376910721874,10,Triclinic,P-1,True,12.224376910721874,"{'Sr': 2.0, 'Fe': 1.0, 'Ir': 1.0, 'O': 6.0}","['Fe', 'Ir', 'O', 'Sr']",4,0.5770489016635394,5.770489016635394,1.2125859662548797
mp-22136,CoGeO3,5.432943133621689,0.0201147590000019,-1.785913831000001,FM,11.9999995,0.0546600646958709,2.999999875,219.5386991722037,20,Monoclinic,C2/c,False,10.976934958610183,"{'Co': 4.0, 'Ge': 4.0, 'O': 12.0}","['Co', 'Ge', 'O']",3,0.4949417259104874,9.898834518209748,1.2122638759062978
mp-1255447,ZnFe(SiO3)2,3.873031678664706,0.0287623434166732,-2.6150553155000003,FM,8.003109,0.0341348646144846,4.0015545,234.45556589681,20,Monoclinic,C2/c,False,11.7227782948405,"{'Zn': 2.0, 'Fe': 2.0, 'Si': 4.0, 'O': 12.0}","['Fe', 'O', 'Si', 'Zn']",4,0.3303851340743455,6.60770268148691,1.2111787387805237
mp-705778,Mn3(AgO2)4,6.303014156858708,0.0414758696111121,-1.2044889073639835,FM,36.002535,0.0471698506657219,9.00063375,763.2531053604295,60,Triclinic,P1,False,12.720885089340491,"{'Mn': 12.0, 'Ag': 16.0, 'O': 32.0}","['Ag', 'Mn', 'O']",3,0.4954855037673707,29.729130226042244,1.2110187794348035
mp-1030752,Sr8Co3N8,4.58332983943381,0.0,-0.6690220615789481,FM,5.58719,0.015580171004333,5.58719,358.6090292876849,19,Monoclinic,C2/m,True,18.874159436193946,"{'Sr': 8.0, 'Co': 3.0, 'N': 8.0}","['Co', 'N', 'Sr']",3,0.24283623622700823,4.613888488313156,1.210950376055292
mp-1391233,Ca2MnWO6,5.337649045023014,0.0221852065000298,-2.755359075793102,FM,5.0002154,0.0387359604445366,5.0002154,129.08458555350566,10,Triclinic,P1,False,12.908458555350569,"{'Ca': 2.0, 'Mn': 1.0, 'W': 1.0, 'O': 6.0}","['Ca', 'Mn', 'O', 'W']",4,0.41350011096487993,4.135001109648799,1.2092416101974606
mp-851092,Ti3VFe2(PO4)6,3.1967099043551204,0.0193644542155428,-2.795714644107142,FM,10.9990723,0.0241699638506706,10.9990723,455.0719383758958,36,Trigonal,R3,False,12.640887177108215,"{'Ti': 3.0, 'V': 1.0, 'Fe': 2.0, 'P': 6.0, 'O': 24.0}","['Fe', 'O', 'P', 'Ti', 'V']",5,0.2528865149705745,9.103914538940682,1.208169546512443
mp-777902,Ti3Mn2Cu(PO4)6,3.22080949004319,0.0287900544213464,-2.7628454728810903,FM,11.0217674,0.0241055137763273,11.0217674,457.230138393643,36,Trigonal,R3,False,12.700837177601194,"{'Ti': 3.0, 'Mn': 2.0, 'Cu': 1.0, 'P': 6.0, 'O': 24.0}","['Cu', 'Mn', 'O', 'P', 'Ti']",5,0.25359032991331554,9.129251876879358,1.2073023670114311
mp-19441,CaCr(Si2O5)2,2.810083827786854,0.0079456341145789,-3.16275681640625,FM,16.1216149,0.0187166588131428,4.030403725,861.3511129817333,64,Tetragonal,P4/ncc,False,13.458611140339585,"{'Ca': 4.0, 'Cr': 4.0, 'Si': 16.0, 'O': 40.0}","['Ca', 'Cr', 'O', 'Si']",4,0.20879448841226794,13.362847258385148,1.2064505855878682
mp-26062,Mn2(PO4)3,3.066678761224377,0.0470183163235313,-2.217549284105332,FM,9.9993129,0.0233879961238929,4.99965645,427.540386402955,34,Trigonal,R-3,False,12.574717247145736,"{'Mn': 4.0, 'P': 6.0, 'O': 24.0}","['Mn', 'O', 'P']",3,0.2438765580928243,8.291802975156026,1.2059274599215672
mp-1218333,Sr4FeMoO8,5.158632166076083,0.0,-2.705672723571429,FM,5.9999897,0.0295744097474573,5.9999897,202.87774975850004,14,Orthorhombic,Cmmm,True,14.49126783989286,"{'Sr': 4.0, 'Fe': 1.0, 'Mo': 1.0, 'O': 8.0}","['Fe', 'Mo', 'O', 'Sr']",4,0.35598211440650757,4.983749601691106,1.2039107458296179
mp-1227280,CaZrNbFeO7,4.729919149015009,0.0229517773863658,-3.0538634381818173,FM,19.9995088,0.0363264875288456,4.9998772,550.5489289081154,44,Monoclinic,Cc,False,12.512475657002623,"{'Ca': 4.0, 'Zr': 4.0, 'Nb': 4.0, 'Fe': 4.0, 'O': 28.0}","['Ca', 'Fe', 'Nb', 'O', 'Zr']",5,0.3780162518332576,16.632715080663335,1.2024199719052961
mp-19882,MnBPbO4,6.167204376101878,0.0,-2.2167317431568145,FM,16.0011856,0.0440930638934648,4.0002964,362.89575246259017,28,Orthorhombic,Pnma,True,12.96056258794965,"{'Mn': 4.0, 'B': 4.0, 'Pb': 4.0, 'O': 16.0}","['B', 'Mn', 'O', 'Pb']",4,0.47584387901771824,13.32362861249611,1.2009630458321716
mp-696483,FeP3H5NO10,2.3806198844082993,0.0042231249583792,-1.9356016210089293,FM,10.0018186,0.0218711756960422,5.0009093,457.3059418021998,40,Monoclinic,C2/c,False,11.432648545054995,"{'Fe': 2.0, 'P': 6.0, 'H': 10.0, 'N': 2.0, 'O': 20.0}","['Fe', 'H', 'N', 'O', 'P']",5,0.2082299543300487,8.329198173201949,1.2008140990305018
mp-1222111,MgCoSiO4,3.854953385356703,0.0378828779761866,-2.6333813032142865,FM,12.0000163,0.0397243873071732,3.000004075,302.08184728460486,28,Orthorhombic,Pnma,False,10.7886374030216,"{'Mg': 4.0, 'Co': 4.0, 'Si': 4.0, 'O': 16.0}","['Co', 'Mg', 'O', 'Si']",4,0.3573160577513743,10.00484961703848,1.1994199572539008
mp-1221858,MnNb4FeO12,5.09626608584401,0.0011653149999961,-2.8050950884961687,FM,18.0000265,0.0409569591888454,9.00001325,439.4863988072205,36,Orthorhombic,P2_12_12,False,12.207955522422791,"{'Mn': 2.0, 'Nb': 8.0, 'Fe': 2.0, 'O': 24.0}","['Fe', 'Mn', 'Nb', 'O']",4,0.41745450960101504,15.028362345636541,1.1977370578389253
mp-1022733,Ba2NbFeO6,6.00996530313164,0.0181420358333319,-2.877411684666667,FM,15.0030445,0.0348479773439112,5.0010148333333335,430.5284163822895,30,Trigonal,P-3m1,False,14.350947212742986,"{'Ba': 6.0, 'Nb': 3.0, 'Fe': 3.0, 'O': 18.0}","['Ba', 'Fe', 'Nb', 'O']",4,0.4187852699921483,12.56355809976445,1.1941716176949337
mp-1105487,Fe4CoSiB2,7.148451303949569,0.0377989696875014,-0.3347824029166659,FM,14.1626182,0.0918144976701878,7.0813091,154.25252611928843,16,Tetragonal,I4/mcm,False,9.640782882455529,"{'Fe': 8.0, 'Co': 2.0, 'Si': 2.0, 'B': 4.0}","['B', 'Co', 'Fe', 'Si']",4,0.7414803746860071,11.863685994976114,1.1937789154228635
mp-1222048,MgFe(CO3)2,3.340623876290514,0.0,-2.1168033315000003,FM,3.9999663,0.040201346463118,3.9999663,99.49831664642603,10,Trigonal,R-3,True,9.949831664642604,"{'Mg': 1.0, 'Fe': 1.0, 'C': 2.0, 'O': 6.0}","['C', 'Fe', 'Mg', 'O']",4,0.3357467733008635,3.357467733008635,1.1913640332786224
mp-1029288,Mg2MnN3,3.358301310523636,0.0195476396527789,-0.7207847496551724,FM,4.0013444,0.0277958622423133,2.0006722,143.95467804228775,12,Orthorhombic,Cmc2_1,False,11.996223170190646,"{'Mg': 4.0, 'Mn': 2.0, 'N': 6.0}","['Mg', 'Mn', 'N']",3,0.27994655175044275,3.3593586210053132,1.191103675261252
mp-1043643,CaFe(Si2O5)2,2.8449529177562862,0.0190606280208367,-3.0960160392187497,FM,16.1397496,0.0187719512265762,4.0349374,859.7800732163754,64,Tetragonal,P4/ncc,False,13.434063644005866,"{'Ca': 4.0, 'Fe': 4.0, 'Si': 16.0, 'O': 40.0}","['Ca', 'Fe', 'O', 'Si']",4,0.21177158253420017,13.55338128218881,1.1908282711126903
mp-1180150,Nb2FeO6,4.822083443320575,0.0413479852777776,-2.699499099722223,FM,15.9998972,0.0344009724557535,3.9999743,465.1001427526227,36,Monoclinic,P2/c,False,12.919448409795072,"{'Nb': 8.0, 'Fe': 4.0, 'O': 24.0}","['Fe', 'Nb', 'O']",3,0.3732422074354692,13.436719467676891,1.1907591907748791
mp-1180571,Nb2FeO6,4.822079615833206,0.0416861127777785,-2.699160972222222,FM,15.9997387,0.0344006043637242,3.999934675,465.1005119221644,36,Orthorhombic,Pbcn,False,12.919458664504567,"{'Nb': 8.0, 'Fe': 4.0, 'O': 24.0}","['Fe', 'Nb', 'O']",3,0.3732416149201033,13.43669813712372,1.1907492850341674
mp-19077,CrAsO4,4.71077051013145,0.0002484338888857,-1.96641701791667,FM,11.9999993,0.0445782837971339,2.999999825,269.18935135792566,24,Orthorhombic,Pnma,False,11.216222973246902,"{'Cr': 4.0, 'As': 4.0, 'O': 16.0}","['As', 'Cr', 'O']",3,0.41999615390739364,10.079907693777447,1.1904870227539752
mp-818571,MnVPbO5,5.855395068438366,0.0148416130859372,-2.089242353178878,FM,16.0055339,0.0358955116987893,4.001383475,445.8923453803232,32,Orthorhombic,Pnma,False,13.9341357931351,"{'Mn': 4.0, 'V': 4.0, 'Pb': 4.0, 'O': 20.0}","['Mn', 'O', 'Pb', 'V']",4,0.42021946357973133,13.447022834551403,1.19026598652563
mp-1213675,FeBP(HO3)2,3.005610887589331,0.0141743804545511,-2.179489658452381,FM,23.9999439,0.0370067073958938,3.99999065,648.5295663635004,66,Trigonal,P3_121,False,9.826205550962127,"{'Fe': 6.0, 'B': 6.0, 'P': 6.0, 'H': 12.0, 'O': 36.0}","['B', 'Fe', 'H', 'O', 'P']",5,0.3058770623106941,20.18788611250581,1.1888289722980323
mp-1048332,ZnCrP2O7,3.667686063225261,0.018025563465911,-2.460102732435065,FM,15.9987326,0.0303218693519145,3.99968315,527.6301541412006,44,Monoclinic,P2_1/c,False,11.991594412300014,"{'Zn': 4.0, 'Cr': 4.0, 'P': 8.0, 'O': 28.0}","['Cr', 'O', 'P', 'Zn']",4,0.30585474600969187,13.457608824426442,1.1888243155768692
mp-1227538,CaZrNbFeO7,4.759833599709344,0.0145018076136373,-3.0623134079545453,FM,19.9997176,0.0365566166473396,4.9999294,547.0888565245668,44,Triclinic,P-1,False,12.43383764828561,"{'Ca': 4.0, 'Zr': 4.0, 'Nb': 4.0, 'Fe': 4.0, 'O': 28.0}","['Ca', 'Fe', 'Nb', 'O', 'Zr']",5,0.38281291217966273,16.84376813590516,1.1873660002103348
mp-758943,Ti3Fe2P6WO24,3.6158092297206097,0.0350801522608108,-2.72938484827381,FM,11.9997572,0.0258973470622042,11.9997572,463.35855063366586,36,Trigonal,R3,False,12.871070850935162,"{'Ti': 3.0, 'Fe': 2.0, 'P': 6.0, 'W': 1.0, 'O': 24.0}","['Fe', 'O', 'P', 'Ti', 'W']",5,0.2809252836532944,10.113310211518598,1.1865311108852197
mp-861528,V3CoO8,3.636889738010359,0.0379468150000015,-2.209181619583333,FM,15.9999995,0.0257856360263639,3.999999875,620.5004787797802,48,Orthorhombic,Iba2,False,12.927093307912088,"{'V': 12.0, 'Co': 4.0, 'O': 32.0}","['Co', 'O', 'V']",3,0.28133855394888996,13.504250589546718,1.1848121000053993
mp-1218846,Sr2CoRuO6,5.710711183020284,0.0341610349999799,-2.1225136070000006,FM,5.3949598,0.0430239897888752,5.3949598,125.39422369877433,10,Trigonal,R-3,False,12.539422369877432,"{'Sr': 2.0, 'Co': 1.0, 'Ru': 1.0, 'O': 6.0}","['Co', 'O', 'Ru', 'Sr']",4,0.4554205939133785,4.5542059391337855,1.1846104177331354
mp-1221908,Mn3Cr3Si7Ni16,7.08698796332558,0.0390124661095603,-0.3836388732342451,FM,20.6874623,0.0606192723259207,20.6874623,341.2687336260561,29,Trigonal,R3m,False,11.767887366415726,"{'Mn': 3.0, 'Cr': 3.0, 'Si': 7.0, 'Ni': 16.0}","['Cr', 'Mn', 'Ni', 'Si']",4,0.6022311178428742,17.464702417443352,1.1845299052641074
mp-1042809,MgFeAs2O7,3.982605585475335,0.0066004084090804,-1.9848618138636356,FM,15.9998509,0.0280518822569519,3.999962725,570.3663930086142,44,Monoclinic,P2_1/c,False,12.962872568377596,"{'Mg': 4.0, 'Fe': 4.0, 'As': 8.0, 'O': 28.0}","['As', 'Fe', 'Mg', 'O']",4,0.30723171615454586,13.518195510800018,1.1835788946251982
mp-1192695,Mn5SiC,7.088035712229616,0.0334587789751541,-0.1563356875394451,FM,22.2876383,0.0755552876516437,5.571909575,294.9844940404397,28,Orthorhombic,Cmc2_1,False,10.535160501444276,"{'Mn': 20.0, 'Si': 4.0, 'C': 4.0}","['C', 'Mn', 'Si']",3,0.6727980756684163,18.838346118715656,1.1830995226198502
mp-774635,V3Co(PO4)4,3.3999868905230253,0.0391296880208376,-2.537302815357142,FM,8.0,0.0276858776884072,8.0,288.95598290350785,24,Monoclinic,Pm,False,12.039832620979494,"{'V': 3.0, 'Co': 1.0, 'P': 4.0, 'O': 16.0}","['Co', 'O', 'P', 'V']",4,0.2823948635796252,6.777476725911004,1.1803802983808356
mp-567788,Sr14MnSb11,4.785461958889237,0.0,-1.0715542902088857,FM,16.7928511,0.0046161066374708,4.198212775,3637.8819682555936,104,Tetragonal,I4_1/acd,True,34.97963431014994,"{'Sr': 56.0, 'Mn': 4.0, 'Sb': 44.0}","['Mn', 'Sb', 'Sr']",3,0.136807089418332,14.227937299506529,1.1802730604233427
mp-1022808,Ba2NbFeO6,6.044913101646187,0.0222984844999984,-2.873255236,FM,20.0003999,0.0350442054955371,5.000099975,570.7191707498412,40,Hexagonal,P6_3/mmc,False,14.267979268746029,"{'Ba': 8.0, 'Nb': 4.0, 'Fe': 4.0, 'O': 24.0}","['Ba', 'Fe', 'Nb', 'O']",4,0.4236698825942054,16.946795303768216,1.180187731160758
mp-1233018,MgMnVP2(HO5)2,3.218515445334888,0.0228553992437063,-2.448884710277455,FM,6.0037668,0.0328588939982783,6.0037668,182.7135995604288,17,Triclinic,P-1,False,10.747858797672285,"{'Mg': 1.0, 'Mn': 1.0, 'V': 1.0, 'P': 2.0, 'H': 2.0, 'O': 10.0}","['H', 'Mg', 'Mn', 'O', 'P', 'V']",6,0.29945643182732706,5.09075934106456,1.1793460263522328
mp-1193185,BaFeBP2O9,3.838442663836025,0.0391268238690472,-2.7497626466751695,FM,9.9998235,0.0281944587585478,4.99991175,354.6733627921942,28,Triclinic,P-1,False,12.666905814006936,"{'Ba': 2.0, 'Fe': 2.0, 'B': 2.0, 'P': 4.0, 'O': 18.0}","['B', 'Ba', 'Fe', 'O', 'P']",5,0.3030292259370488,8.484818326237367,1.1785548158500725
mp-1218461,Sr3FeRuO7,5.487691266815598,0.0412781037499998,-2.4052356104166663,FM,5.7774285,0.0359046473536944,5.7774285,160.91032570482895,12,Tetragonal,I4mm,False,13.409193808735743,"{'Sr': 3.0, 'Fe': 1.0, 'Ru': 1.0, 'O': 7.0}","['Fe', 'O', 'Ru', 'Sr']",4,0.40924841158165,4.9109809389798,1.1764306503702688
mp-1163930,Ca3Co2(SiO4)3,3.813007875546386,0.030703824693183,-2.863979490625,FM,32.0285374,0.035746805499148,8.00713435,895.9832061291007,80,Cubic,Ia-3d,False,11.19979007661376,"{'Ca': 12.0, 'Co': 8.0, 'Si': 12.0, 'O': 48.0}","['Ca', 'Co', 'O', 'Si']",4,0.3404535129197031,27.236281033576248,1.1759512012861069
mp-1218902,Sr12Zn2Co6O25,5.196138714870719,0.0150320838888777,-2.318124754555555,FM,20.0007073,0.0323300998798084,20.0007073,618.6404426325731,45,Monoclinic,C2/m,False,13.74756539183496,"{'Sr': 12.0, 'Zn': 2.0, 'Co': 6.0, 'O': 25.0}","['Co', 'O', 'Sr', 'Zn']",4,0.3779679213569584,17.008556461063126,1.175920328440962
mp-1227969,Ca3Mn2SbO9,4.669844956293882,0.0266034053611017,-2.561443479890805,FM,28.0020626,0.0397027154162975,7.00051565,705.2933862681208,60,Triclinic,P-1,False,11.754889771135346,"{'Ca': 12.0, 'Mn': 8.0, 'Sb': 4.0, 'O': 36.0}","['Ca', 'Mn', 'O', 'Sb']",4,0.39726828981084056,23.836097388650433,1.1747754736617744
mp-756230,MnPHO5,3.326953140737296,0.0233405617187498,-2.067485309227987,FM,6.0007333,0.0360140533143979,3.00036665,166.62199191005757,16,Triclinic,P-1,False,10.413874494378597,"{'Mn': 2.0, 'P': 2.0, 'H': 2.0, 'O': 10.0}","['H', 'Mn', 'O', 'P']",4,0.31947313581829545,5.111570173092727,1.1739510750704005
mp-1214629,Ba2Zn2Cr7Ga2(SnO11)2,5.5642645011910075,0.0,-2.390260479594595,FM,19.9991756,0.0447273025346833,19.9991756,447.1357418545832,37,Trigonal,P-3m1,True,12.0847497798536,"{'Ba': 2.0, 'Zn': 2.0, 'Cr': 7.0, 'Ga': 2.0, 'Sn': 2.0, 'O': 22.0}","['Ba', 'Cr', 'Ga', 'O', 'Sn', 'Zn']",6,0.4604368814046239,17.036164611971085,1.1739247686035417
mp-1218426,Sr3MnRuO7,5.5162257565486685,0.0117822625000014,-2.4944033744109197,FM,5.8350624,0.0365136535143827,5.8350624,159.80494522964028,12,Tetragonal,I4mm,False,13.31707876913669,"{'Sr': 3.0, 'Mn': 1.0, 'Ru': 1.0, 'O': 7.0}","['Mn', 'O', 'Ru', 'Sr']",4,0.4142219064839451,4.9706628778073405,1.1739002510212408
mp-19518,BaCr(Si2O5)2,3.196471957735005,0.0,-3.1685231567187504,FM,16.0183501,0.0166977590647121,4.004587525,959.31136854478,64,Tetragonal,P4/ncc,True,14.989240133512189,"{'Ba': 4.0, 'Cr': 4.0, 'Si': 16.0, 'O': 40.0}","['Ba', 'Cr', 'O', 'Si']",4,0.21325110074049008,13.648070447391365,1.1736714110427
mp-1192170,BaCr2(P2O7)2,3.367907224017927,0.0,-2.79653768897959,FM,5.998889,0.0206497500302078,5.998889,290.50661587788767,21,Triclinic,P-1,True,13.833648375137509,"{'Ba': 1.0, 'Cr': 2.0, 'P': 4.0, 'O': 14.0}","['Ba', 'Cr', 'O', 'P']",4,0.24345762829066048,5.11261019410387,1.1733515312624916
mp-773503,V2CrO7,2.7420338874435046,0.0450668468750024,-2.198481662249999,FM,7.9927395,0.0124102933522335,1.998184875,644.0411417479893,40,Cubic,Pa-3,False,16.101028543699734,"{'V': 8.0, 'Cr': 4.0, 'O': 28.0}","['Cr', 'O', 'V']",3,0.17030178413766314,6.812071365506526,1.1733199890523582
mp-1216868,TiFeSbO6,5.3010525164952655,0.0305167530555534,-2.361769379814815,FM,10.0012185,0.0496589622772578,5.00060925,201.3980566923813,18,Tetragonal,P4_2nm,False,11.188780927354516,"{'Ti': 2.0, 'Fe': 2.0, 'Sb': 2.0, 'O': 12.0}","['Fe', 'O', 'Sb', 'Ti']",4,0.4737828500632419,8.528091301138353,1.1727382068089502
mp-1247707,Ca4TiMn3O12,4.243241961101034,0.0251170178749999,-2.7655395273563217,FM,36.0014993,0.040707240106401,9.000374825,884.4003967328384,80,Monoclinic,Pm,False,11.05500495916048,"{'Ca': 16.0, 'Ti': 4.0, 'Mn': 12.0, 'O': 48.0}","['Ca', 'Mn', 'O', 'Ti']",4,0.38382994641580576,30.70639571326446,1.1724430192387632
mp-758414,Ti3Fe2Co(PO4)6,3.260313946728598,0.0223889599305628,-2.738430685773809,FM,10.9999999,0.0244300870027964,10.9999999,450.26445868739034,36,Trigonal,R3,False,12.507346074649732,"{'Ti': 3.0, 'Fe': 2.0, 'Co': 1.0, 'P': 6.0, 'O': 24.0}","['Co', 'Fe', 'O', 'P', 'Ti']",5,0.2606719225061423,9.384189210221123,1.1721843681518016
mp-1181196,MnZn2Si(HO3)2,3.9189252482100914,0.0080667199999906,-2.0816776944109203,FM,20.0000001,0.0378387527647345,5.000000025,528.5586505546729,48,Monoclinic,P2_1/c,False,11.011638553222353,"{'Mn': 4.0, 'Zn': 8.0, 'Si': 4.0, 'H': 8.0, 'O': 24.0}","['H', 'Mn', 'O', 'Si', 'Zn']",5,0.3558893827897475,17.08269037390788,1.170775777248063
mp-1046446,SrCaCr(PO4)2,3.5240955689091544,0.0172479411962429,-3.0341989137912084,FM,8.0002561,0.0229666283831227,4.00012805,348.34264597058,26,Triclinic,P-1,False,13.39779407579154,"{'Sr': 2.0, 'Ca': 2.0, 'Cr': 2.0, 'P': 4.0, 'O': 16.0}","['Ca', 'Cr', 'O', 'P', 'Sr']",5,0.2630355078584794,6.838923204320464,1.1698122439722483
mp-20586,VCo2Si,7.224816679251126,0.0270695697395826,-0.3812134027604159,FM,2.9867764,0.0660008165258463,2.9867764,45.25362801883461,4,Cubic,Fm-3m,False,11.313407004708653,"{'V': 1.0, 'Co': 2.0, 'Si': 1.0}","['Co', 'Si', 'V']",3,0.6386066263013563,2.5544265052054254,1.1692551709409253
mp-755561,MnP2O7,3.122916296156004,0.0066320262499992,-2.376901972221675,FM,11.9999997,0.0246502908157723,2.999999925,486.8096603680585,40,Hexagonal,P6_3/m,False,12.170241509201462,"{'Mn': 4.0, 'P': 8.0, 'O': 28.0}","['Mn', 'O', 'P']",3,0.2566026560602667,10.26410624241067,1.169122709429558
mp-770780,MnP2O7,3.142677453545772,0.0344883618749989,-2.3490456365966756,FM,24.2765454,0.0250921091562155,3.034568175,967.4972019634512,80,Orthorhombic,Pna2_1,False,12.09371502454314,"{'Mn': 8.0, 'P': 16.0, 'O': 56.0}","['Mn', 'O', 'P']",3,0.2598603859250844,20.788830874006756,1.1677686709334913
mp-17570,Cr4Cu3(PO4)6,3.8852387440631726,0.0162014410810575,-2.323718528320463,FM,15.0005566,0.0362408626568989,15.0005566,413.912790708486,37,Triclinic,P-1,False,11.186832181310432,"{'Cr': 4.0, 'Cu': 3.0, 'P': 6.0, 'O': 24.0}","['Cr', 'Cu', 'O', 'P']",4,0.34730464184080156,12.850271748109657,1.1673338038323322
mp-759655,Ni17(As3O16)2,5.597428671112909,0.0050128256363635,-1.4436387431818192,FM,34.0001714,0.0584951739548041,34.0001714,581.2474619918213,55,Monoclinic,P2/m,False,10.568135672578569,"{'Ni': 17.0, 'As': 6.0, 'O': 32.0}","['As', 'Ni', 'O']",3,0.5296514772834258,29.130831250588418,1.1671541779060364
mp-1045839,CaCr(PO3)4,2.679689697938562,0.0121848132716095,-2.7606991285317455,FM,8.0013448,0.0158251830345701,4.0006724,505.6083574212713,36,Monoclinic,C2/c,False,14.044676595035314,"{'Ca': 2.0, 'Cr': 2.0, 'P': 8.0, 'O': 24.0}","['Ca', 'Cr', 'O', 'P']",4,0.19079753668986665,6.8687113208351995,1.164897522440509
mp-1221712,MnCu(AgO2)2,6.530360321975342,0.0406710250000008,-1.037204460158045,FM,4.8072163,0.047474540981264,4.8072163,101.25882632329568,8,Monoclinic,P2/m,False,12.65735329041196,"{'Mn': 1.0, 'Cu': 1.0, 'Ag': 2.0, 'O': 4.0}","['Ag', 'Cu', 'Mn', 'O']",4,0.5159341113534486,4.127472890827589,1.164687552687019
mp-1224904,Ga2Fe(PO4)3,3.2529741398278973,0.0231938563425959,-2.493781489940475,FM,4.9954998,0.0203790391270081,4.9954998,245.1293100163642,18,Monoclinic,C2,False,13.61829500090912,"{'Ga': 2.0, 'Fe': 1.0, 'P': 3.0, 'O': 12.0}","['Fe', 'Ga', 'O', 'P']",4,0.23886794489403687,4.299623008092664,1.1618460015209637
mp-704268,Mn3(AgO2)4,6.435950101790326,0.0199358301111125,-1.2260289468639844,FM,108.0065397,0.048164227993512,9.000544975,2242.4638408934734,180,Trigonal,P3_121,False,12.458132449408186,"{'Mn': 36.0, 'Ag': 48.0, 'O': 96.0}","['Ag', 'Mn', 'O']",3,0.5166063314807718,92.98913966653893,1.1614962788914254
mp-31239,Mn3(AgO2)4,6.437336923962533,0.021927685444445,-1.2240370915306509,FM,36.0022012,0.0481746349502154,9.0005503,747.3269125382132,60,Trigonal,R32,False,12.455448542303552,"{'Mn': 12.0, 'Ag': 16.0, 'O': 32.0}","['Ag', 'Mn', 'O']",3,0.5168289927174305,31.009739563045834,1.1609965677655565
mp-770670,MnP2O7,3.1341161277923746,0.0400146759999993,-2.343519322471675,FM,24.0025785,0.0247413535587296,3.0003223125,970.1400710767105,80,Monoclinic,P2_1/c,False,12.12675088845888,"{'Mn': 8.0, 'P': 16.0, 'O': 56.0}","['Mn', 'O', 'P']",3,0.2584464838619829,20.67571870895863,1.1609066092391682
mp-757573,MnVHPbO5,5.898929344395015,0.0,-2.015212976297892,FM,20.0000016,0.0450717891746235,5.0000004,443.73658038098176,36,Orthorhombic,Pnma,True,12.326016121693938,"{'Mn': 4.0, 'V': 4.0, 'H': 4.0, 'Pb': 4.0, 'O': 20.0}","['H', 'Mn', 'O', 'Pb', 'V']",5,0.4785755012937901,17.228718046576443,1.1608525687129836
mp-1216406,VNi5(BO5)2,5.054563384010047,0.023944294722213,-1.8752469796296305,FM,21.9999282,0.0636531417918122,10.9999641,345.6220318543629,36,Orthorhombic,Pmc2_1,False,9.600611995954525,"{'V': 2.0, 'Ni': 10.0, 'B': 4.0, 'O': 20.0}","['B', 'Ni', 'O', 'V']",4,0.5264834560692508,18.95340441849303,1.1607375495314418
mp-1217628,Ti12Mn5(PO4)18,3.0842315611634095,0.0070529353538084,-2.945387920030155,FM,29.7122481,0.0215692281725836,29.7122481,1377.5295000016197,107,Triclinic,P-1,False,12.874107476650648,"{'Ti': 12.0, 'Mn': 5.0, 'P': 18.0, 'O': 72.0}","['Mn', 'O', 'P', 'Ti']",4,0.2395685733366123,25.633837347017515,1.159102622747078
mp-759361,FeP4O11,2.82249301891058,0.0,-2.4769597816294633,FM,15.9999989,0.0191125677533121,3.999999725,837.1454378351261,64,Monoclinic,P2_1/c,True,13.080397466173846,"{'Fe': 4.0, 'P': 16.0, 'O': 44.0}","['Fe', 'O', 'P']",3,0.2157803710636164,13.809943748071449,1.1585853781797186
mp-1227750,Ca6MnAl11,2.572056549409737,0.0159787316880342,-0.2932898390517238,FM,10.1007518,0.0066047219957958,2.52518795,1529.3227794340964,72,Trigonal,P3m1,False,21.240594158806896,"{'Ca': 24.0, 'Mn': 4.0, 'Al': 44.0}","['Al', 'Ca', 'Mn']",3,0.12109155375690357,8.718591870497058,1.1585301789592937
mp-1101238,V4FeCuO12,3.376616666150968,0.0357273684721999,-2.089834510555556,FM,9.9959387,0.0197284386018992,4.99796935,506.67662564221786,36,Monoclinic,C2,False,14.07435071228383,"{'V': 8.0, 'Fe': 2.0, 'Cu': 2.0, 'O': 24.0}","['Cu', 'Fe', 'O', 'V']",4,0.23991278426818796,8.636860233654767,1.1573579321162786
mp-695093,SrTiFe(PO4)3,3.248082464130458,0.0049259598611204,-2.8989516217923272,FM,9.9990219,0.0205340234279971,4.99951095,486.94898664461414,36,Trigonal,R3c,False,13.52636074012817,"{'Sr': 2.0, 'Ti': 2.0, 'Fe': 2.0, 'P': 6.0, 'O': 24.0}","['Fe', 'O', 'P', 'Sr', 'Ti']",5,0.24012981218920829,8.644673238811498,1.156668577721129
mp-1199430,TiFeGe2,7.178976491902515,0.0,-0.4213292954166666,FM,27.6565019,0.0400169552373114,2.3047084916666667,691.1195950813702,48,Orthorhombic,Pbam,True,14.398324897528546,"{'Ti': 12.0, 'Fe': 12.0, 'Ge': 24.0}","['Fe', 'Ge', 'Ti']",3,0.49859803435431416,23.93270564900708,1.1555944532810234
mp-1218610,Sr5FeMo4O15,5.555381946104305,0.0384986687666666,-2.5326990913999996,FM,11.9986604,0.0359148361923709,11.9986604,334.0864576335938,25,Monoclinic,C2/m,False,13.363458305343752,"{'Sr': 5.0, 'Fe': 1.0, 'Mo': 4.0, 'O': 15.0}","['Fe', 'Mo', 'O', 'Sr']",4,0.41571439212578903,10.392859803144725,1.1545099835147765
mp-540416,MnP2O7,3.1466664419314228,0.0083047554999993,-2.3752292429716753,FM,11.9999993,0.0248377583490713,2.999999825,483.13535913150065,40,Monoclinic,P2_1/c,False,12.078383978287516,"{'Mn': 4.0, 'P': 8.0, 'O': 28.0}","['Mn', 'O', 'P']",3,0.2605204841631107,10.420819366524427,1.151540860457527
mp-510532,Fe2CoAs2(H5O7)2,3.234902748866491,0.0320641600862003,-1.4319441645689657,FM,22.0000116,0.038643300051771,11.0000058,569.3098563147105,58,Monoclinic,P2_1/c,False,9.815687177839836,"{'Fe': 4.0, 'Co': 2.0, 'As': 4.0, 'H': 20.0, 'O': 28.0}","['As', 'Co', 'Fe', 'H', 'O']",5,0.3295645725313757,19.11474520681979,1.150944538468177
mp-1222071,MgCoNi,5.973843648503351,0.0166076888425932,-0.1045644799999999,FM,6.2695174,0.0397282825620925,1.56737935,157.80992773098572,12,Orthorhombic,Amm2,False,13.150827310915476,"{'Mg': 4.0, 'Co': 4.0, 'Ni': 4.0}","['Co', 'Mg', 'Ni']",3,0.4542561093129806,5.451073311755767,1.1501436582184978
mp-26134,Cr2P5O16,2.651332081343198,0.0164761761956491,-2.5431893314441,FM,10.000583,0.0155070235088604,5.0002915,644.9066769187435,46,Monoclinic,P2/c,False,14.019710367798773,"{'Cr': 4.0, 'P': 10.0, 'O': 32.0}","['Cr', 'O', 'P']",3,0.189114611627992,8.699272134887632,1.1495884764765067
mp-2740809,Co(SbO2)2,5.69307168081484,0.0044081270408238,-1.376219982142857,FM,11.9999998,0.0280674613445796,2.99999995,427.5413316750645,28,Tetragonal,P4_2/m,False,15.269333274109446,"{'Co': 4.0, 'Sb': 8.0, 'O': 16.0}","['Co', 'O', 'Sb']",3,0.3728435013248394,10.439618037095503,1.1494673231683314
mp-556409,Ba7Ca2Mn5O20,5.161897605046362,0.0,-2.6037982635192702,FM,13.000097,0.0246996540524795,13.000097,526.327088321909,34,Trigonal,R-3m,True,15.480208480056143,"{'Ba': 7.0, 'Ca': 2.0, 'Mn': 5.0, 'O': 20.0}","['Ba', 'Ca', 'Mn', 'O']",4,0.3334514268135774,11.337348511661633,1.1466611427379214
mp-1043513,CaFe(GeO3)2,4.420047021585351,0.0,-2.3424130289999994,FM,15.9998083,0.0315751764483113,3.999952075,506.7211049854847,40,Monoclinic,C2/c,True,12.668027624637118,"{'Ca': 4.0, 'Fe': 4.0, 'Ge': 8.0, 'O': 24.0}","['Ca', 'Fe', 'Ge', 'O']",4,0.3489135919619504,13.956543678478015,1.1464019078500678
mp-1200024,FeBP(HO3)2,3.061318179626271,0.0224782081818242,-2.1711858307251077,FM,23.9998811,0.0376925070859655,3.9999801833333337,636.7281710729226,66,Trigonal,P3_221,False,9.647396531407916,"{'Fe': 6.0, 'B': 6.0, 'P': 6.0, 'H': 12.0, 'O': 36.0}","['B', 'Fe', 'H', 'O', 'P']",5,0.3173206542987935,20.943163183720372,1.1459530200602976
mp-1247687,SrCa7Ti2Mn6O24,4.387634155003383,0.0414084900625013,-2.7486949469813227,FM,72.001642,0.0403922167683409,18.0004105,1782.562279583383,160,Triclinic,P1,False,11.141014247396145,"{'Sr': 4.0, 'Ca': 28.0, 'Ti': 8.0, 'Mn': 24.0, 'O': 96.0}","['Ca', 'Mn', 'O', 'Sr', 'Ti']",5,0.3938271738615586,63.012347817849374,1.1426592484402598
mp-1218934,Sr10Fe4Co(MoO6)5,5.550713976862285,0.0287089913000011,-2.4998252481999987,FM,24.9874116,0.0394325663918286,24.9874116,633.6744951294369,50,Tetragonal,I4/m,False,12.673489902588738,"{'Sr': 10.0, 'Fe': 4.0, 'Co': 1.0, 'Mo': 5.0, 'O': 30.0}","['Co', 'Fe', 'Mo', 'O', 'Sr']",5,0.43797833268707415,21.898916634353707,1.1410341441640657
mp-22213,MnSn(BO3)2,4.607470892302218,0.0,-2.4989806241264376,FM,5.0000258,0.047631613393631,5.0000258,104.97284143368032,10,Trigonal,R-3,True,10.49728414336803,"{'Mn': 1.0, 'Sn': 1.0, 'B': 2.0, 'O': 6.0}","['B', 'Mn', 'O', 'Sn']",4,0.4389202797004522,4.389202797004522,1.1391649078990709
mp-36765,Ti(CoO2)2,5.221095584065433,0.0092322471428545,-2.2292775740476194,FM,7.9594472,0.0544685572965071,3.9797236,146.12920912649926,14,Orthorhombic,Imma,False,10.437800651892804,"{'Ti': 2.0, 'Co': 4.0, 'O': 8.0}","['Co', 'O', 'Ti']",3,0.5002103180729586,7.00294445302142,1.1365857966452806
mp-1044564,Al4Si2Ni13(SbO14)2,5.0618100582704875,0.0135620625510215,-2.0194286924489795,FM,25.9998931,0.0489648995086651,25.9998931,530.9904311229906,49,Monoclinic,C2/m,False,10.836539410673277,"{'Al': 4.0, 'Si': 2.0, 'Ni': 13.0, 'Sb': 2.0, 'O': 28.0}","['Al', 'Ni', 'O', 'Sb', 'Si']",5,0.4671057674819083,22.888182606613505,1.1359527117931754
mp-568798,Ca14MnSb11,4.158865945706226,0.0,-1.0542818452088876,FM,16.3461409,0.0052341681531505,4.086535225,3122.9682390239736,104,Tetragonal,I4_1/acd,True,30.0285407598459,"{'Ca': 56.0, 'Mn': 4.0, 'Sb': 44.0}","['Ca', 'Mn', 'Sb']",3,0.13849710443697125,14.40369886144501,1.1348571680955097
mp-31310,Zr3(Mn2Si3)2,5.882737957656693,0.0041278595192286,-0.6277566715749342,FM,48.2812354,0.0322999624242395,6.035154425,1494.7768287113306,104,Tetragonal,P4_2/mbc,False,14.372854122224332,"{'Zr': 24.0, 'Mn': 32.0, 'Si': 48.0}","['Mn', 'Si', 'Zr']",3,0.40929504381181914,42.56668455642919,1.134249376081786
mp-1370897,Ca11(FeN5)2,2.7726182281543914,0.038925369021733,-0.8798821356521745,FM,3.9972903,0.0096363989778108,3.9972903,414.8116230143973,23,Monoclinic,Cm,False,18.035287957147705,"{'Ca': 11.0, 'Fe': 2.0, 'N': 10.0}","['Ca', 'Fe', 'N']",3,0.15373296144437515,3.5358581132206286,1.1305007644549054
mp-1046496,SrCaFe(PO4)2,3.603936150960792,0.0101412155555591,-2.97432898686813,FM,8.0000241,0.0232442363980059,4.00001205,344.17237731613693,26,Triclinic,P-1,False,13.237399127543728,"{'Sr': 2.0, 'Ca': 2.0, 'Fe': 2.0, 'P': 4.0, 'O': 16.0}","['Ca', 'Fe', 'O', 'P', 'Sr']",5,0.2722540973673521,7.078606531551155,1.1301693439721294
mp-19852,Ba2UMnO6,6.989748296774404,0.0,-3.260499004793104,FM,5.0104359,0.0317811943461011,5.0104359,157.65410970512076,10,Cubic,Fm-3m,True,15.765410970512075,"{'Ba': 2.0, 'U': 1.0, 'Mn': 1.0, 'O': 6.0}","['Ba', 'Mn', 'O', 'U']",4,0.4433597265461815,4.433597265461815,1.130106232027843
mp-1041868,ZnFe(SiO3)2,4.010862678077169,0.0428020526666728,-2.6010156062500007,FM,32.0001182,0.0353360326730447,4.000014775,905.594538472638,80,Orthorhombic,Pbca,False,11.319931730907976,"{'Zn': 8.0, 'Fe': 8.0, 'Si': 16.0, 'O': 48.0}","['Fe', 'O', 'Si', 'Zn']",4,0.35431862783464474,28.34549022677158,1.128931549392528
mp-1224453,HfTl2Fe2(MoO4)6,4.462792310701349,0.0,-2.0492786493333344,FM,10.0006125,0.0162050283838648,10.0006125,617.1302057056229,35,Triclinic,P-1,True,17.632291591589226,"{'Hf': 1.0, 'Tl': 2.0, 'Fe': 2.0, 'Mo': 6.0, 'O': 24.0}","['Fe', 'Hf', 'Mo', 'O', 'Tl']",5,0.2531033636507092,8.85861772777482,1.128913427277106
mp-1246690,Sr5(MnN3)2,4.6924117756255885,0.0182995286813181,-0.8617700285278508,FM,8.002319,0.0178897639364974,4.0011595,447.312721867405,26,Monoclinic,C2/c,False,17.204335456438653,"{'Sr': 10.0, 'Mn': 4.0, 'N': 12.0}","['Mn', 'N', 'Sr']",3,0.27274588940135275,7.091393124435172,1.1284551370344997
mp-25818,Cr2P3O11,3.275170492118291,0.0162536601562521,-2.5083389193080343,FM,9.9999996,0.0264456592883254,4.9999998,378.1338741066866,32,Monoclinic,C2/c,False,11.816683565833957,"{'Cr': 4.0, 'P': 6.0, 'O': 22.0}","['Cr', 'O', 'P']",3,0.2771649485129585,8.869278352414671,1.1274874011905929
mp-1228653,Ba2CoRuO6,6.3825518750392245,0.0192015095833344,-2.099805032666666,FM,15.6349386,0.0377493145180856,5.2116462,414.1780797770336,30,Trigonal,P3m1,False,13.805935992567786,"{'Ba': 6.0, 'Co': 3.0, 'Ru': 3.0, 'O': 18.0}","['Ba', 'Co', 'O', 'Ru']",4,0.4623049012015682,13.869147036047046,1.1273179640653832
mp-727472,MnH8(NO5)2,2.0477231754269356,0.0031301384523825,-1.2095960382348108,FM,20.0002463,0.0245645191429164,5.000061575,814.1924612339669,84,Monoclinic,P2_1/c,False,9.692767395642464,"{'Mn': 4.0, 'H': 32.0, 'N': 8.0, 'O': 40.0}","['H', 'Mn', 'N', 'O']",4,0.2112630058931902,17.746092495027977,1.1270225434474426
mp-26340,MnP2O7,3.181596707494837,0.030568915249999,-2.352965083221675,FM,12.0035737,0.025120955836968,3.000893425,477.8310896250029,40,Monoclinic,P2_1/c,False,11.945777240625072,"{'Mn': 4.0, 'P': 8.0, 'O': 28.0}","['Mn', 'O', 'P']",3,0.2663365173657263,10.65346069462905,1.1267299935739765
mp-1214638,Ba3FeRu2O9,6.534332127829108,0.0,-2.24269385,FM,16.0076931,0.0386943430371478,8.00384655,413.6959525228812,30,Hexagonal,P6_3/mmc,True,13.78986508409604,"{'Ba': 6.0, 'Fe': 2.0, 'Ru': 4.0, 'O': 18.0}","['Ba', 'Fe', 'O', 'Ru']",4,0.4738503305130378,14.215509915391134,1.1260723811720936
mp-1221926,MnNb8(FeO8)3,5.110668717416076,0.0010960506944428,-2.7724576935536405,FM,17.0000053,0.0387647800917228,17.0000053,438.54254454109207,36,Monoclinic,P2,False,12.181737348363669,"{'Mn': 1.0, 'Nb': 8.0, 'Fe': 3.0, 'O': 24.0}","['Fe', 'Mn', 'Nb', 'O']",4,0.41953529051441707,15.103270458519015,1.1255843790052193
mp-705896,MgVFeMo3O14,3.446506507306846,0.0202593317656383,-2.1089558975000005,FM,10.0059912,0.0161515648618773,5.0029956,619.5059912502494,40,Monoclinic,P2_1,False,15.487649781256234,"{'Mg': 2.0, 'V': 2.0, 'Fe': 2.0, 'Mo': 6.0, 'O': 28.0}","['Fe', 'Mg', 'Mo', 'O', 'V']",5,0.2225325698853253,8.901302795413011,1.12410412610121
mp-753330,Ba2MnO4,5.964206728953884,0.021058589761906,-2.5779185925615757,FM,2.9966616,0.0273462405059522,2.9966616,109.58221475993152,7,Tetragonal,I4/mmm,False,15.654602108561646,"{'Ba': 2.0, 'Mn': 1.0, 'O': 4.0}","['Ba', 'Mn', 'O']",3,0.3809874366396067,2.666912056477247,1.1236447008898833
mp-1191382,Sr3CoRuO6,5.631176347231488,0.0274536604545456,-2.351184452727274,FM,9.9999967,0.0326790963371096,4.99999835,306.0059126740361,22,Trigonal,R-3c,False,13.90935966700164,"{'Sr': 6.0, 'Co': 2.0, 'Ru': 2.0, 'O': 12.0}","['Co', 'O', 'Ru', 'Sr']",4,0.4048479931531865,8.906655849370102,1.1227554841144134
mp-17775,Co2Si(P2O7)2,3.154060212425842,0.0,-2.515171201836734,FM,12.0000028,0.0230774200656844,6.0000014,519.988922758471,42,Monoclinic,C2/c,True,12.38068863710645,"{'Co': 4.0, 'Si': 2.0, 'P': 8.0, 'O': 28.0}","['Co', 'O', 'P', 'Si']",4,0.254756444077976,10.699770651274992,1.1215196279529667
mp-1221575,MnZn4O5,5.41210029297905,0.018444582749999,-1.8207886605431036,FM,19.9428483,0.0409753744111013,4.985712075,486.7032598632448,40,Trigonal,P3m1,False,12.16758149658112,"{'Mn': 4.0, 'Zn': 16.0, 'O': 20.0}","['Mn', 'O', 'Zn']",3,0.4447967161345709,17.791868645382834,1.1208967814167945
mp-22172,UCr2O6,6.964240692731809,0.0206256366666544,-2.899558374444444,FM,6.0523521,0.0579505267428272,6.0523521,104.43998424482174,9,Trigonal,P-31m,False,11.604442693869082,"{'U': 1.0, 'Cr': 2.0, 'O': 6.0}","['Cr', 'O', 'U']",3,0.6001357304656424,5.401221574190782,1.1205524559334101
mp-19122,BaSr2Mn2(Si2O7)2,4.12498859875513,0.0020816437217536,-3.1031487119940033,FM,8.0000686,0.0261910786561434,8.0000686,305.45013838609026,23,Monoclinic,C2,False,13.280440799395228,"{'Ba': 1.0, 'Sr': 2.0, 'Mn': 2.0, 'Si': 4.0, 'O': 14.0}","['Ba', 'Mn', 'O', 'Si', 'Sr']",5,0.3106063014823255,7.143944934093486,1.1198390628433854
mp-818591,MnV2(PbO4)2,5.538823011935134,0.0464490616666966,-2.091753955610079,FM,10.0001671,0.0238525130084254,5.00008355,419.2500428138381,26,Monoclinic,P2_1/m,False,16.12500164668608,"{'Mn': 2.0, 'V': 4.0, 'Pb': 4.0, 'O': 16.0}","['Mn', 'O', 'Pb', 'V']",4,0.3434928648874552,8.930814487073835,1.1197374119095085
mp-1101108,Ti2Fe3Bi3Pb2O15,7.41762438998964,0.0283498202437604,-2.0716281200666664,FM,15.0034608,0.0433901168713084,15.0034608,345.7806035530867,25,Orthorhombic,Cmm2,False,13.831224142123467,"{'Ti': 2.0, 'Fe': 3.0, 'Bi': 3.0, 'Pb': 2.0, 'O': 15.0}","['Bi', 'Fe', 'O', 'Pb', 'Ti']",5,0.5362955811987031,13.407389529967578,1.1190441484872917
mp-1043877,CaFe(GeO3)2,4.474074471168244,0.0209184397499999,-2.32149458925,FM,15.9999186,0.0319613488430611,3.99997965,500.60210783230536,40,Monoclinic,P2_1/c,False,12.515052695807634,"{'Ca': 4.0, 'Fe': 4.0, 'Ge': 8.0, 'O': 24.0}","['Ca', 'Fe', 'Ge', 'O']",4,0.3574954560652386,14.299818242609543,1.1188896480043797
mp-26734,MnP2O7,3.1923403844366125,0.0075552184999985,-2.3759787799716756,FM,6.0000002,0.0251982813457193,3.0000001,238.11148536998468,20,Triclinic,P-1,False,11.905574268499231,"{'Mn': 2.0, 'P': 4.0, 'O': 14.0}","['Mn', 'O', 'P']",3,0.2681382949231752,5.362765898463504,1.1188256794351346
mp-761574,CoSnO3,6.344731794826426,0.0348254175000022,-1.7440109039999996,FM,12.0019952,0.0508087899037563,3.0004988,236.2188751736575,20,Trigonal,R-3,False,11.810943758682876,"{'Co': 4.0, 'Sn': 4.0, 'O': 12.0}","['Co', 'O', 'Sn']",3,0.5371909243206805,10.743818486413609,1.1171070337029105
mp-1228597,Ba5Fe3W2O15,6.9952373716166525,0.0165502701999855,-2.5531686968,FM,28.0000247,0.0403442492761189,14.00001235,694.0276545577981,50,Tetragonal,I4/m,False,13.880553091155962,"{'Ba': 10.0, 'Fe': 6.0, 'W': 4.0, 'O': 30.0}","['Ba', 'Fe', 'O', 'W']",4,0.5039595559109017,25.197977795545086,1.1112012609579451
mp-744259,Ca3Mn2(GeO4)3,4.37377494244751,0.0,-2.584876549293104,FM,31.9997689,0.0329229451250283,7.999942225,971.9594883895576,80,Tetragonal,I4_1/a,True,12.14949360486947,"{'Ca': 12.0, 'Mn': 8.0, 'Ge': 12.0, 'O': 48.0}","['Ca', 'Ge', 'Mn', 'O']",4,0.3599964808981436,28.79971847185149,1.111113948258772
mp-2218028,MgFeAs2O7,4.110745461728208,0.0231812563636246,-1.9682809659090912,FM,3.9999995,0.0289547145418018,3.9999995,138.14674270834942,11,Monoclinic,C2,False,12.558794791668127,"{'Mg': 1.0, 'Fe': 1.0, 'As': 2.0, 'O': 7.0}","['As', 'Fe', 'Mg', 'O']",4,0.3273200597604634,3.6005206573650974,1.1109502987624145
mp-704097,Sr6Co4Bi2O15,6.058507645352801,0.0282198352777607,-2.1819117526851852,FM,50.4469524,0.0324179317363984,12.6117381,1556.1434582009051,108,Orthorhombic,C222,False,14.408735724082456,"{'Sr': 24.0, 'Co': 16.0, 'Bi': 8.0, 'O': 60.0}","['Bi', 'Co', 'O', 'Sr']",4,0.420474617715886,45.41125871331569,1.1108908633974448
mp-1044282,MgTiFe(PO4)3,3.087729090245314,0.0102781050000082,-2.8071811542923277,FM,9.999477,0.0225143702135698,4.9997385,444.13753994207286,36,Trigonal,R3c,False,12.337153887279802,"{'Mg': 2.0, 'Ti': 2.0, 'Fe': 2.0, 'P': 6.0, 'O': 24.0}","['Fe', 'Mg', 'O', 'P', 'Ti']",5,0.25027888267073584,9.01003977614649,1.1098149673515296
mp-1220549,NbAlFe,6.730232085308009,0.0484907374000007,-0.3178435166666666,FM,6.1963237,0.0357274423302522,1.549080925,173.43317337757657,12,Orthorhombic,Amm2,False,14.45276444813138,"{'Nb': 4.0, 'Al': 4.0, 'Fe': 4.0}","['Al', 'Fe', 'Nb']",3,0.46567091779996256,5.588051013599551,1.1088523860859727
mp-1572581,Ca3CoO6,3.5172584281815444,0.0466221405833335,-2.29728897675,FM,11.9999562,0.0230931871739752,2.99998905,519.6318771244928,40,Monoclinic,C2,False,12.99079692811232,"{'Ca': 12.0, 'Co': 4.0, 'O': 24.0}","['Ca', 'Co', 'O']",3,0.27075001230833906,10.830000492333562,1.108029146304715
mp-1245698,ZnCrN2,5.221558884183287,0.0178083168749996,-0.421630217083333,FM,8.0018302,0.0432574347492546,2.00045755,184.98161637145813,16,Orthorhombic,Pna2_1,False,11.561351023216131,"{'Zn': 4.0, 'Cr': 4.0, 'N': 8.0}","['Cr', 'N', 'Zn']",3,0.451639161694682,7.226226587114912,1.1073317593262393
mp-1274516,Sr2CoO4,5.233464100914849,0.0072389489285722,-2.340787297142857,FM,6.0001939,0.0317110292021935,3.00009695,189.2147322542576,14,Monoclinic,C2/m,False,13.515338018161255,"{'Sr': 4.0, 'Co': 2.0, 'O': 8.0}","['Co', 'O', 'Sr']",3,0.38722406305209484,5.421136882729328,1.1068146829340233
mp-1048270,ZnFeP2O7,3.827551595973811,0.0086412148295584,-2.394058465616882,FM,15.9999111,0.0312332457065409,3.999977775,512.2718032679285,44,Monoclinic,P2_1/c,False,11.64254098336201,"{'Zn': 4.0, 'Fe': 4.0, 'P': 8.0, 'O': 28.0}","['Fe', 'O', 'P', 'Zn']",4,0.3287556901404637,14.465250366180403,1.1060929258029033
mp-1203643,V2Co2PbO8,5.44012966083951,0.0064995505769145,-1.9406107496153848,FM,24.0001474,0.0354212961091945,6.00003685,677.5626540037914,52,Tetragonal,I4_1cd,False,13.03005103853445,"{'V': 8.0, 'Co': 8.0, 'Pb': 4.0, 'O': 32.0}","['Co', 'O', 'Pb', 'V']",4,0.41750639692439656,21.71033264006862,1.1054711964986337
mp-766813,V3CrNi2(PO4)6,3.3733566791587584,0.007279465972255,-2.5014668252182535,FM,10.9999746,0.0250508619940716,10.9999746,439.1056324769645,36,Trigonal,R3,False,12.19737867991568,"{'V': 3.0, 'Cr': 1.0, 'Ni': 2.0, 'P': 6.0, 'O': 24.0}","['Cr', 'Ni', 'O', 'P', 'V']",5,0.27656406902520453,9.956306484907364,1.104824828029824
mp-778242,Ti2Fe(PO4)3,3.1829860600658666,0.0237509321810733,-2.854402623366402,FM,9.9990312,0.0219551393272787,4.9995156,455.4300954754784,36,Trigonal,R-3c,False,12.650835985429955,"{'Ti': 4.0, 'Fe': 2.0, 'P': 6.0, 'O': 24.0}","['Fe', 'O', 'P', 'Ti']",4,0.25160282401350637,9.05770166448623,1.1039258710854398
mp-18729,V2Co(PO5)2,3.5773616159236417,0.0,-2.475975886285714,FM,9.9999993,0.028142311180696,4.99999965,355.3368177827339,30,Monoclinic,P2_1/c,True,11.844560592757796,"{'V': 4.0, 'Co': 2.0, 'P': 4.0, 'O': 20.0}","['Co', 'O', 'P', 'V']",4,0.30202569254540124,9.060770776362038,1.1036587887300102
mp-26982,MnP2O7,3.215149161804256,0.0099369394999992,-2.373597058971675,FM,6.0000001,0.0253783187382834,3.00000005,236.4222847807855,20,Monoclinic,P2_1,False,11.821114239039275,"{'Mn': 2.0, 'P': 4.0, 'O': 14.0}","['Mn', 'O', 'P']",3,0.27198359619825124,5.439671923965025,1.103007715146642
mp-1666748,Ca3CoO6,3.5270590719732984,0.0460216515833336,-2.29788946575,FM,12.0007216,0.0231590121179578,3.0001804,518.1879753279493,40,Monoclinic,C2,False,12.954699383198731,"{'Ca': 12.0, 'Co': 4.0, 'O': 24.0}","['Ca', 'Co', 'O']",3,0.27226097400203886,10.890438960081553,1.101950219269227
mp-771048,FeCo9O20,4.445320374462235,0.0444082154166682,-1.0630387913333332,FM,12.9996548,0.038401351732477,12.9996548,338.5207606899383,30,Triclinic,P-1,False,11.284025356331275,"{'Fe': 1.0, 'Co': 9.0, 'O': 20.0}","['Co', 'Fe', 'O']",3,0.39394810221407744,11.818443066422324,1.0999464757700315
mp-705872,Ni17(As3O16)2,5.767439032033497,0.0,-1.448651568818183,FM,67.9999992,0.0602715397705411,33.9999996,1128.2273434340952,110,Monoclinic,P2_1/c,True,10.25661221303723,"{'Ni': 34.0, 'As': 12.0, 'O': 64.0}","['As', 'Ni', 'O']",3,0.5623142332223965,61.85456565446361,1.0993529496248742
mp-758183,Ti3V2Fe(PO4)6,3.187698447451802,0.0181780726504747,-2.833680421051587,FM,10.0021876,0.0220407623710974,10.0021876,453.8040668282919,36,Trigonal,R3,False,12.60566852300811,"{'Ti': 3.0, 'V': 2.0, 'Fe': 1.0, 'P': 6.0, 'O': 24.0}","['Fe', 'O', 'P', 'Ti', 'V']",5,0.25287817473809926,9.103614290571574,1.0987051165336672
mp-1182068,Ca3CoO6,3.535260014982934,0.0474710353333334,-2.296440082,FM,11.9993312,0.0232101708705223,2.9998328,516.9859053144475,40,Trigonal,R-3c,False,12.924647632861186,"{'Ca': 12.0, 'Co': 4.0, 'O': 24.0}","['Ca', 'Co', 'O']",3,0.27352854138897076,10.94114165555883,1.0967165564393857
mp-22697,Ni3(PO4)2,4.43659494438304,0.0,-2.1112974045604416,FM,12.0000009,0.0437969309691411,6.00000045,273.9918216747897,26,Monoclinic,P2_1/c,True,10.538146987491912,"{'Ni': 6.0, 'P': 4.0, 'O': 16.0}","['Ni', 'O', 'P']",3,0.4210033272119839,10.946086507511582,1.0962823006894002
mp-565428,Mn4Bi3NO15,6.1559764613724175,0.0100622013043478,-1.6372601387706154,FM,12.005578,0.0404357478040065,12.005578,296.90505683711973,23,Trigonal,P312,False,12.90891551465738,"{'Mn': 4.0, 'Bi': 3.0, 'N': 1.0, 'O': 15.0}","['Bi', 'Mn', 'N', 'O']",4,0.47687789531061975,10.968191592144255,1.0945813536480118
mp-548753,V2Co(PO5)2,3.5922077667540324,0.006186889666667,-2.469788996619047,FM,9.9886676,0.0282270801902625,4.9943338,353.86825462187846,30,Monoclinic,P2_1/c,False,11.795608487395947,"{'V': 4.0, 'Co': 2.0, 'P': 4.0, 'O': 20.0}","['Co', 'O', 'P', 'V']",4,0.30453772440755744,9.136131732226723,1.0933147521030206
mp-29919,Sr9Cr5O18,4.877716199393139,0.0147627565234369,-2.7831591971875005,FM,24.0,0.0263732446395571,12.0,910.0131716065936,64,Orthorhombic,Cmc2_1,False,14.218955806353025,"{'Sr': 18.0, 'Cr': 10.0, 'O': 36.0}","['Cr', 'O', 'Sr']",3,0.3430432069571365,21.954765245256738,1.093156758083994
mp-1639128,Ca3CoO6,3.5410883707021363,0.0475448915833336,-2.29636622575,FM,11.9995886,0.0232489346925824,2.99989715,516.134986771178,40,Monoclinic,C2/c,False,12.903374669279447,"{'Ca': 12.0, 'Co': 4.0, 'O': 24.0}","['Ca', 'Co', 'O']",3,0.27443118265276867,10.977247306110748,1.0931327559068602
mp-26632,MnP2O7,3.23173148163049,0.0132610142499993,-2.3702729842216748,FM,11.9999999,0.0255092082635882,2.999999975,470.4183593627547,40,Monoclinic,P2_1/c,False,11.760458984068867,"{'Mn': 4.0, 'P': 8.0, 'O': 28.0}","['Mn', 'O', 'P']",3,0.2747963736796589,10.991854947186358,1.0917174542111023
mp-1045812,CaFe(PO3)4,2.78218209620011,0.0,-2.7321423465873007,FM,7.9998744,0.0162739075168637,3.9999372,491.57673974183376,36,Monoclinic,C2/c,True,13.65490943727316,"{'Ca': 2.0, 'Fe': 2.0, 'P': 8.0, 'O': 24.0}","['Ca', 'Fe', 'O', 'P']",4,0.20374958244730054,7.33498496810282,1.0906463250829475
mp-698695,CaFe2Sb2(PO4)6,3.4642675597703647,0.0,-2.494762093081633,FM,10.0002021,0.0216168054020779,10.0002021,462.61239410698016,35,Trigonal,R-3,True,13.217496974485147,"{'Ca': 1.0, 'Fe': 2.0, 'Sb': 2.0, 'P': 6.0, 'O': 24.0}","['Ca', 'Fe', 'O', 'P', 'Sb']",5,0.2620970949687171,9.173398323905097,1.0901305870410447
mp-19409,Mn(AsO3)2,5.318180328467811,0.0,-1.8312747600478925,FM,20.000001,0.0532400472993258,5.00000025,375.6570854934846,36,Trigonal,P-31m,True,10.434919041485683,"{'Mn': 4.0, 'As': 8.0, 'O': 24.0}","['As', 'Mn', 'O']",3,0.5096522845385324,18.347482243387166,1.0900678760546798
mp-755620,MnCo5O12,4.514330501990018,0.0235625668981498,-1.1738859704406128,FM,7.9999136,0.0401562772594918,7.9999136,199.21950305064777,18,Monoclinic,C2/m,False,11.06775016948043,"{'Mn': 1.0, 'Co': 5.0, 'O': 12.0}","['Co', 'Mn', 'O']",3,0.4078814964976699,7.341866936958058,1.0896293366104766
mp-1274229,Sr2CrOsO6,6.843419716965331,0.0349376129999994,-2.4578142049999996,FM,11.9678673,0.0480288421500956,5.98393365,249.18084143271753,20,Triclinic,P-1,False,12.459042071635876,"{'Sr': 4.0, 'Cr': 2.0, 'Os': 2.0, 'O': 12.0}","['Cr', 'O', 'Os', 'Sr']",4,0.5492733452233047,10.985466904466094,1.0894272773362519
mp-1227494,Ca6Fe(CoO4)3,4.342631355562152,0.0,-2.4546325347727262,FM,17.9998157,0.0353876289062586,8.99990785,508.64712489444514,44,Trigonal,R32,True,11.560161929419207,"{'Ca': 12.0, 'Fe': 2.0, 'Co': 6.0, 'O': 24.0}","['Ca', 'Co', 'Fe', 'O']",4,0.3756548897910057,16.52881515080425,1.0889961280209595
mp-26138,MnP2O7,3.2358117735088157,0.0306224652499986,-2.3529115332216755,FM,11.9986721,0.0255385893038166,2.999668025,469.8251715182585,40,Monoclinic,C2/c,False,11.745629287956463,"{'Mn': 4.0, 'P': 8.0, 'O': 28.0}","['Mn', 'O', 'P']",3,0.2754907118366743,11.019628473466971,1.0888454296703711
mp-22363,Ba3NiRu2O9,6.657321006354694,0.0,-2.1863663523333363,FM,16.0001002,0.0392665362056803,8.0000501,407.4741942143961,30,Hexagonal,P6_3/mmc,True,13.58247314047987,"{'Ba': 6.0, 'Ni': 2.0, 'Ru': 4.0, 'O': 18.0}","['Ba', 'Ni', 'O', 'Ru']",4,0.49014056111135373,14.704216833340611,1.088130050130999
mp-1043530,MgFe(GeO3)2,4.430553404748227,0.0194105817500007,-2.2279223459999997,FM,15.9998363,0.0332034247787914,3.999959075,481.87307202779385,40,Monoclinic,P2_1/c,False,12.046826800694848,"{'Mg': 4.0, 'Fe': 4.0, 'Ge': 8.0, 'O': 24.0}","['Fe', 'Ge', 'Mg', 'O']",4,0.36777762958231264,14.711105183292506,1.0876026036555781
mp-704946,Fe2P4Pb3O16,5.216650418340299,0.0,-2.3520735479428563,FM,20.0033142,0.0282261066616407,10.0016571,708.6813083996619,50,Monoclinic,P2_1/c,True,14.17362616799324,"{'Fe': 4.0, 'P': 8.0, 'Pb': 6.0, 'O': 32.0}","['Fe', 'O', 'P', 'Pb']",4,0.36805333769282655,18.402666884641327,1.086979095225299
mp-1178211,FeSn(PO4)2,3.933111579748035,0.0334558963888991,-2.3748788849404754,FM,7.9997366,0.0259919007667136,3.9998683,307.77805254799995,24,Monoclinic,P2_1/m,False,12.82408552283333,"{'Fe': 2.0, 'Sn': 2.0, 'P': 4.0, 'O': 16.0}","['Fe', 'O', 'P', 'Sn']",4,0.3066972356621543,7.360733655891703,1.0868123985979066
mp-1206033,VNiO3,5.376829358808483,0.0300679120000246,-1.9706471140000008,FM,5.9999998,0.0616241553224449,2.9999999,97.36441446710847,10,Triclinic,P-1,False,9.736441446710849,"{'V': 2.0, 'Ni': 2.0, 'O': 6.0}","['Ni', 'O', 'V']",3,0.5522376309904145,5.5223763099041445,1.0864887619554753
mp-1519277,Sr2MnWO6,6.243763691078216,0.0357569869999991,-2.7321225107931033,FM,5.0,0.0368625086494469,5.0,135.63916790223718,10,Cubic,Fm-3m,False,13.563916790223718,"{'Sr': 2.0, 'Mn': 1.0, 'W': 1.0, 'O': 6.0}","['Mn', 'O', 'Sr', 'W']",4,0.46032158613494667,4.603215861349467,1.0861971609852363
mp-1216682,TiNi4GeO8,5.482298830919875,0.0,-1.9407485648809524,FM,7.9733828,0.0544704763172566,7.9733828,146.37989859974792,14,Cubic,F-43m,True,10.455707042839135,"{'Ti': 1.0, 'Ni': 4.0, 'Ge': 1.0, 'O': 8.0}","['Ge', 'Ni', 'O', 'Ti']",4,0.5243355431113166,7.340697603558432,1.08618870175702
mp-1211101,NbNi11(BO5)4,5.228029578477189,0.0,-1.8616179076851849,FM,41.9999407,0.0600092695024454,20.99997035,699.890884328936,72,Monoclinic,C2/c,True,9.720706726790777,"{'Nb': 2.0, 'Ni': 22.0, 'B': 8.0, 'O': 40.0}","['B', 'Nb', 'Ni', 'O']",4,0.5378240209704575,38.72332950987294,1.08461594681035
mp-1567921,Ca3CoO6,3.552094385043329,0.0484325048333333,-2.2954786125000006,FM,5.9850488,0.0232638786842536,2.9925244,257.26788216321916,20,Monoclinic,Cc,False,12.863394108160955,"{'Ca': 6.0, 'Co': 2.0, 'O': 12.0}","['Ca', 'Co', 'O']",3,0.27613974625793086,5.5227949251586175,1.0836992647935604
mp-1220223,Ni8B3SbO15,5.394049240571174,0.0107126023148067,-1.7673931225,FM,31.980095,0.0601363347627368,15.9900475,531.7932182959755,54,Triclinic,P-1,False,9.848022561036585,"{'Ni': 16.0, 'B': 6.0, 'Sb': 2.0, 'O': 30.0}","['B', 'Ni', 'O', 'Sb']",4,0.5477291717336812,29.577375273618784,1.0812350556516181
mp-1205525,Sr2FeBiO6,6.418612705589415,0.0301351423333313,-2.212546675000002,FM,5.0036081,0.0360794991395285,5.0036081,138.68285922290073,10,Cubic,Fm-3m,False,13.868285922290074,"{'Sr': 2.0, 'Fe': 1.0, 'Bi': 1.0, 'O': 6.0}","['Bi', 'Fe', 'O', 'Sr']",4,0.46282667818904527,4.628266781890453,1.0810975978260777
mp-19508,SrCr(Si2O5)2,3.145296530386702,0.0,-3.170231293125001,FM,16.0000007,0.0183918657015681,4.000000175,869.9498441115637,64,Tetragonal,P4/ncc,True,13.592966314243183,"{'Sr': 4.0, 'Cr': 4.0, 'Si': 16.0, 'O': 40.0}","['Cr', 'O', 'Si', 'Sr']",4,0.23139147539054453,14.80905442499485,1.080420143030541
mp-1192499,Ba2V2FeHO9,4.443534960144517,0.0,-2.5654220530833336,FM,10.0022088,0.0231782302594455,5.0011044,431.5346205486904,30,Monoclinic,P2_1/m,True,14.384487351623012,"{'Ba': 4.0, 'V': 4.0, 'Fe': 2.0, 'H': 2.0, 'O': 18.0}","['Ba', 'Fe', 'H', 'O', 'V']",5,0.30891159702282683,9.267347910684805,1.079295705351467
mp-505176,Co2P2H4O9,3.2394974626926234,0.0082604650000002,-1.9092154739285725,FM,23.9999999,0.0357040507052473,5.999999975,672.1926343352616,68,Monoclinic,P2_1/c,False,9.885185799047964,"{'Co': 8.0, 'P': 8.0, 'H': 16.0, 'O': 36.0}","['Co', 'H', 'O', 'P']",4,0.3277123494233783,22.284439760789724,1.0769846654268986
mp-780397,Ca2CrO4,3.514252685646311,0.0446622594642853,-2.8166247373214284,FM,15.9974534,0.0215753130484615,1.999681675,741.4702796695103,56,Orthorhombic,Pna2_1,False,13.240540708384112,"{'Ca': 16.0, 'Cr': 8.0, 'O': 32.0}","['Ca', 'Cr', 'O']",3,0.26541610067487903,14.863301637793226,1.0763055066663616
mp-1217013,TiNi5(BO5)2,4.99555476225714,0.0344974130554769,-2.030250150370372,FM,20.0004655,0.0575287008787223,10.00023275,347.660649284667,36,Orthorhombic,Pmc2_1,False,9.657240257907416,"{'Ti': 2.0, 'Ni': 10.0, 'B': 4.0, 'O': 20.0}","['B', 'Ni', 'O', 'Ti']",4,0.5172859563234689,18.622294427644878,1.0740065128768033
mp-771388,MnP2O7,3.259857666678624,0.0054600902499997,-2.378073908221675,FM,11.9999988,0.0257312159066929,2.9999997,466.35957055098504,40,Monoclinic,P2_1/c,False,11.658989263774624,"{'Mn': 4.0, 'P': 8.0, 'O': 28.0}","['Mn', 'O', 'P']",3,0.27960036611468997,11.184014644587599,1.0729598611360267
mp-1225088,FeSbO4,6.173606421397615,0.0162454405555561,-1.8181560327777773,FM,10.9998977,0.0564229291901354,3.666632566666667,194.95438925072943,18,Orthorhombic,Cmm2,False,10.830799402818302,"{'Fe': 3.0, 'Sb': 3.0, 'O': 12.0}","['Fe', 'O', 'Sb']",3,0.57000468680005,10.2600843624009,1.0721059702306368
mp-1029959,Ca2MnN3,3.5334750812566056,0.0,-0.9855734192385056,FM,6.5521909,0.0196800518724925,1.638047725,332.93565192062385,24,Orthorhombic,Cmce,True,13.872318830025996,"{'Ca': 8.0, 'Mn': 4.0, 'N': 12.0}","['Ca', 'Mn', 'N']",3,0.254714091029148,6.113138184699552,1.071821166483582
mp-1022809,Ba4NbFeO8,5.721888487015751,0.0,-2.904453096607143,FM,20.0000003,0.0208569864490479,5.000000075,958.911314866053,56,Monoclinic,P2_1/c,True,17.123416336893804,"{'Ba': 16.0, 'Nb': 4.0, 'Fe': 4.0, 'O': 32.0}","['Ba', 'Fe', 'Nb', 'O']",4,0.3341557767702858,18.712723499136004,1.068791525772474
mp-1341944,Ca2TaFeO6,5.664423804845699,0.0050463262500013,-3.035638443733334,FM,10.0000289,0.0413033610951575,5.00001445,242.11174671623556,20,Monoclinic,P2_1/m,False,12.105587335811778,"{'Ca': 4.0, 'Ta': 2.0, 'Fe': 2.0, 'O': 12.0}","['Ca', 'Fe', 'O', 'Ta']",4,0.4679181313316966,9.358362626633932,1.0685660835090836
mp-2234316,MgCr6O16,3.2330036606334045,0.0303394108695638,-1.8940308189130433,FM,6.0036295,0.019735574792189,6.0036295,304.2034277297113,23,Monoclinic,P2/m,False,13.226235988248316,"{'Mg': 1.0, 'Cr': 6.0, 'O': 16.0}","['Cr', 'Mg', 'O']",3,0.24443867956884865,5.6220896300835195,1.0678644231986056
mp-1519441,BaSrMnWO6,6.598302695028554,0.0229308899999711,-2.734499136793103,FM,5.0000005,0.0354961489266821,5.0000005,140.86036517165792,10,Cubic,F-43m,False,14.086036517165793,"{'Ba': 1.0, 'Sr': 1.0, 'Mn': 1.0, 'W': 1.0, 'O': 6.0}","['Ba', 'Mn', 'O', 'Sr', 'W']",5,0.46842862340926106,4.68428623409261,1.0673985854258
mp-24706,Co3AgP3(HO6)2,4.260512913943907,0.0057555684126961,-1.98652830871882,FM,17.9998634,0.0403981511911673,8.9999317,445.56156332063745,42,Monoclinic,C2/c,False,10.608608650491368,"{'Co': 6.0, 'Ag': 2.0, 'P': 6.0, 'H': 4.0, 'O': 24.0}","['Ag', 'Co', 'H', 'O', 'P']",5,0.4016090190815521,16.86757880142519,1.067127867722138
mp-542935,Co5P4(HO2)10,3.3904769155936956,0.013272933205128,-1.836603335412088,FM,29.9999765,0.0409106425559546,14.99998825,733.3049452588812,78,Monoclinic,C2/c,False,9.40134545203694,"{'Co': 10.0, 'P': 8.0, 'H': 20.0, 'O': 40.0}","['Co', 'H', 'O', 'P']",4,0.3606374143882883,28.129718322286486,1.0664869145252605
mp-22576,Mn(SbO3)2,6.164615866790533,0.0,-1.97909186810345,FM,29.9998493,0.0470573958862988,4.9999748833333335,637.5161382173872,54,Trigonal,P321,True,11.805854411433096,"{'Mn': 6.0, 'Sb': 12.0, 'O': 36.0}","['Mn', 'O', 'Sb']",3,0.5221660078088511,28.19696442167796,1.0639389705700366
mp-1101114,Ti2CoO5,4.143627282842612,0.0184792069791601,-2.9450396204166664,FM,17.9999198,0.0319009837179621,2.9999866333333336,564.243408891024,48,Triclinic,P1,False,11.755071018563,"{'Ti': 12.0, 'Co': 6.0, 'O': 30.0}","['Co', 'O', 'Ti']",3,0.3524970011920141,16.919856057216677,1.0638340975910758
mp-1101303,Ti2Cr(PO4)3,3.0968366168847083,0.0381238449470853,-2.862026172533069,FM,9.2012806,0.0198315474232842,4.6006403,463.9718930453587,36,Trigonal,R-3c,False,12.888108140148852,"{'Ti': 4.0, 'Cr': 2.0, 'P': 6.0, 'O': 24.0}","['Cr', 'O', 'P', 'Ti']",4,0.24028636190888925,8.650309028720013,1.0636938598899415
mp-742859,Fe3P2(HO)16,2.620688364168495,0.0175244390540534,-1.619417345926641,FM,11.9999996,0.0377563512132528,11.9999996,317.82731154878854,37,Monoclinic,C2/m,False,8.589927339156446,"{'Fe': 3.0, 'P': 2.0, 'H': 16.0, 'O': 16.0}","['Fe', 'H', 'O', 'P']",4,0.30508853692187965,11.288275866109547,1.0630498175569256
mp-1217948,TaMnNbO6,6.402688456418328,0.0,-2.9845296589182646,FM,20.0000001,0.0453847887495289,5.000000025,440.6762849635959,36,Orthorhombic,P2_12_12,True,12.24100791565544,"{'Ta': 4.0, 'Mn': 4.0, 'Nb': 4.0, 'O': 24.0}","['Mn', 'Nb', 'O', 'Ta']",4,0.5230523908272058,18.82988606977941,1.0621413228887528
mp-1031818,Mg6MnNiO8,4.070303255056335,0.0417435693750016,-2.6487904842456897,FM,6.9999988,0.0442845790837039,6.9999988,158.06854089702512,16,Tetragonal,P4/mmm,False,9.87928380606407,"{'Mg': 6.0, 'Mn': 1.0, 'Ni': 1.0, 'O': 8.0}","['Mg', 'Mn', 'Ni', 'O']",4,0.412003879527979,6.592062072447664,1.061883022803647
mp-559323,Mn4Bi3NO15,6.253419080308131,0.0,-1.6473223400749633,FM,12.0022,0.0410642456058771,12.0022,292.27859474623426,23,Trigonal,P3,True,12.707764988966709,"{'Mn': 4.0, 'Bi': 3.0, 'N': 1.0, 'O': 15.0}","['Bi', 'Mn', 'N', 'O']",4,0.49209432860440455,11.318169557901305,1.0604364900701782
mp-1046414,SrMgCr(PO4)2,3.621739704450575,0.0221803785897423,-2.935267277252748,FM,8.000261,0.0246550637456844,4.0001305,324.4875406740868,26,Triclinic,P-1,False,12.480290025926417,"{'Sr': 2.0, 'Mg': 2.0, 'Cr': 2.0, 'P': 4.0, 'O': 16.0}","['Cr', 'Mg', 'O', 'P', 'Sr']",5,0.2901967580021628,7.545115708056233,1.0603231692600539
mp-1272663,Sr3CoRuO6,5.796751685330594,0.013283347727274,-2.365354765454546,FM,10.0000003,0.0336399827109152,5.00000015,297.2653222189458,22,Monoclinic,C2/c,False,13.512060100861174,"{'Sr': 6.0, 'Co': 2.0, 'Ru': 2.0, 'O': 12.0}","['Co', 'O', 'Ru', 'Sr']",4,0.42900576537260554,9.438126838197322,1.059532306720938
mp-1031824,Mg6MnNiO8,4.076683653096263,0.0425154206250013,-2.64801863299569,FM,6.9999988,0.0443539973122434,6.9999988,157.82114858152187,16,Tetragonal,P4/mmm,False,9.863821786345117,"{'Mg': 6.0, 'Mn': 1.0, 'Ni': 1.0, 'O': 8.0}","['Mg', 'Mn', 'Ni', 'O']",4,0.41329656409037924,6.612745025446068,1.0585617278548873
mp-1522159,BaSrFeBiO6,6.779240622777178,0.0190730749999925,-2.209131879,FM,5.0,0.0348478283866807,5.0,143.48096370650927,10,Cubic,F-43m,False,14.348096370650929,"{'Ba': 1.0, 'Sr': 1.0, 'Fe': 1.0, 'Bi': 1.0, 'O': 6.0}","['Ba', 'Bi', 'Fe', 'O', 'Sr']",5,0.47248362762910723,4.7248362762910725,1.0582377266890033
mp-1226919,Co3Ag2P3HO12,4.661548775598686,0.0172588425396931,-1.916816781595804,FM,18.0000883,0.037239410695332,9.00004415,483.361255291194,42,Monoclinic,Cc,False,11.508601316457,"{'Co': 6.0, 'Ag': 4.0, 'P': 6.0, 'H': 2.0, 'O': 24.0}","['Ag', 'Co', 'H', 'O', 'P']",5,0.40504911478102845,17.012062820803195,1.0580779350278793
mp-705059,TlNi4(PO4)3,4.770056233667168,0.0410616364375089,-2.0426075488630957,FM,15.9999074,0.0317380857358273,7.9999537,504.1232648111042,40,Orthorhombic,Cmc2_1,False,12.603081620277605,"{'Tl': 2.0, 'Ni': 8.0, 'P': 6.0, 'O': 24.0}","['Ni', 'O', 'P', 'Tl']",4,0.37848332474435714,15.139332989774285,1.0568436146299829
mp-775987,Ti3Fe2Ni(PO4)6,3.2736344502852144,0.0175345809027582,-2.7393880424404764,FM,9.9989954,0.0223037186422329,9.9989954,448.31068578252706,36,Trigonal,R3,False,12.453074605070196,"{'Ti': 3.0, 'Fe': 2.0, 'Ni': 1.0, 'P': 6.0, 'O': 24.0}","['Fe', 'Ni', 'O', 'P', 'Ti']",5,0.2628776068644424,9.463593847119926,1.0565748659049874
mp-1246110,Ca4CrN4,3.2283357248288027,0.0358101218055555,-1.0649350563425928,FM,3.9986369,0.0144855305519554,1.99931845,276.043523960551,18,Triclinic,P-1,False,15.335751331141722,"{'Ca': 8.0, 'Cr': 2.0, 'N': 8.0}","['Ca', 'Cr', 'N']",3,0.21051043767729496,3.7891878781913095,1.0552754385746286
mp-1227684,Ca12FeCo7O24,4.293471806219026,0.012976104545455,-2.4131662390909088,FM,17.0003893,0.0329678664275258,17.0003893,515.6654385679585,44,Monoclinic,P2,False,11.719669058362694,"{'Ca': 12.0, 'Fe': 1.0, 'Co': 7.0, 'O': 24.0}","['Ca', 'Co', 'Fe', 'O']",4,0.3663475295111148,16.119291298489053,1.0546610880835396
mp-1214191,Ca3MnCuO6,4.1777542667513625,0.0106979132575668,-2.5219878568573675,FM,16.0016144,0.0300692881947844,4.0004036,532.1580709308416,44,Monoclinic,P2_1/c,False,12.094501612064583,"{'Ca': 12.0, 'Mn': 4.0, 'Cu': 4.0, 'O': 24.0}","['Ca', 'Cu', 'Mn', 'O']",4,0.34542591342366213,15.198740190641134,1.0528250499244174
mp-1102834,CrCoP,6.984927951578079,0.0,-0.5616857782142853,FM,7.8293692,0.058021354473382,1.9573423,134.93944205648984,12,Orthorhombic,Pnma,True,11.244953504707487,"{'Cr': 4.0, 'Co': 4.0, 'P': 4.0}","['Co', 'Cr', 'P']",3,0.6211611234011747,7.453933480814096,1.0503674630518571
mp-1201746,CoP2H2O7,2.7880237866113657,0.0254245541782385,-2.08650815483631,FM,24.0253701,0.021466365156004,3.0031712625,1119.2099792116028,96,Monoclinic,P2_1/c,False,11.658437283454196,"{'Co': 8.0, 'P': 16.0, 'H': 16.0, 'O': 56.0}","['Co', 'H', 'O', 'P']",4,0.23914215248798096,22.95764663884617,1.046508402100203
mp-1215138,Cd3Fe2(GeO4)3,5.837963026020619,0.000414107437491,-1.836510163875,FM,40.000008,0.0409356970084491,10.000002,977.1424678989574,80,Cubic,Ia-3d,False,12.214280848736967,"{'Cd': 12.0, 'Fe': 8.0, 'Ge': 12.0, 'O': 48.0}","['Cd', 'Fe', 'Ge', 'O']",4,0.4779620755670032,38.236966045360255,1.0461083118505863
mp-22557,Ba5Co5O14,6.044604630290835,0.0118664538541626,-2.0533135383333323,FM,10.9985662,0.0332171519690568,10.9985662,331.11105401949004,24,Trigonal,P-3m1,False,13.796293917478751,"{'Ba': 5.0, 'Co': 5.0, 'O': 14.0}","['Ba', 'Co', 'O']",3,0.4381324917000229,10.51517980080055,1.045970340817439
mp-1176455,Mn3P6WO24,3.3705873598382508,0.0161405431985137,-2.3447259974014787,FM,9.0009876,0.019891881269056,9.0009876,452.4955421889626,34,Trigonal,R3,False,13.308692417322428,"{'Mn': 3.0, 'P': 6.0, 'W': 1.0, 'O': 24.0}","['Mn', 'O', 'P', 'W']",4,0.25326209774381264,8.61091132328963,1.0453002315394126
mp-704950,SrFeSn(PO4)3,3.666170579112096,0.0073503876388834,-2.655620164940476,FM,9.9998796,0.0201776365110091,4.9999398,495.59221638986173,36,Trigonal,R-3,False,13.766450455273937,"{'Sr': 2.0, 'Fe': 2.0, 'Sn': 2.0, 'P': 6.0, 'O': 24.0}","['Fe', 'O', 'P', 'Sn', 'Sr']",5,0.26631197279379915,9.58723102057677,1.0430414765783338
mp-558855,Cr8O21,2.9229531959732458,0.0325484778965528,-1.6859360043103453,FM,5.998835,0.014042587392426,5.998835,427.1887247242977,29,Triclinic,P-1,False,14.730645680148196,"{'Cr': 8.0, 'O': 21.0}","['Cr', 'O']",2,0.19842668539046956,5.754373876323617,1.042482662567724
mp-561632,ZnCoPHO5,3.7370907288292097,0.0,-2.0428171923214395,FM,12.0,0.0285695679018621,3.0,420.02735362398886,36,Triclinic,P-1,True,11.667426489555249,"{'Zn': 4.0, 'Co': 4.0, 'P': 4.0, 'H': 4.0, 'O': 20.0}","['Co', 'H', 'O', 'P', 'Zn']",5,0.3203012019981164,11.530843271932191,1.0406871134229885
mp-743601,CaFeSn(PO4)3,3.5097927573996066,0.0,-2.6512342577182557,FM,10.0,0.0211556293626971,5.0,472.68742652641714,36,Trigonal,R3c,True,13.130206292400477,"{'Ca': 2.0, 'Fe': 2.0, 'Sn': 2.0, 'P': 6.0, 'O': 24.0}","['Ca', 'Fe', 'O', 'P', 'Sn']",5,0.2673067489755291,9.623042963119047,1.0391723323200017
mp-770531,MnP2O7,3.314634669267134,0.0008449019999998,-2.3826890964716747,FM,11.9999996,0.0261635920133881,2.9999999,458.65260373497216,40,Monoclinic,P2_1/c,False,11.466315093374304,"{'Mn': 4.0, 'P': 8.0, 'O': 28.0}","['Mn', 'O', 'P']",3,0.2890758401696516,11.563033606786064,1.0377899094712906
mp-505812,Co3Ag2(P2O7)2,4.490240806910229,0.0054257059782623,-2.067122284430642,FM,18.0000001,0.0328687630441075,9.00000005,547.6324154896022,46,Triclinic,P-1,False,11.905052510643523,"{'Co': 6.0, 'Ag': 4.0, 'P': 8.0, 'O': 28.0}","['Ag', 'Co', 'O', 'P']",4,0.377171020698632,17.349866952137074,1.0374719385258944
mp-754800,Ni3O4,5.603808640985208,0.0412067185714288,-1.0055433507142857,FM,8.0040742,0.0562552820086662,4.0020371,142.28129189303422,14,Monoclinic,C2/m,False,10.162949420931016,"{'Ni': 6.0, 'O': 8.0}","['Ni', 'O']",2,0.5513958998402503,7.719542597763504,1.0368586089956846
mp-1046445,SrMgFe(PO4)2,3.683149782155516,0.0118082880128307,-2.8835031976373617,FM,8.0000875,0.0248027956686409,4.00004375,322.5478130320122,26,Triclinic,P-1,False,12.405685116615851,"{'Sr': 2.0, 'Mg': 2.0, 'Fe': 2.0, 'P': 4.0, 'O': 16.0}","['Fe', 'Mg', 'O', 'P', 'Sr']",5,0.29689209000012434,7.719194340003233,1.0363889219035582
mp-1181826,CoCuP2O7,3.9609634509178537,0.0285440469318176,-2.1110974940259735,FM,3.9967543,0.0321623663309058,3.9967543,124.26804231003976,11,Monoclinic,C2,False,11.29709475545816,"{'Co': 1.0, 'Cu': 1.0, 'P': 2.0, 'O': 7.0}","['Co', 'Cu', 'O', 'P']",4,0.3506178833282889,3.856796716611178,1.036288555937114
mp-766957,FeBP2H5NO9,2.5445569126776584,0.0114236265789511,-1.931018608931704,FM,20.003502,0.0262757600417174,5.0008755,761.2910898958154,76,Monoclinic,P2_1/c,False,10.01698802494494,"{'Fe': 4.0, 'B': 4.0, 'P': 8.0, 'H': 20.0, 'N': 4.0, 'O': 36.0}","['B', 'Fe', 'H', 'N', 'O', 'P']",6,0.2540241544006084,19.305835734446237,1.0361375842595075
mp-510642,CuNi2(PO4)2,4.19973687521007,0.004077326346155,-2.026643345329671,FM,10.0000288,0.0340969918388753,5.0000144,293.28184865265973,26,Monoclinic,P2_1/c,False,11.280071102025374,"{'Cu': 2.0, 'Ni': 4.0, 'P': 4.0, 'O': 16.0}","['Cu', 'Ni', 'O', 'P']",4,0.37231475202811387,9.680183552730961,1.0330412378573963
mp-567518,Ba14MnBi11,6.398943075022942,0.0,-0.8781209673242719,FM,16.1030605,0.0036277668800617,4.025765125,4438.835523997544,104,Tetragonal,I4_1/acd,True,42.681110807668695,"{'Ba': 56.0, 'Mn': 4.0, 'Bi': 44.0}","['Ba', 'Bi', 'Mn']",3,0.14992447370590029,15.59214526541363,1.0327674752825502
mp-1199429,Ca2CoSi2O7,3.2086780674962165,0.0268770807175924,-3.0584682893518527,FM,54.0000369,0.0188667994840524,3.00000205,2862.1726194548537,216,Orthorhombic,P2_12_12,False,13.25079916414284,"{'Ca': 36.0, 'Co': 18.0, 'Si': 36.0, 'O': 126.0}","['Ca', 'Co', 'O', 'Si']",4,0.24214977736429813,52.304351910688396,1.0324195774800353
mp-532462,Ca14MnAs11,3.6629720741811944,0.0,-1.1224211555935022,FM,15.6402035,0.0059889938626869,3.910050875,2611.4909880677533,104,Orthorhombic,Iba2,True,25.11049026988224,"{'Ca': 56.0, 'Mn': 4.0, 'As': 44.0}","['As', 'Ca', 'Mn']",3,0.14587417588475354,15.170914292014368,1.0309334822511427
mp-1228400,Ba3FeRu2O9,6.527150730840363,0.0155965293333313,-2.2270973206666675,FM,14.6223137,0.0353067109231886,7.31115685,414.151115118356,30,Hexagonal,P6_3mc,False,13.805037170611865,"{'Ba': 6.0, 'Fe': 2.0, 'Ru': 4.0, 'O': 18.0}","['Ba', 'Fe', 'O', 'Ru']",4,0.4728093557571397,14.184280672714191,1.0308815820409165
mp-1105426,Fe4CoB2P,7.422566045523848,0.0376782899999996,-0.3776440691220237,FM,13.0618077,0.0871668796839901,6.53090385,149.8482881038479,16,Tetragonal,I4/mcm,False,9.365518006490491,"{'Fe': 8.0, 'Co': 2.0, 'B': 4.0, 'P': 2.0}","['B', 'Co', 'Fe', 'P']",4,0.7925419651512987,12.68067144242078,1.030056472901285
mp-1221675,MnCrSi2,5.740164745370388,0.0442940763749977,-0.2810302091956931,FM,4.005028,0.042440760679226,2.002514,94.36748861008004,8,Monoclinic,P2_1,False,11.795936076260006,"{'Mn': 2.0, 'Cr': 2.0, 'Si': 4.0}","['Cr', 'Mn', 'Si']",3,0.4866222322892031,3.8929778583136248,1.028782630100782
mp-541777,SrMnV2(AgO4)2,4.920534885669675,0.0290062977901763,-2.1150328286617417,FM,9.9925298,0.025171195995865,4.9962649,396.9827179305076,28,Monoclinic,C2/c,False,14.177954211803842,"{'Sr': 2.0, 'Mn': 2.0, 'V': 4.0, 'Ag': 4.0, 'O': 16.0}","['Ag', 'Mn', 'O', 'Sr', 'V']",5,0.3470553517215544,9.717549848203523,1.0282972514771624
mp-569111,Sr14MnBi11,6.15210246468704,0.0,-0.846476295208887,FM,17.6963959,0.0045779121189729,4.424098975,3865.604109493085,104,Tetragonal,I4_1/acd,True,37.16927028358736,"{'Sr': 56.0, 'Mn': 4.0, 'Bi': 44.0}","['Bi', 'Mn', 'Sr']",3,0.16551582578158905,17.21364588128526,1.0280446119342788
mp-560012,FeP2PbO7,4.831415518921984,0.0,-2.412557815162337,FM,15.9996542,0.0266321399183919,3.99991355,600.7648746599875,44,Monoclinic,P2_1/c,True,13.653747151363351,"{'Fe': 4.0, 'P': 8.0, 'Pb': 4.0, 'O': 28.0}","['Fe', 'O', 'P', 'Pb']",4,0.3538527164273405,15.569519522802983,1.0276267149135236
mp-763546,Mn(SbO3)2,6.23770841890139,0.002211229166666,-1.976880638936783,FM,19.7609061,0.0470463549159084,4.940226525,420.0305450936853,36,Tetragonal,P4_2/mnm,False,11.667515141491258,"{'Mn': 4.0, 'Sb': 8.0, 'O': 24.0}","['Mn', 'O', 'Sb']",3,0.534621840491062,19.246386257678232,1.0267333220602128
mp-1274025,FePH6NO5,2.4852760934319984,0.0057158097678566,-1.4800038828316329,FM,15.9999641,0.0320364760434033,3.999991025,499.4295901435319,56,Monoclinic,Cc,False,8.918385538277356,"{'Fe': 4.0, 'P': 4.0, 'H': 24.0, 'N': 4.0, 'O': 20.0}","['Fe', 'H', 'N', 'O', 'P']",5,0.2786688333628651,15.605454668320444,1.0252802266940944
mp-770558,MnP2O7,3.3353170056513233,0.0023208197499995,-2.381213178721675,FM,12.0000001,0.0263268461578197,3.000000025,455.8084940392947,40,Monoclinic,P2_1/c,False,11.395212350982368,"{'Mn': 4.0, 'P': 8.0, 'O': 28.0}","['Mn', 'O', 'P']",3,0.2926945898786862,11.707783595147447,1.0249591651979004
mp-1182617,CoPH3O5,2.899999248416686,0.0061633947499997,-1.8156916023392853,FM,17.9999992,0.0302973932579519,2.9999998666666667,594.1104915115324,60,Trigonal,R-3,False,9.901841525192204,"{'Co': 6.0, 'P': 6.0, 'H': 18.0, 'O': 30.0}","['Co', 'H', 'O', 'P']",4,0.29287473860680624,17.572484316408374,1.0243286535867004
mp-1101187,V3Ni2P6WO24,3.747285646845843,0.0218893462500009,-2.48804289077381,FM,10.9627245,0.0241622495742545,10.9627245,453.71290724854737,36,Trigonal,R3,False,12.603136312459648,"{'V': 3.0, 'Ni': 2.0, 'P': 6.0, 'W': 1.0, 'O': 24.0}","['Ni', 'O', 'P', 'V', 'W']",5,0.2973296133551472,10.703866080785298,1.0241836376932427
mp-695054,TiCdFe(PO4)3,3.5406910840975803,0.0,-2.6273583806812173,FM,9.9986757,0.0212755871026568,4.99933785,469.9600369078119,36,Trigonal,R3c,True,13.054445469661442,"{'Ti': 2.0, 'Cd': 2.0, 'Fe': 2.0, 'P': 6.0, 'O': 24.0}","['Cd', 'Fe', 'O', 'P', 'Ti']",5,0.271224931945685,9.76409755004466,1.0240245602579285
mp-1221933,Mn3Zn9(PO4)8,3.68996033915282,0.0039477382692298,-2.413636920594923,FM,14.9977437,0.0220233430843473,14.9977437,680.9930555302194,52,Triclinic,P-1,False,13.096020298658065,"{'Mn': 3.0, 'Zn': 9.0, 'P': 8.0, 'O': 32.0}","['Mn', 'O', 'P', 'Zn']",4,0.2817619593588234,14.651621886658818,1.0236234470162204
mp-1214263,Ca3Ti3Cr2O12,3.6981963139895737,0.0,-3.278112299125,FM,24.0706092,0.0239397463176354,6.0176523,1005.4663437376572,80,Cubic,Ia-3d,True,12.568329296720716,"{'Ca': 12.0, 'Ti': 12.0, 'Cr': 8.0, 'O': 48.0}","['Ca', 'Cr', 'O', 'Ti']",4,0.29424724851492345,23.539779881193876,1.0225503093692991
mp-1043759,CaNiMoP2O9,3.64390613054158,0.001701712440405,-2.5738725549489803,FM,15.9998715,0.0219081456251904,3.999967875,730.3161013136149,56,Orthorhombic,Pnma,False,13.04135895202884,"{'Ca': 4.0, 'Ni': 4.0, 'Mo': 4.0, 'P': 8.0, 'O': 36.0}","['Ca', 'Mo', 'Ni', 'O', 'P']",5,0.2794115355573967,15.647045991214213,1.022549017174481
mp-1216333,VNi3AsO8,4.980658926558331,0.0057876171153843,-1.6997052521153857,FM,12.000037,0.0418585284880751,6.0000185,286.6808135268927,26,Monoclinic,C2/m,False,11.02618513564972,"{'V': 2.0, 'Ni': 6.0, 'As': 2.0, 'O': 16.0}","['As', 'Ni', 'O', 'V']",4,0.4517118899495827,11.744509138689152,1.0217572193348703
mp-1224799,Fe3NiP2,7.306107199809214,0.0,-0.4708020182142848,FM,8.1922755,0.0625394130507372,4.09613775,130.9938021540709,12,Orthorhombic,Pmc2_1,True,10.916150179505909,"{'Fe': 6.0, 'Ni': 2.0, 'P': 4.0}","['Fe', 'Ni', 'P']",3,0.669293393702642,8.031520724431704,1.0200154841260987
mp-1281631,FePH6NO5,2.492451076502628,0.0050939506607141,-1.4806257419387754,FM,16.0003733,0.0321297869337123,4.000093325,497.9918893645544,56,Monoclinic,P2_1,False,8.892712310081327,"{'Fe': 4.0, 'P': 4.0, 'H': 24.0, 'N': 4.0, 'O': 20.0}","['Fe', 'H', 'N', 'O', 'P']",5,0.2802801878204282,15.695690517943978,1.0194118749798038
mp-735529,FePH6NO5,2.4936895871832268,0.0055163170892846,-1.4802033755102042,FM,8.0000831,0.0321453362993123,4.00004155,248.87227887459213,28,Orthorhombic,Pmn2_1,False,8.888295674092577,"{'Fe': 2.0, 'P': 2.0, 'H': 12.0, 'N': 2.0, 'O': 10.0}","['Fe', 'H', 'N', 'O', 'P']",5,0.2805588021167863,7.855646459270016,1.0183863468753156
mp-1288991,FePH6NO5,2.4942012971549445,0.0055139245892847,-1.480205768010204,FM,16.0002458,0.0321520925392813,4.00006145,497.6424405488369,56,Triclinic,P1,False,8.8864721526578,"{'Fe': 4.0, 'P': 4.0, 'H': 24.0, 'N': 4.0, 'O': 20.0}","['Fe', 'H', 'N', 'O', 'P']",5,0.28067395635836984,15.717741556068711,1.0179735900939413
mp-721692,MnP2(H4O5)2,2.297619751607787,0.0,-1.8555067339150828,FM,10.0014986,0.024283205362979,5.0007493,411.8689625401677,42,Monoclinic,P2_1/c,True,9.806403870003992,"{'Mn': 2.0, 'P': 4.0, 'H': 16.0, 'O': 20.0}","['H', 'Mn', 'O', 'P']",4,0.23429789167013493,9.840511450145668,1.0163596323900368
mp-18978,Sr2MnO4,5.425020979205595,0.0065769003571398,-2.695346935418719,FM,2.9997365,0.0333141484832649,2.9997365,90.04391937278216,7,Tetragonal,I4/mmm,False,12.863417053254594,"{'Sr': 2.0, 'Mn': 1.0, 'O': 4.0}","['Mn', 'O', 'Sr']",3,0.4217402698478941,2.9521818889352587,1.0161082930706185
mp-1040914,CaNi2(PO4)2,3.66586402089194,0.0120896042094038,-2.503994431098902,FM,15.9998696,0.0254181820142398,3.9999674,629.4655373478922,52,Monoclinic,C2/c,False,12.105106487459466,"{'Ca': 4.0, 'Ni': 8.0, 'P': 8.0, 'O': 32.0}","['Ca', 'Ni', 'O', 'P']",4,0.3028361646128159,15.747480559866425,1.0160272647535
mp-19174,BaMnV2(AgO4)2,5.155193968094608,0.0220672502579333,-2.1231784572331684,FM,9.9819558,0.0242908557784764,4.9909779,410.9347110300161,28,Trigonal,P-3,False,14.67623967964343,"{'Ba': 2.0, 'Mn': 2.0, 'V': 4.0, 'Ag': 4.0, 'O': 16.0}","['Ag', 'Ba', 'Mn', 'O', 'V']",5,0.35126122771387286,9.83531437598844,1.0149096834534912
mp-1046844,Mg2MnNb2O8,4.496086537355846,0.0002031425640787,-2.935020601763927,FM,10.0016755,0.0324430489067467,5.00083775,308.28408047432555,26,Monoclinic,C2/c,False,11.857080018243291,"{'Mg': 4.0, 'Mn': 2.0, 'Nb': 4.0, 'O': 16.0}","['Mg', 'Mn', 'Nb', 'O']",4,0.3791900308033826,9.858940800887947,1.0144776910618225
mp-772873,V2Ni(PO4)3,3.354789474553202,0.0289889604166617,-2.49717771327381,FM,10.0004066,0.0226759453952146,5.0002033,441.0138772917667,36,Trigonal,R-3c,False,12.250385480326852,"{'V': 4.0, 'Ni': 2.0, 'P': 6.0, 'O': 24.0}","['Ni', 'O', 'P', 'V']",4,0.2738517477626094,9.858662919453938,1.0143775765237253
mp-1094048,Sr2TiFeO6,5.084611241635392,0.0220268039999993,-2.8652957903333336,FM,4.2093294,0.0343755822731684,4.2093294,122.45114472680666,10,Cubic,Fm-3m,False,12.245114472680664,"{'Sr': 2.0, 'Ti': 1.0, 'Fe': 1.0, 'O': 6.0}","['Fe', 'O', 'Sr', 'Ti']",4,0.41523590922562315,4.152359092256232,1.0137199857907309
mp-556514,Ni5Sn(BO5)2,5.481246595894022,0.0,-1.8596320136574085,FM,40.0014917,0.0555918804838452,10.000372925,719.5563695965322,72,Orthorhombic,Pnma,True,9.993838466618504,"{'Ni': 20.0, 'Sn': 4.0, 'B': 8.0, 'O': 40.0}","['B', 'Ni', 'O', 'Sn']",4,0.5484625966491777,39.4893069587408,1.0129702134756213
mp-1282646,Sr2FeWO6,6.472950910785065,0.0413953679999998,-2.621619960000001,FM,9.9999077,0.0381474153181867,4.99995385,262.13853852458914,20,Triclinic,P1,False,13.106926926229455,"{'Sr': 4.0, 'Fe': 2.0, 'W': 2.0, 'O': 12.0}","['Fe', 'O', 'Sr', 'W']",4,0.49385725175833994,9.877145035166798,1.012428962457888
mp-1226245,CrFeP2,5.909923401382675,0.015353444375,-0.5521029648214277,FM,4.0022554,0.041946812889231,2.0011277,95.41262194505111,8,Orthorhombic,Pmc2_1,False,11.926577743131393,"{'Cr': 2.0, 'Fe': 2.0, 'P': 4.0}","['Cr', 'Fe', 'P']",3,0.4955255001617077,3.9642040012936617,1.009598748877182
mp-1101186,V3Ni(PO4)4,3.4408460420586335,0.0383652376041609,-2.5314334366071427,FM,6.9994926,0.0245244300294235,6.9994926,285.4089816400324,24,Monoclinic,Pm,False,11.892040901668016,"{'V': 3.0, 'Ni': 1.0, 'P': 4.0, 'O': 16.0}","['Ni', 'O', 'P', 'V']",4,0.28934024617893883,6.944165908294532,1.0079673631701949
mp-1278360,Sr2FeWO6,6.488403409735971,0.0427476860000002,-2.6202676420000004,FM,10.0003453,0.0382401557538394,5.00017265,261.5142407989784,20,Monoclinic,C2/m,False,13.07571203994892,"{'Sr': 4.0, 'Fe': 2.0, 'W': 2.0, 'O': 12.0}","['Fe', 'O', 'Sr', 'W']",4,0.49621797955725844,9.92435959114517,1.007656484849927
mp-1181748,Co2Ag3SbO6,6.738687503443642,0.0154707671527791,-1.1665995893055552,FM,18.0519573,0.0370419651197877,6.017319100000001,487.33800276586,36,Trigonal,P3_112,False,13.537166743496112,"{'Co': 6.0, 'Ag': 9.0, 'Sb': 3.0, 'O': 18.0}","['Ag', 'Co', 'O', 'Sb']",4,0.4977915712444942,17.92049656480179,1.0073357752516978
mp-32028,Mn(PO3)4,2.5196164686528895,0.0371249478431385,-2.3892843418530862,FM,5.9991707,0.0122737285157416,2.99958535,488.7814401553493,34,Monoclinic,P2_1,False,14.37592471045145,"{'Mn': 2.0, 'P': 8.0, 'O': 24.0}","['Mn', 'O', 'P']",3,0.1752663929034841,5.959057358718459,1.0067314910508207
mp-18806,Ni3(BO3)2,4.908549677957278,0.0,-1.9768815643939412,FM,12.0000001,0.0603883926651891,6.00000005,198.71368603121311,22,Orthorhombic,Pnnm,True,9.032440274146053,"{'Ni': 6.0, 'B': 4.0, 'O': 12.0}","['B', 'Ni', 'O']",3,0.543435608648001,11.955583390256022,1.0037151436524776
mp-1199046,CaFeBP2(HO5)2,3.079264772528818,0.0008899122762242,-2.517027578585434,FM,10.0009947,0.0280406599658241,5.00049735,356.66046063784427,34,Monoclinic,C2/c,False,10.49001354817189,"{'Ca': 2.0, 'Fe': 2.0, 'B': 2.0, 'P': 4.0, 'H': 4.0, 'O': 20.0}","['B', 'Ca', 'Fe', 'H', 'O', 'P']",6,0.29354249719395703,9.980444904594538,1.0020590059463181
mp-1200872,CaTi2FeO6,4.367789056694328,0.019325853499998,-3.1235741214166675,FM,15.9990178,0.0365743297722727,3.99975445,437.4384411038195,40,Tetragonal,P4_2/nmc,False,10.935961027595487,"{'Ca': 4.0, 'Ti': 8.0, 'Fe': 4.0, 'O': 24.0}","['Ca', 'Fe', 'O', 'Ti']",4,0.39939691131604943,15.975876452641977,1.0014485181721717
mp-1208716,TaNi11(BO5)4,5.654288044665589,0.0,-1.8925175183055545,FM,41.9998312,0.0600993476779141,20.9999156,698.840051061561,72,Monoclinic,C2/c,True,9.70611182029946,"{'Ta': 2.0, 'Ni': 22.0, 'B': 8.0, 'O': 40.0}","['B', 'Ni', 'O', 'Ta']",4,0.5825492379801512,41.94354513457089,1.001341948212735
mp-1292063,Sr2TiFeO6,5.099857232324712,0.0068649510000007,-2.880457643333333,FM,16.7298614,0.0342586123138147,4.18246535,488.34031124061954,40,Orthorhombic,Cmmm,False,12.208507781015488,"{'Sr': 8.0, 'Ti': 4.0, 'Fe': 4.0, 'O': 24.0}","['Fe', 'O', 'Sr', 'Ti']",4,0.41772977695563324,16.70919107822533,1.0012370629839529
mp-743600,ZrFeP3PbO12,4.044448227265362,0.0,-2.729562379940475,FM,9.9978845,0.0190485984900434,4.99894225,524.8619474669382,36,Trigonal,R3c,True,14.579498540748284,"{'Zr': 2.0, 'Fe': 2.0, 'P': 6.0, 'Pb': 2.0, 'O': 24.0}","['Fe', 'O', 'P', 'Pb', 'Zr']",5,0.2774065387750835,9.986635395903004,1.0011264158198476
mp-6186,Al2Co3(SiO4)3,4.35069209776392,0.0498303862500018,-2.6870843805,FM,35.9994827,0.0465079625137735,8.999870675,774.0498777889609,80,Cubic,Ia-3d,False,9.67562347236201,"{'Al': 8.0, 'Co': 12.0, 'Si': 12.0, 'O': 48.0}","['Al', 'Co', 'O', 'Si']",4,0.449654961273708,35.972396901896644,1.0007529606152525
mp-1095664,FeCoP,7.364799876874288,0.0,-0.5414018373809514,FM,8.0725075,0.0614109652135538,2.018126875,131.45058821219024,12,Orthorhombic,Pnma,True,10.954215684349188,"{'Fe': 4.0, 'Co': 4.0, 'P': 4.0}","['Co', 'Fe', 'P']",3,0.6723256223078325,8.06790746769399,1.0005701642370628
mp-1275604,CoAgPO4,5.159864888193274,0.0116914863095223,-1.8598739448299324,FM,11.9999544,0.0356110180108185,2.9999886,336.97307940914385,28,Triclinic,P1,False,12.034752836040852,"{'Co': 4.0, 'Ag': 4.0, 'P': 4.0, 'O': 16.0}","['Ag', 'Co', 'O', 'P']",4,0.42874705932812057,12.004917661187376,0.9995865643290981
mp-772660,NbCrO4,5.3817077383986875,0.0085476310713836,-2.7474836829166662,FM,11.9999995,0.0465429215900913,2.999999875,257.82651990962904,24,Orthorhombic,Pbcn,False,10.74277166290121,"{'Nb': 4.0, 'Cr': 4.0, 'O': 16.0}","['Cr', 'Nb', 'O']",3,0.5009608234515239,12.023059762836574,0.9980819971545135
mp-545796,Cr3O8,2.796817012851801,0.0493323494545459,-1.6496238999999997,FM,2.0002227,0.0118631548398327,2.0002227,168.60799062352896,11,Monoclinic,C2/m,False,15.327999147593545,"{'Cr': 3.0, 'O': 8.0}","['Cr', 'O']",2,0.18246458562015863,2.007110441821745,0.9965683294360757
mp-1273731,Ca3(CoO3)2,4.292655575642959,0.0187972447727284,-2.378854907727273,FM,7.9999987,0.0309502786695476,3.99999935,258.4790523347147,22,Triclinic,P-1,False,11.749047833396125,"{'Ca': 6.0, 'Co': 4.0, 'O': 12.0}","['Ca', 'Co', 'O']",3,0.3653619966923008,8.037963927230617,0.995276760685377
mp-18776,CaCoP2O7,3.3617348217831067,0.0083395791883065,-2.7252688553896096,FM,6.0000691,0.0222510403936854,3.00003455,269.6534181701791,22,Triclinic,P-1,False,12.25697355318996,"{'Ca': 2.0, 'Co': 2.0, 'P': 4.0, 'O': 14.0}","['Ca', 'Co', 'O', 'P']",4,0.27427119812200235,6.033966358684052,0.994382259252197
mp-757029,MnCo3O8,5.003782669127582,0.045385805347224,-1.214570670660919,FM,12.0034544,0.0502742404017577,6.0017272,238.75953776877583,24,Hexagonal,P6_3mc,False,9.948314073698992,"{'Mn': 2.0, 'Co': 6.0, 'O': 16.0}","['Co', 'Mn', 'O']",3,0.5029779550644072,12.071470921545775,0.9943655150239914
mp-9403,Cr(PO3)3,2.9283420890717067,0.0174185935897455,-2.602262920943223,FM,18.0077333,0.0183195563299911,3.0012888833333338,982.9786800305492,78,Monoclinic,Cc,False,12.602290769622426,"{'Cr': 6.0, 'P': 18.0, 'O': 54.0}","['Cr', 'O', 'P']",3,0.232365856541766,18.124536810257748,0.9935555037085615
mp-1105077,Zr(Al2Fe)4,4.825075709537912,0.0,-0.4302664130769227,FM,4.4376471,0.0243085009425543,4.4376471,182.55535832863615,13,Tetragonal,I4/mmm,True,14.04271987143355,"{'Zr': 1.0, 'Al': 8.0, 'Fe': 4.0}","['Al', 'Fe', 'Zr']",3,0.3435997978819857,4.466797372465814,0.9934740105639218
mp-759445,V3CoNi2(PO4)6,3.405108419709144,0.0335619162731513,-2.410115628273809,FM,9.9984208,0.0228069268660027,9.9984208,438.39403961540177,36,Trigonal,R3,False,12.177612211538936,"{'V': 3.0, 'Co': 1.0, 'Ni': 2.0, 'P': 6.0, 'O': 24.0}","['Co', 'Ni', 'O', 'P', 'V']",5,0.2796203689654876,10.066333282757553,0.9932535034505684
mp-1043811,ZnFe(GeO3)2,4.925771445757665,0.0402627287499948,-1.9369517235000004,FM,16.0000438,0.0327296912712388,4.00001095,488.8541009263966,40,Monoclinic,P2_1/c,False,12.221352523159917,"{'Zn': 4.0, 'Fe': 4.0, 'Ge': 8.0, 'O': 24.0}","['Fe', 'Ge', 'O', 'Zn']",4,0.40304634339146544,16.12185373565862,0.9924444212398977
mp-26274,Mn(PO3)4,2.5389507923749517,0.0444321884313749,-2.38197710126485,FM,6.001802,0.0123733358964783,3.000901,485.059328398918,34,Monoclinic,C2/c,False,14.266450835262294,"{'Mn': 2.0, 'P': 8.0, 'O': 24.0}","['Mn', 'O', 'P']",3,0.17796653293049197,6.050862119636727,0.9918920446926871
mp-504372,Ni6P7O24,3.74203270206273,0.0253023598986583,-2.2100578381756755,FM,23.9674336,0.028338331885434,11.9837168,845.7602125945623,74,Monoclinic,P2_1/m,False,11.42919206208868,"{'Ni': 12.0, 'P': 14.0, 'O': 48.0}","['Ni', 'O', 'P']",3,0.32741008128433496,24.22834601504079,0.9892311090951559
mp-542151,V2Ni3O8,4.9207916257955695,0.0,-1.871799676153845,FM,11.9999975,0.0437981235756981,5.99999875,273.9842833508586,26,Orthorhombic,Cmce,True,10.5378570519561,"{'V': 4.0, 'Ni': 6.0, 'O': 16.0}","['Ni', 'O', 'V']",3,0.46696321667052243,12.141043633433583,0.9883827010517304
mp-1288318,Sr2MnNbO6,5.307522550273049,0.0057507662500029,-2.9891111275431044,FM,15.998114,0.0305037867135939,3.9995285,524.4632133777175,40,Orthorhombic,Pnma,False,13.111580334442936,"{'Sr': 8.0, 'Mn': 4.0, 'Nb': 4.0, 'O': 24.0}","['Mn', 'Nb', 'O', 'Sr']",4,0.4047965550217213,16.19186220086885,0.9880342237066188
mp-774831,Ti3V2Co(PO4)6,3.1949066182881403,0.0437149856481511,-2.7944097177182536,FM,8.9985893,0.0198038743547843,8.9985893,454.38529546245303,36,Trigonal,R3,False,12.621813762845916,"{'Ti': 3.0, 'V': 2.0, 'Co': 1.0, 'P': 6.0, 'O': 24.0}","['Co', 'O', 'P', 'Ti', 'V']",5,0.25312579303719385,9.112528549338979,0.9874964178469166
mp-1247605,Ca8Ti3Mn5O24,4.209338385205335,0.0273525874583349,-2.8908757264288787,FM,59.999997,0.0338621538122835,14.99999925,1771.8895653422662,160,Monoclinic,Pm,False,11.074309783389165,"{'Ca': 32.0, 'Ti': 12.0, 'Mn': 20.0, 'O': 96.0}","['Ca', 'Mn', 'O', 'Ti']",4,0.3800993892656952,60.81590228251123,0.9865840141823258
mp-1044277,CaTiMn(PO4)3,2.981506585914395,0.0148995314930733,-2.9099531719551632,FM,7.9996887,0.0167877270241809,3.99984435,476.5200606655868,36,Trigonal,R3c,False,13.236668351821857,"{'Ca': 2.0, 'Ti': 2.0, 'Mn': 2.0, 'P': 6.0, 'O': 24.0}","['Ca', 'Mn', 'O', 'P', 'Ti']",5,0.22524599896801292,8.108855962848466,0.9865372793216914
mp-1214659,Ba2V2FeO9,4.450847664367013,0.0471005078571487,-2.554018688928572,FM,8.0030061,0.018608460445746,4.00150305,430.07352076939264,28,Monoclinic,P2_1/m,False,15.35976859890688,"{'Ba': 4.0, 'V': 4.0, 'Fe': 2.0, 'O': 18.0}","['Ba', 'Fe', 'O', 'V']",4,0.28977309363135656,8.113646621677983,0.9863636504229338
mp-1045788,MgCr(PO3)4,2.855317054052146,0.0149214735745664,-2.6901528243650787,FM,7.9996297,0.0175367769687141,3.99981485,456.1630517552608,36,Monoclinic,C2/c,False,12.67119588209058,"{'Mg': 2.0, 'Cr': 2.0, 'P': 8.0, 'O': 24.0}","['Cr', 'Mg', 'O', 'P']",4,0.22533919297134697,8.11221094696849,0.9861220020405704
mp-2229489,MgVCrP2(HO5)2,3.2029487627845263,0.0,-2.5092302515756293,FM,5.0000002,0.0274610034569041,5.0000002,182.0763836196567,17,Triclinic,P-1,True,10.710375507038629,"{'Mg': 1.0, 'V': 1.0, 'Cr': 1.0, 'P': 2.0, 'H': 2.0, 'O': 10.0}","['Cr', 'H', 'Mg', 'O', 'P', 'V']",6,0.2990510239981425,5.083867407968422,0.9835032660692586
mp-1227755,Ca3MgFe2(CO3)6,3.0432999901437827,0.0016805239999815,-2.3468759728333337,FM,8.0001363,0.0237910323522137,8.0001363,336.2668833181422,30,Trigonal,P-3,False,11.20889611060474,"{'Ca': 3.0, 'Mg': 1.0, 'Fe': 2.0, 'C': 6.0, 'O': 18.0}","['C', 'Ca', 'Fe', 'Mg', 'O']",5,0.27150755615127126,8.145226684538137,0.9821870660992702
mp-1078887,Sr2MnNbO6,5.323660349563057,0.0309331030000024,-2.963928790793105,FM,3.9999946,0.0306001007505066,3.9999946,130.71834738759054,10,Cubic,Fm-3m,False,13.071834738759057,"{'Sr': 2.0, 'Mn': 1.0, 'Nb': 1.0, 'O': 6.0}","['Mn', 'Nb', 'O', 'Sr']",4,0.40726190744884266,4.0726190744884265,0.9821676240374754
mp-1218521,Sr3TaFeO7,5.989421460133058,0.0371952941666755,-3.0222028593611108,FM,4.9938252,0.0294487638900621,4.9938252,169.57673397236323,12,Tetragonal,I4mm,False,14.131394497696936,"{'Sr': 3.0, 'Ta': 1.0, 'Fe': 1.0, 'O': 7.0}","['Fe', 'O', 'Sr', 'Ta']",4,0.4238379631330216,5.086055557596259,0.9818660341886143
mp-1228444,BaFeP3H2O11,3.4810342775696452,0.0013931791666665,-2.506787597023809,FM,9.9990827,0.0225826756432313,4.99954135,442.77670449546673,36,Triclinic,P1,False,12.299352902651854,"{'Ba': 2.0, 'Fe': 2.0, 'P': 6.0, 'H': 4.0, 'O': 22.0}","['Ba', 'Fe', 'H', 'O', 'P']",5,0.2830258067332227,10.188929042396017,0.9813673898791455
mp-674336,Al2CoO4,4.285419981751976,0.0366731447619042,-2.8483966630952384,FM,17.999944,0.043767466404627,2.9999906666666667,411.26310199434073,42,Trigonal,P3m1,False,9.791978618912877,"{'Al': 12.0, 'Co': 6.0, 'O': 24.0}","['Al', 'Co', 'O']",3,0.43764597008768297,18.381130743682686,0.9792620623291255
mp-1244685,CaTiMn(PO4)3,2.993352935554546,0.0044136098264075,-2.9204390936218294,FM,7.9989162,0.0168528017339708,3.9994581,474.6342077873178,36,Monoclinic,Cc,False,13.184283549647716,"{'Ca': 2.0, 'Ti': 2.0, 'Mn': 2.0, 'P': 6.0, 'O': 24.0}","['Ca', 'Mn', 'O', 'P', 'Ti']",5,0.22703948411626268,8.173421428185456,0.9786496720230664
mp-26984,Mn(PO3)4,2.5578652470631544,0.0211404618137276,-2.405268827882497,FM,11.9983321,0.0124600389300336,2.999583025,962.9449929790518,68,Orthorhombic,Pbcn,False,14.160955779103702,"{'Mn': 4.0, 'P': 16.0, 'O': 48.0}","['Mn', 'O', 'P']",3,0.18062800893973635,12.282704607902073,0.9768477288203186
mp-1208471,Sr3MnBiO6,5.91600110415061,0.0003846835000018,-2.5807362650391856,FM,16.0003413,0.0228832308191932,4.000085325,699.2168818478095,44,Monoclinic,P2_1/c,False,15.891292769268398,"{'Sr': 12.0, 'Mn': 4.0, 'Bi': 4.0, 'O': 24.0}","['Bi', 'Mn', 'O', 'Sr']",4,0.3722794104952464,16.380294061790842,0.9768042771175194
mp-1245450,Ca8(MnN3)3,3.2247023669597943,0.0199675249999993,-0.9933447355646564,FM,16.0000256,0.0127029876136279,4.0000064,1259.5482327980037,80,Monoclinic,P2_1/c,False,15.744352909975044,"{'Ca': 32.0, 'Mn': 12.0, 'N': 36.0}","['Ca', 'Mn', 'N']",3,0.20481644341932537,16.38531547354603,0.9764856603360444
mp-1221778,MnV2P2(H4O7)2,2.715749185942001,0.0158469314021241,-1.9892597417487696,FM,6.9992232,0.0253912262081675,6.9992232,275.6551866624134,27,Tetragonal,I4/m,False,10.209451357867165,"{'Mn': 1.0, 'V': 2.0, 'P': 2.0, 'H': 8.0, 'O': 14.0}","['H', 'Mn', 'O', 'P', 'V']",5,0.2660034404149747,7.1820928912043165,0.9745381055390873
mp-1213459,FeSb(P2O7)2,3.3470446583331293,0.0,-2.4044233794285703,FM,20.0024604,0.0191809458391498,5.0006151,1042.8297211065258,80,Orthorhombic,Pna2_1,True,13.035371513831572,"{'Fe': 4.0, 'Sb': 4.0, 'P': 16.0, 'O': 56.0}","['Fe', 'O', 'P', 'Sb']",4,0.256766341855439,20.54130734843512,0.9737676410125781
mp-1247714,SrCa7Ti3Mn5O24,4.32607896209658,0.0348811827083386,-2.882794022991379,FM,59.9999119,0.0333876430501784,14.999977975,1797.0694070805114,160,Triclinic,P1,False,11.231683794253197,"{'Sr': 4.0, 'Ca': 28.0, 'Ti': 12.0, 'Mn': 20.0, 'O': 96.0}","['Ca', 'Mn', 'O', 'Sr', 'Ti']",5,0.3851674460698459,61.626791371175344,0.9736011005120042
mp-778386,Ni7(P2O7)4,3.775409119775301,0.0332197076744176,-2.1752737051661133,FM,27.9179648,0.0286792230960458,13.9589824,973.4561046686516,86,Orthorhombic,C222_1,False,11.319257031030832,"{'Ni': 14.0, 'P': 16.0, 'O': 56.0}","['Ni', 'O', 'P']",3,0.3335385979331789,28.684319422253388,0.9732831512934956
mp-585392,Ni3P3O11,3.6268711606371657,0.0496675908088244,-2.1133128956722684,FM,20.0005845,0.0245420426510789,5.000146125,814.9519086228433,68,Monoclinic,P2_1/c,False,11.984586891512402,"{'Ni': 12.0, 'P': 12.0, 'O': 44.0}","['Ni', 'O', 'P']",3,0.30262796652638485,20.57870172379417,0.9719070118439144
mp-37621,Al2CoO4,4.305021759116478,0.0379991792857143,-2.847070628571428,FM,17.9971372,0.0439608054710581,2.9995228666666667,409.39052428983626,42,Monoclinic,Cm,False,9.747393435472292,"{'Al': 12.0, 'Co': 6.0, 'O': 24.0}","['Al', 'Co', 'O']",3,0.4416587662758979,18.549668183587713,0.970213430336367
mp-1192353,Sr2FeCu(PbO3)2,6.918545866761568,0.0044382229165753,-1.9865912883333336,FM,10.0050512,0.0258907352537763,5.0025256,386.43364516041214,24,Orthorhombic,Pmc2_1,False,16.101401881683838,"{'Sr': 4.0, 'Fe': 2.0, 'Cu': 2.0, 'Pb': 4.0, 'O': 12.0}","['Cu', 'Fe', 'O', 'Pb', 'Sr']",5,0.4296859315480949,10.312462357154278,0.9701903244339107
mp-26112,Cr(PO3)3,2.9640352133717713,0.0405502540384627,-2.579131260494506,FM,12.0067973,0.0185453864956454,3.001699325,647.4277202483346,52,Orthorhombic,P2_12_12_1,False,12.450533081698742,"{'Cr': 4.0, 'P': 12.0, 'O': 36.0}","['Cr', 'O', 'P']",3,0.23806492412189634,12.379376054338609,0.9699032687347736
mp-1191264,Sr2FeCu(PbO3)2,6.921395011951943,0.0,-1.99102951125,FM,10.0026222,0.0258951091147855,5.0013111,386.27457237817583,24,Orthorhombic,Pnc2,True,16.09477384909066,"{'Sr': 4.0, 'Fe': 2.0, 'Cu': 2.0, 'Pb': 4.0, 'O': 12.0}","['Cu', 'Fe', 'O', 'Pb', 'Sr']",5,0.4300399046826616,10.32095771238388,0.9691563979569534
mp-1195097,Mn(H15N8)2,1.1128510503358788,0.0099358628723393,-0.3681659667112994,FM,10.3102074,0.0111703986819387,5.1551037,922.9936812076744,94,Monoclinic,P2_1/c,False,9.81908171497526,"{'Mn': 2.0, 'H': 60.0, 'N': 32.0}","['H', 'Mn', 'N']",3,0.1133355524110416,10.65354192663791,0.9677727342697696
mp-1187205,Sr2FeCu(PbO3)2,6.927515242440227,0.0011933833332422,-1.989836127916666,FM,10.000802,0.0259132904573152,5.000401,385.9333115751342,24,Orthorhombic,Pmna,False,16.08055464896393,"{'Sr': 4.0, 'Fe': 2.0, 'Cu': 2.0, 'Pb': 4.0, 'O': 12.0}","['Cu', 'Fe', 'O', 'Pb', 'Sr']",5,0.4308007648782542,10.339218357078101,0.9672686710551552
mp-1048376,CaCoP2O7,3.4087128415949968,0.0220836960064882,-2.7115247385714283,FM,11.999942,0.0225616150763937,2.9999855,531.8742456764787,44,Monoclinic,P2_1/c,False,12.088051038101788,"{'Ca': 4.0, 'Co': 4.0, 'P': 8.0, 'O': 28.0}","['Ca', 'Co', 'O', 'P']",4,0.28199027542576244,12.407572118733547,0.9671466653723425
mp-1046422,SrZnCr(PO4)2,4.006195360323814,0.0350738272692181,-2.714811444175824,FM,7.9993792,0.0244313574048149,3.9996896,327.422626072487,26,Triclinic,P-1,False,12.593177925864884,"{'Sr': 2.0, 'Zn': 2.0, 'Cr': 2.0, 'P': 4.0, 'O': 16.0}","['Cr', 'O', 'P', 'Sr', 'Zn']",5,0.3181242561574205,8.271230660092934,0.9671328885307764
mp-1212730,FeAg(MoO4)2,5.371446729862772,0.0185668462083352,-1.690706718055555,FM,10.0007298,0.0334478339291333,5.0003649,298.99484137564093,24,Monoclinic,P2/c,False,12.458118390651704,"{'Fe': 2.0, 'Ag': 2.0, 'Mo': 4.0, 'O': 16.0}","['Ag', 'Fe', 'Mo', 'O']",4,0.43116035354852517,10.347848485164604,0.9664549895891636
mp-758167,Mn3Ga4P6(H2O5)6,3.095608691099841,0.0221154768787821,-2.134145235211822,FM,29.9984427,0.0249297320443563,14.99922135,1203.319901177642,110,Monoclinic,P2_1/c,False,10.939271828887655,"{'Mn': 6.0, 'Ga': 8.0, 'P': 12.0, 'H': 24.0, 'O': 60.0}","['Ga', 'H', 'Mn', 'O', 'P']",5,0.28298123856152624,31.127936241767888,0.9637144739376483
mp-1208246,Ti5CoSb2,6.480062008216305,0.0327462712499979,-0.4636525954166686,FM,5.7518883,0.0207148109222647,2.87594415,277.67032591244805,16,Tetragonal,I4/mcm,False,17.354395369528003,"{'Ti': 10.0, 'Co': 2.0, 'Sb': 4.0}","['Co', 'Sb', 'Ti']",3,0.37339601122574556,5.974336179611929,0.9627660926797095
mp-17577,Ca6MnN5,2.959594677712037,0.0,-1.000856399410921,FM,3.9999999,0.0097543331154318,1.99999995,410.07415398514337,24,Hexagonal,P6_3/mcm,True,17.086423082714308,"{'Ca': 12.0, 'Mn': 2.0, 'N': 10.0}","['Ca', 'Mn', 'N']",3,0.17321323856870594,4.157117725648942,0.9622051055519686
mp-1047787,Zn3Co3(AsO4)4,4.621988778205814,0.0371946986538747,-1.62496712673077,FM,18.0153189,0.026996951026973,9.00765945,667.3093891973448,52,Monoclinic,P2_1/c,False,12.832872869179708,"{'Zn': 6.0, 'Co': 6.0, 'As': 8.0, 'O': 32.0}","['As', 'Co', 'O', 'Zn']",4,0.36016789267088384,18.72873041888596,0.9619081751442928
mp-556182,Ba7Ca2Mn3Cr2O20,5.175800812230989,0.0022746895588268,-2.6651605915821497,FM,10.9988119,0.0210292054252805,10.9988119,523.0255579118384,34,Trigonal,R-3m,False,15.383104644465837,"{'Ba': 7.0, 'Ca': 2.0, 'Mn': 3.0, 'Cr': 2.0, 'O': 20.0}","['Ba', 'Ca', 'Cr', 'Mn', 'O']",5,0.3364600925400981,11.439643146363336,0.9614645980890167
mp-773130,Co(NO3)4,1.91692321142009,0.0,-0.7598921063235304,FM,7.9990894,0.0075208094452841,1.99977235,1063.5942125904803,68,Triclinic,P-1,True,15.641091361624714,"{'Co': 4.0, 'N': 16.0, 'O': 48.0}","['Co', 'N', 'O']",3,0.12255687068763277,8.333867206759027,0.9598292367212772
mp-780696,CaMnAs2(H3O5)2,2.9817131951183744,0.0143504473500044,-1.7841580222715514,FM,10.0004014,0.0218507892892632,5.0002007,457.6677422318049,40,Triclinic,P-1,False,11.441693555795124,"{'Ca': 2.0, 'Mn': 2.0, 'As': 4.0, 'H': 12.0, 'O': 20.0}","['As', 'Ca', 'H', 'Mn', 'O']",5,0.2606006864786342,10.424027459145368,0.9593606155772636
mp-1666380,Ca3CoRhO6,4.652770542672242,0.0182317465909029,-2.3665883759090915,FM,8.0001022,0.0296453716253946,4.0000511,269.86007465485767,22,Triclinic,P-1,False,12.266367029766258,"{'Ca': 6.0, 'Co': 2.0, 'Rh': 2.0, 'O': 12.0}","['Ca', 'Co', 'O', 'Rh']",4,0.37931121181859034,8.344846660008988,0.9586877417818704
mp-1042820,ZnFeAs2O7,4.692559486809562,0.0184004684090774,-1.7029775675000016,FM,16.0180957,0.0295397873734322,4.004523925,542.2549423766832,44,Monoclinic,P2_1/c,False,12.323975963106436,"{'Zn': 4.0, 'Fe': 4.0, 'As': 8.0, 'O': 28.0}","['As', 'Fe', 'O', 'Zn']",4,0.3807666860806449,16.753734187548375,0.9560910732309987
mp-777685,Ti3Fe2Cu(PO4)6,3.2752069164870545,0.0386888643287033,-2.692280293829365,FM,9.0013661,0.0199783634663172,9.0013661,450.555728209468,36,Trigonal,R3,False,12.515436894707443,"{'Ti': 3.0, 'Fe': 2.0, 'Cu': 1.0, 'P': 6.0, 'O': 24.0}","['Cu', 'Fe', 'O', 'P', 'Ti']",5,0.26169337467332693,9.420961488239769,0.9554615111458049
mp-1218844,Sr2FeCu(PbO3)2,6.981433782224306,0.0047350395832417,-1.9862944716666668,FM,5.0114006,0.0261724261729936,5.0114006,191.4763486913982,12,Monoclinic,P2/m,False,15.956362390949849,"{'Sr': 2.0, 'Fe': 1.0, 'Cu': 1.0, 'Pb': 2.0, 'O': 6.0}","['Cu', 'Fe', 'O', 'Pb', 'Sr']",5,0.4375329170377858,5.25039500445343,0.9544806811200467
mp-684826,CdFeSn(PO4)3,3.919642674093169,0.0,-2.382031356051586,FM,10.0003239,0.0206384214275264,5.00016195,484.5488757518089,36,Trigonal,R3c,True,13.459690993105802,"{'Cd': 2.0, 'Fe': 2.0, 'Sn': 2.0, 'P': 6.0, 'O': 24.0}","['Cd', 'Fe', 'O', 'P', 'Sn']",5,0.29121342206896517,10.483683194482746,0.9538941338157639
mp-22366,Nb2FeO6,5.392161987757613,0.0,-2.740847085000001,FM,16.0120152,0.0384970747280997,4.0030038,415.9281013711032,36,Orthorhombic,Pbcn,True,11.553558371419534,"{'Nb': 8.0, 'Fe': 4.0, 'O': 24.0}","['Fe', 'Nb', 'O']",3,0.46671006580071506,16.801562368825742,0.9530075149266656
mp-759681,CoP4O11,2.7079216958399854,0.0022212089062509,-2.4268744933482136,FM,12.0000139,0.0136342147776427,3.000003475,880.1397143660586,64,Monoclinic,P2_1/c,False,13.752183036969663,"{'Co': 4.0, 'P': 16.0, 'O': 44.0}","['Co', 'O', 'P']",3,0.19690849725896933,12.602143824574037,0.9522200402601428
mp-1044279,TiZnFe(PO4)3,3.495731544245965,0.0188278268672572,-2.6282727867923277,FM,10.0,0.0231829962547037,5.0,431.3506282852041,36,Trigonal,R3c,False,11.981961896811224,"{'Ti': 2.0, 'Zn': 2.0, 'Fe': 2.0, 'P': 6.0, 'O': 24.0}","['Fe', 'O', 'P', 'Ti', 'Zn']",5,0.2917495126717344,10.502982456182437,0.9521105116303071
mp-1046443,SrZnFe(PO4)2,4.0605582825388655,0.0225812043269231,-2.663923033021978,FM,8.0000257,0.0245258842976663,4.00001285,326.18704397790935,26,Triclinic,P-1,False,12.545655537611898,"{'Sr': 2.0, 'Zn': 2.0, 'Fe': 2.0, 'P': 4.0, 'O': 16.0}","['Fe', 'O', 'P', 'Sr', 'Zn']",5,0.32366250375401306,8.41522509760434,0.9506609279266292
mp-1216036,Zn3Co4(SbO6)2,6.137589158360052,0.0,-1.6700185473809517,FM,21.9193006,0.0466970727023444,10.9596503,469.3934615498833,42,Triclinic,P-1,True,11.176034798806745,"{'Zn': 6.0, 'Co': 8.0, 'Sb': 4.0, 'O': 24.0}","['Co', 'O', 'Sb', 'Zn']",4,0.549174127394034,23.06531335054943,0.9503144512657518
mp-18894,CaCo(SiO3)2,3.631223035421051,0.0106414208333331,-2.9495983190000006,FM,5.9999651,0.0261180006559863,2.99998255,229.72528330283112,20,Monoclinic,C2/c,False,11.486264165141556,"{'Ca': 2.0, 'Co': 2.0, 'Si': 4.0, 'O': 12.0}","['Ca', 'Co', 'O', 'Si']",4,0.31613612426232235,6.322722485246447,0.9489527832354535
mp-1043136,Cr4(CuO4)3,5.0686922675727555,0.0304738633881527,-1.587150263684211,FM,8.9732817,0.0463760236707661,8.9732817,193.4896739682415,19,Cubic,Im-3,False,10.18366705096008,"{'Cr': 4.0, 'Cu': 3.0, 'O': 12.0}","['Cr', 'Cu', 'O']",3,0.4977276105167732,9.456824599818692,0.9488683654101016
mp-14382,CaV2CoO7,3.685827558768856,0.0070672244318252,-2.4443254863636357,FM,24.0014005,0.0212833915783738,3.0001750625,1127.7056296040705,88,Monoclinic,P2_1/c,False,12.814836700046254,"{'Ca': 8.0, 'V': 16.0, 'Co': 8.0, 'O': 56.0}","['Ca', 'Co', 'O', 'V']",4,0.2876218905509387,25.310726368482605,0.9482699212412566
mp-767798,Ni17(AsO4)12,5.024934328131583,0.0309060090584472,-1.4918817540259743,FM,32.0002967,0.0363385598334582,32.0002967,880.6154356875795,77,Monoclinic,C2,False,11.436564099838694,"{'Ni': 17.0, 'As': 12.0, 'O': 48.0}","['As', 'Ni', 'O']",3,0.4393744733352613,33.83183444681512,0.9458634810449204
mp-1227073,CdCo3(PO3)8,3.3508959902361957,0.0,-2.397177636865079,FM,8.9999744,0.0197196845258973,8.9999744,456.3954554232626,36,Monoclinic,C2,True,12.677651539535072,"{'Cd': 1.0, 'Co': 3.0, 'P': 8.0, 'O': 24.0}","['Cd', 'Co', 'O', 'P']",4,0.26431519905610873,9.515347166019914,0.9458377338180205
mp-1101299,Ti3MnNi2(PO4)6,3.2826649999005664,0.0322672431712831,-2.734366823771894,FM,8.9752288,0.0200313336421239,8.9752288,448.05947324076067,36,Trigonal,R3,False,12.446096478910018,"{'Ti': 3.0, 'Mn': 1.0, 'Ni': 2.0, 'P': 6.0, 'O': 24.0}","['Mn', 'Ni', 'O', 'P', 'Ti']",5,0.26375056673094743,9.495020402314108,0.9452563996400234
mp-1216668,V3Zn2FeO11,3.958919521583395,0.0125476186764812,-2.127316360588236,FM,10.0028499,0.0231317640349269,5.00142495,432.42918632995617,34,Triclinic,P-1,False,12.718505480292828,"{'V': 6.0, 'Zn': 4.0, 'Fe': 2.0, 'O': 22.0}","['Fe', 'O', 'V', 'Zn']",4,0.3112723839855,10.583261055507,0.945157626513901
mp-26494,CrP2O7,2.820287857957283,0.033240590750009,-2.448404107928572,FM,7.9996699,0.0150336486979313,1.999917475,532.1176555828913,40,Monoclinic,P2_1/c,False,13.302941389572284,"{'Cr': 4.0, 'P': 8.0, 'O': 28.0}","['Cr', 'O', 'P']",3,0.21200483226724648,8.48019329068986,0.9433357974024706
mp-1227118,Ca6Co3RhO12,4.553948332471941,0.0318483970454535,-2.359387740454544,FM,8.0001661,0.03080752709139,8.0001661,259.6821898839086,22,Trigonal,R-3,False,11.803735903814028,"{'Ca': 6.0, 'Co': 3.0, 'Rh': 1.0, 'O': 12.0}","['Ca', 'Co', 'O', 'Rh']",4,0.38580567792951614,8.487724914449355,0.9425571847151474
mp-1228536,Ba2TiFeO6,5.788021094451567,0.0151441885833323,-2.816929195000001,FM,12.0139767,0.029426342133395,4.0046589,408.2728544899817,30,Trigonal,P3m1,False,13.609095149666055,"{'Ba': 6.0, 'Ti': 3.0, 'Fe': 3.0, 'O': 18.0}","['Ba', 'Fe', 'O', 'Ti']",4,0.4253053587176658,12.759160761529973,0.9415961538962053
mp-774043,MnV(P2O7)2,2.8310681786810727,0.0102535886666812,-2.499232703825122,FM,4.003471,0.0150420068019561,4.003471,266.15271836463825,20,Triclinic,P1,False,13.307635918231911,"{'Mn': 1.0, 'V': 1.0, 'P': 4.0, 'O': 14.0}","['Mn', 'O', 'P', 'V']",4,0.2127401287558832,4.2548025751176635,0.9409299090426745
mp-1226213,CrFe3B2,7.375771914292914,0.0472149829166657,-0.2830203580555555,FM,4.5969615,0.0846713331156433,4.5969615,54.29182854274318,6,Orthorhombic,Fmm2,False,9.048638090457198,"{'Cr': 1.0, 'Fe': 3.0, 'B': 2.0}","['B', 'Cr', 'Fe']",3,0.8151250873953608,4.890750524372165,0.9399296645968506
mp-1436443,CaCoP2O7,3.459273876489037,0.0171940705519437,-2.716414364025973,FM,6.0050496,0.0229156491063578,3.0025248,262.0501637168957,22,Triclinic,P-1,False,11.911371078040714,"{'Ca': 2.0, 'Co': 2.0, 'P': 4.0, 'O': 14.0}","['Ca', 'Co', 'O', 'P']",4,0.2904177742280571,6.389191033017256,0.9398763582068312
mp-1042739,CaCoAs2O7,3.9765607096078432,0.0153555754870069,-2.044447314318182,FM,11.9997998,0.0199088229281681,2.99994995,602.7377833082218,44,Monoclinic,P2_1/c,False,13.698585984277768,"{'Ca': 4.0, 'Co': 4.0, 'As': 8.0, 'O': 28.0}","['As', 'Ca', 'Co', 'O']",4,0.29028986744849783,12.772754167733904,0.9394841271049814
mp-2220540,Cr3O8,2.882546985021912,0.0466325330909098,-1.6523237163636355,FM,3.9995639,0.0122240982990797,1.99978195,327.1868241030999,22,Monoclinic,P2_1/c,False,14.872128368322723,"{'Cr': 6.0, 'O': 16.0}","['Cr', 'O']",2,0.1938220887846603,4.264085953262527,0.9379651216786246
mp-22829,CoB4O7,2.812165836970481,0.0331774014467605,-2.6060307412847217,FM,24.0060437,0.0237278137850163,3.0007554625,1011.7258976113246,96,Orthorhombic,Pbca,False,10.5388114334513,"{'Co': 8.0, 'B': 32.0, 'O': 56.0}","['B', 'Co', 'O']",3,0.2668389936311385,25.616543388589296,0.9371304838377733
mp-1041840,MgCo(SiO3)2,3.538861302848085,0.0068638559999936,-2.8448704740000004,FM,24.0001276,0.0271594660012781,3.00001595,883.6745022479653,80,Orthorhombic,Pbca,False,11.045931278099566,"{'Mg': 8.0, 'Co': 8.0, 'Si': 16.0, 'O': 48.0}","['Co', 'Mg', 'O', 'Si']",4,0.3203769074559135,25.63015259647308,0.936402056509902
mp-1292799,Sr2FeSnO6,5.659724147595282,0.0459397109999999,-2.3842310562499995,FM,16.189028,0.0309439152662659,4.047257,523.1732268104014,40,Orthorhombic,Fmmm,False,13.079330670260036,"{'Sr': 8.0, 'Fe': 4.0, 'Sn': 4.0, 'O': 24.0}","['Fe', 'O', 'Sn', 'Sr']",4,0.4327227661935669,17.308910647742678,0.9353002236516412
mp-734378,Ni2P2O7,4.137656220851478,0.0023086170454549,-2.2262167326623374,FM,16.0000009,0.0342121153991848,4.000000225,467.67061063932965,44,Monoclinic,P2_1/c,False,10.62887751453022,"{'Ni': 8.0, 'P': 8.0, 'O': 28.0}","['Ni', 'O', 'P']",3,0.38928440140504866,17.12851366182214,0.9341149626813511
mp-1246243,Ca8Mn3N8,3.240577437642853,0.0377590602117363,-0.969455304410164,FM,3.5689103,0.0116567380296632,3.5689103,306.16715335954945,19,Monoclinic,C2/m,False,16.114060703134182,"{'Ca': 8.0, 'Mn': 3.0, 'N': 8.0}","['Ca', 'Mn', 'N']",3,0.20110247176942564,3.820946963619087,0.9340381674964771
mp-29645,Nb2Cr4Si5,6.173731563785801,0.0,-0.3927196100000003,FM,9.7092389,0.0337854652942658,4.85461945,287.3791677999434,22,Orthorhombic,Ibam,True,13.062689445451973,"{'Nb': 4.0, 'Cr': 8.0, 'Si': 10.0}","['Cr', 'Nb', 'Si']",3,0.47262331310611577,10.397712888334548,0.9337860166241979
mp-24752,MgFe2P2(HO)18,2.311658682755142,0.0149686563414608,-1.679564737970384,FM,10.0025615,0.0276242814952087,10.0025615,362.09309196819754,41,Triclinic,P-1,False,8.831538828492622,"{'Mg': 1.0, 'Fe': 2.0, 'P': 2.0, 'H': 18.0, 'O': 18.0}","['Fe', 'H', 'Mg', 'O', 'P']",5,0.26175038434946213,10.731765758327947,0.9320517914060809
mp-1216981,TiFeBiPbO6,7.409445297465328,0.0256992462031231,-2.1793806683333345,FM,5.0000161,0.0362247748024167,5.0000161,138.02752749387463,10,Orthorhombic,Imm2,False,13.802752749387462,"{'Ti': 1.0, 'Fe': 1.0, 'Bi': 1.0, 'Pb': 1.0, 'O': 6.0}","['Bi', 'Fe', 'O', 'Pb', 'Ti']",5,0.5368092460972427,5.368092460972427,0.9314325593963875
mp-757448,Co11CuO16,5.551598806172374,0.0319265784523787,-1.258581100000001,FM,13.99992,0.0483624416264505,13.99992,289.4791811409109,28,Monoclinic,P2/m,False,10.33854218360396,"{'Co': 11.0, 'Cu': 1.0, 'O': 16.0}","['Co', 'Cu', 'O']",3,0.5369808148557668,15.03546281596147,0.9311266418176266
mp-1295905,Sr2FeSnO6,5.664121451683516,0.0460595107500001,-2.3841112565,FM,8.0703205,0.0308753976507825,4.03516025,261.3835323282206,20,Orthorhombic,Pmmm,False,13.069176616411031,"{'Sr': 4.0, 'Fe': 2.0, 'Sn': 2.0, 'O': 12.0}","['Fe', 'O', 'Sn', 'Sr']",4,0.4333954324690241,8.667908649380482,0.9310574010925698
mp-1295700,Sr2CoO4,5.223289909044106,0.0087573332142856,-2.3392689128571433,FM,10.0511802,0.0265086125633117,2.51279505,379.166588820682,28,Monoclinic,C2/m,False,13.541663886452929,"{'Sr': 8.0, 'Co': 4.0, 'O': 16.0}","['Co', 'O', 'Sr']",3,0.3857199493977606,10.800158583137296,0.9306511680016712
mp-1202358,SrFeBP2(HO5)2,3.4200984018533895,0.0076654161438076,-2.5188990329972,FM,9.9997214,0.0272262311263851,4.9998607,367.2826162967961,34,Triclinic,P-1,False,10.80242989108224,"{'Sr': 2.0, 'Fe': 2.0, 'B': 2.0, 'P': 4.0, 'H': 4.0, 'O': 20.0}","['B', 'Fe', 'H', 'O', 'P', 'Sr']",6,0.31660454511968583,10.764554534069319,0.9289489284810944
mp-1218407,Sr4MnRuO8,5.387805400310998,0.0157679678571431,-2.5955022512807884,FM,5.0146498,0.0256438515685674,5.0146498,195.54979042799584,14,Tetragonal,P4/mmm,False,13.967842173428275,"{'Sr': 4.0, 'Mn': 1.0, 'Ru': 1.0, 'O': 8.0}","['Mn', 'O', 'Ru', 'Sr']",4,0.3857292582071474,5.400209614900064,0.9286028057436435
mp-558201,ZrMn2Ag4(MoO4)6,4.571570188299999,0.0,-1.8955779727034805,FM,40.0955323,0.017332255334037,10.023883075,2313.347658873944,148,Orthorhombic,P2_12_12_1,True,15.630727424823949,"{'Zr': 4.0, 'Mn': 8.0, 'Ag': 16.0, 'Mo': 24.0, 'O': 96.0}","['Ag', 'Mn', 'Mo', 'O', 'Zr']",5,0.2924732844512186,43.28604609878035,0.9262923254413332
mp-1205606,Sr2CrMoO6,5.481728836050251,0.0470354992499988,-2.6429329689999994,FM,3.9953304,0.0314650457420679,3.9953304,126.9767866460894,10,Cubic,Fm-3m,False,12.69767866460894,"{'Sr': 2.0, 'Cr': 1.0, 'Mo': 1.0, 'O': 6.0}","['Cr', 'Mo', 'O', 'Sr']",4,0.4317111009691058,4.317111009691058,0.9254639019083075
mp-18086,SrCoAs2O7,4.263983918462858,0.0020002688636431,-2.066789350454546,FM,11.999231,0.0188617701985513,2.99980775,636.1667475368571,44,Monoclinic,P2_1/c,False,14.458335171292209,"{'Sr': 4.0, 'Co': 4.0, 'As': 8.0, 'O': 28.0}","['As', 'Co', 'O', 'Sr']",4,0.29491527675532275,12.9762721772342,0.9247055576602086
mp-698692,Sr12Co10O27,4.981725295053054,0.0250178555102014,-2.193160198469389,FM,15.9999997,0.0231580785997789,15.9999997,690.9035925006621,49,Triclinic,P1,False,14.100073316340042,"{'Sr': 12.0, 'Co': 10.0, 'O': 27.0}","['Co', 'O', 'Sr']",3,0.35331201358222164,17.31228866552886,0.9241989900421538
mp-1218365,SrCr2BiO6,6.6798600668829256,0.0499424999166748,-2.2924138080000005,FM,5.0001993,0.040504986002594,5.0001993,123.4465134657687,10,Trigonal,R3,False,12.344651346576873,"{'Sr': 1.0, 'Cr': 2.0, 'Bi': 1.0, 'O': 6.0}","['Bi', 'Cr', 'O', 'Sr']",4,0.5411137082243499,5.411137082243499,0.9240570371813385
mp-703231,CdFe2Sb2(PO4)6,3.903879168520422,0.0,-2.3524855407959193,FM,10.0,0.0226610714747767,10.0,441.2854004335439,35,Trigonal,R-3,True,12.608154298101256,"{'Cd': 1.0, 'Fe': 2.0, 'Sb': 2.0, 'P': 6.0, 'O': 24.0}","['Cd', 'Fe', 'O', 'P', 'Sb']",5,0.309631297033566,10.83709539617481,0.9227564798894101
mp-1195231,Ca2Mn2Si4H8O17,2.7761332786305086,0.038456538745792,-2.374654509117032,FM,7.9996853,0.0229626661287656,7.9996853,348.3778954560811,33,Monoclinic,C2,False,10.556905922911549,"{'Ca': 2.0, 'Mn': 2.0, 'Si': 4.0, 'H': 8.0, 'O': 17.0}","['Ca', 'H', 'Mn', 'O', 'Si']",5,0.2629684586471017,8.677959135354357,0.9218394757597969
mp-19519,Ni3(AsO4)2,5.390140791423978,0.0069018728846161,-1.5322841894230772,FM,23.9999999,0.042906617696814,5.999999975,559.3542718652012,52,Monoclinic,P2_1/c,False,10.756812920484638,"{'Ni': 12.0, 'As': 8.0, 'O': 32.0}","['As', 'Ni', 'O']",3,0.501090874338747,26.056725465614843,0.9210673816888867
mp-1078518,Sr2NiIrO6,6.865773840407955,0.0,-2.082495822,FM,4.9991988,0.0395865981191061,4.9991988,126.2851327855621,10,Tetragonal,I4/m,True,12.628513278556207,"{'Sr': 2.0, 'Ni': 1.0, 'Ir': 1.0, 'O': 6.0}","['Ir', 'Ni', 'O', 'Sr']",4,0.5436723776555988,5.436723776555988,0.919524148266891
mp-558963,HfNi5(BO5)2,6.03804755297725,0.0,-2.151686976712963,FM,40.0004306,0.0556362696714782,10.00010765,718.9632021736016,72,Orthorhombic,Pnma,True,9.985600030188913,"{'Hf': 4.0, 'Ni': 20.0, 'B': 8.0, 'O': 40.0}","['B', 'Hf', 'Ni', 'O']",4,0.6046754861723637,43.536635004410186,0.9187763499854325
mp-19188,Ba3Mn2O8,5.2736638010150445,0.0,-2.427450099297083,FM,7.9999998,0.0195482852900399,3.9999999,409.24304517266705,26,Trigonal,R-3m,True,15.740117122025657,"{'Ba': 6.0, 'Mn': 4.0, 'O': 16.0}","['Ba', 'Mn', 'O']",3,0.33504603302064606,8.711196858536798,0.9183582841616259
mp-19278,BaCoP2O7,4.075244821353595,0.0,-2.753409940389611,FM,6.0000042,0.0198877486351235,3.0000021,301.6934852748219,22,Triclinic,P-1,True,13.713340239764632,"{'Ba': 2.0, 'Co': 2.0, 'P': 4.0, 'O': 14.0}","['Ba', 'Co', 'O', 'P']",4,0.2971737556351581,6.537822623973478,0.9177373791082437
mp-1272179,Ba2MnNbO6,6.126422893211385,0.0045535961666658,-2.9635321102931043,FM,15.9994692,0.0284615816676319,3.9998673,562.1426590706826,40,Orthorhombic,Pnma,False,14.053566476767063,"{'Ba': 8.0, 'Mn': 4.0, 'Nb': 4.0, 'O': 24.0}","['Ba', 'Mn', 'Nb', 'O']",4,0.43593367586366094,17.437347034546438,0.9175403327296434
mp-1204059,Fe3Ag7(P2O7)4,4.557973737450959,0.0160445749456519,-2.0150742586697716,FM,60.004415,0.0254427414035251,15.00110375,2358.40997038496,184,Monoclinic,P2_1/c,False,12.81744549122261,"{'Fe': 12.0, 'Ag': 28.0, 'P': 32.0, 'O': 112.0}","['Ag', 'Fe', 'O', 'P']",4,0.3556070311024346,65.43169372284797,0.9170542834205616
mp-1222195,Mg3Fe(SiO4)2,3.4006164418027405,0.0021331224999991,-2.9834152924999993,FM,7.9998412,0.0261768868874552,3.9999206,305.6070507694237,28,Monoclinic,P2_1/c,False,10.91453752747942,"{'Mg': 6.0, 'Fe': 2.0, 'Si': 4.0, 'O': 16.0}","['Fe', 'Mg', 'O', 'Si']",4,0.31156761642360414,8.723893259860915,0.9170035627106631
mp-1222201,Mg3Fe(SiO4)2,3.401926522714614,0.001083945714285,-2.984464469285714,FM,7.9999872,0.0261874494042531,3.9999936,305.48936158328945,28,Orthorhombic,Pmc2_1,False,10.910334342260338,"{'Mg': 6.0, 'Fe': 2.0, 'Si': 4.0, 'O': 16.0}","['Fe', 'Mg', 'O', 'Si']",4,0.31180772430937465,8.73061628066249,0.9163141458546555
mp-1218818,Sr2FeSnO6,5.691371414374448,0.0460386377499988,-2.3841321295000006,FM,4.0064176,0.0308029534253004,4.0064176,130.0660214195327,10,Tetragonal,P4/mmm,False,13.00660214195327,"{'Sr': 2.0, 'Fe': 1.0, 'Sn': 1.0, 'O': 6.0}","['Fe', 'O', 'Sn', 'Sr']",4,0.4375755752547179,4.375755752547179,0.9155944313545875
mp-1275240,Ba2MnNbO6,6.14044263287311,0.0051750654166653,-2.9629106410431048,FM,16.0006208,0.028528766585119,4.0001552,560.8591858417774,40,Monoclinic,C2/c,False,14.021479646044437,"{'Ba': 8.0, 'Mn': 4.0, 'Nb': 4.0, 'O': 24.0}","['Ba', 'Mn', 'Nb', 'O']",4,0.4379311447779603,17.517245791118413,0.9134210360919083
mp-752800,TiCo(PO4)2,3.353284112948951,0.0343233754687624,-2.6861976050099208,FM,12.0001103,0.0204157874425259,3.000027575,587.7858169214597,48,Monoclinic,P2_1/m,False,12.245537852530411,"{'Ti': 4.0, 'Co': 4.0, 'P': 8.0, 'O': 32.0}","['Co', 'O', 'P', 'Ti']",4,0.27383722571696023,13.144186834414091,0.9129595045454868
mp-27157,V2Ni2O7,4.463030557495435,0.0037628649999952,-1.9676189961363648,FM,15.9999978,0.0324537102670109,3.99999945,493.0098182414584,44,Monoclinic,P2_1/c,False,11.204768596396782,"{'V': 8.0, 'Ni': 8.0, 'O': 28.0}","['Ni', 'O', 'V']",3,0.398315281489227,17.52587238552599,0.9129358840484222
mp-1198118,FeH10N3O14,1.980668566971594,0.0027843405357144,-1.1230946113392863,FM,10.1807723,0.0182919056616824,5.09038615,556.5725347756689,56,Triclinic,P-1,False,9.938795263851231,"{'Fe': 2.0, 'H': 20.0, 'N': 6.0, 'O': 28.0}","['Fe', 'H', 'N', 'O']",4,0.19928658498234275,11.160048759011193,0.9122515967306616
mp-557296,Sr2MnSbO6,5.711312982880279,0.0199641990000003,-2.5672257067931037,FM,4.0000882,0.0307143953317938,4.0000882,130.23496496638916,10,Tetragonal,I4/mmm,False,13.023496496638916,"{'Sr': 2.0, 'Mn': 1.0, 'Sb': 1.0, 'O': 6.0}","['Mn', 'O', 'Sb', 'Sr']",4,0.43853914226139235,4.385391422613924,0.9121393769716769
mp-1199758,FeH8N3O13,2.1395024861332557,0.0,-1.1073840668999992,FM,19.9999994,0.0205217110604262,4.99999985,974.5775749941068,100,Monoclinic,P2_1/c,True,9.745775749941068,"{'Fe': 4.0, 'H': 32.0, 'N': 12.0, 'O': 52.0}","['Fe', 'H', 'N', 'O']",4,0.21953126575338994,21.953126575338995,0.9110319357638544
mp-2219051,MgCo3NiO8,4.575391862695874,0.0454001392307619,-1.3800813580769238,FM,5.001347,0.0355357930731463,5.001347,140.7411110737083,13,Trigonal,R-3m,False,10.826239313362178,"{'Mg': 1.0, 'Co': 3.0, 'Ni': 1.0, 'O': 8.0}","['Co', 'Mg', 'Ni', 'O']",4,0.422620610007091,5.494067930092183,0.9103176487146354
mp-1307814,Sr3(CoO3)2,5.364290437962548,0.0012251013636364,-2.3148088631818173,FM,8.0000115,0.0271055289793873,4.00000575,295.14316086890125,22,Monoclinic,Cc,False,13.415598221313694,"{'Sr': 6.0, 'Co': 4.0, 'O': 12.0}","['Co', 'O', 'Sr']",3,0.39985473248894454,8.79680411475678,0.9094224897630552
mp-1210020,Ni3BO5,5.487285414070191,0.0,-1.646923544351854,FM,20.0001594,0.0619088226631252,5.00003985,323.0583063876077,36,Orthorhombic,Pbam,True,8.973841844100214,"{'Ni': 12.0, 'B': 4.0, 'O': 20.0}","['B', 'Ni', 'O']",3,0.6114756098223156,22.013121953603363,0.9085562439600323
mp-1233803,Ba2MgFe2B2(P2O9)2,3.8320460832799506,0.0408823448275672,-2.821870807651889,FM,8.0024473,0.0218767157083838,8.0024473,365.7974719182014,29,Triclinic,P1,False,12.61370592821384,"{'Ba': 2.0, 'Mg': 1.0, 'Fe': 2.0, 'B': 2.0, 'P': 4.0, 'O': 18.0}","['B', 'Ba', 'Fe', 'Mg', 'O', 'P']",6,0.30380017618046584,8.81020510923351,0.9083156635721295
mp-2218822,MgCo3NiO8,4.578910591978873,0.0459431415384541,-1.379538355769232,FM,4.9934292,0.0355068208925004,4.9934292,140.63295655553003,13,Trigonal,R-3m,False,10.817919735040771,"{'Mg': 1.0, 'Co': 3.0, 'Ni': 1.0, 'O': 8.0}","['Co', 'Mg', 'Ni', 'O']",4,0.4232708971898852,5.5025216634685075,0.9074801528091391
mp-1228414,Ba2MnNbO6,6.163646822649236,0.0273755526666672,-2.940710153793104,FM,4.0000187,0.028635597086369,4.0000187,139.68693189582763,10,Cubic,Fm-3m,False,13.968693189582762,"{'Ba': 2.0, 'Mn': 1.0, 'Nb': 1.0, 'O': 6.0}","['Ba', 'Mn', 'Nb', 'O']",4,0.44124720465947476,4.412472046594748,0.9065255615810526
mp-1218763,Sr2MnSbO6,5.726110435125269,0.0,-2.587189905793104,FM,3.9960282,0.0307627181264256,3.9960282,129.89841091341515,10,Tetragonal,I4/m,True,12.989841091341514,"{'Sr': 2.0, 'Mn': 1.0, 'Sb': 1.0, 'O': 6.0}","['Mn', 'O', 'Sb', 'Sr']",4,0.4408145099590214,4.408145099590214,0.9065101328836648
mp-21976,Ca5Cr3O12,3.169520784594136,0.0257128388749983,-2.7067932513749993,FM,15.9998878,0.0139228098904605,3.99997195,1149.1852525374609,80,Orthorhombic,Pnma,False,14.36481565671826,"{'Ca': 20.0, 'Cr': 12.0, 'O': 48.0}","['Ca', 'Cr', 'O']",3,0.2206447239099645,17.651577912797162,0.9064281889722896
mp-1199861,Ni2As2O7,4.794040055084645,0.0250304797727336,-1.5392934936363645,FM,12.000061,0.0304520744614151,4.0000203333333335,394.06382692269153,33,Triclinic,P1,False,11.94132808856641,"{'Ni': 6.0, 'As': 6.0, 'O': 21.0}","['As', 'Ni', 'O']",3,0.40146623721651575,13.24838582814502,0.9057753265689874
mp-1044357,MgTiMn(PO4)3,3.0543640305588498,0.0296341451388926,-2.818535861955164,FM,7.9993974,0.0178556770901537,3.9996987,448.0030278107543,36,Trigonal,R3c,False,12.444528550298733,"{'Mg': 2.0, 'Ti': 2.0, 'Mn': 2.0, 'P': 6.0, 'O': 24.0}","['Mg', 'Mn', 'O', 'P', 'Ti']",5,0.2454383079450229,8.835779086020825,0.9053414896549336
mp-1222159,Mg4FeO5,4.135916960498264,0.0032248810000021,-2.723726332499999,FM,8.0000001,0.0427475511116168,4.00000005,187.14522567881008,20,Trigonal,R-3m,False,9.357261283940504,"{'Mg': 8.0, 'Fe': 2.0, 'O': 10.0}","['Fe', 'Mg', 'O']",3,0.44200079863074615,8.840015972614923,0.9049757517161542
mp-1278519,Ba2MnNbO6,6.17091269597839,0.0165027581666645,-2.9515829482931055,FM,16.0006634,0.0286704081704549,4.00016585,558.0898362126841,40,Tetragonal,I4_1/amd,False,13.952245905317104,"{'Ba': 8.0, 'Mn': 4.0, 'Nb': 4.0, 'O': 24.0}","['Ba', 'Mn', 'Nb', 'O']",4,0.4422881260734301,17.691525042937204,0.9044253314039635
mp-1227136,Ca4ZnFe3(SiO3)8,3.714419448102413,0.0187043105625068,-3.0144740885000005,FM,11.9999998,0.0267909190404791,11.9999998,447.9129581881405,40,Monoclinic,P2,False,11.197823954703512,"{'Ca': 4.0, 'Zn': 1.0, 'Fe': 3.0, 'Si': 8.0, 'O': 24.0}","['Ca', 'Fe', 'O', 'Si', 'Zn']",5,0.33170904125012746,13.268361650005097,0.9044070486272425
mp-1205427,BaV2Ni3(HO5)2,4.430555445843103,0.0,-2.017501866250001,FM,6.0000585,0.0277308348778222,6.0000585,216.36775547636128,18,Monoclinic,C2/m,True,12.020430859797848,"{'Ba': 1.0, 'V': 2.0, 'Ni': 3.0, 'H': 2.0, 'O': 10.0}","['Ba', 'H', 'Ni', 'O', 'V']",5,0.36858541074937917,6.634537393488825,0.9043672744822409
mp-17520,Ba2CrO4,5.411010872628892,0.0,-2.7318941014285727,FM,8.0,0.0166829954941988,2.0,479.5301900538086,28,Orthorhombic,Pnma,True,17.12607821620745,"{'Ba': 8.0, 'Cr': 4.0, 'O': 16.0}","['Ba', 'Cr', 'O']",3,0.3159515450249505,8.846643260698613,0.9042977957006764
mp-1048235,MgCoP2O7,3.4227638756187257,0.0129207260227328,-2.61165304198052,FM,11.9999413,0.0240440274365762,2.999985325,499.0819999541948,44,Monoclinic,P2_1/c,False,11.3427727262317,"{'Mg': 4.0, 'Co': 4.0, 'P': 8.0, 'O': 28.0}","['Co', 'Mg', 'O', 'P']",4,0.30175724738829685,13.27731888508506,0.9037925053890218
mp-26512,Ni4(PO4)3,4.303357382472536,0.0416758673026267,-2.0479954844172927,FM,13.9990512,0.0349047471594311,6.9995256,401.0643920741743,38,Tetragonal,I-42d,False,10.554326107215116,"{'Ni': 8.0, 'P': 6.0, 'O': 24.0}","['Ni', 'O', 'P']",3,0.40773397929505784,15.493891213212198,0.903520684853041
mp-1194871,SrCoAsHO5,4.538014769307582,0.0,-2.0701119715277776,FM,11.9998332,0.0271041468109819,2.9999583,442.7305269442364,36,Orthorhombic,P2_12_12_1,True,12.298070192895455,"{'Sr': 4.0, 'Co': 4.0, 'As': 4.0, 'H': 4.0, 'O': 20.0}","['As', 'Co', 'H', 'O', 'Sr']",5,0.3690021847435197,13.284078650766709,0.903324461972183
mp-18792,Ca3(CoO3)2,4.515953754215628,0.0058546002272734,-2.3917975522727275,FM,8.0241578,0.0326585989739521,4.0120789,245.69816379446956,22,Trigonal,R-3c,False,11.168098354294072,"{'Ca': 6.0, 'Co': 4.0, 'O': 12.0}","['Ca', 'Co', 'O']",3,0.4043619254552203,8.895962360014847,0.9019999720397431
mp-1291543,Ca3(CoO3)2,4.520337374403612,0.0241984575000016,-2.3734536949999994,FM,8.0228362,0.0326849163804774,4.0114181,245.459896748948,22,Monoclinic,C2/c,False,11.15726803404309,"{'Ca': 6.0, 'Co': 4.0, 'O': 12.0}","['Ca', 'Co', 'O']",3,0.405147331820939,8.913241300060658,0.9001031083883482
mp-1216705,V2Cu3NiO6,5.3576189508746,0.0059801033333419,-1.6193945612499998,FM,9.9999757,0.0360727614632154,4.99998785,277.21680554446345,24,Monoclinic,C2/m,False,11.550700231019311,"{'V': 4.0, 'Cu': 6.0, 'Ni': 2.0, 'O': 12.0}","['Cu', 'Ni', 'O', 'V']",4,0.4638349921407152,11.132039811377165,0.8983057794834535
mp-19514,Sr2CrO4,4.68812523727896,0.0,-2.788419930178571,FM,15.9999992,0.0193882429389776,1.9999999,825.2423517880527,56,Orthorhombic,Pna2_1,True,14.736470567643796,"{'Sr': 16.0, 'Cr': 8.0, 'O': 32.0}","['Cr', 'O', 'Sr']",3,0.31813080450704834,17.815325052394705,0.8981031304758207
mp-1201303,MnP3(HO2)6,2.309171183766015,0.0184406789204416,-2.0214522911072548,FM,8.0613444,0.0162044478211701,4.0306722,497.4772660545916,44,Monoclinic,P2/c,False,11.306301501240718,"{'Mn': 2.0, 'P': 6.0, 'H': 12.0, 'O': 24.0}","['H', 'Mn', 'O', 'P']",4,0.20423753811205317,8.98645167693034,0.8970553328289474
mp-1275560,V2Cu3NiO6,5.362827092131374,0.0041535733333422,-1.6212210912499998,FM,9.9999983,0.0361079093976787,4.99999915,276.94758480375646,24,Monoclinic,C2,False,11.53948270015652,"{'V': 4.0, 'Cu': 6.0, 'Ni': 2.0, 'O': 12.0}","['Cu', 'Ni', 'O', 'V']",4,0.46473721842475946,11.153693242194226,0.8965638630055004
mp-1076827,Sr7CaTi3Mn5O24,5.099417536638044,0.0343353880833348,-2.866788380991379,FM,15.4225595,0.0325355079500212,15.4225595,474.0223980425035,40,Monoclinic,Cm,False,11.850559951062587,"{'Sr': 7.0, 'Ca': 1.0, 'Ti': 3.0, 'Mn': 5.0, 'O': 24.0}","['Ca', 'Mn', 'O', 'Sr', 'Ti']",5,0.4303102602489937,17.212410409959748,0.8960139302207161
mp-1105877,Si2Ni3H4O9,3.6176026972911,0.0,-1.9527404355555555,FM,5.9999998,0.0343733854415337,5.9999998,174.55364733291958,18,Trigonal,P31m,True,9.697424851828863,"{'Si': 2.0, 'Ni': 3.0, 'H': 4.0, 'O': 9.0}","['H', 'Ni', 'O', 'Si']",4,0.37304776809988344,6.714859825797902,0.8935405884347024
mp-17107,SrCoP2O7,3.845341617605942,0.0,-2.7626501047077925,FM,12.0,0.0216762308739689,3.0,553.6017802066696,44,Monoclinic,P2_1/c,True,12.581858641060672,"{'Sr': 4.0, 'Co': 4.0, 'P': 8.0, 'O': 28.0}","['Co', 'O', 'P', 'Sr']",4,0.30562587987252837,13.447538714391248,0.8923566055368835
mp-759495,Cr(PO3)3,3.0937683249343624,0.0357514301923096,-2.5839300843406594,FM,12.0034908,0.0193517704399433,3.0008727,620.2786890869683,52,Orthorhombic,P2_12_12_1,False,11.928436328595543,"{'Cr': 4.0, 'P': 12.0, 'O': 36.0}","['Cr', 'O', 'P']",3,0.25936076110141953,13.486759577273816,0.8900203737765717
mp-548149,Sr2MnSbO6,5.783080970787015,0.025500289,-2.561689616793104,FM,3.9985696,0.0310885434404728,3.9985696,128.61875010826137,10,Cubic,Fm-3m,False,12.861875010826136,"{'Sr': 2.0, 'Mn': 1.0, 'Sb': 1.0, 'O': 6.0}","['Mn', 'O', 'Sb', 'Sr']",4,0.4496296975300462,4.496296975300462,0.8893028245165676
mp-559166,Sr2UFeO6,6.497502952097684,0.0126683340000042,-3.175285625,FM,8.0000172,0.027696512174402,4.0000086,288.84565499167303,20,Monoclinic,P2_1/c,False,14.44228274958365,"{'Sr': 4.0, 'U': 2.0, 'Fe': 2.0, 'O': 12.0}","['Fe', 'O', 'Sr', 'U']",4,0.44989445676688455,8.99788913533769,0.8890993298173995
mp-761404,Co5CuO8,6.090339118409322,0.0144361718622478,-1.2565020196428571,FM,16.0098955,0.0603850618409967,8.00494775,265.13006713740816,28,Trigonal,R-3m,False,9.46893096919315,"{'Co': 10.0, 'Cu': 2.0, 'O': 16.0}","['Co', 'Cu', 'O']",3,0.6431918384687814,18.009371477125878,0.8889758046434069
mp-1218412,Sr4TaFeO8,5.841885363046942,0.0,-3.065108938380952,FM,5.0000338,0.0245928028441391,5.0000338,203.3128892094372,14,Orthorhombic,Cmmm,True,14.522349229245515,"{'Sr': 4.0, 'Ta': 1.0, 'Fe': 1.0, 'O': 8.0}","['Fe', 'O', 'Sr', 'Ta']",4,0.40226861858427077,5.631760660179791,0.8878278218308334
mp-1192650,V2FeAg3O8,5.39280995563928,0.0211867530357094,-1.5874047628571424,FM,10.0004787,0.0266505280484772,5.00023935,375.24504887142024,28,Monoclinic,C2/c,False,13.401608888265008,"{'V': 4.0, 'Fe': 2.0, 'Ag': 6.0, 'O': 16.0}","['Ag', 'Fe', 'O', 'V']",4,0.40240018945497236,11.267205304739226,0.8875740194237507
mp-1068250,Ca(FeSi)2,4.490344312632246,0.0099418238749997,-0.4195225159999999,FM,1.2947824,0.0168380339779333,1.2947824,76.89629333785895,5,Tetragonal,I4/mmm,False,15.37925866757179,"{'Ca': 1.0, 'Fe': 2.0, 'Si': 2.0}","['Ca', 'Fe', 'Si']",3,0.29197404177227615,1.4598702088613806,0.8869161053775184
mp-570149,Ca14MnBi11,5.840215952644733,0.0,-0.9956712189224172,FM,16.8915857,0.0050954122246571,4.222896425,3315.0577333586475,104,Tetragonal,I4_1/acd,True,31.875555128448532,"{'Ca': 56.0, 'Mn': 4.0, 'Bi': 44.0}","['Bi', 'Ca', 'Mn']",3,0.18321927035028837,19.05480411642999,0.886473857027753
mp-1229261,Ca17Ni19(PO4)24,3.45309530018181,0.0326485193287036,-2.652096612124543,FM,37.999999,0.0193878106979373,37.999999,1959.9943279847896,156,Triclinic,P1,False,12.564066205030702,"{'Ca': 17.0, 'Ni': 19.0, 'P': 24.0, 'O': 96.0}","['Ca', 'Ni', 'O', 'P']",4,0.2748389927139334,42.874882863373614,0.8862997741846185
mp-26974,CrP2O7,2.9099354213175896,0.0254343572500088,-2.4562103414285716,FM,3.9993966,0.0155098184101935,1.9996983,257.8622453356045,20,Monoclinic,P2_1,False,12.893112266780223,"{'Cr': 2.0, 'P': 4.0, 'O': 14.0}","['Cr', 'O', 'P']",3,0.225696896226925,4.513937924538499,0.8860105448634175
mp-1147774,Ba2NiRuO6,6.304148302492804,0.0259321895000024,-2.068848193000001,FM,15.9818678,0.0285976305301437,3.99546695,558.8528666091446,40,Hexagonal,P6_3/mmc,False,13.971321665228617,"{'Ba': 8.0, 'Ni': 4.0, 'Ru': 4.0, 'O': 24.0}","['Ba', 'Ni', 'O', 'Ru']",4,0.45122061130282104,18.048824452112843,0.8854797076897227
mp-1303642,Sr3NbCoO7,5.147427875797404,0.0484458524999995,-2.807642212916667,FM,3.8608995,0.0227232352298093,3.8608995,169.9097624503351,12,Monoclinic,Cm,False,14.159146870861258,"{'Sr': 3.0, 'Nb': 1.0, 'Co': 1.0, 'O': 7.0}","['Co', 'Nb', 'O', 'Sr']",4,0.3635408208379084,4.362489850054901,0.8850220018165569
mp-18252,SrNi2(PO4)2,4.190308244725715,0.0027060550641033,-2.5252928884065935,FM,7.9999676,0.0255572140917487,3.9999838,313.02189555092536,26,Triclinic,P-1,False,12.03930367503559,"{'Sr': 2.0, 'Ni': 4.0, 'P': 4.0, 'O': 16.0}","['Ni', 'O', 'P', 'Sr']",4,0.3480523756049644,9.049361765729074,0.8840366654692439
mp-1275487,Ca2FeWO6,5.602481599989954,0.0,-2.6725096290000003,FM,8.0009437,0.0324577949879711,4.00047185,246.50299575079433,20,Monoclinic,P2_1/c,True,12.325149787539717,"{'Ca': 4.0, 'Fe': 2.0, 'W': 2.0, 'O': 12.0}","['Ca', 'Fe', 'O', 'W']",4,0.45455687732524447,9.09113754650489,0.8800816904454365
mp-759517,V3FeCu2(PO4)6,3.3714405942241155,0.0175433412500174,-2.3897460360515876,FM,8.6177654,0.0193210008642438,8.6177654,446.0310032876366,36,Trigonal,R3,False,12.38975009132324,"{'V': 3.0, 'Fe': 1.0, 'Cu': 2.0, 'P': 6.0, 'O': 24.0}","['Cu', 'Fe', 'O', 'P', 'V']",5,0.27211530251810284,9.796150890651703,0.8797093364725307
mp-1215735,Zn10Fe3,7.471618090889509,0.0060045394722711,-0.0331919776923071,FM,12.1590153,0.033293567298326,6.07950765,365.2061430080315,26,Orthorhombic,Fmm2,False,14.04639011569352,"{'Zn': 20.0, 'Fe': 6.0}","['Fe', 'Zn']",2,0.531924432494705,13.83003524486233,0.87917457076018
mp-1208869,Sr2CoSbO6,5.856686300989736,0.0140001035000185,-2.3618338050000007,FM,8.0009378,0.031220724773009,4.0004689,256.27008527735984,20,Monoclinic,P2_1/c,False,12.813504263867992,"{'Sr': 4.0, 'Co': 2.0, 'Sb': 2.0, 'O': 12.0}","['Co', 'O', 'Sb', 'Sr']",4,0.4570713975180578,9.141427950361155,0.8752393874836484
mp-17561,MnNb2Zn2O8,5.296007935099251,0.0231985446153775,-2.5159291436870035,FM,10.0002321,0.0319218810223537,5.00011605,313.27201843140733,26,Monoclinic,C2/c,False,12.04892378582336,"{'Mn': 2.0, 'Nb': 4.0, 'Zn': 4.0, 'O': 16.0}","['Mn', 'Nb', 'O', 'Zn']",4,0.43954198974438524,11.428091733354016,0.87505703780915
mp-505751,Mn2In2O7,6.512653559525557,0.0001405584848424,-1.9003598490177636,FM,11.9707875,0.0519919684386075,5.98539375,230.24301367114396,22,Cubic,Fd-3m,False,10.465591530506543,"{'Mn': 4.0, 'In': 4.0, 'O': 14.0}","['In', 'Mn', 'O']",3,0.6222919689289974,13.690423316437943,0.8743913335117114
mp-771886,Ti3MnCr(PO4)6,2.9842105683404565,0.0191669844166586,-2.8459874758796606,FM,7.0013021,0.0153374426229502,7.0013021,456.484322198771,35,Trigonal,R3,False,13.04240920567917,"{'Ti': 3.0, 'Mn': 1.0, 'Cr': 1.0, 'P': 6.0, 'O': 24.0}","['Cr', 'Mn', 'O', 'P', 'Ti']",5,0.2288082302341055,8.008288058193692,0.8742570258616769
mp-1078758,Sr2NiRuO6,5.730748827099283,0.0,-2.1422981304999995,FM,8.0151053,0.0320896103866473,4.00755265,249.7725962835352,20,Cubic,Fm-3m,True,12.48862981417676,"{'Sr': 4.0, 'Ni': 2.0, 'Ru': 2.0, 'O': 12.0}","['Ni', 'O', 'Ru', 'Sr']",4,0.4588773077887127,9.177546155774255,0.8733385987884267
mp-1043607,CaCo(Si2O5)2,2.8874601418115176,0.0356097435416682,-3.0418518478124996,FM,12.0818943,0.0141436595101247,3.020473575,854.22689165779,64,Tetragonal,P4/ncc,False,13.347295182152967,"{'Ca': 4.0, 'Co': 4.0, 'Si': 16.0, 'O': 40.0}","['Ca', 'Co', 'O', 'Si']",4,0.2163329800087451,13.845310720559686,0.8726343918059499
mp-554705,Ni2P2O7,4.282870483867135,0.0,-2.228525349707793,FM,8.0000002,0.035412815089972,4.0000001,225.9069260569849,22,Monoclinic,P2_1/c,True,10.26849663895386,"{'Ni': 4.0, 'P': 4.0, 'O': 14.0}","['Ni', 'O', 'P']",3,0.4170883659463775,9.175944050820306,0.8718449192467363
mp-1291942,Sr2CoO4,5.229081535196802,0.0182131275000001,-2.329813118571429,FM,9.4346279,0.0249101301915871,2.358656975,378.74663148835486,28,Orthorhombic,Pmmn,False,13.526665410298389,"{'Sr': 8.0, 'Co': 4.0, 'O': 16.0}","['Co', 'O', 'Sr']",3,0.3865758024306341,10.824122468057755,0.8716298182916734
mp-1218944,Sr10Mg2Fe3(MoO6)5,5.313607762311363,0.0011991910499977,-2.6626379377999996,FM,17.9999308,0.0280690787708153,17.9999308,641.2725884939024,50,Triclinic,P-1,False,12.825451769878049,"{'Sr': 10.0, 'Mg': 2.0, 'Fe': 3.0, 'Mo': 5.0, 'O': 30.0}","['Fe', 'Mg', 'Mo', 'O', 'Sr']",5,0.41430180064229327,20.715090032114663,0.8689284368107818
mp-1173601,Sr10Mg2Fe3(MoO6)5,5.314118162859428,0.0022584710499975,-2.6615786578,FM,35.993547,0.0280668509922894,17.9967735,1282.4219934715202,100,Triclinic,P-1,False,12.824219934715202,"{'Sr': 20.0, 'Mg': 4.0, 'Fe': 6.0, 'Mo': 10.0, 'O': 60.0}","['Fe', 'Mg', 'Mo', 'O', 'Sr']",5,0.4143813962886034,41.43813962886034,0.8686091441936173
mp-1246731,Sr3CoN3,4.58704382598304,0.0070884502380934,-0.6650523692857148,FM,2.9634346,0.0112504677064935,1.4817173,263.40545809393836,14,Hexagonal,P6_3/m,False,18.814675578138456,"{'Sr': 6.0, 'Co': 2.0, 'N': 6.0}","['Co', 'N', 'Sr']",3,0.2438013776497382,3.413219287096335,0.8682227395125931
mp-554784,V2Ni(PO5)2,3.6081833761278297,0.0,-2.467898457285715,FM,8.0000001,0.0227220603944267,4.00000005,352.0807515308878,30,Monoclinic,P2_1/c,True,11.736025051029594,"{'V': 4.0, 'Ni': 2.0, 'P': 4.0, 'O': 20.0}","['Ni', 'O', 'P', 'V']",4,0.30744509835647343,9.223352950694203,0.8673635436880764
mp-504969,Ni3(AsO4)2,5.555066776474972,0.0,-1.5391860623076934,FM,11.9999973,0.0442194523382913,5.99999865,271.37372051097816,26,Orthorhombic,Cmce,True,10.437450788883776,"{'Ni': 6.0, 'As': 4.0, 'O': 16.0}","['As', 'Ni', 'O']",3,0.532224475960289,13.837836374967514,0.8671873965577348
mp-1198917,ZrMnGe2,7.493226332370595,0.0,-0.5232867736494254,FM,19.2934037,0.0248940267896958,1.6077836416666669,775.021408267542,48,Orthorhombic,Pbam,True,16.146279338907124,"{'Zr': 12.0, 'Mn': 12.0, 'Ge': 24.0}","['Ge', 'Mn', 'Zr']",3,0.4640837789988205,22.27602139194338,0.8661063553735807
mp-26458,CrP2O7,2.944129854116477,0.0264240717500081,-2.455220626928572,FM,7.9983035,0.0156911124266587,1.999575875,509.734637195711,40,Monoclinic,P2_1/c,False,12.743365929892777,"{'Cr': 4.0, 'P': 8.0, 'O': 28.0}","['Cr', 'O', 'P']",3,0.2310323559971136,9.241294239884544,0.865496032523246
mp-23716,Ca2MnAs2(H2O5)2,3.455049884205763,0.0,-2.097711290417423,FM,10.0029854,0.0231789792732701,5.0014927,431.5541802798619,38,Monoclinic,P2_1/c,True,11.35668895473321,"{'Ca': 4.0, 'Mn': 2.0, 'As': 4.0, 'H': 8.0, 'O': 20.0}","['As', 'Ca', 'H', 'Mn', 'O']",5,0.3042303877456974,11.5607547343365,0.8652536646496113
mp-1079403,Sr2CoOsO6,6.840389814368157,0.0,-2.2406844570000013,FM,4.6819973,0.0370617534455679,4.6819973,126.32962190729552,10,Tetragonal,I4/m,True,12.632962190729554,"{'Sr': 2.0, 'Co': 1.0, 'Os': 1.0, 'O': 6.0}","['Co', 'O', 'Os', 'Sr']",4,0.5414715655040779,5.414715655040779,0.8646801786611524
mp-1208805,Sr4FeRh2O9,5.641166971839031,0.0,-2.3133392665624997,FM,16.8015127,0.0251622905187974,5.600504233333333,667.72588478972,48,Trigonal,P321,True,13.910955933119167,"{'Sr': 12.0, 'Fe': 3.0, 'Rh': 6.0, 'O': 27.0}","['Fe', 'O', 'Rh', 'Sr']",4,0.40551972121545976,19.46494661834207,0.8631676741495772
mp-625074,Ni(HO)2,3.778452139968488,0.0190971575000009,-1.2361387584999997,FM,2.000401,0.0490980567587955,2.000401,40.74297705563759,5,Monoclinic,C2,False,8.148595411127518,"{'Ni': 1.0, 'H': 2.0, 'O': 2.0}","['H', 'Ni', 'O']",3,0.4636936734898788,2.3184683674493938,0.8628114267526937
mp-1227707,Ca4Co3Si8NiO24,3.6459633994255647,0.010052342937505,-2.9488493427499995,FM,11.0000003,0.0240445664537759,11.0000003,457.483827838891,40,Triclinic,P1,False,11.437095695972276,"{'Ca': 4.0, 'Co': 3.0, 'Si': 8.0, 'Ni': 1.0, 'O': 24.0}","['Ca', 'Co', 'Ni', 'O', 'Si']",5,0.318784024925973,12.75136099703892,0.862653037785879
mp-2217543,MgCoP2O7,3.505225169750177,0.0336335653409145,-2.5909402026623383,FM,2.9999999,0.02462341624388,2.9999999,121.83524293651251,11,Monoclinic,C2,False,11.075931176046591,"{'Mg': 1.0, 'Co': 1.0, 'P': 2.0, 'O': 7.0}","['Co', 'Mg', 'O', 'P']",4,0.31647227795445015,3.481195057498952,0.8617729976197702
mp-1192656,Ba2MnV2HO9,4.446611002909912,0.0,-2.6172728056120698,FM,8.0023764,0.018586028302269,4.0011882,430.5587116222696,30,Monoclinic,P2_1/m,True,14.351957054075651,"{'Ba': 4.0, 'Mn': 2.0, 'V': 4.0, 'H': 2.0, 'O': 18.0}","['Ba', 'H', 'Mn', 'O', 'V']",5,0.3098261084642229,9.294783253926688,0.8609535242921671
mp-759451,CoP4O11,2.848237709850125,0.0064569375000012,-2.4226387647544634,FM,12.0000117,0.0143406944204005,3.000002925,836.7803781474653,64,Triclinic,P-1,False,13.074693408554143,"{'Co': 4.0, 'P': 16.0, 'O': 44.0}","['Co', 'O', 'P']",3,0.21784355631518365,13.941987604171754,0.8607102545701109
mp-1104561,Hf(Al2Fe)4,5.598875637996711,0.0,-0.4086101269230762,FM,4.4405734,0.0242380395663942,4.4405734,183.2067889746665,13,Tetragonal,I4/mmm,True,14.092829921128192,"{'Hf': 1.0, 'Al': 8.0, 'Fe': 4.0}","['Al', 'Fe', 'Hf']",3,0.3972854046583496,5.164710260558545,0.8597913873139067
mp-1228520,Ba3V2Ni6(PO6)4,4.579060173029983,0.0048752982051327,-2.443979860732602,FM,11.9999004,0.0240850845198872,11.9999004,498.2295324764821,39,Triclinic,P1,False,12.775116217345696,"{'Ba': 3.0, 'V': 2.0, 'Ni': 6.0, 'P': 4.0, 'O': 24.0}","['Ba', 'Ni', 'O', 'P', 'V']",5,0.3584358917074009,13.978999776588635,0.8584233916432893
mp-1666679,CoSb(PO4)2,3.865903081695115,0.0493474080208331,-2.229287730982143,FM,12.0000049,0.0188441169441145,3.000001225,636.8037799589166,48,Triclinic,P1,False,13.266745415810762,"{'Co': 4.0, 'Sb': 4.0, 'P': 8.0, 'O': 32.0}","['Co', 'O', 'P', 'Sb']",4,0.2913980000767853,13.987104003685694,0.8579334862197293
mp-1666719,CoSb(PO4)2,3.871473728352677,0.0457756688541666,-2.2328594701488096,FM,12.0000432,0.0188713309640236,3.0000108,635.8874857781318,48,Triclinic,P1,False,13.24765595371108,"{'Co': 4.0, 'Sb': 4.0, 'P': 8.0, 'O': 32.0}","['Co', 'O', 'P', 'Sb']",4,0.29223839612683755,14.027443014088202,0.8554690393643359
mp-1225119,GaFeGe,7.465617133187678,0.0442502228703691,-0.1159242991666668,FM,5.2117191,0.0295540119933355,1.302929775,176.3455703129325,12,Orthorhombic,Fddd,False,14.695464192744376,"{'Ga': 4.0, 'Fe': 4.0, 'Ge': 4.0}","['Fe', 'Ga', 'Ge']",3,0.5080218654728643,6.096262385674372,0.8549040002357898
mp-541734,SrV2(NiO4)2,4.477687271844882,0.0003051679807697,-2.262711218653846,FM,15.9998396,0.0248019524013871,3.9999599,645.1040362090663,52,Tetragonal,I4_1cd,False,12.405846850174353,"{'Sr': 4.0, 'V': 8.0, 'Ni': 8.0, 'O': 32.0}","['Ni', 'O', 'Sr', 'V']",4,0.36093362475951835,18.768548487494954,0.8524814591101875
mp-1042722,MgCoAs2O7,4.08316467702381,0.0137568448485065,-1.9231502311363649,FM,12.0000176,0.0213773284582445,3.0000044,561.3431829631628,44,Monoclinic,P2_1/c,False,12.757799612799154,"{'Mg': 4.0, 'Co': 4.0, 'As': 8.0, 'O': 28.0}","['As', 'Co', 'Mg', 'O']",4,0.3200524229058599,14.082306607857834,0.8521343792716506
mp-1214877,AlNi2BO5,4.759476791987507,0.0,-2.3201892974074068,FM,16.0002535,0.0487509814008365,4.000063375,328.2037210378175,36,Orthorhombic,Pbam,True,9.116770028828263,"{'Al': 4.0, 'Ni': 8.0, 'B': 4.0, 'O': 20.0}","['Al', 'B', 'Ni', 'O']",4,0.5220573489226448,18.79406456121521,0.8513460964170186
mp-1045790,MgFe(PO3)4,3.089207536560321,0.0,-2.662279004087301,FM,7.9999996,0.0187897613990409,3.9999998,425.76376730405474,36,Monoclinic,C2/c,True,11.82677131400152,"{'Mg': 2.0, 'Fe': 2.0, 'P': 8.0, 'O': 24.0}","['Fe', 'Mg', 'O', 'P']",4,0.26120463941862637,9.403367019070549,0.8507590508565238
mp-1212395,Mn2Cd3(GeO4)3,5.78548931852819,0.0443080573749981,-1.871118589793103,FM,32.0000056,0.032522891196813,8.0000014,983.9225364790374,80,Cubic,Ia-3d,False,12.299031705987968,"{'Mn': 8.0, 'Cd': 12.0, 'Ge': 12.0, 'O': 48.0}","['Cd', 'Ge', 'Mn', 'O']",4,0.47040201674668725,37.63216133973498,0.8503366392142854
mp-578723,UNi7(BO4)4,5.750198998933836,0.0,-2.1575727875595234,FM,28.0004468,0.0511336457447859,14.0002234,547.5933975010023,56,Orthorhombic,Pnnm,True,9.778453526803611,"{'U': 2.0, 'Ni': 14.0, 'B': 8.0, 'O': 32.0}","['B', 'Ni', 'O', 'U']",4,0.5880478935827663,32.93068204063491,0.8502844479640222
mp-605503,CrP3(HO5)2,2.650317825455874,0.0,-2.3705868927455356,FM,11.9993681,0.0155995393341227,2.999842025,769.2129775750725,64,Monoclinic,P2_1/c,True,12.018952774610508,"{'Cr': 4.0, 'P': 12.0, 'H': 8.0, 'O': 40.0}","['Cr', 'H', 'O', 'P']",4,0.22051154332302147,14.112738772673374,0.8502508473574588
mp-21100,CrBPbO4,6.320502559325105,0.0,-2.341418702380951,FM,12.0014767,0.0341920098819897,3.000369175,351.0023757428088,28,Orthorhombic,Pnma,True,12.535799133671745,"{'Cr': 4.0, 'B': 4.0, 'Pb': 4.0, 'O': 16.0}","['B', 'Cr', 'O', 'Pb']",4,0.5041962217109828,14.117494207907518,0.8501138037143808
mp-1193329,Mn2CrPb2O9,6.569763535880786,0.0,-1.7534405132758073,FM,11.9999999,0.0329578214219915,5.99999995,364.1017331319365,28,Triclinic,P-1,True,13.003633326140587,"{'Mn': 4.0, 'Cr': 2.0, 'Pb': 4.0, 'O': 18.0}","['Cr', 'Mn', 'O', 'Pb']",4,0.5052252221441759,14.146306220036925,0.8482779683507147
mp-6414,Ca3Cr2(SiO4)3,3.833532025265277,0.0,-3.191363566999999,FM,24.0000018,0.0276769646122068,6.00000045,867.1471794784475,80,Cubic,Ia-3d,True,10.839339743480592,"{'Ca': 12.0, 'Cr': 8.0, 'Si': 12.0, 'O': 48.0}","['Ca', 'Cr', 'O', 'Si']",4,0.35366840748496564,28.29347259879725,0.8482522502741581
mp-1222000,MnVGa5,7.092495899548583,0.0285068890659374,-0.1952938680030261,FM,5.5404929,0.0260339296705433,2.77024645,212.81815577265368,14,Orthorhombic,Cmmm,False,15.201296840903836,"{'Mn': 2.0, 'V': 2.0, 'Ga': 10.0}","['Ga', 'Mn', 'V']",3,0.4665717651446689,6.532004712025365,0.848207119293714
mp-754797,CrPHO5,3.1681073537472715,0.0276663492187498,-2.1594634976116076,FM,4.0003578,0.0232724720772862,2.0001789,171.89225909113077,16,Triclinic,P-1,False,10.743266193195671,"{'Cr': 2.0, 'P': 2.0, 'H': 2.0, 'O': 10.0}","['Cr', 'H', 'O', 'P']",4,0.2948923815881818,4.718278105410909,0.8478427321637526
mp-1192011,Sr3(CoO3)2,5.557001309707219,0.0,-2.316033964545454,FM,7.9881619,0.028037697747252,3.99408095,284.9079111990537,22,Trigonal,R-3c,True,12.950359599956984,"{'Sr': 6.0, 'Co': 4.0, 'O': 12.0}","['Co', 'O', 'Sr']",3,0.4291001548501925,9.440203406704235,0.8461853580746972
mp-850225,FeP6(WO8)3,3.999839053864763,0.0,-2.4806307467016815,FM,7.9998428,0.0163691880150807,7.9998428,488.7134775793289,34,Trigonal,R3,True,14.373925811156733,"{'Fe': 1.0, 'P': 6.0, 'W': 3.0, 'O': 24.0}","['Fe', 'O', 'P', 'W']",4,0.2782704674014787,9.461195891650275,0.8455424548454858
mp-645568,TlCr(MoO4)2,4.883995228266437,0.0,-1.9715695517361125,FM,12.1379591,0.0154880736842894,3.034489775,783.6971431968526,48,Orthorhombic,Pnma,True,16.327023816601095,"{'Tl': 4.0, 'Cr': 4.0, 'Mo': 8.0, 'O': 32.0}","['Cr', 'Mo', 'O', 'Tl']",4,0.299135671211581,14.358512218155889,0.8453493590131107
mp-1228712,Ba2FeP4HO14,3.714306968872127,0.0128872410511329,-2.753822422719155,FM,4.9999812,0.0164617356271672,4.9999812,303.73353777765726,22,Triclinic,P1,False,13.80606989898442,"{'Ba': 2.0, 'Fe': 1.0, 'P': 4.0, 'H': 1.0, 'O': 14.0}","['Ba', 'Fe', 'H', 'O', 'P']",5,0.26903434475189447,5.918755584541678,0.844768993850449
mp-531689,TiNiO3,4.934833780680594,0.0159401091666655,-2.5807775575000003,FM,23.9967487,0.0384504487815919,1.9997290583333336,624.0954126779501,60,Triclinic,P1,False,10.401590211299167,"{'Ti': 12.0, 'Ni': 12.0, 'O': 36.0}","['Ni', 'O', 'Ti']",3,0.4744307053473345,28.46584232084007,0.843001532486948
mp-23595,CoBiPO5,5.919464027966208,0.0004227337499997,-2.128241812142857,FM,12.0000327,0.0282259813933641,3.000008175,425.14138065793446,32,Monoclinic,P2_1/c,False,13.285668145560452,"{'Co': 4.0, 'Bi': 4.0, 'P': 4.0, 'O': 20.0}","['Bi', 'Co', 'O', 'P']",4,0.4455526032346563,14.257683303509001,0.8416537557014354
mp-562127,SrCo2As2(H2O5)2,4.126996454585862,0.0030352905701835,-1.7481497303947369,FM,24.0006366,0.028713303260981,6.00015915,835.8716648465472,76,Monoclinic,P2_1/c,False,10.998311379559832,"{'Sr': 4.0, 'Co': 8.0, 'As': 8.0, 'H': 16.0, 'O': 40.0}","['As', 'Co', 'H', 'O', 'Sr']",5,0.3752390991816992,28.51817153780914,0.8415910034126897
mp-1043542,CaNiP2WO9,4.43630537667329,0.0194707757142786,-2.567701621734695,FM,16.0,0.021873595495406,4.0,731.4755364914906,56,Orthorhombic,Pnma,False,13.062063151633762,"{'Ca': 4.0, 'Ni': 4.0, 'P': 8.0, 'W': 4.0, 'O': 36.0}","['Ca', 'Ni', 'O', 'P', 'W']",5,0.33963282256206295,19.019438063475526,0.8412446228222703
mp-10371,Cr2GaN,6.818051397824126,0.0288039575000009,-0.3786012065624984,FM,4.0095077,0.0438487571000843,2.00475385,91.43948346924272,8,Hexagonal,P6_3/mmc,False,11.42993543365534,"{'Cr': 4.0, 'Ga': 2.0, 'N': 2.0}","['Cr', 'Ga', 'N']",3,0.5965083037782031,4.772066430225625,0.8402036640991248
mp-561221,TlCr3O8,4.484473792050227,0.0,-1.7782296165277778,FM,6.0000001,0.0165896613971063,3.00000005,361.6710405582216,24,Monoclinic,C2/m,True,15.0696266899259,"{'Tl': 2.0, 'Cr': 6.0, 'O': 16.0}","['Cr', 'O', 'Tl']",3,0.2975836020575157,7.142006449380377,0.8401000674706119
mp-1275121,Ni(HO)2,3.83506575430872,0.0122265815000011,-1.2430093344999995,FM,2.0000044,0.0498238267510002,2.0000044,40.14152525849192,5,Monoclinic,C2,False,8.028305051698384,"{'Ni': 1.0, 'H': 2.0, 'O': 2.0}","['H', 'Ni', 'O']",3,0.4776930783786565,2.3884653918932823,0.8373595894620193
mp-1647282,CoSb(PO4)2,3.9171052884645,0.0487175144791667,-2.229917624523809,FM,11.9999998,0.0190936909713643,2.99999995,628.4798375545591,48,Triclinic,P-1,False,13.093329949053317,"{'Co': 4.0, 'Sb': 4.0, 'P': 8.0, 'O': 32.0}","['Co', 'O', 'P', 'Sb']",4,0.2991679965070855,14.360063832340103,0.8356508675800566
mp-675030,TiNiO3,4.957154620137848,0.0203190304999996,-2.576398636166666,FM,15.9999816,0.0386295534891974,1.9999977,414.1901770745118,40,Triclinic,P1,False,10.354754426862794,"{'Ti': 8.0, 'Ni': 8.0, 'O': 24.0}","['Ni', 'O', 'Ti']",3,0.47873222442415075,19.14928897696603,0.8355392003977685
mp-1048585,Ca3Cr2(GeO4)3,4.348667331905609,0.0,-2.7003196089999997,FM,23.9993582,0.0247777724869552,5.99983955,968.584170051402,80,Cubic,Ia-3d,True,12.107302125642526,"{'Ca': 12.0, 'Cr': 8.0, 'Ge': 12.0, 'O': 48.0}","['Ca', 'Cr', 'Ge', 'O']",4,0.359177237569334,28.73417900554672,0.8352199029374484
mp-561556,Sr2Co(PO4)2,3.870729694091441,0.0,-2.9542417789194144,FM,17.999031,0.016487584974119,2.9998384999999996,1091.671765649941,78,Monoclinic,P2_1/c,True,13.995791867306938,"{'Sr': 12.0, 'Co': 6.0, 'P': 12.0, 'O': 48.0}","['Co', 'O', 'P', 'Sr']",4,0.2765638222395375,21.571978134683928,0.8343709087605989
mp-698587,TiNiO3,4.966626188683333,0.0200128139999993,-2.576704852666667,FM,19.9998453,0.0387031075946625,1.99998453,516.7503733668699,50,Triclinic,P1,False,10.335007467337398,"{'Ti': 10.0, 'Ni': 10.0, 'O': 30.0}","['Ni', 'O', 'Ti']",3,0.48056338656549435,24.028169328274718,0.8323499400541322
mp-17341,Ba3MnSb2O9,6.156306314202405,0.0,-2.561670194528736,FM,10.0016574,0.0216987521689312,5.0008287,460.93237630136986,30,Monoclinic,C2/c,True,15.364412543378997,"{'Ba': 6.0, 'Mn': 2.0, 'Sb': 4.0, 'O': 18.0}","['Ba', 'Mn', 'O', 'Sb']",4,0.4006860852519447,12.020582557558342,0.8320443166634319
mp-31516,Co(ReO4)2,5.26218489841099,0.0,-2.035404187727273,FM,5.9999996,0.0169965389539689,2.9999998,353.01302319546136,22,Trigonal,P-3m1,True,16.046046508884608,"{'Co': 2.0, 'Re': 4.0, 'O': 16.0}","['Co', 'O', 'Re']",3,0.3279427674285592,7.214740883428303,0.8316306430050081
mp-1228018,Ba3V2Ni6(AsO6)4,4.94120004797954,0.0017113702564151,-2.057939319743591,FM,12.0003657,0.0230425848676519,12.0003657,520.7907779845733,39,Triclinic,P1,False,13.353609691912135,"{'Ba': 3.0, 'V': 2.0, 'Ni': 6.0, 'As': 4.0, 'O': 24.0}","['As', 'Ba', 'Ni', 'O', 'V']",5,0.37002729314248795,14.43106443255703,0.8315648340483269
mp-1178540,CoO2,4.491693610354683,0.0258756495833347,-1.0465570104166666,FM,7.9996377,0.0297457304600427,0.9999547125,268.9339806513023,24,Monoclinic,C2,False,11.205582527137596,"{'Co': 8.0, 'O': 16.0}","['Co', 'O']",2,0.40084427556325014,9.620262613518003,0.8315404705022535
mp-1214582,Co2BP3(H3O7)2,2.8295120780746332,0.0227422976923037,-2.0275916548305863,FM,23.9945256,0.0226320678154519,5.9986314,1060.2003226420968,104,Orthorhombic,P2_12_12_1,False,10.194233871558623,"{'Co': 8.0, 'B': 4.0, 'P': 12.0, 'H': 24.0, 'O': 56.0}","['B', 'Co', 'H', 'O', 'P']",5,0.27756005146878404,28.86624535275354,0.8312312636014912
mp-1246254,Ba8(MnN3)3,5.270930966325488,0.0121313071249975,-0.8008196218146552,FM,15.9996105,0.009137598836583,3.999902625,1750.9644257903306,80,Monoclinic,P2_1/c,False,21.887055322379133,"{'Ba': 32.0, 'Mn': 12.0, 'N': 36.0}","['Ba', 'Mn', 'N']",3,0.24082412589034088,19.26593007122727,0.8304613605908723
mp-556824,Tl2Ni4P4O15,5.078531215641298,0.0,-2.138549222109524,FM,32.0000001,0.0242865460047526,8.000000025,1317.6019386922246,100,Monoclinic,C2/c,True,13.176019386922246,"{'Tl': 8.0, 'Ni': 16.0, 'P': 16.0, 'O': 60.0}","['Ni', 'O', 'P', 'Tl']",4,0.385437442561898,38.5437442561898,0.8302255195370926
mp-867746,CrCu(PO4)2,3.436343532879932,0.0375213902604114,-2.207990337440477,FM,5.5647606,0.0188483928732301,2.7823803,295.23793553260805,24,Monoclinic,P2_1/m,False,12.301580647192004,"{'Cr': 2.0, 'Cu': 2.0, 'P': 4.0, 'O': 16.0}","['Cr', 'Cu', 'O', 'P']",4,0.27934162539220697,6.704199009412967,0.8300410820422917
mp-1214292,Ca2FeP3H4O13,2.8875323334060066,0.0085083532608738,-2.476184641475156,FM,9.9982452,0.0197145058568897,4.9991226,507.1517020298976,46,Monoclinic,C2/c,False,11.025037000649949,"{'Ca': 4.0, 'Fe': 2.0, 'P': 6.0, 'H': 8.0, 'O': 26.0}","['Ca', 'Fe', 'H', 'O', 'P']",5,0.2619068156629117,12.047713520493938,0.8298873626927085
mp-1377373,Ca2TaCoO6,5.772512218436053,0.0372705601142886,-2.8890745602333334,FM,7.9991317,0.0334195300082342,3.99956585,239.35500283903124,20,Monoclinic,P2_1/m,False,11.967750141951562,"{'Ca': 4.0, 'Ta': 2.0, 'Co': 2.0, 'O': 12.0}","['Ca', 'Co', 'O', 'Ta']",4,0.4823389651327345,9.64677930265469,0.8292023118844157
mp-1228210,Ca4Ga3FeO10,4.254589747166888,0.0171124103472202,-2.69836297263889,FM,10.0024879,0.021892394535316,5.00124395,456.8932778853562,36,Monoclinic,P2_1/c,False,12.691479941259894,"{'Ca': 8.0, 'Ga': 6.0, 'Fe': 2.0, 'O': 20.0}","['Ca', 'Fe', 'Ga', 'O']",4,0.33523196403086547,12.068350705111158,0.8288197902438957
mp-562669,CoP4O11,2.9025906577462184,0.0,-2.4290957022544646,FM,11.9999998,0.0146143435388295,2.99999995,821.1111069146976,64,Monoclinic,P2_1/c,True,12.82986104554215,"{'Co': 4.0, 'P': 16.0, 'O': 44.0}","['Co', 'O', 'P']",3,0.22623710790342108,14.47917490581895,0.8287764930015032
mp-1044316,TiMnZn(PO4)3,3.3492057043305152,0.0432226998071012,-2.6397166133440515,FM,7.9993391,0.0178031073695438,3.99966955,449.32263418714496,36,Trigonal,R3c,False,12.48118428297625,"{'Ti': 2.0, 'Mn': 2.0, 'Zn': 2.0, 'P': 6.0, 'O': 24.0}","['Mn', 'O', 'P', 'Ti', 'Zn']",5,0.26834037767543223,9.66025359631556,0.828067195156343
mp-1047505,Ca3Ni3(AsO4)4,3.894539642599165,0.0167988295329672,-2.103658805384616,FM,12.0000865,0.0165168188106702,6.00004325,726.5373942497729,52,Monoclinic,P2_1/c,False,13.971872966341786,"{'Ca': 6.0, 'Ni': 6.0, 'As': 8.0, 'O': 32.0}","['As', 'Ca', 'Ni', 'O']",4,0.2787414151260252,14.494553586553309,0.8279031450221798
mp-778326,Ti3FeNi2(PO4)6,3.3150721083374473,0.0271545457638691,-2.7063592121626994,FM,7.9995563,0.0180115956212374,7.9995563,444.13368300183896,36,Trigonal,R3,False,12.337046750051082,"{'Ti': 3.0, 'Fe': 1.0, 'Ni': 2.0, 'P': 6.0, 'O': 24.0}","['Fe', 'Ni', 'O', 'P', 'Ti']",5,0.2687087254754645,9.67351411711672,0.8269545279150676
mp-777498,Ti3CrNi2(PO4)6,3.30876247476281,0.0235555548611188,-2.734300250496032,FM,7.9998238,0.0180562954304458,7.9998238,443.0490091844088,36,Trigonal,R3,False,12.306916921789131,"{'Ti': 3.0, 'Cr': 1.0, 'Ni': 2.0, 'P': 6.0, 'O': 24.0}","['Cr', 'Ni', 'O', 'P', 'Ti']",5,0.26885388889760986,9.678740000313955,0.8265356647394707
mp-1180084,Ni(HO)2,3.86060676064398,0.0164146175000006,-1.2388212984999996,FM,2.0002695,0.0501622946472735,2.0002695,39.87595691276299,5,Monoclinic,C2/m,False,7.975191382552597,"{'Ni': 1.0, 'H': 2.0, 'O': 2.0}","['H', 'Ni', 'O']",3,0.48407700523524316,2.420385026176216,0.826426158800063
mp-17021,TlCrP2O7,4.632611944131373,0.0,-2.489753267056277,FM,12.0057909,0.0194586778399502,3.001447725,616.9890369093381,44,Monoclinic,P2_1/c,True,14.022478111575866,"{'Tl': 4.0, 'Cr': 4.0, 'P': 8.0, 'O': 28.0}","['Cr', 'O', 'P', 'Tl']",4,0.33037041721655813,14.536298357528558,0.8259180297975948
mp-1274143,Sr2FeWO6,6.412674777604491,0.0034901410000003,-2.659525187,FM,4.0000205,0.0302341832114538,4.0000205,132.30125887722494,10,Tetragonal,I4/m,False,13.230125887722494,"{'Sr': 2.0, 'Fe': 1.0, 'W': 1.0, 'O': 6.0}","['Fe', 'O', 'Sr', 'W']",4,0.48470247615371737,4.847024761537174,0.8252527471577106
mp-505009,Fe(SbO3)2,6.370390703691972,0.0,-1.869531875277778,FM,16.5115025,0.0400543149381779,4.127875625,412.2278093005656,36,Tetragonal,P4_2/mnm,True,11.450772480571269,"{'Fe': 4.0, 'Sb': 8.0, 'O': 24.0}","['Fe', 'O', 'Sb']",3,0.55632846731526,20.02782482334936,0.824428146622799
mp-1271784,Co3O4,5.44973593318876,0.0303817107142858,-1.2599565135714283,FM,6.0000509,0.0408883790836054,3.00002545,146.7422048629406,14,Orthorhombic,Imma,False,10.481586061638614,"{'Co': 6.0, 'O': 8.0}","['Co', 'O']",2,0.5199342829549585,7.279079961369419,0.8242869884439634
mp-504722,Ni(NO3)2,3.0161522570846855,0.0,-0.9114176944444452,FM,8.0000002,0.0198832794179279,2.00000005,402.3481253694365,36,Cubic,Pa-3,True,11.17633681581768,"{'Ni': 4.0, 'N': 8.0, 'O': 24.0}","['N', 'Ni', 'O']",3,0.2698694846790924,9.715301448447326,0.8234433324020574
mp-550479,Co(ReO4)2,5.293381977532516,0.0001290190909077,-2.0352751686363644,FM,5.9999996,0.0170973036326671,2.9999998,350.9325054353031,22,Trigonal,P-3,False,15.951477519786504,"{'Co': 2.0, 'Re': 4.0, 'O': 16.0}","['Co', 'O', 'Re']",3,0.33184273813924187,7.300540239063321,0.8218569316138467
mp-569547,Sr6FeC2N7,4.083163814581462,0.0295588753125004,-0.8416960934375011,FM,6.001932,0.0104872687212386,3.000966,572.3064946209477,32,Orthorhombic,P2_12_12,False,17.884577956904614,"{'Sr': 12.0, 'Fe': 2.0, 'C': 4.0, 'N': 14.0}","['C', 'Fe', 'N', 'Sr']",4,0.2283064115027156,7.305805168086899,0.8215291623457935
mp-1199973,Co4GeP4(H6O11)2,3.2335889756056764,0.0376875474418492,-1.8075256356644516,FM,24.0000007,0.0293435762188658,12.00000035,817.8962414461827,86,Monoclinic,P2_1/c,False,9.510421412164916,"{'Co': 8.0, 'Ge': 2.0, 'P': 8.0, 'H': 24.0, 'O': 44.0}","['Co', 'Ge', 'H', 'O', 'P']",5,0.3400048047786343,29.24041321096255,0.8207818585478176
mp-19473,CaNi3(P2O7)2,3.766207949690034,0.0,-2.483307683571428,FM,11.9996924,0.0241257975291565,5.9998462,497.3801336721878,44,Monoclinic,P2_1/c,True,11.304093947095176,"{'Ca': 2.0, 'Ni': 6.0, 'P': 8.0, 'O': 28.0}","['Ca', 'Ni', 'O', 'P']",4,0.3331720319484641,14.659569405732421,0.818556948562738
mp-19502,BaTi18Mn3O38,4.3631915432180355,0.0160047114752099,-3.332654179396551,FM,19.0005494,0.0281789748324456,19.0005494,674.2810734946431,60,Trigonal,R-3,False,11.238017891577384,"{'Ba': 1.0, 'Ti': 18.0, 'Mn': 3.0, 'O': 38.0}","['Ba', 'Mn', 'O', 'Ti']",4,0.38825276710834744,23.295166026500848,0.8156434420078723
mp-1046419,SrCaCo(PO4)2,3.6895777444301943,0.0280478319444128,-2.922207441098902,FM,6.0000246,0.0177011044653085,3.0000123,338.96328965003926,26,Triclinic,P-1,False,13.037049601924586,"{'Sr': 2.0, 'Ca': 2.0, 'Co': 2.0, 'P': 4.0, 'O': 16.0}","['Ca', 'Co', 'O', 'P', 'Sr']",5,0.28300711104800297,7.358184887248077,0.815421831870275
mp-766681,Co15O28,4.6959866101667505,0.023970381727576,-1.0850947511627904,FM,15.0001521,0.0318474998306036,15.0001521,470.9993619526045,43,Triclinic,P-1,False,10.9534735337815,"{'Co': 15.0, 'O': 28.0}","['Co', 'O']",2,0.42872122671259527,18.435012748641597,0.8136773380373876
mp-1041850,ZnCo(SiO3)2,4.115592061039051,0.0483203232500013,-2.535313214250001,FM,24.0000056,0.0268902210710018,3.0000007,892.517972858223,80,Orthorhombic,Pbca,False,11.156474660727786,"{'Zn': 8.0, 'Co': 8.0, 'Si': 16.0, 'O': 48.0}","['Co', 'O', 'Si', 'Zn']",4,0.3688971817886576,29.511774543092606,0.8132349196743689
mp-1046839,Mg2Nb2CrO8,4.479824948619248,0.0330313546428584,-2.9006138253846157,FM,7.9992522,0.0260373546313332,3.9996261,307.22215498704054,26,Monoclinic,Cc,False,11.81623673027079,"{'Mg': 4.0, 'Nb': 4.0, 'Cr': 2.0, 'O': 16.0}","['Cr', 'Mg', 'Nb', 'O']",4,0.3791245090023332,9.857237234060662,0.811510569346897
mp-19211,SrNi3(P2O7)2,3.941632309143998,0.0,-2.4983864860714293,FM,12.0002346,0.0232878081359398,6.0001173,515.3011623056167,44,Monoclinic,P2_1/c,True,11.71139005240038,"{'Sr': 2.0, 'Ni': 6.0, 'P': 8.0, 'O': 28.0}","['Ni', 'O', 'P', 'Sr']",4,0.3365640023522329,14.808816103498247,0.8103439543128108
mp-1203485,Fe3B11HO20,3.493472383244418,0.0,-2.550379704059522,FM,48.0002324,0.0415603926213109,12.0000581,1154.951370102959,140,Orthorhombic,Pmn2_1,True,8.249652643592563,"{'Fe': 12.0, 'B': 44.0, 'H': 4.0, 'O': 80.0}","['B', 'Fe', 'H', 'O']",4,0.423469027627214,59.28566386780996,0.809643162755616
mp-1227925,Ca3Zr2AlFeSiO12,3.9409030707353976,0.0,-3.3566120291250003,FM,19.9993902,0.0195941753243785,4.99984755,1020.6803740863372,80,Tetragonal,I-42d,True,12.758504676079214,"{'Ca': 12.0, 'Zr': 8.0, 'Al': 4.0, 'Fe': 4.0, 'Si': 4.0, 'O': 48.0}","['Al', 'Ca', 'Fe', 'O', 'Si', 'Zr']",6,0.30888440070286255,24.710752056229005,0.8093396006115735
mp-1205023,Sr4Mn2Bi4O13,6.83602376550347,0.0,-2.2918210526461773,FM,64.0387618,0.0219069361467693,8.004845225,2923.2185354885414,184,Orthorhombic,Pna2_1,True,15.887057258089898,"{'Sr': 32.0, 'Mn': 16.0, 'Bi': 32.0, 'O': 104.0}","['Bi', 'Mn', 'O', 'Sr']",4,0.4302888605768999,79.17315034614958,0.8088444317299343
mp-505273,NiMoO4,4.995212866923357,0.0,-1.747228199166667,FM,8.0000024,0.0275184068166959,2.0000006,290.7145916291289,24,Monoclinic,C2/m,True,12.113107984547035,"{'Ni': 4.0, 'Mo': 4.0, 'O': 16.0}","['Mo', 'Ni', 'O']",3,0.4123807757097404,9.89713861703377,0.8083146765501853
mp-1301803,Sr3(CoO3)2,5.69831017429233,0.0333010650000007,-2.2827328995454534,FM,8.002937,0.0288038456887382,4.0014685,277.8426563758808,22,Monoclinic,C2/c,False,12.629211653449126,"{'Sr': 6.0, 'Co': 4.0, 'O': 12.0}","['Co', 'O', 'Sr']",3,0.4512007820168317,9.926417204370297,0.8062261373092954
mp-1284552,Sr2TaMnO6,6.468225266089274,0.0,-3.103931391526438,FM,8.000058,0.0307246149219707,4.000029,260.3794391017497,20,Monoclinic,C2/m,True,13.018971955087483,"{'Sr': 4.0, 'Ta': 2.0, 'Mn': 2.0, 'O': 12.0}","['Mn', 'O', 'Sr', 'Ta']",4,0.49683072430013614,9.936614486002723,0.8051090249369474
mp-1218565,Sr4Co3ReO12,6.115736695795648,0.0430096643020929,-2.2884836686249996,FM,8.0104207,0.0325819024732236,8.0104207,245.854909994378,20,Tetragonal,P4/mmm,False,12.2927454997189,"{'Sr': 4.0, 'Co': 3.0, 'Re': 1.0, 'O': 12.0}","['Co', 'O', 'Re', 'Sr']",4,0.4975077940022022,9.950155880044043,0.8050547947761941
mp-19224,Ca3MnZnO6,4.152093982916084,0.0134573451515187,-2.666855457993731,FM,5.9996403,0.0222858029314508,2.99982015,269.2135579971856,22,Trigonal,R-3c,False,12.23697990896298,"{'Ca': 6.0, 'Mn': 2.0, 'Zn': 2.0, 'O': 12.0}","['Ca', 'Mn', 'O', 'Zn']",4,0.3393070850655628,7.464755871442382,0.8037289367965247
mp-1271793,Co3O4,5.524739589908208,0.0,-1.290338224285714,FM,5.9998429,0.0414496809400838,2.99992145,144.75003821314965,14,Trigonal,R-3m,True,10.339288443796404,"{'Co': 6.0, 'O': 8.0}","['Co', 'O']",2,0.5343442752313448,7.480819853238827,0.8020301274067392
mp-505731,Ba2Co(PO4)2,4.386827466861305,0.0006765121153868,-2.9284781997527465,FM,12.0003426,0.0151388750166346,3.00008565,792.6839072793723,52,Monoclinic,P2_1/c,False,15.243921293834084,"{'Ba': 8.0, 'Co': 4.0, 'P': 8.0, 'O': 32.0}","['Ba', 'Co', 'O', 'P']",4,0.28777552588359956,14.964327345947178,0.8019299713628678
mp-546111,Cr3AgO8,4.112822990979852,0.0,-1.6417160693055546,FM,6.0000941,0.0189625723645323,3.00004705,316.4177298657328,24,Monoclinic,C2/m,True,13.184072077738866,"{'Cr': 6.0, 'Ag': 2.0, 'O': 16.0}","['Ag', 'Cr', 'O']",3,0.3119539218785295,7.486894125084708,0.8014129757621107
mp-1103705,FeSiNi,7.077265709629713,0.0383337414583353,-0.4170819058333326,FM,6.0942964,0.0455289543801768,1.5235741,133.85539999691792,12,Orthorhombic,Pnma,False,11.154616666409828,"{'Fe': 4.0, 'Si': 4.0, 'Ni': 4.0}","['Fe', 'Ni', 'Si']",3,0.6344696479746953,7.613635775696343,0.8004449621104466
mp-2762147,Sr2CoO4,5.519909111842085,6.437142857151912e-05,-2.295562643571427,FM,9.6540567,0.0269071425409174,2.413514175,358.7915991197941,28,Orthorhombic,Cmce,False,12.81398568284979,"{'Sr': 8.0, 'Co': 4.0, 'O': 16.0}","['Co', 'O', 'Sr']",3,0.43077222407310156,12.061622274046844,0.8003945473216123
mp-1279561,Sr2HfFeO6,6.481149799315884,0.0468824579999971,-2.9707914525000008,FM,8.0005674,0.0308824150796057,4.0002837,259.0654707339726,20,Monoclinic,C2/m,False,12.953273536698628,"{'Sr': 4.0, 'Hf': 2.0, 'Fe': 2.0, 'O': 12.0}","['Fe', 'Hf', 'O', 'Sr']",4,0.500348408528067,10.00696817056134,0.7994996350179465
mp-1218683,Sr2TaMnO6,6.493266130609272,0.0244554879999707,-3.079475903526437,FM,4.0000611,0.0308438086557626,4.0000611,129.68765124447938,10,Cubic,Fm-3m,False,12.968765124447938,"{'Sr': 2.0, 'Ta': 1.0, 'Mn': 1.0, 'O': 6.0}","['Mn', 'O', 'Sr', 'Ta']",4,0.5006849972453088,5.006849972453088,0.7989177071427576
mp-560912,Ba7Ca2Mn3V2O20,5.138679430553222,0.0,-2.8298413245233256,FM,8.9981122,0.0171027015473628,8.9981122,526.1222722668324,34,Trigonal,R-3m,True,15.474184478436246,"{'Ba': 7.0, 'Ca': 2.0, 'Mn': 3.0, 'V': 2.0, 'O': 20.0}","['Ba', 'Ca', 'Mn', 'O', 'V']",5,0.3320807915734836,11.290746913498442,0.7969456997785039
mp-1045787,CaCo(PO3)4,2.8427278068342714,0.0,-2.6883153235317456,FM,5.9999459,0.0123783023172956,2.99997295,484.7147650947677,36,Monoclinic,C2/c,True,13.464299030410212,"{'Ca': 2.0, 'Co': 2.0, 'P': 8.0, 'O': 24.0}","['Ca', 'Co', 'O', 'P']",4,0.21113076888843155,7.600707679983536,0.7893930608331192
mp-1043170,CaCo(GeO3)2,4.636116631651816,0.027428830749999,-2.2603024055000014,FM,11.9999267,0.02461374740876,2.999981675,487.5294485117375,40,Monoclinic,P2_1/c,False,12.188236212793438,"{'Ca': 4.0, 'Co': 4.0, 'Ge': 8.0, 'O': 24.0}","['Ca', 'Co', 'Ge', 'O']",4,0.3803763358955494,15.215053435821977,0.7886877788905851
mp-1048464,Mg2Nb2FeO8,4.570272972374817,0.0014459807692226,-2.8455808703846155,FM,8.0000015,0.0263210801959159,4.00000075,303.93895085055425,26,Monoclinic,C2/c,False,11.68995964809824,"{'Mg': 4.0, 'Nb': 4.0, 'Fe': 2.0, 'O': 16.0}","['Fe', 'Mg', 'Nb', 'O']",4,0.3909571213206304,10.164885154336389,0.7870233041036534
mp-1214162,Ca3V3(NiO6)2,3.9165487997838793,0.0165099840535916,-2.5659588368749993,FM,19.9631648,0.0202103608731571,4.9907912,987.7688441731176,80,Cubic,Ia-3d,False,12.34711055216397,"{'Ca': 12.0, 'V': 12.0, 'Ni': 8.0, 'O': 48.0}","['Ca', 'Ni', 'O', 'V']",4,0.3172036715179051,25.376293721432404,0.7866855979500047
mp-756594,Co(NiO2)4,5.138146891229469,0.0388647720512791,-0.9620420676923078,FM,5.0010698,0.0366956578899609,5.0010698,136.28505625915415,13,Monoclinic,C2/m,False,10.483465866088782,"{'Co': 1.0, 'Ni': 4.0, 'O': 8.0}","['Co', 'Ni', 'O']",3,0.4901191034398275,6.371548344717757,0.7849065139945248
mp-1191025,Zr3(MnGa3)2,7.29419174841726,0.0,-0.4684860550783712,FM,7.5845929,0.0207738828035109,3.79229645,365.1023244782206,22,Orthorhombic,Pmmn,True,16.595560203555483,"{'Zr': 6.0, 'Mn': 4.0, 'Ga': 12.0}","['Ga', 'Mn', 'Zr']",3,0.4395266962337632,9.66958731714279,0.7843760701714338
mp-690546,TiNiO3,5.123835273993819,0.0184076983333323,-2.578309968333334,FM,11.9999999,0.0399284892092183,1.9999999833333335,300.53728897985826,30,Triclinic,P1,False,10.017909632661942,"{'Ti': 6.0, 'Ni': 6.0, 'O': 18.0}","['Ni', 'O', 'Ti']",3,0.5114675078809153,15.34402523642746,0.7820633578933004
mp-562428,ZnCoP2O7,3.963095423272153,0.0118390744318297,-2.33091543198052,FM,12.0000064,0.0240035097257232,3.0000016,499.9271580330704,44,Monoclinic,P2_1/c,False,11.361980864387965,"{'Zn': 4.0, 'Co': 4.0, 'P': 8.0, 'O': 28.0}","['Co', 'O', 'P', 'Zn']",4,0.34880321227205596,15.347341339970463,0.7818948008113499
mp-863354,CoSn(PO4)2,4.032983383741146,0.0373370363888954,-2.3204778107738093,FM,11.9999998,0.0198216459885431,2.99999995,605.3987548226802,48,Monoclinic,P2_1/m,False,12.612474058805835,"{'Co': 4.0, 'Sn': 4.0, 'P': 8.0, 'O': 32.0}","['Co', 'O', 'P', 'Sn']",4,0.3197614809701336,15.348551086566413,0.7818327431898648
mp-1066609,VFeCoSi,7.132296944177565,0.0021041617156862,-0.4481346049999999,FM,1.9745734,0.0437610955648811,1.9745734,45.12166284942425,4,Cubic,F-43m,False,11.280415712356062,"{'V': 1.0, 'Fe': 1.0, 'Co': 1.0, 'Si': 1.0}","['Co', 'Fe', 'Si', 'V']",4,0.6322725266556591,2.5290901066226366,0.780744582737251
mp-1043149,MgCo(GeO3)2,4.553419441807404,0.0196131222500035,-2.1662701492500007,FM,12.0000021,0.0253498653160264,3.000000525,473.3753789379488,40,Monoclinic,P2_1/c,False,11.834384473448718,"{'Mg': 4.0, 'Co': 4.0, 'Ge': 8.0, 'O': 24.0}","['Co', 'Ge', 'Mg', 'O']",4,0.38476183125732677,15.39047325029307,0.779703255698878
mp-1047202,Mg2FeWO6,5.721315700392224,0.0053125554999997,-2.436051941000001,FM,3.9987929,0.035852138160299,3.9987929,111.5356881121271,10,Trigonal,R3,False,11.153568811212711,"{'Mg': 2.0, 'Fe': 1.0, 'W': 1.0, 'O': 6.0}","['Fe', 'Mg', 'O', 'W']",4,0.512958300363967,5.129583003639669,0.7795551601685122
mp-1042775,ZnCoAs2O7,4.51623305544278,0.0338402659848711,-1.6329826236363638,FM,11.9999575,0.0211278761091523,2.999989375,567.9679982031765,44,Monoclinic,P2_1/c,False,12.90836359552674,"{'Zn': 4.0, 'Co': 4.0, 'As': 8.0, 'O': 28.0}","['As', 'Co', 'O', 'Zn']",4,0.34986875152849223,15.394225067253657,0.779510332450973
mp-1228945,AlCrGe,5.97556551370027,0.0235504094444412,-0.0460640972222231,FM,1.9895295,0.0236102493210217,0.99476475,84.26550151796108,6,Orthorhombic,F222,False,14.044250252993514,"{'Al': 2.0, 'Cr': 2.0, 'Ge': 2.0}","['Al', 'Cr', 'Ge']",3,0.4254812756862251,2.5528876541173506,0.7793251288560408
mp-21600,NbNi2BO6,5.200736353630181,0.0,-2.296688256916666,FM,16.0001698,0.0395078416106001,4.00004245,404.9871910923904,40,Orthorhombic,Pnma,True,10.12467977730976,"{'Nb': 4.0, 'Ni': 8.0, 'B': 4.0, 'O': 24.0}","['B', 'Nb', 'Ni', 'O']",4,0.5136692189796915,20.54676875918766,0.7787195148553656
mp-755622,V2CoO6,3.679684603150538,0.0331768527777764,-2.1221716677777778,FM,4.0000002,0.0172573932499331,2.0000001,231.78472797538444,18,Monoclinic,C2/c,False,12.876929331965805,"{'V': 4.0, 'Co': 2.0, 'O': 12.0}","['Co', 'O', 'V']",3,0.285757924757423,5.143642645633614,0.7776590396293489
mp-1029610,Ca3CoN3,3.3224473414383406,0.0030534581250005,-0.8490619886458332,FM,2.290127,0.0103580595183894,1.1450635,221.09614218127984,14,Hexagonal,P6_3/m,False,15.792581584377132,"{'Ca': 6.0, 'Co': 2.0, 'N': 6.0}","['Ca', 'Co', 'N']",3,0.2103802550385482,2.9453235705396748,0.7775468280995618
mp-1043448,MgNi3(P2O7)2,3.8102726032468297,0.0466782692613669,-2.369689106298701,FM,11.9993855,0.0251096126682227,5.99969275,477.8801512611828,44,Monoclinic,P2_1/c,False,10.860912528663246,"{'Mg': 2.0, 'Ni': 6.0, 'P': 8.0, 'O': 28.0}","['Mg', 'Ni', 'O', 'P']",4,0.3508243522992258,15.436271501165937,0.7773499901899017
mp-768600,Al(NiO2)2,5.225528739469344,0.0130756192857157,-1.911670162142857,FM,6.0008776,0.0453147083053178,3.0004388,132.426707010178,14,Cubic,Fd-3m,False,9.459050500727,"{'Al': 2.0, 'Ni': 4.0, 'O': 8.0}","['Al', 'Ni', 'O']",3,0.5524369215565265,7.734116901791371,0.7758969351252087
mp-21646,CaVNiP2O9,3.415715075328984,0.0,-2.7056083753061233,FM,12.0031091,0.017355508903585,3.000777275,691.6022553231242,56,Orthorhombic,Pnma,True,12.350040273627217,"{'Ca': 4.0, 'V': 4.0, 'Ni': 4.0, 'P': 8.0, 'O': 36.0}","['Ca', 'Ni', 'O', 'P', 'V']",5,0.27657521754184416,15.488212182343274,0.7749835138289022
mp-562172,CoAg(NO3)3,3.4062190804604633,0.0,-0.8487503960119166,FM,11.9999997,0.0174420020953483,2.999999925,687.9943961937893,56,Monoclinic,P2_1/c,True,12.285614217746238,"{'Co': 4.0, 'Ag': 4.0, 'N': 12.0, 'O': 36.0}","['Ag', 'Co', 'N', 'O']",4,0.27725264851148196,15.52614831664299,0.7728896732962937
mp-776341,MnP6(WO8)3,3.913782701962292,0.0,-2.4871221501702405,FM,7.0009783,0.0140279217493209,7.0009783,499.0745190276606,34,Trigonal,R3,True,14.678662324342955,"{'Mn': 1.0, 'P': 6.0, 'W': 3.0, 'O': 24.0}","['Mn', 'O', 'P', 'W']",4,0.26663074709959855,9.06544540138635,0.7722707478806681
mp-775297,FeCu3(PO4)4,3.422871382869824,0.0323218554166624,-1.974806886607143,FM,5.000795,0.0164569996974438,5.000795,303.87039508645825,24,Monoclinic,Pm,False,12.66126646193576,"{'Fe': 1.0, 'Cu': 3.0, 'P': 4.0, 'O': 16.0}","['Cu', 'Fe', 'O', 'P']",4,0.2703419435299134,6.488206644717922,0.7707514994256802
mp-1307944,Ba2TaMnO6,7.231319484947261,0.0076762114166673,-3.0699070440264378,FM,16.0004006,0.0287198720417841,4.00010015,557.1194947080969,40,Monoclinic,C2/c,False,13.927987367702425,"{'Ba': 8.0, 'Ta': 4.0, 'Mn': 4.0, 'O': 24.0}","['Ba', 'Mn', 'O', 'Ta']",4,0.5191934264469502,20.76773705787801,0.7704450684929308
mp-1291775,Ba2TaMnO6,7.232689527319386,0.0067472199166669,-3.0708360355264377,FM,16.0003823,0.0287252804414138,4.000095575,557.0139631058895,40,Orthorhombic,Pnma,False,13.925349077647237,"{'Ba': 8.0, 'Ta': 4.0, 'Mn': 4.0, 'O': 24.0}","['Ba', 'Mn', 'O', 'Ta']",4,0.5193901773657646,20.775607094630587,0.770152334279332
mp-559244,Sr2MnP3O11,3.86300421394157,0.0,-2.9613640523152136,FM,16.0000004,0.0186446760251094,4.0000001,858.1538439419526,68,Monoclinic,P2_1/c,True,12.619909469734596,"{'Sr': 8.0, 'Mn': 4.0, 'P': 12.0, 'O': 44.0}","['Mn', 'O', 'P', 'Sr']",4,0.3061039560708363,20.815069012816867,0.7686739059163344
mp-1211280,NbFeSi,7.254079105110704,0.0372627493055546,-0.5437399665277793,FM,29.7189981,0.0305902670084706,1.2382915875,971.518100570048,72,Orthorhombic,Pmn2_1,False,13.493306952361776,"{'Nb': 24.0, 'Fe': 24.0, 'Si': 24.0}","['Fe', 'Nb', 'Si']",3,0.5376057278413132,38.707612404574554,0.7677817425000293
mp-1215679,ZnNi3(B2O5)2,4.223173478857642,0.0214549460416657,-2.1868265881481475,FM,6.0002772,0.0343136917648664,6.0002772,174.86539312402516,18,Triclinic,P1,False,9.714744062445842,"{'Zn': 1.0, 'Ni': 3.0, 'B': 4.0, 'O': 10.0}","['B', 'Ni', 'O', 'Zn']",4,0.43471793510063816,7.824922831811487,0.766816150008079
mp-1228319,Ba2TaMnO6,7.251747529556784,0.0285307899166671,-3.049052465526438,FM,4.0000375,0.0288005528764274,4.0000375,138.8875247347746,10,Cubic,Fm-3m,False,13.888752473477458,"{'Ba': 2.0, 'Ta': 1.0, 'Mn': 1.0, 'O': 6.0}","['Ba', 'Mn', 'O', 'Ta']",4,0.5221309504510951,5.221309504510952,0.7660985230896898
mp-1227193,Ca8ZnCo3(Si2O7)4,3.23527815130415,0.0184637751215293,-3.0885094268749995,FM,8.9992899,0.0141914932464474,8.9992899,634.1326979282306,48,Tetragonal,P-4,False,13.211097873504803,"{'Ca': 8.0, 'Zn': 1.0, 'Co': 3.0, 'Si': 8.0, 'O': 28.0}","['Ca', 'Co', 'O', 'Si', 'Zn']",5,0.24489093807961138,11.754765027821346,0.7655865411771612
mp-1222016,MgSiNiO4,3.938775025292712,0.014320531428571,-2.649297626071429,FM,7.9997976,0.0270951042650939,1.9999494,295.24882140077165,28,Orthorhombic,Pnma,False,10.544600764313271,"{'Mg': 4.0, 'Si': 4.0, 'Ni': 4.0, 'O': 16.0}","['Mg', 'Ni', 'O', 'Si']",4,0.37353477038437966,10.45897357076263,0.7648740620554684
mp-1196284,U3Al19Ni5,5.82481228562761,0.0071491718827205,-0.3548607196296289,FM,14.9772565,0.0172795939595991,7.48862825,866.7597476548265,54,Orthorhombic,Cmcm,False,16.051106438052344,"{'U': 6.0, 'Al': 38.0, 'Ni': 10.0}","['Al', 'Ni', 'U']",3,0.3628916366674096,19.596148380040116,0.7642959325239269
mp-1204386,CoH8(CO4)2,1.9927180006332852,0.0319613860964906,-1.3544408356140347,FM,9.0130886,0.0164618489588538,3.0043628666666664,547.5137466349054,57,Triclinic,P-1,False,9.605504326928164,"{'Co': 3.0, 'H': 24.0, 'C': 6.0, 'O': 24.0}","['C', 'Co', 'H', 'O']",4,0.20745584331755285,11.824983069100512,0.7622073154211794
mp-1227902,Ca3AlFe(SiO4)3,3.6138303756331327,0.0038251888055524,-3.2272362252500004,FM,19.9994393,0.0227017925606706,4.999859825,880.9630008974593,80,Cubic,Ia-3,False,11.012037511218242,"{'Ca': 12.0, 'Al': 4.0, 'Fe': 4.0, 'Si': 12.0, 'O': 48.0}","['Al', 'Ca', 'Fe', 'O', 'Si']",5,0.32817091041976854,26.253672833581483,0.7617768160201343
mp-755453,MnP4,3.949466466668567,0.0402921526666668,-0.3191864753004914,FM,4.0009463,0.0133028341244686,1.000236575,300.75894073134725,20,Monoclinic,C2/c,False,15.037947036567363,"{'Mn': 4.0, 'P': 16.0}","['Mn', 'P']",2,0.26263335394550585,5.252667078910117,0.7616980554629328
mp-1032803,Mg6MnZnO8,4.0970366839758405,0.0383047949999992,-2.71836069237069,FM,5.0000014,0.0312971534719066,5.0000014,159.7589826975212,16,Tetragonal,P4/mmm,False,9.984936418595074,"{'Mg': 6.0, 'Mn': 1.0, 'Zn': 1.0, 'O': 8.0}","['Mg', 'Mn', 'O', 'Zn']",4,0.41032175992086206,6.565148158733793,0.7615976485387256
mp-1032822,Mg6MnZnO8,4.097038003636622,0.0383699381249993,-2.7182955492456897,FM,5.0000014,0.03129716355276,5.0000014,159.7589312389641,16,Tetragonal,P4/mmm,False,9.984933202435256,"{'Mg': 6.0, 'Mn': 1.0, 'Zn': 1.0, 'O': 8.0}","['Mg', 'Mn', 'O', 'Zn']",4,0.41032202425123715,6.565152388019794,0.7615971579157996
mp-1228169,Ba4NbCo2MoO12,6.324614194041181,0.0269131021250004,-2.5931028175,FM,7.0,0.0254399395061372,7.0,275.1578870032801,20,Tetragonal,P4/mmm,False,13.757894350164005,"{'Ba': 4.0, 'Nb': 1.0, 'Co': 2.0, 'Mo': 1.0, 'O': 12.0}","['Ba', 'Co', 'Mo', 'Nb', 'O']",5,0.4597080071316136,9.194160142632272,0.7613528469600827
mp-1291005,Mg2FeWO6,5.792954375758986,0.0380356459999999,-2.4033288505000003,FM,7.99937,0.0363091543125313,3.999685,220.31276000386455,20,Monoclinic,P2_1/c,False,11.015638000193228,"{'Mg': 4.0, 'Fe': 2.0, 'W': 2.0, 'O': 12.0}","['Fe', 'Mg', 'O', 'W']",4,0.5258845992994114,10.517691985988229,0.7605632500606443
mp-1228276,Ba3NiSbRuO9,6.374999978025871,0.0079924685833283,-2.2978585056666674,FM,9.9987107,0.0229171601409036,4.99935535,436.297981011785,30,Trigonal,P-3m1,False,14.543266033726166,"{'Ba': 6.0, 'Ni': 2.0, 'Sb': 2.0, 'Ru': 2.0, 'O': 18.0}","['Ba', 'Ni', 'O', 'Ru', 'Sb']",5,0.4383472022888188,13.150416068664564,0.7603341710096461
mp-17435,Zr4Fe4Si7,6.09760683748399,0.0,-0.7132539106666665,FM,9.7172918,0.0227313563152627,4.8586459,427.4840297794036,30,Tetragonal,I4/mmm,True,14.249467659313456,"{'Zr': 8.0, 'Fe': 8.0, 'Si': 14.0}","['Fe', 'Si', 'Zr']",3,0.42791822005354646,12.837546601606395,0.756943059414799
mp-850026,Co21O40,4.83427459322455,0.048658195807965,-1.049597354918032,FM,21.0002894,0.0325619678789648,21.0002894,644.9330543553015,61,Tetragonal,I-4,False,10.572673022218057,"{'Co': 21.0, 'O': 40.0}","['Co', 'O']",2,0.4572424194965182,27.891787589287613,0.7529201680879561
mp-775219,Cr3P6WO24,3.229210359649567,0.0249009120220655,-2.422533893466387,FM,6.001676,0.0128304642703256,6.001676,467.7676406364102,34,Trigonal,R3,False,13.757871783423829,"{'Cr': 3.0, 'P': 6.0, 'W': 1.0, 'O': 24.0}","['Cr', 'O', 'P', 'W']",4,0.2347172884355763,7.980387806809594,0.7520531765234295
mp-1205448,FeP2(H4O5)2,2.393237096985149,0.0,-1.8041821237755096,FM,8.0001507,0.0201681720206117,4.00007535,396.67207775815825,42,Monoclinic,P2_1/c,True,9.444573279956147,"{'Fe': 2.0, 'P': 4.0, 'H': 16.0, 'O': 20.0}","['Fe', 'H', 'O', 'P']",4,0.253398118268003,10.642720967256126,0.751701630120119
mp-504568,Ba2NiOsO6,7.397967937243096,0.0,-2.2001995163333334,FM,11.9947059,0.028750053120522,3.9982353,417.2063908792603,30,Trigonal,P-3m1,True,13.906879695975343,"{'Ba': 6.0, 'Ni': 3.0, 'Os': 3.0, 'O': 18.0}","['Ba', 'Ni', 'O', 'Os']",4,0.5319646174392427,15.958938523177281,0.7515979764305754
mp-1226401,CrH8C4NO10,1.8038037271850704,0.0425746104166693,-1.3572721102083338,FM,3.0003633,0.0115533023002298,3.0003633,259.69746329067465,24,Monoclinic,Cm,False,10.820727637111444,"{'Cr': 1.0, 'H': 8.0, 'C': 4.0, 'N': 1.0, 'O': 10.0}","['C', 'Cr', 'H', 'N', 'O']",5,0.16669893076308773,4.0007743383141054,0.7499456470879908
mp-562649,Ba3Co10O17,6.143442274445972,0.0213225471666671,-1.642840350166667,FM,12.0000001,0.0348668133140053,12.0000001,344.16681535905747,30,Trigonal,R-3m,False,11.472227178635247,"{'Ba': 3.0, 'Co': 10.0, 'O': 17.0}","['Ba', 'Co', 'O']",3,0.5355056327586432,16.065168982759296,0.7469576020568519
mp-560035,Tl4Ni7(PO4)6,5.771332100519527,0.0085591396219504,-2.048073108565622,FM,13.9998622,0.0270588335404797,13.9998622,517.3860203196244,41,Monoclinic,Cm,False,12.619171227307913,"{'Tl': 4.0, 'Ni': 7.0, 'P': 6.0, 'O': 24.0}","['Ni', 'O', 'P', 'Tl']",4,0.45734636582395777,18.75120099878227,0.7466114944268994
mp-1102645,ZrCrP,6.453723278091394,0.0167603025000033,-0.8985850265476193,FM,3.866279,0.0215656023584911,0.96656975,179.27989841089226,12,Orthorhombic,Pnma,False,14.939991534241022,"{'Zr': 4.0, 'Cr': 4.0, 'P': 4.0}","['Cr', 'P', 'Zr']",3,0.4319763678111919,5.183716413734303,0.7458507934107389
mp-1189692,Cr5Si3B,5.868485175542505,0.0352009030555535,-0.2050061611111099,FM,7.0514012,0.0350941940163912,3.5257006,200.92785708959585,18,Hexagonal,P6_3/mcm,False,11.162658727199767,"{'Cr': 10.0, 'Si': 6.0, 'B': 2.0}","['B', 'Cr', 'Si']",3,0.525724678946147,9.463044221030646,0.7451514581670223
mp-776765,V3CrSn2(PO4)6,3.4956072910235076,0.046289814652777,-2.539588151607142,FM,7.0081254,0.0145769068345427,7.0081254,480.76903279596274,36,Trigonal,R3,False,13.35469535544341,"{'V': 3.0, 'Cr': 1.0, 'Sn': 2.0, 'P': 6.0, 'O': 24.0}","['Cr', 'O', 'P', 'Sn', 'V']",5,0.26175118173689293,9.423042542528146,0.7437221437100465
mp-765466,Ga2CoO4,5.989544242764421,0.0,-2.022551330357143,FM,12.0000004,0.0412420767041247,3.0000001,290.96498913207864,28,Cubic,Fd-3m,True,10.391606754717094,"{'Ga': 8.0, 'Co': 4.0, 'O': 16.0}","['Co', 'Ga', 'O']",3,0.5763828813138613,16.138720676788115,0.7435533856942748
mp-21662,TiFeSi2,5.202102257517292,0.0,-0.6451685506250003,FM,14.5411298,0.0237434816897893,1.211760816666667,612.4261803715698,48,Orthorhombic,Pbam,True,12.758878757741035,"{'Ti': 12.0, 'Fe': 12.0, 'Si': 24.0}","['Fe', 'Si', 'Ti']",3,0.4077240920845874,19.570756420060192,0.7430029523588173
mp-1217248,Ti2Al3Ni,4.385178533600345,0.024952067750001,-0.4794577677777785,FM,2.6280266,0.0147429066496027,1.3140133,178.25701962718583,12,Hexagonal,P6_3/mmc,False,14.854751635598822,"{'Ti': 4.0, 'Al': 6.0, 'Ni': 2.0}","['Al', 'Ni', 'Ti']",3,0.2952037597916776,3.5424451175001312,0.7418679789892052
mp-1245851,Ca7CrN6,3.0898801247322023,0.0199531041964213,-1.0351664011160782,FM,8.002281,0.0089360486710884,2.00057025,895.5055298535319,56,Orthorhombic,Pbcn,False,15.991170175955927,"{'Ca': 28.0, 'Cr': 4.0, 'N': 24.0}","['Ca', 'Cr', 'N']",3,0.19322414124377824,10.82055190965158,0.7395446246011006
mp-18724,Sr2CoO4,5.551211987278524,0.0112162560714281,-2.3368099900000012,FM,4.5074056,0.0252679643347256,2.2537028,178.3841998623332,14,Tetragonal,I4/mmm,False,12.741728561595227,"{'Sr': 4.0, 'Co': 2.0, 'O': 8.0}","['Co', 'O', 'Sr']",3,0.43567181332134175,6.099405386498784,0.7389909859045075
mp-505076,GaNi2BO5,5.554874372259786,0.0,-2.005459676296302,FM,16.0000014,0.0481469531865302,4.00000035,332.31596894642564,36,Orthorhombic,Pbam,True,9.230999137400712,"{'Ga': 4.0, 'Ni': 8.0, 'B': 4.0, 'O': 20.0}","['B', 'Ga', 'Ni', 'O']",4,0.6017630691517909,21.663470489464473,0.7385705539553891
mp-761472,Co2CuO4,5.8358825051556344,0.0498377389540838,-1.1424835964285711,FM,6.0330471,0.0431988239776507,3.01652355,139.65766991993223,14,Orthorhombic,Imma,False,9.97554785142373,"{'Co': 4.0, 'Cu': 2.0, 'O': 8.0}","['Co', 'Cu', 'O']",3,0.5850187470478351,8.190262458669691,0.7366121818982492
mp-1101293,Ti3VNi2(PO4)6,3.277293854200052,0.0317782945833418,-2.7434978932738088,FM,7.0,0.0156680582308524,7.0,446.76882718090127,36,Trigonal,R3,False,12.41024519946948,"{'Ti': 3.0, 'V': 1.0, 'Ni': 2.0, 'P': 6.0, 'O': 24.0}","['Ni', 'O', 'P', 'Ti', 'V']",5,0.2640797020142802,9.506869272514088,0.7363096934800759
mp-1076138,Sr3CaTi2Mn2O12,4.923032473132077,0.0342612414761891,-3.001871007126437,FM,12.266908,0.0259570435098615,6.133454,472.5849457909026,40,Orthorhombic,Cmm2,False,11.814623644772563,"{'Sr': 6.0, 'Ca': 2.0, 'Ti': 4.0, 'Mn': 4.0, 'O': 24.0}","['Ca', 'Mn', 'O', 'Sr', 'Ti']",5,0.41668974155687943,16.667589662275176,0.7359737219691986
mp-579963,Cr11Ge19,7.35249871363961,0.0435388823333333,0.0435388823333331,FM,44.1545911,0.0250377828949648,11.038647775,1763.5184107647017,120,Tetragonal,P-4n2,False,14.695986756372513,"{'Cr': 44.0, 'Ge': 76.0}","['Cr', 'Ge']",2,0.5003065691013501,60.03678829216201,0.7354589137101546
mp-1202701,Co3P2(HO)16,2.75338189601411,0.0196705344594603,-1.568116719980695,FM,8.9913885,0.0291835655393164,8.9913885,308.0976684595547,37,Monoclinic,C2/m,False,8.326964012420397,"{'Co': 3.0, 'P': 2.0, 'H': 16.0, 'O': 16.0}","['Co', 'H', 'O', 'P']",4,0.3306585559763678,12.234366571125609,0.7349288128427197
mp-1373701,CaCoAsO5,4.238958742128633,0.0337173169223472,-2.0762097312500005,FM,8.0000248,0.0201060969073492,2.0000062,397.8904924642938,32,Orthorhombic,P2_12_12_1,False,12.43407788950918,"{'Ca': 4.0, 'Co': 4.0, 'As': 4.0, 'O': 20.0}","['As', 'Ca', 'Co', 'O']",4,0.34091460418670105,10.909267333974434,0.7333237471489713
mp-1215230,ZrTiMn4,7.297079686447968,0.0143491554166672,-0.2154376816762457,FM,4.7172847,0.0288840033254433,2.35864235,163.31824390300653,12,Trigonal,P-3m1,False,13.609853658583878,"{'Zr': 2.0, 'Ti': 2.0, 'Mn': 8.0}","['Mn', 'Ti', 'Zr']",3,0.53616150985177,6.43393811822124,0.7331877635938726
mp-696825,Ca2Al2FeSi3HO13,3.3627289169983805,0.0111373700378782,-3.0794446355113645,FM,10.0009556,0.0209560158564388,5.0004778,477.2355426963063,44,Monoclinic,P2_1/m,False,10.846262334006962,"{'Ca': 4.0, 'Al': 4.0, 'Fe': 2.0, 'Si': 6.0, 'H': 2.0, 'O': 26.0}","['Al', 'Ca', 'Fe', 'H', 'O', 'Si']",6,0.31003573520944694,13.641572349215664,0.7331233778615713
mp-1044314,CaTiCr(PO4)3,2.9874077967335197,0.0,-2.986791975681216,FM,5.9992755,0.0127020348129357,2.99963775,472.30822370997754,36,Trigonal,R3c,True,13.11967288083271,"{'Ca': 2.0, 'Ti': 2.0, 'Cr': 2.0, 'P': 6.0, 'O': 24.0}","['Ca', 'Cr', 'O', 'P', 'Ti']",5,0.22770444231867984,8.197359923472474,0.7318545917230695
mp-1221654,MnFeB,7.457396489639728,0.0474621433333339,-0.3047451256992346,FM,3.6204728,0.0668591919009192,1.8102364,54.15071132426031,6,Orthorhombic,Fmmm,False,9.025118554043384,"{'Mn': 2.0, 'Fe': 2.0, 'B': 2.0}","['B', 'Fe', 'Mn']",3,0.8262934658402582,4.957760795041549,0.7302637117186002
mp-21275,Ni(SbO2)2,5.830246669775712,0.0,-1.6231249374999988,FM,8.0000002,0.019175047692043,2.00000005,417.2088814840183,28,Tetragonal,P4_2/mbc,True,14.900317195857795,"{'Ni': 4.0, 'Sb': 8.0, 'O': 16.0}","['Ni', 'O', 'Sb']",3,0.3912833930405514,10.955935005135439,0.7301978513244296
mp-1216023,Zn3Ni4(SbO6)2,5.9860896283709915,0.0,-1.6584935111904773,FM,16.0009116,0.0332838506152376,8.0004558,480.7409991401244,42,Monoclinic,C2/c,True,11.446214265241055,"{'Zn': 6.0, 'Ni': 8.0, 'Sb': 4.0, 'O': 24.0}","['Ni', 'O', 'Sb', 'Zn']",4,0.5229754999912126,21.96497099963093,0.7284740599142543
mp-1041166,Mg(NiO2)2,4.725476399694006,0.041081831031744,-1.5287102854761907,FM,14.0011547,0.0322847325430197,2.3335257833333336,433.67727086923605,42,Monoclinic,Cm,False,10.325649306410382,"{'Mg': 6.0, 'Ni': 12.0, 'O': 24.0}","['Mg', 'Ni', 'O']",3,0.4576444792445479,19.22106812827101,0.7284275049942006
mp-1273193,Sr2CoO4,5.218728403249047,0.0473360864285714,-2.300690159642858,FM,7.8519948,0.0206904771521236,1.9629987,379.49800491643464,28,Orthorhombic,Pmmn,False,13.55350017558695,"{'Sr': 8.0, 'Co': 4.0, 'O': 16.0}","['Co', 'O', 'Sr']",3,0.3850465441133212,10.781303235172993,0.7282973708024092
mp-1041000,Mg(NiO2)2,4.729061605095044,0.0336544317460303,-1.5361376847619053,FM,14.0008748,0.0323085809765863,2.3334791333333333,433.34849061140375,42,Trigonal,P3m1,False,10.317821205033422,"{'Mg': 6.0, 'Ni': 12.0, 'O': 24.0}","['Mg', 'Ni', 'O']",3,0.45833916978402667,19.25024513092912,0.7273089098229184
mp-1254937,Ca2AlCoO5,3.766013235239277,0.0239869774801606,-2.791027576666666,FM,4.0866972,0.0188330447899925,2.0433486,216.99609625372833,18,Triclinic,P1,False,12.055338680762684,"{'Ca': 4.0, 'Al': 2.0, 'Co': 2.0, 'O': 10.0}","['Al', 'Ca', 'Co', 'O']",4,0.3123938144723296,5.623088660501933,0.7267708988311078
mp-19135,Ni(PO3)2,3.497809539551642,0.0,-2.380431134642857,FM,8.0,0.0194466041102875,2.0,411.3828797372334,36,Monoclinic,C2/c,True,11.42730221492315,"{'Ni': 4.0, 'P': 8.0, 'O': 24.0}","['Ni', 'O', 'P']",3,0.3060923281598154,11.019323813753354,0.7259973602023657
mp-1043317,ZnCo(GeO3)2,5.019341211812306,0.0379151325000002,-1.8778496634999997,FM,12.0000175,0.024802258771483,3.000004375,483.8276066128826,40,Monoclinic,P2_1/c,False,12.095690165322065,"{'Zn': 4.0, 'Co': 4.0, 'Ge': 8.0, 'O': 24.0}","['Co', 'Ge', 'O', 'Zn']",4,0.41496939349542766,16.598775739817107,0.7229459381883439
mp-1099881,Sr2TiMnO6,5.16964716439458,0.0140796540000014,-3.013842721126437,FM,12.4426517,0.0258907738784209,3.110662925,480.58245606827967,40,Cubic,Pm-3m,False,12.014561401706992,"{'Sr': 8.0, 'Ti': 4.0, 'Mn': 4.0, 'O': 24.0}","['Mn', 'O', 'Sr', 'Ti']",4,0.4302818048489138,17.211272193956553,0.7229361990085211
mp-1214030,Cd5Fe2(P2O7)4,4.126754876930193,0.0040259630329488,-2.359721515398671,FM,19.9998227,0.0181462916452155,9.99991135,1102.143792848888,86,Orthorhombic,C222_1,False,12.815625498242882,"{'Cd': 10.0, 'Fe': 4.0, 'P': 16.0, 'O': 56.0}","['Cd', 'Fe', 'O', 'P']",4,0.32200963405929756,27.69282852909959,0.7222022365459784
mp-1202160,CoPH6NO5,2.586932125931376,0.0103574010833327,-1.4339730399744903,FM,12.000006,0.0246036273508664,3.0000015,487.7332040869731,56,Orthorhombic,Pnma,False,8.709521501553091,"{'Co': 4.0, 'P': 4.0, 'H': 24.0, 'N': 4.0, 'O': 20.0}","['Co', 'H', 'N', 'O', 'P']",5,0.29702345019414345,16.633313210872032,0.7214441192724271
mp-774435,Ti3CoNi2(PO4)6,3.3252002890037877,0.0452176548611209,-2.6665306213293647,FM,6.9831858,0.0157164595381945,6.9831858,444.3230858088146,36,Trigonal,R3,False,12.34230793913374,"{'Ti': 3.0, 'Co': 1.0, 'Ni': 2.0, 'P': 6.0, 'O': 24.0}","['Co', 'Ni', 'O', 'P', 'Ti']",5,0.26941478898452853,9.698932403443028,0.7199953056195171
mp-1332813,MgVNiP2O9,3.46544880996581,0.0366060447619025,-2.5588107010204095,FM,11.9985949,0.0184184293956777,2.999648725,651.4450631070475,56,Orthorhombic,Pnma,False,11.63294755548299,"{'Mg': 4.0, 'V': 4.0, 'Ni': 4.0, 'P': 8.0, 'O': 36.0}","['Mg', 'Ni', 'O', 'P', 'V']",5,0.297899461287645,16.68236983210812,0.7192380351685178
mp-1201187,Co2P2H4PbO10,4.599224373015069,0.0179120796491139,-1.902279392857143,FM,12.0000765,0.0301582855917862,6.00003825,397.90313887299544,38,Monoclinic,P2_1/m,False,10.47113523349988,"{'Co': 4.0, 'P': 4.0, 'H': 8.0, 'Pb': 2.0, 'O': 20.0}","['Co', 'H', 'O', 'P', 'Pb']",5,0.43922882003289926,16.690695161250172,0.7189680468108894
mp-1043189,MgCo(GeO3)2,4.741857447512962,0.0147455675000038,-2.1711377040000004,FM,5.9997136,0.0263976754912991,2.9998568,227.28189086109288,20,Monoclinic,C2/c,False,11.364094543054645,"{'Mg': 2.0, 'Co': 2.0, 'Ge': 4.0, 'O': 12.0}","['Co', 'Ge', 'Mg', 'O']",4,0.41726663127869057,8.34533262557381,0.7189304332357238
mp-818273,NiP5O14,2.7572241284397907,0.0449780534999977,-2.3242112071607126,FM,12.0001995,0.0113846576988227,3.000049875,1054.0676599561602,80,Monoclinic,P2_1/c,False,13.175845749452003,"{'Ni': 4.0, 'P': 20.0, 'O': 56.0}","['Ni', 'O', 'P']",3,0.20926354033512168,16.741083226809735,0.7168114116285186
mp-554616,SiNi2(P2O7)2,3.219207238343911,0.00304985055556,-2.5048670282653056,FM,7.9975742,0.0157132170853229,3.9987871,508.9711519018087,42,Monoclinic,C2/c,False,12.118360759566874,"{'Si': 2.0, 'Ni': 4.0, 'P': 8.0, 'O': 28.0}","['Ni', 'O', 'P', 'Si']",4,0.2656470872764288,11.157177665610009,0.7168097918393002
mp-1214156,Ca2FeP2(H2O5)2,3.060750714364156,0.0025438556140375,-2.4455825696992473,FM,4.000042,0.0203688117829285,4.000042,196.38072375692025,19,Triclinic,P-1,False,10.335827566153696,"{'Ca': 2.0, 'Fe': 1.0, 'P': 2.0, 'H': 4.0, 'O': 10.0}","['Ca', 'Fe', 'H', 'O', 'P']",5,0.2961302029057711,5.6264738552096505,0.7109323002178871
mp-1372050,Ca2AlCoO5,3.772679424449494,0.0209346858134926,-2.794079868333333,FM,4.0066953,0.0184970494301902,2.00334765,216.6126719356876,18,Monoclinic,C2,False,12.03403732976042,"{'Ca': 4.0, 'Al': 2.0, 'Co': 2.0, 'O': 10.0}","['Al', 'Ca', 'Co', 'O']",4,0.3135007247417773,5.643013045351991,0.7100276515044058
mp-18059,ZrMnSi2,5.706990582761147,0.0088546589583335,-0.6578266973994253,FM,6.5828726,0.018636117506644,1.0971454333333333,353.2319753646702,24,Orthorhombic,Immm,False,14.717998973527925,"{'Zr': 6.0, 'Mn': 6.0, 'Si': 12.0}","['Mn', 'Si', 'Zr']",3,0.38775587585145577,9.30614102043494,0.707368670380662
mp-859878,Nb3Fe(PO4)6,3.0311481056557485,0.0,-2.7814846817016807,FM,5.0027074,0.0100973241763261,5.0027074,495.4488251183608,34,Trigonal,R3,True,14.572024268187082,"{'Nb': 3.0, 'Fe': 1.0, 'P': 6.0, 'O': 24.0}","['Fe', 'Nb', 'O', 'P']",4,0.20801146428730566,7.072389785768392,0.7073574211176586
mp-774402,VCr3(PO4)6,2.8099629598723315,0.0478538867646971,-2.3851565884663852,FM,5.0000354,0.0108927831284939,5.0000354,459.0227622287483,34,Trigonal,R3,False,13.500669477316126,"{'V': 1.0, 'Cr': 3.0, 'P': 6.0, 'O': 24.0}","['Cr', 'O', 'P', 'V']",4,0.20813508282634735,7.07659281609581,0.70655971453202
mp-1222196,Mg2V2CoO8,3.7530812307164223,0.0,-2.4705404134615394,FM,5.999999,0.0200949732287049,2.9999995,298.58208476880316,26,Orthorhombic,Cmce,True,11.48392633726166,"{'Mg': 4.0, 'V': 4.0, 'Co': 2.0, 'O': 16.0}","['Co', 'Mg', 'O', 'V']",4,0.32681167751301893,8.497103615338492,0.7061228474570017
mp-1199096,Ca3Al4CoO10,3.13801905833212,0.0086366109469686,-3.1994160720833347,FM,11.9993994,0.0126798353774652,2.99984985,946.3371599701892,72,Orthorhombic,Pca2_1,False,13.143571666252628,"{'Ca': 12.0, 'Al': 16.0, 'Co': 4.0, 'O': 40.0}","['Al', 'Ca', 'Co', 'O']",4,0.2387493398304574,17.18995246779293,0.6980472704902504
mp-1227711,Ca4CoSi8(NiO8)3,3.668444645815074,0.0076843868958373,-2.9485411905000007,FM,8.9872525,0.0197755361987033,8.9872525,454.4631513247812,40,Monoclinic,P2,False,11.36157878311953,"{'Ca': 4.0, 'Co': 1.0, 'Si': 8.0, 'Ni': 3.0, 'O': 24.0}","['Ca', 'Co', 'Ni', 'O', 'Si']",5,0.3228815920605565,12.91526368242226,0.6958628736501676
mp-772911,V3Fe(PO4)6,2.829182374026295,0.0193989570098027,-2.4736110102310924,FM,4.9771002,0.0108925838456449,4.9771002,456.9255807922873,34,Trigonal,R3,False,13.43898767036139,"{'V': 3.0, 'Fe': 1.0, 'P': 6.0, 'O': 24.0}","['Fe', 'O', 'P', 'V']",4,0.21052049778018847,7.157696924526408,0.695349391358773
mp-1227399,Ca2MgFe(SiO3)4,3.331450860779402,0.0053179591250041,-3.1768263105,FM,8.0000516,0.0172714883414849,4.0000258,463.1941059059995,40,Monoclinic,C2,False,11.57985264764999,"{'Ca': 4.0, 'Mg': 2.0, 'Fe': 2.0, 'Si': 8.0, 'O': 24.0}","['Ca', 'Fe', 'Mg', 'O', 'Si']",5,0.2876937178864262,11.50774871545705,0.6951882420976434
mp-1207918,V2Ni2PbO8,5.6243306475705115,0.0,-1.9419661321153856,FM,15.9997457,0.0244343448011352,3.999936425,654.8055955753158,52,Tetragonal,I4_1cd,True,12.592415299525303,"{'V': 8.0, 'Ni': 8.0, 'Pb': 4.0, 'O': 32.0}","['Ni', 'O', 'Pb', 'V']",4,0.4466443103875817,23.225504140154246,0.6888869065424619
mp-1208571,Tl2Ni2(MoO4)3,5.2098587705476875,0.0033472835526353,-1.7113834923245637,FM,16.076779,0.0125352359781002,4.01919475,1282.5270324457442,76,Cubic,P2_13,False,16.875355690075583,"{'Tl': 8.0, 'Ni': 8.0, 'Mo': 12.0, 'O': 48.0}","['Mo', 'Ni', 'O', 'Tl']",4,0.3087258642857295,23.463165685715442,0.6851922377118816
mp-1246381,Ca7MnN6,3.1107433426476527,0.0449784642410708,-0.9358870211022168,FM,7.4613338,0.0083294149117412,1.86533345,895.7812618365828,56,Orthorhombic,Pbcn,False,15.99609396136755,"{'Ca': 28.0, 'Mn': 4.0, 'N': 24.0}","['Ca', 'Mn', 'N']",3,0.1944689341135695,10.890260310359892,0.6851382416361564
mp-1080816,Cr3PN,6.3219030832023035,0.012799570000002,-0.4892150542023785,FM,4.1012055,0.0388464837318957,2.05060275,105.57469057701653,10,Orthorhombic,Cmcm,False,10.55746905770165,"{'Cr': 6.0, 'P': 2.0, 'N': 2.0}","['Cr', 'N', 'P']",3,0.598808582686822,5.98808582686822,0.6848942414282224
mp-675115,Co7(RuO6)2,6.317844647036442,0.0473544804761907,-1.2837401923809526,FM,17.9998917,0.0424488997583017,8.99994585,424.03670772361465,42,Monoclinic,C2/c,False,10.096112088657492,"{'Co': 14.0, 'Ru': 4.0, 'O': 24.0}","['Co', 'O', 'Ru']",3,0.6257700579745191,26.282342434929802,0.6848663411400406
mp-1227522,Ca6AlCr3(SiO4)6,3.6514258620614024,0.0015662743090274,-3.253593167750001,FM,17.999751,0.0202781512123645,8.9998755,887.6426066408205,80,Monoclinic,C2/c,False,11.095532583010256,"{'Ca': 12.0, 'Al': 2.0, 'Cr': 6.0, 'Si': 12.0, 'O': 48.0}","['Al', 'Ca', 'Cr', 'O', 'Si']",5,0.3290897336151807,26.327178689214456,0.6836946416660292
mp-756483,V4CrCuO12,3.3917300684182887,0.0398663950694402,-2.180086931111112,FM,3.0003918,0.011985981310189,3.0003918,250.3250858108233,18,Monoclinic,C2,False,13.906949211712408,"{'V': 4.0, 'Cr': 1.0, 'Cu': 1.0, 'O': 12.0}","['Cr', 'Cu', 'O', 'V']",4,0.2438874275575681,4.3899736960362254,0.6834646418745287
mp-1045773,MgCo(PO3)4,2.9970283099461095,0.0,-2.620924572976191,FM,6.0002063,0.0135665015177058,3.00010315,442.28103259849496,36,Monoclinic,C2/c,True,12.285584238847084,"{'Mg': 2.0, 'Co': 2.0, 'P': 8.0, 'O': 24.0}","['Co', 'Mg', 'O', 'P']",4,0.24394674699063065,8.782082891662704,0.683232710738396
mp-1373103,Ca(NiO2)2,4.6927009031235505,0.0165521396428571,-1.645540277857142,FM,8.0000002,0.0255213580815295,2.00000005,313.46295030395754,28,Orthorhombic,Pmmn,False,11.195105367998485,"{'Ca': 4.0, 'Ni': 8.0, 'O': 16.0}","['Ca', 'Ni', 'O']",3,0.4191743399341077,11.736881518155016,0.6816120779293309
mp-773511,Co5NiO12,4.528325592167679,0.0342593699999991,-0.996432388888889,FM,5.0002833,0.0250038053160771,5.0002833,199.98089237980395,18,Monoclinic,C2/m,False,11.110049576655776,"{'Co': 5.0, 'Ni': 1.0, 'O': 12.0}","['Co', 'Ni', 'O']",3,0.40758824350185713,7.336588383033428,0.6815542918509154
mp-1213858,Co3As2(HO)16,3.0971681460746177,0.0134901377477474,-1.3676927579729727,FM,9.001695,0.0280405828649168,9.001695,321.0238190612837,37,Monoclinic,C2/m,False,8.676319434088748,"{'Co': 3.0, 'As': 2.0, 'H': 16.0, 'O': 16.0}","['As', 'Co', 'H', 'O']",4,0.35696797122360735,13.207814935273472,0.6815430897626835
mp-1200841,Ni3Ag2P3HO12,4.741125576815499,0.0450074472619181,-1.8628234899291367,FM,11.9996814,0.0252760870436933,5.9998407,474.74442461195986,42,Orthorhombic,Ima2,False,11.30343868123714,"{'Ni': 6.0, 'Ag': 4.0, 'P': 6.0, 'H': 2.0, 'O': 24.0}","['Ag', 'H', 'Ni', 'O', 'P']",5,0.41944099583478184,17.616521825060836,0.6811606467588593
mp-1046751,Nb2Zn2FeO8,5.374451838890924,0.0230755696153854,-2.425479831538461,FM,8.0000353,0.0258683127279016,4.00001765,309.26003501462014,26,Monoclinic,C2/c,False,11.894616731331544,"{'Nb': 4.0, 'Zn': 4.0, 'Fe': 2.0, 'O': 16.0}","['Fe', 'Nb', 'O', 'Zn']",4,0.4518390092161701,11.747814239620423,0.6809807455942958
mp-753596,VCrP2(HO5)2,3.0596807724609185,0.0466421760937487,-2.2614497716741075,FM,6.0016764,0.0169145837874006,3.0008382,354.82258833176564,32,Triclinic,P-1,False,11.088205885367676,"{'V': 2.0, 'Cr': 2.0, 'P': 4.0, 'H': 4.0, 'O': 20.0}","['Cr', 'H', 'O', 'P', 'V']",5,0.27594011187135004,8.830083579883201,0.6796851180064806
mp-651726,Ni3P4PbO14,4.71043167751634,0.0,-2.290910959025973,FM,11.9997634,0.0232775788588561,5.9998817,515.50736752996,44,Monoclinic,P2_1/c,True,11.716076534771815,"{'Ni': 6.0, 'P': 8.0, 'Pb': 2.0, 'O': 28.0}","['Ni', 'O', 'P', 'Pb']",4,0.40204855811042045,17.6901365568585,0.6783307387950981
mp-772950,Ti2Cr3O12,2.7431838223641645,0.0464333331764681,-2.291028517156864,FM,8.0016249,0.0074476593098939,2.000406225,1074.3811668949563,68,Orthorhombic,Pbcn,False,15.799723042572888,"{'Ti': 8.0, 'Cr': 12.0, 'O': 48.0}","['Cr', 'O', 'Ti']",3,0.17362227267987945,11.806314542231803,0.6777411250037232
mp-1218911,Sr10Mn(RuO5)4,5.593849865330988,0.0119092522857116,-2.5163728047980296,FM,9.440566,0.0192112314388027,9.440566,491.4086861153519,35,Tetragonal,I4/mmm,False,14.04024817472434,"{'Sr': 10.0, 'Mn': 1.0, 'Ru': 4.0, 'O': 20.0}","['Mn', 'O', 'Ru', 'Sr']",4,0.3984153125869383,13.94453594054284,0.677008259023677
mp-24731,Ni3AgP3(HO6)2,4.366487137450338,0.0,-1.971772172528344,FM,12.000056,0.0276371196595017,6.000028,434.20067459433454,42,Monoclinic,C2/c,True,10.338111299865108,"{'Ni': 6.0, 'Ag': 2.0, 'P': 6.0, 'H': 4.0, 'O': 24.0}","['Ag', 'H', 'Ni', 'O', 'P']",5,0.42236797523231456,17.73945495975721,0.6764613697107771
mp-1342975,Ca(NiO2)2,4.711873004187797,3.689321428446135e-05,-1.6620555242857142,FM,7.9999995,0.0256256237367171,1.999999875,312.18750350015296,28,Monoclinic,P2/c,False,11.149553696434037,"{'Ca': 4.0, 'Ni': 8.0, 'O': 16.0}","['Ca', 'Ni', 'O']",3,0.42260642286469247,11.832979840211388,0.6760764919766047
mp-1202294,NiP2H2O7,2.831327393995964,0.0,-2.1220308310863083,FM,15.9969016,0.014529862389749,1.9996127,1100.96717855263,96,Monoclinic,P2_1/c,True,11.46840810992323,"{'Ni': 8.0, 'P': 16.0, 'H': 16.0, 'O': 56.0}","['H', 'Ni', 'O', 'P']",4,0.2468805929173475,23.70053692006536,0.6749594599461034
mp-1101884,CaNi5,6.722252172364329,0.0029425929166668,-0.108525624166667,FM,3.9630535,0.0240497854796057,1.98152675,164.7853991612807,12,Orthorhombic,Imma,False,13.732116596773391,"{'Ca': 2.0, 'Ni': 10.0}","['Ca', 'Ni']",2,0.48952775233090023,5.874333027970803,0.6746388877051759
mp-1226310,CrFeB2,6.480433289984706,0.0446465950000014,-0.4140595895833314,FM,4.2157362,0.0635407556956233,2.1078681,66.34696351731264,8,Orthorhombic,Pmc2_1,False,8.29337043966408,"{'Cr': 2.0, 'Fe': 2.0, 'B': 4.0}","['B', 'Cr', 'Fe']",3,0.781399231727456,6.251193853819648,0.6743889725038797
mp-3778,Mg3(Al9Cr)2,2.9523584178509736,0.0,-0.095502989565217,FM,5.6433948,0.0075717356573047,2.8216974,745.3238009643958,46,Cubic,Fd-3m,True,16.20269132531295,"{'Mg': 6.0, 'Al': 36.0, 'Cr': 4.0}","['Al', 'Cr', 'Mg']",3,0.1822140753393603,8.381847465610573,0.6732876997766875
mp-1044303,MgTiCr(PO4)3,3.05764362560056,0.0021816893055373,-2.896806376792328,FM,5.9994382,0.0135023010986541,2.9997191,444.3270932980462,36,Trigonal,R3c,False,12.34241925827906,"{'Mg': 2.0, 'Ti': 2.0, 'Cr': 2.0, 'P': 6.0, 'O': 24.0}","['Cr', 'Mg', 'O', 'P', 'Ti']",5,0.24773454552271434,8.918443638817717,0.6727001305348074
mp-1219532,Sr18Ca3Cr14O56,3.744776369835243,0.0,-2.649321552087911,FM,14.0000005,0.0095059598769243,14.0000005,1472.760318922126,91,Trigonal,R3,True,16.184179328814572,"{'Sr': 18.0, 'Ca': 3.0, 'Cr': 14.0, 'O': 56.0}","['Ca', 'Cr', 'O', 'Sr']",4,0.23138500221435285,21.05603520150611,0.6648925291974531
mp-560723,Sr2CoMoO6,5.656227621740224,0.0275116450000014,-2.4477956759999997,FM,3.0027245,0.0240033553267749,3.0027245,125.0960317473014,10,Tetragonal,I4/mmm,False,12.50960317473014,"{'Sr': 2.0, 'Co': 1.0, 'Mo': 1.0, 'O': 6.0}","['Co', 'Mo', 'O', 'Sr']",4,0.4521508430551988,4.521508430551988,0.6640979545035208
mp-1518341,Sr2CrSbO6,5.777652269256656,0.0272312059999997,-2.6462996379999995,FM,3.0000006,0.0234569181390537,3.0000006,127.89406443829688,10,Cubic,Fm-3m,False,12.789406443829687,"{'Sr': 2.0, 'Cr': 1.0, 'Sb': 1.0, 'O': 6.0}","['Cr', 'O', 'Sb', 'Sr']",4,0.4517529640356463,4.517529640356463,0.664079892957444
mp-1084823,Sr2CrSbO6,5.782504047739504,0.0,-2.6735308439999996,FM,3.0020521,0.0234926701551285,3.0020521,127.78675562107809,10,Monoclinic,C2/m,True,12.778675562107807,"{'Sr': 2.0, 'Cr': 1.0, 'Sb': 1.0, 'O': 6.0}","['Cr', 'O', 'Sb', 'Sr']",4,0.45251200092176813,4.525120009217681,0.6634193333844874
mp-1029775,BaMnN2,5.71564155568915,0.0,-0.8469373538577596,FM,3.7909829,0.0148093405171792,0.947745725,255.9859364164358,16,Orthorhombic,Cmce,True,15.999121026027238,"{'Ba': 4.0, 'Mn': 4.0, 'N': 8.0}","['Ba', 'Mn', 'N']",3,0.3572472229187461,5.715955566699938,0.6632281961891972
mp-31627,Ba2NbCrO6,6.2333021021208985,0.0,-3.056199825000012,FM,12.0,0.0218432429001867,3.0,549.3689767052589,40,Hexagonal,P6_3/mmc,True,13.734224417631472,"{'Ba': 8.0, 'Nb': 4.0, 'Cr': 4.0, 'O': 24.0}","['Ba', 'Cr', 'Nb', 'O']",4,0.45385177295623796,18.15407091824952,0.6610087651435198
mp-1035602,Mg14CrFeO16,3.720825391877152,0.0486358371874997,-2.8487726806250007,FM,8.000001,0.0254592123784659,8.000001,314.22814190303114,32,Orthorhombic,Pmmm,False,9.819629434469723,"{'Mg': 14.0, 'Cr': 1.0, 'Fe': 1.0, 'O': 16.0}","['Cr', 'Fe', 'Mg', 'O']",4,0.37891708813532055,12.125346820330257,0.6597750248748847
mp-1191971,FeRe2(H2O3)4,3.458210600704091,0.0,-1.662810422826087,FM,3.9999014,0.0132578767212173,3.9999014,301.6999994877545,23,Triclinic,P-1,True,13.117391282076282,"{'Fe': 1.0, 'Re': 2.0, 'H': 8.0, 'O': 12.0}","['Fe', 'H', 'O', 'Re']",4,0.2636355450820027,6.0636175368860625,0.6596559521882588
mp-2740066,Co23O32,6.0046729728528305,0.0044346591818182,-1.3326519856363648,FM,23.0234144,0.0445822865177722,23.0234144,516.425158920953,55,Tetragonal,I-42m,False,9.389548344017326,"{'Co': 23.0, 'O': 32.0}","['Co', 'O']",2,0.6395060500091878,35.17283275050533,0.6545794751112056
mp-24776,FeH18(NO6)3,1.800499553279476,0.0095628619999992,-1.1625533023125,FM,20.1658566,0.0135307611100154,5.04146415,1490.3711946457508,160,Monoclinic,P2_1/c,False,9.314819966535945,"{'Fe': 4.0, 'H': 72.0, 'N': 12.0, 'O': 72.0}","['Fe', 'H', 'N', 'O']",4,0.19329407972970813,30.9270527567533,0.6520458563771984
mp-24174,V2CoP2(H4O7)2,2.7820908800416,0.0016977749999984,-1.9427346033068784,FM,4.8521823,0.0178739639852828,4.8521823,271.4664919317956,27,Tetragonal,I4/m,False,10.054314515992427,"{'V': 2.0, 'Co': 1.0, 'P': 2.0, 'H': 8.0, 'O': 14.0}","['Co', 'H', 'O', 'P', 'V']",5,0.27670617182468255,7.471066639266429,0.6494631267907452
mp-1043472,NiMoP2O9,3.304412127348197,0.043649754519234,-2.2056419237912084,FM,7.9996886,0.0110372773642429,1.99992215,724.7882186884477,52,Orthorhombic,Pnma,False,13.93823497477784,"{'Ni': 4.0, 'Mo': 4.0, 'P': 8.0, 'O': 36.0}","['Mo', 'Ni', 'O', 'P']",4,0.2370753637980526,12.327918917498735,0.648908275073494
mp-1210873,MnAlBiO5,6.677307809990596,0.0056726547135426,-2.2838845044288796,FM,12.0015408,0.0325293969319834,3.0003852,368.9444604550874,32,Orthorhombic,Pbam,False,11.52951438922148,"{'Mn': 4.0, 'Al': 4.0, 'Bi': 4.0, 'O': 20.0}","['Al', 'Bi', 'Mn', 'O']",4,0.5791490937582736,18.532771000264756,0.647584799910847
mp-510246,MnP4H16(NO8)2,2.010884234685689,0.0,-1.6909148981154476,FM,4.9988275,0.0126387263338732,4.9988275,395.5167133101506,39,Triclinic,P-1,True,10.14145418743976,"{'Mn': 1.0, 'P': 4.0, 'H': 16.0, 'N': 2.0, 'O': 16.0}","['H', 'Mn', 'N', 'O', 'P']",5,0.19828361865265623,7.733061127453593,0.646422861220296
mp-1333433,VZnNiP2O9,3.8750171958130135,0.0493270904761837,-2.3340510299489807,FM,11.9999224,0.0183752788295882,2.9999806,653.047091763172,56,Orthorhombic,Pnma,False,11.661555210056644,"{'V': 4.0, 'Zn': 4.0, 'Ni': 4.0, 'P': 8.0, 'O': 36.0}","['Ni', 'O', 'P', 'V', 'Zn']",5,0.33228991553984943,18.608235270231567,0.6448715972114141
mp-1029550,Ca2CrN3,3.498778408016554,0.0393004616666683,-1.1216620677083344,FM,3.9272977,0.0118774260192679,0.981824425,330.65225526380874,24,Orthorhombic,Cmce,False,13.777177302658698,"{'Ca': 8.0, 'Cr': 4.0, 'N': 12.0}","['Ca', 'Cr', 'N']",3,0.2539546622036551,6.094911892887723,0.6443567633164384
mp-1344053,CoO2,5.105207079350161,0.0252680487500009,-1.0471646112500004,FM,8.0035053,0.0338249992174119,1.0004381625,236.6150919489178,24,Orthorhombic,Pnma,False,9.858962164538244,"{'Co': 8.0, 'O': 16.0}","['Co', 'O']",2,0.517823985339259,12.427775648142216,0.644001430875236
mp-18369,Ta2MnZn2O8,7.1799601571460165,0.0166900242307708,-2.678555380969054,FM,10.0004498,0.0319994577273103,5.0002249,312.5193522096782,26,Monoclinic,C2/c,False,12.019975084987625,"{'Ta': 4.0, 'Mn': 2.0, 'Zn': 4.0, 'O': 16.0}","['Mn', 'O', 'Ta', 'Zn']",4,0.597335693824644,15.530728039440744,0.6439137801269562
mp-1217450,Ti2In3FeO10,5.754266407364219,0.0236550999999991,-2.4933178063541668,FM,9.9998996,0.0264109970497439,4.9999498,378.6263570877556,32,Monoclinic,P2_1,False,11.832073658992362,"{'Ti': 4.0, 'In': 6.0, 'Fe': 2.0, 'O': 20.0}","['Fe', 'In', 'O', 'Ti']",4,0.4863278046778371,15.562489749690787,0.6425642529466528
mp-776012,Ti3FeCu2(PO4)6,3.283522809207752,0.0166678029513738,-2.661499568829365,FM,5.9997607,0.0132354712813144,5.9997607,453.30918502844133,36,Trigonal,R3,False,12.591921806345592,"{'Ti': 3.0, 'Fe': 1.0, 'Cu': 2.0, 'P': 6.0, 'O': 24.0}","['Cu', 'Fe', 'O', 'P', 'Ti']",5,0.2607642312036157,9.387512323330165,0.6391214725853611
mp-1213911,CdCo(PO3)4,3.4262752294964507,0.0,-2.4153840146428576,FM,6.0000249,0.0127045814935688,3.00001245,472.27253436386394,36,Monoclinic,C2/c,True,13.118681510107333,"{'Cd': 2.0, 'Co': 2.0, 'P': 8.0, 'O': 24.0}","['Cd', 'Co', 'O', 'P']",4,0.26117527335781915,9.40230984088149,0.638143711656016
mp-1311784,Mg(NiO2)2,4.678810396786647,0.0181273579365068,-1.5516647585714287,FM,3.9987855,0.0273887713154806,1.99939275,146.00090869135866,14,Cubic,Fd-3m,False,10.428636335097048,"{'Mg': 2.0, 'Ni': 4.0, 'O': 8.0}","['Mg', 'Ni', 'O']",3,0.44865025938629643,6.2811036314081505,0.6366374023833004
mp-1197723,ZrMnSi2,5.721132608151864,0.0136067591666666,-0.653074597191092,FM,11.9052344,0.0168936231959435,0.9921028666666666,704.7176477132899,48,Orthorhombic,Pbam,False,14.68161766069354,"{'Zr': 12.0, 'Mn': 12.0, 'Si': 24.0}","['Mn', 'Si', 'Zr']",3,0.38967998897483924,18.704639470792284,0.6364856386882137
mp-1215675,Zn4CoO5,5.609294606277694,0.006895194250001,-1.6801903249999994,FM,6.0050593,0.0253204932641299,3.00252965,237.16201881844887,20,Trigonal,P3m1,False,11.858100940922444,"{'Zn': 8.0, 'Co': 2.0, 'O': 10.0}","['Co', 'O', 'Zn']",3,0.4730348168078038,9.460696336156076,0.6347375591213493
mp-1208509,Ta2Mn(P2O7)3,3.6995735073041542,0.0,-2.829180105681828,FM,10.0002445,0.0118678794610023,5.00012225,842.6311147547987,60,Monoclinic,P2_1/c,True,14.043851912579978,"{'Ta': 4.0, 'Mn': 2.0, 'P': 12.0, 'O': 42.0}","['Mn', 'O', 'P', 'Ta']",4,0.2634301137845386,15.805806827072317,0.6326943388218246
mp-19161,Ca2CoWO6,5.743855905392938,0.0,-2.6169339309999997,FM,6.0001157,0.0247712072217835,3.00005785,242.2213679890244,20,Monoclinic,P2_1/c,True,12.11106839945122,"{'Ca': 4.0, 'Co': 2.0, 'W': 2.0, 'O': 12.0}","['Ca', 'Co', 'O', 'W']",4,0.47426500420501344,9.485300084100269,0.6325699394642972
mp-758995,MnAlP2(HO)15,2.1334299201600544,0.0397291414951013,-1.7768603375284346,FM,10.0085767,0.0161147481711552,5.00428835,621.0817937518209,68,Triclinic,P-1,False,9.133555790467954,"{'Mn': 2.0, 'Al': 2.0, 'P': 4.0, 'H': 30.0, 'O': 30.0}","['Al', 'H', 'Mn', 'O', 'P']",5,0.23358152827911385,15.883543922979742,0.6301223926179315
mp-18805,Sr2CoMoO6,5.812343494766092,0.0331257930000008,-2.4421815280000003,FM,2.9997704,0.0246415984298329,2.9997704,121.7360313918703,10,Tetragonal,I4/m,False,12.17360313918703,"{'Sr': 2.0, 'Co': 1.0, 'Mo': 1.0, 'O': 6.0}","['Co', 'Mo', 'O', 'Sr']",4,0.47745465564390405,4.774546556439041,0.6282838306298333
mp-17551,SrNiP2O7,3.74143371136798,0.0,-2.74567095970779,FM,7.9998507,0.0140705991468063,1.999962675,568.5508212218334,44,Monoclinic,P2_1/c,True,12.921609573223488,"{'Sr': 4.0, 'Ni': 4.0, 'P': 8.0, 'O': 28.0}","['Ni', 'O', 'P', 'Sr']",4,0.2895485806289242,12.740137547672663,0.627924986685987
mp-530184,Al2NiO4,4.367560784332013,0.0124764657142861,-2.7902650278571435,FM,15.999981,0.0297780101955576,1.999997625,537.3086010423533,56,Monoclinic,Cm,False,9.59479644718488,"{'Al': 16.0, 'Ni': 8.0, 'O': 32.0}","['Al', 'Ni', 'O']",3,0.4552009840306157,25.49125510571448,0.6276654850318931
mp-34234,Al2NiO4,4.371353322041724,0.0057242900000007,-2.79701720357143,FM,12.0002161,0.0298044398117189,2.0000360166666664,402.6318285399075,42,Monoclinic,Cm,False,9.586472108093036,"{'Al': 12.0, 'Ni': 6.0, 'O': 24.0}","['Al', 'Ni', 'O']",3,0.4559918677853729,19.15165844698566,0.6265888739201462
mp-530459,Al2NiO4,4.372937889243299,0.0102666988571433,-2.792474794714287,FM,19.9999996,0.0298147060818353,1.99999996,670.8098864065274,70,Monoclinic,Cm,False,9.582998377236104,"{'Al': 20.0, 'Ni': 10.0, 'O': 40.0}","['Al', 'Ni', 'O']",3,0.4563225117131374,31.942575819919618,0.6261235697694691
mp-530137,Al2NiO4,4.3773442291487195,0.0088839464285737,-2.793857547142857,FM,24.0014121,0.0298465051103036,2.000117675,804.1615596632856,84,Monoclinic,Cm,False,9.5733519007534,"{'Al': 24.0, 'Ni': 12.0, 'O': 48.0}","['Al', 'Ni', 'O']",3,0.4572425911560018,38.408377657104154,0.6249004400622116
mp-1275837,CaCo4(CuO4)3,5.5352288476392895,0.0239385989439639,-1.3159052785,FM,7.0004452,0.0354400964219342,7.0004452,197.5289546804776,20,Trigonal,R-3,False,9.87644773402388,"{'Ca': 1.0, 'Co': 4.0, 'Cu': 3.0, 'O': 12.0}","['Ca', 'Co', 'Cu', 'O']",4,0.5604473386287153,11.208946772574306,0.6245408549114058
mp-531917,Al2NiO4,4.381099259229873,0.0045938919642871,-2.7981476016071434,FM,15.9996999,0.0298697906730683,1.9999624875,535.6482097621762,56,Monoclinic,Cm,False,9.565146602896004,"{'Al': 16.0, 'Ni': 8.0, 'O': 32.0}","['Al', 'Ni', 'O']",3,0.4580274031454389,25.64953457614458,0.6237812952317882
mp-1078108,Mn2B4Mo,6.8832629122977265,0.0080765871428578,-0.486016973423643,FM,3.4960584,0.0581861735621131,3.4960584,60.08400597554318,7,Orthorhombic,Immm,False,8.583429425077597,"{'Mn': 2.0, 'B': 4.0, 'Mo': 1.0}","['B', 'Mn', 'Mo']",3,0.8019245655107718,5.613471958575403,0.6227978737222081
mp-532317,Al2NiO4,4.3851020777235,0.0038514468571433,-2.7988900467142863,FM,20.0005094,0.0298984036530557,2.00005094,668.949072736058,70,Monoclinic,Cm,False,9.55641532480083,"{'Al': 20.0, 'Ni': 10.0, 'O': 40.0}","['Al', 'Ni', 'O']",3,0.4588647446436609,32.120532125056265,0.6226705498567441
mp-1048399,CaNiP2O7,3.470555672495286,0.0253542258333325,-2.701316154025973,FM,8.000445,0.0153283526601416,2.00011125,521.937691373945,44,Monoclinic,P2_1/c,False,11.86222025849875,"{'Ca': 4.0, 'Ni': 4.0, 'P': 8.0, 'O': 28.0}","['Ca', 'Ni', 'O', 'P']",4,0.2925721826829837,12.873176038051282,0.6214818298415107
mp-560855,SrCrSn(PO4)3,3.6693841983797206,0.0,-2.7475068079960305,FM,6.0001378,0.012203472533021,3.0000689,491.6746265265395,36,Trigonal,R-3,True,13.657628514626095,"{'Sr': 2.0, 'Cr': 2.0, 'Sn': 2.0, 'P': 6.0, 'O': 24.0}","['Cr', 'O', 'P', 'Sn', 'Sr']",5,0.2686692052320898,9.672091388355234,0.6203557802631908
mp-1041887,MgSi2NiO6,3.550166433954139,0.0156913012916639,-2.830690812125,FM,16.0000252,0.0181826061758047,2.00000315,879.963248683842,80,Orthorhombic,Pbca,False,10.999540608548026,"{'Mg': 8.0, 'Si': 16.0, 'Ni': 8.0, 'O': 48.0}","['Mg', 'Ni', 'O', 'Si']",4,0.3227558822952309,25.820470583618473,0.6196643530637682
mp-1192704,MnV2HPb2O9,5.8434035169687775,0.0,-2.039293944945403,FM,8.0056972,0.0196669641224584,4.0028486,407.0631923743626,30,Monoclinic,P2_1/m,True,13.568773079145418,"{'Mn': 2.0, 'V': 4.0, 'H': 2.0, 'Pb': 4.0, 'O': 18.0}","['H', 'Mn', 'O', 'Pb', 'V']",5,0.43065083945945126,12.919525183783538,0.6196587789502259
mp-1228406,Al4Zn3Cr2O12,4.687713997678647,0.0024768688095226,-2.770651122857142,FM,12.0039038,0.0282327564211644,6.0019519,425.1764730630902,42,Monoclinic,C2/m,False,10.123249358645005,"{'Al': 8.0, 'Zn': 6.0, 'Cr': 4.0, 'O': 24.0}","['Al', 'Cr', 'O', 'Zn']",4,0.4630641636497332,19.448694873288794,0.6172087061989125
mp-1246091,Ca4MnN4,3.005939557576415,0.0190126198611109,-0.9767494528256712,FM,3.9991208,0.0066714917195145,0.9997802,599.4342746918703,36,Orthorhombic,Pnma,False,16.650952074774175,"{'Ca': 16.0, 'Mn': 4.0, 'N': 16.0}","['Ca', 'Mn', 'N']",3,0.1805265875535338,6.4989571519272165,0.6153480791628378
mp-1249267,Ca3Co2(Si2O7)2,3.424272021505073,0.0327880042621933,-2.911218966956522,FM,8.0000509,0.0143595815396036,4.00002545,557.1228435825873,46,Monoclinic,C2/c,False,12.111366164838854,"{'Ca': 6.0, 'Co': 4.0, 'Si': 8.0, 'O': 28.0}","['Ca', 'Co', 'O', 'Si']",4,0.2827321026298633,13.005676720973712,0.6151199258319755
mp-20966,Ba2UCoO6,7.354325418623876,0.0270834864166591,-3.003749728999999,FM,2.999908,0.0199011062397132,2.999908,150.74076605920524,10,Cubic,Fm-3m,False,15.074076605920524,"{'Ba': 2.0, 'U': 1.0, 'Co': 1.0, 'O': 6.0}","['Ba', 'Co', 'O', 'U']",4,0.48787899988085354,4.878789998808536,0.6148877079629614
mp-1193552,NiH4(NO4)2,2.295476277184457,0.0,-1.0613452526666671,FM,4.0004457,0.0126411410306219,2.00022285,316.46238977235464,30,Monoclinic,P2_1/c,True,10.548746325745157,"{'Ni': 2.0, 'H': 8.0, 'N': 4.0, 'O': 16.0}","['H', 'N', 'Ni', 'O']",4,0.21760654833287082,6.528196449986125,0.6127949320533242
mp-1044311,TiZnCr(PO4)3,3.3609960550900486,0.0105643692283727,-2.7180650512367723,FM,5.9995198,0.0134869340994981,2.9997599,444.8394094417092,36,Trigonal,R3c,False,12.3566502622697,"{'Ti': 2.0, 'Zn': 2.0, 'Cr': 2.0, 'P': 6.0, 'O': 24.0}","['Cr', 'O', 'P', 'Ti', 'Zn']",5,0.2719989628056927,9.791962661004938,0.6126983943568547
mp-1042887,CaNiAs2O7,4.023326299056024,0.0202646865151514,-2.030143152727273,FM,7.9999861,0.0134377683909808,1.999996525,595.3359119784685,44,Monoclinic,P2_1/c,False,13.530361635874284,"{'Ca': 4.0, 'Ni': 4.0, 'As': 8.0, 'O': 28.0}","['As', 'Ca', 'Ni', 'O']",4,0.2973554149793463,13.083638259091238,0.6114496550255175
mp-540947,CoNi(PO3)4,3.3017448850107716,0.0248741738425923,-2.3435435107539684,FM,5.9989395,0.013757367254873,2.99946975,436.0528718076555,36,Monoclinic,C2/c,False,12.112579772434875,"{'Co': 2.0, 'Ni': 2.0, 'P': 8.0, 'O': 24.0}","['Co', 'Ni', 'O', 'P']",4,0.2725880817333972,9.8131709424023,0.6113150922581847
mp-762236,Al3CrO6,4.32138996637007,0.0154797202500009,-3.146080477999999,FM,6.0,0.0341019653427901,3.0,175.94293876286864,20,Monoclinic,Pc,False,8.797146938143431,"{'Al': 6.0, 'Cr': 2.0, 'O': 12.0}","['Al', 'Cr', 'O']",3,0.49122630288611113,9.824526057722222,0.6107164828866133
mp-1228485,Al3CrO6,4.321745489413664,0.0136123352500003,-3.147947862999999,FM,11.9999999,0.0341047706453522,2.999999975,351.85693006955734,40,Trigonal,R3,False,8.796423251738933,"{'Al': 12.0, 'Cr': 4.0, 'O': 24.0}","['Al', 'Cr', 'O']",3,0.4913071331076883,19.65228532430753,0.6106160022599221
mp-18686,ZrCr5P3,6.365250443585307,0.0042580988888918,-0.5866400471031723,FM,5.4341314,0.0234509558290859,2.7170657,231.7232371936032,18,Monoclinic,P2_1/m,False,12.8735131774224,"{'Zr': 2.0, 'Cr': 10.0, 'P': 6.0}","['Cr', 'P', 'Zr']",3,0.4944454832072335,8.900018697730204,0.6105752790593442
mp-771314,Ti2Ni(PO4)3,3.3286856209798437,0.0469768086111024,-2.799099418921958,FM,6.0016655,0.0136918854855883,3.00083275,438.3374011064571,36,Trigonal,R-3c,False,12.176038919623808,"{'Ti': 4.0, 'Ni': 2.0, 'P': 6.0, 'O': 24.0}","['Ni', 'O', 'P', 'Ti']",4,0.2733800083059103,9.84168029901277,0.6098212213418509
mp-1227961,Ca3Hf2AlFeSiO12,5.154649694069026,0.0,-3.4329397327500004,FM,20.0040359,0.0198997182114501,5.001008975,1005.242169132317,80,Tetragonal,I-42d,True,12.565527114153962,"{'Ca': 12.0, 'Hf': 8.0, 'Al': 4.0, 'Fe': 4.0, 'Si': 4.0, 'O': 48.0}","['Al', 'Ca', 'Fe', 'Hf', 'O', 'Si']",6,0.41022152491022573,32.81772199281806,0.6095498006954216
mp-1227254,CaMnCu3(RuO4)3,6.10974696402185,0.0432860224166633,-1.5329941153965514,FM,7.0109838,0.0330355596185653,7.0109838,212.22536808669565,20,Trigonal,R-3,False,10.611268404334783,"{'Ca': 1.0, 'Mn': 1.0, 'Cu': 3.0, 'Ru': 3.0, 'O': 12.0}","['Ca', 'Cu', 'Mn', 'O', 'Ru']",5,0.5757791369715964,11.51558273943193,0.60882579359122
mp-1221673,MnCrP2,5.893260066647618,0.0201031756250005,-0.5563067643041864,FM,2.411721,0.0253408434352297,1.2058605,95.17129949381,8,Orthorhombic,Pmc2_1,False,11.89641243672625,"{'Mn': 2.0, 'Cr': 2.0, 'P': 4.0}","['Cr', 'Mn', 'P']",3,0.49538128389480857,3.9630502711584685,0.6085517051225827
mp-542027,V2Ni(HO2)4,2.6658311878035534,0.0104754060000011,-1.770659468333333,FM,7.9997505,0.0109728814829826,1.999937625,729.0473803445773,60,Orthorhombic,Pnma,False,12.15078967240962,"{'V': 8.0, 'Ni': 4.0, 'H': 16.0, 'O': 32.0}","['H', 'Ni', 'O', 'V']",4,0.21939571498441496,13.163742899064898,0.6077109345981128
mp-1041663,Ca(NiO2)2,4.971748791291206,0.0252805874999992,-1.6368118299999992,FM,8.0005409,0.0270407937147695,2.000135225,295.8693071065495,28,Orthorhombic,Pbcm,False,10.566760968091057,"{'Ca': 4.0, 'Ni': 8.0, 'O': 16.0}","['Ca', 'Ni', 'O']",3,0.4705083048915963,13.174232536964697,0.6072870565744015
mp-759325,NiP4O11,2.768543004780848,0.0055169343749996,-2.4202408930357135,FM,7.9987227,0.0092976784901023,1.999680675,860.2924599419998,64,Monoclinic,P2_1/c,False,13.442069686593747,"{'Ni': 4.0, 'P': 16.0, 'O': 44.0}","['Ni', 'O', 'P']",3,0.205961066214529,13.181508237729856,0.6068139211190566
mp-752647,TiNi(PO4)2,3.3576911897850765,0.0180548127777804,-2.688312071607143,FM,6.0004233,0.0136402714648835,2.0001411,439.9049766309925,36,Trigonal,R3,False,12.219582684194236,"{'Ti': 3.0, 'Ni': 3.0, 'P': 6.0, 'O': 24.0}","['Ni', 'O', 'P', 'Ti']",4,0.27477953024763907,9.892063088915007,0.6065896715442547
mp-19057,CaNiP2O7,3.517487438332994,0.0055014399242425,-2.7211689399350636,FM,3.9995597,0.0155330613947327,1.99977985,257.4868918857324,22,Triclinic,P-1,False,11.703949631169657,"{'Ca': 2.0, 'Ni': 2.0, 'P': 4.0, 'O': 14.0}","['Ca', 'Ni', 'O', 'P']",4,0.3005384976166774,6.611846947566903,0.6049080887257682
mp-505457,CaNiAsHO5,4.155652651944486,0.0,-2.0602928468055555,FM,8.0007842,0.0196533810675326,2.00019605,407.0945438094249,36,Orthorhombic,P2_12_12_1,True,11.308181772484026,"{'Ca': 4.0, 'Ni': 4.0, 'As': 4.0, 'H': 4.0, 'O': 20.0}","['As', 'Ca', 'H', 'Ni', 'O']",5,0.36749078990367423,13.229668436532272,0.6047607495518721
mp-1228561,Ba3Ta6Fe2O21,7.2340654618706095,0.0,-3.1754527135625015,FM,19.9980186,0.0223920329119226,9.9990093,893.0863347093449,64,Monoclinic,C2/c,True,13.954473979833514,"{'Ba': 6.0, 'Ta': 12.0, 'Fe': 4.0, 'O': 42.0}","['Ba', 'Fe', 'O', 'Ta']",4,0.5184047404671084,33.17790338989494,0.6027511251989129
mp-1229042,Al9Fe2(SiO6)4,3.738178539784936,0.0362902699679565,-3.145338203076923,FM,8.9999436,0.023812061072682,8.9999436,377.957354154656,39,Monoclinic,C2/m,False,9.691214209093744,"{'Al': 9.0, 'Fe': 2.0, 'Si': 4.0, 'O': 24.0}","['Al', 'Fe', 'O', 'Si']",4,0.38572860522236924,15.0434156036724,0.598264638637181
mp-550274,Sr2CoWO6,6.554653233273063,0.0143507364999972,-2.5909113960000014,FM,2.9999955,0.0230382772247771,2.9999955,130.21787483195885,10,Cubic,Fm-3m,False,13.021787483195885,"{'Sr': 2.0, 'Co': 1.0, 'W': 1.0, 'O': 6.0}","['Co', 'O', 'Sr', 'W']",4,0.5033604827088133,5.033604827088133,0.5959934486425414
mp-774425,FeSb3(PO4)6,3.457024599117678,0.0,-2.3456720019957977,FM,5.001534,0.0105075983845167,5.001534,475.9921170350302,34,Trigonal,R3,True,13.999768148089125,"{'Fe': 1.0, 'Sb': 3.0, 'P': 6.0, 'O': 24.0}","['Fe', 'O', 'P', 'Sb']",4,0.24693441795245294,8.3957702103834,0.5957206872830314
mp-1201959,MnTl2P4(HO2)8,3.517201077660681,0.0,-2.005189706553843,FM,4.9990007,0.0124327815761785,4.9990007,402.0822427684381,31,Triclinic,P-1,True,12.970394928014132,"{'Mn': 1.0, 'Tl': 2.0, 'P': 4.0, 'H': 8.0, 'O': 16.0}","['H', 'Mn', 'O', 'P', 'Tl']",5,0.271171471430222,8.406315614336883,0.5946720215303666
mp-19207,Sr2CoWO6,6.572549698779163,0.0013814409999977,-2.603880691500001,FM,5.9999712,0.023101103438695,2.9999856,259.72660639014657,20,Monoclinic,P2_1/c,False,12.986330319507328,"{'Sr': 4.0, 'Co': 2.0, 'W': 2.0, 'O': 12.0}","['Co', 'O', 'Sr', 'W']",4,0.5061129308336052,10.122258616672104,0.5927502375919942
mp-1307235,CaMnZnAs2H3O10,4.047109343536579,0.0119525665972188,-1.9083454941211688,FM,15.9998922,0.0205981960649051,3.99997305,776.7618168884369,72,Triclinic,P1,False,10.788358567894957,"{'Ca': 4.0, 'Mn': 4.0, 'Zn': 4.0, 'As': 8.0, 'H': 12.0, 'O': 40.0}","['As', 'Ca', 'H', 'Mn', 'O', 'Zn']",6,0.37513671037782886,27.00984314720368,0.5923726440320504
mp-19383,Ti4Mn(PO4)6,3.058258807364837,0.0,-2.991900896832042,FM,5.0,0.0112818506107138,5.0,443.1897010984828,35,Trigonal,R-3,True,12.66256288852808,"{'Ti': 4.0, 'Mn': 1.0, 'P': 6.0, 'O': 24.0}","['Mn', 'O', 'P', 'Ti']",4,0.24151973295512966,8.453190653429537,0.5914926333728737
mp-694931,Sr2CoWO6,6.586383709888476,0.0012705764999987,-2.6039915559999995,FM,6.0001871,0.0231505600309211,3.00009355,259.18107777893147,20,Monoclinic,P2_1/c,False,12.959053888946574,"{'Sr': 4.0, 'Co': 2.0, 'W': 2.0, 'O': 12.0}","['Co', 'O', 'Sr', 'W']",4,0.508245722745727,10.16491445491454,0.5902840723956142
mp-31630,Ba2TaCrO6,7.139475757319905,0.0,-3.1679102164833326,FM,12.0005588,0.0213704425388055,3.0001397,561.5493819657122,40,Hexagonal,P6_3/mmc,True,14.038734549142806,"{'Ba': 8.0, 'Ta': 4.0, 'Cr': 4.0, 'O': 24.0}","['Ba', 'Cr', 'O', 'Ta']",4,0.5085555063619203,20.34222025447681,0.5899335790231147
mp-1201808,Ba2MnP4(H3O8)2,3.4610283011468193,0.0016992985344828,-2.439029281344912,FM,9.9988152,0.0145629616388596,4.9994076,686.5921539832426,58,Monoclinic,P2_1/c,False,11.837795758331769,"{'Ba': 4.0, 'Mn': 2.0, 'P': 8.0, 'H': 12.0, 'O': 32.0}","['Ba', 'H', 'Mn', 'O', 'P']",5,0.29237100992478704,16.95751857563765,0.5896390533438656
mp-542488,MgCo,4.533185591573645,0.0281913045833324,0.0281913045833318,FM,4.2059386,0.0114951178983796,0.3504948833333333,365.88912242412664,24,Cubic,Fd-3m,False,15.245380101005276,"{'Mg': 12.0, 'Co': 12.0}","['Co', 'Mg']",2,0.29734815147539206,7.1363556354094095,0.5893678531281193
mp-759388,NiP4O11,2.810674270125713,0.0022686509375002,-2.423489176473213,FM,7.9998679,0.0094405205766437,1.999966975,847.3969030682459,64,Monoclinic,P2_1/c,False,13.240576610441344,"{'Ni': 4.0, 'P': 16.0, 'O': 44.0}","['Ni', 'O', 'P']",3,0.21227733148035655,13.585749214742819,0.5888426006950578
mp-1048259,MgNiP2O7,3.467643599142139,0.0011262817045532,-2.6030831197077915,FM,8.0003072,0.0162553900594833,2.0000768,492.16334832473734,44,Monoclinic,P2_1/c,False,11.18553064374403,"{'Mg': 4.0, 'Ni': 4.0, 'P': 8.0, 'O': 28.0}","['Mg', 'Ni', 'O', 'P']",4,0.3100115416590952,13.64050783300019,0.5865109494417083
mp-745107,Ca2MnAl2Si3HO13,3.3605108096974874,0.0078893151767642,-3.1185331772355003,FM,8.0010588,0.0167858760131015,4.0005294,476.65422964849034,44,Monoclinic,P2_1/m,False,10.833050673829328,"{'Ca': 4.0, 'Mn': 2.0, 'Al': 4.0, 'Si': 6.0, 'H': 2.0, 'O': 26.0}","['Al', 'Ca', 'H', 'Mn', 'O', 'Si']",6,0.3102090916841982,13.64920003410472,0.5861925079864071
mp-1227676,BaSrCoWO6,6.924454791782737,0.0150308099999989,-2.5756755680000003,FM,2.9998503,0.0221909169978167,2.9998503,135.18370152504897,10,Cubic,F-43m,False,13.518370152504897,"{'Ba': 1.0, 'Sr': 1.0, 'Co': 1.0, 'W': 1.0, 'O': 6.0}","['Ba', 'Co', 'O', 'Sr', 'W']",5,0.5122255651876543,5.122255651876543,0.5856502493976461
mp-1034527,Mg14VCrO16,3.6872216727168383,0.0402508631076381,-2.8836373390625,FM,7.0003623,0.0222315882169838,7.0003623,314.8835895877228,32,Orthorhombic,Pmmm,False,9.840112174616335,"{'Mg': 14.0, 'V': 1.0, 'Cr': 1.0, 'O': 16.0}","['Cr', 'Mg', 'O', 'V']",4,0.37471337798652715,11.990828095568869,0.5838097455993834
mp-1275766,Sr3TaCoO7,6.040399878640073,0.0331930952083334,-2.909340754777778,FM,11.9987488,0.0177502018854431,2.9996872,675.978159428154,48,Triclinic,P1,False,14.082878321419876,"{'Sr': 12.0, 'Ta': 4.0, 'Co': 4.0, 'O': 28.0}","['Co', 'O', 'Sr', 'Ta']",4,0.4289179911078762,20.588063573178058,0.5828012312742157
mp-37614,Al2NiO4,4.533626388298227,0.0,-2.8027414935714297,FM,8.0000001,0.0309102818444875,2.000000025,258.8135604925488,28,Orthorhombic,Imma,True,9.243341446162455,"{'Al': 8.0, 'Ni': 4.0, 'O': 16.0}","['Al', 'Ni', 'O']",3,0.4904748369087292,13.733295433444416,0.5825258867232813
mp-1221830,MnAlB2(PbO4)2,6.13152571349659,0.0015288613392865,-2.46693785866174,FM,8.0024669,0.0228730105341775,4.00123345,349.86504675641515,28,Monoclinic,P2_1/c,False,12.495180241300542,"{'Mn': 2.0, 'Al': 2.0, 'B': 4.0, 'Pb': 4.0, 'O': 16.0}","['Al', 'B', 'Mn', 'O', 'Pb']",5,0.49071126587113556,13.739915444391796,0.582424755988317
mp-560123,FeBi3(MoO6)2,6.853580720734721,0.0024941545833323,-1.847384193611112,FM,10.0020799,0.0193509885471968,5.00103995,516.8769479453239,36,Monoclinic,C2/c,False,14.35769299848122,"{'Fe': 2.0, 'Bi': 6.0, 'Mo': 4.0, 'O': 24.0}","['Bi', 'Fe', 'Mo', 'O']",4,0.4773455402243037,17.184439448074933,0.5820428376626781
mp-1034467,Mg14VCrO16,3.693707158065092,0.0422702746701384,-2.8816179275,FM,6.9999996,0.0222695376650486,6.9999996,314.3307106454337,32,Tetragonal,P4/mmm,False,9.822834707669804,"{'Mg': 14.0, 'V': 1.0, 'Cr': 1.0, 'O': 16.0}","['Cr', 'Mg', 'O', 'V']",4,0.37603271031131114,12.033046729961956,0.5817312736407972
mp-704115,Cr2P4Pb3O16,5.504886864589574,0.0,-2.484856397942857,FM,24.0000002,0.0179928760393171,6.00000005,1333.8612541739517,100,Tetragonal,P4_12_12,True,13.338612541739517,"{'Cr': 8.0, 'P': 16.0, 'Pb': 12.0, 'O': 64.0}","['Cr', 'O', 'P', 'Pb']",4,0.4127031089150799,41.27031089150799,0.5815318489626007
mp-1043073,CaCo4(CuO4)3,5.717244823221367,0.0155160721939635,-1.3243278052500005,FM,13.8812921,0.0362927887532803,6.94064605,382.48072349483823,40,Cubic,Im-3,False,9.562018087370957,"{'Ca': 2.0, 'Co': 8.0, 'Cu': 6.0, 'O': 24.0}","['Ca', 'Co', 'Cu', 'O']",4,0.5979119440039987,23.91647776015995,0.5804070415052273
mp-1227247,Ca4Ti3FeO12,3.9850554786546377,0.0222767054999994,-3.2019184200000006,FM,4.0019278,0.017406503886925,4.0019278,229.9099133287793,20,Monoclinic,P2/m,False,11.495495666438966,"{'Ca': 4.0, 'Ti': 3.0, 'Fe': 1.0, 'O': 12.0}","['Ca', 'Fe', 'O', 'Ti']",4,0.34666234447714894,6.933246889542978,0.5772083215492989
mp-1408395,Ca2Co3O8,4.435284413259512,0.0,-1.8469336153846143,FM,2.9999426,0.0208151771684072,2.9999426,144.1228472728658,13,Monoclinic,C2/m,True,11.086372867143524,"{'Ca': 2.0, 'Co': 3.0, 'O': 8.0}","['Ca', 'Co', 'O']",3,0.4000663216374655,5.200862181287052,0.5768163999411358
mp-1274542,Ba2CoWO6,7.287421369216136,0.0107513755000132,-2.565399248000001,FM,3.0001636,0.0214639300562968,3.0001636,139.77699294262504,10,Tetragonal,I4/mmm,False,13.977699294262504,"{'Ba': 2.0, 'Co': 1.0, 'W': 1.0, 'O': 6.0}","['Ba', 'Co', 'O', 'W']",4,0.5213605770019276,5.213605770019276,0.5754488797853443
mp-773505,Al2CrO5,4.095506412469963,0.0332547037499999,-2.876227499375,FM,4.0004242,0.0265291877171703,2.0002121,150.79331650289544,16,Monoclinic,C2/c,False,9.424582281430965,"{'Al': 4.0, 'Cr': 2.0, 'O': 10.0}","['Al', 'Cr', 'O']",3,0.43455574901597965,6.9528919842556745,0.5753611891366461
mp-22112,Ba2CoWO6,7.295238195577148,0.0,-2.5761506235,FM,6.000052,0.0214859677826087,3.000026,279.25444460810326,20,Cubic,Fm-3m,True,13.962722230405165,"{'Ba': 4.0, 'Co': 2.0, 'W': 2.0, 'O': 12.0}","['Ba', 'Co', 'O', 'W']",4,0.5224796479651417,10.449592959302834,0.5741900209288445
mp-755557,Mg(NiO2)2,4.932923507319799,0.0064014136507912,-1.5633907028571443,FM,3.9999996,0.0288850633211807,1.9999998,138.47986260313624,14,Tetragonal,I4_1/amd,False,9.891418757366877,"{'Mg': 2.0, 'Ni': 4.0, 'O': 8.0}","['Mg', 'Ni', 'O']",3,0.4987073774068946,6.981903283696524,0.5729096261388236
mp-1046744,Mg2Nb2CoO8,4.65651612416254,0.0175750909615324,-2.797192030769231,FM,5.9994521,0.019964085396852,2.99972605,300.51224389903723,26,Monoclinic,C2/c,False,11.558163226886048,"{'Mg': 4.0, 'Nb': 4.0, 'Co': 2.0, 'O': 16.0}","['Co', 'Mg', 'Nb', 'O']",4,0.4028768267721617,10.474797496076205,0.5727511297709916
mp-1663786,Mg2Ta2CrO8,6.366812707173336,0.0296837089316213,-3.063837166897436,FM,8.0022824,0.0259799980731059,4.0011412,308.0170513285689,26,Triclinic,P-1,False,11.84680966648342,"{'Mg': 4.0, 'Ta': 4.0, 'Cr': 2.0, 'O': 16.0}","['Cr', 'Mg', 'O', 'Ta']",4,0.5374284627182034,13.973140030673289,0.5726903460806736
mp-1227545,BaSrMn2Al9PbO20,4.407517112689859,0.0,-3.09875275958418,FM,7.0,0.016816732619959,7.0,416.2520840518103,34,Triclinic,P1,True,12.242708354465009,"{'Ba': 1.0, 'Sr': 1.0, 'Mn': 2.0, 'Al': 9.0, 'Pb': 1.0, 'O': 20.0}","['Al', 'Ba', 'Mn', 'O', 'Pb', 'Sr']",6,0.36001160732399573,12.240394649015855,0.5718769860547601
mp-1442875,Mg(NiO2)2,4.939507619644925,0.0074972786507929,-1.562294837857143,FM,3.9999993,0.028923614861721,1.99999965,138.295275992414,14,Tetragonal,I4_1/a,False,9.878233999458145,"{'Mg': 2.0, 'Ni': 4.0, 'O': 8.0}","['Mg', 'Ni', 'O']",3,0.5000395434969321,7.00055360895705,0.5713832824424188
mp-705890,Ca2V3Ni2AgO12,4.348071105015554,0.0,-2.2973237270833335,FM,16.000041,0.0161080428518055,4.00001025,993.2951598900514,80,Tetragonal,I4_1/acd,True,12.416189498625643,"{'Ca': 8.0, 'V': 12.0, 'Ni': 8.0, 'Ag': 4.0, 'O': 48.0}","['Ag', 'Ca', 'Ni', 'O', 'V']",5,0.3501936810401327,28.015494483210617,0.5711139958492845
mp-1077659,Sr5Ca3Ti5Mn3O24,4.727771973977296,0.0399253564999941,-3.1306809537614955,FM,9.1226176,0.0192899286292592,9.1226176,472.9212728222681,40,Triclinic,P1,False,11.823031820556704,"{'Sr': 5.0, 'Ca': 3.0, 'Ti': 5.0, 'Mn': 3.0, 'O': 24.0}","['Ca', 'Mn', 'O', 'Sr', 'Ti']",5,0.3998781400348699,15.995125601394795,0.570337353224941
mp-1386995,Mg(NiO2)2,4.946375187928623,0.0152378329365072,-1.5545542835714283,FM,3.9999996,0.0289638305361163,1.9999998,138.10326624485003,14,Monoclinic,C2/m,False,9.864519017489288,"{'Mg': 2.0, 'Ni': 4.0, 'O': 8.0}","['Mg', 'Ni', 'O']",3,0.5014309546323498,7.020033364852897,0.5697978046695251
mp-1179562,V2NiP2H6O13,2.9728060418309155,0.0098332393750579,-2.012604418928572,FM,15.9971309,0.0164003040209155,3.999282725,975.4167288361592,96,Orthorhombic,Pnma,False,10.160590925376658,"{'V': 8.0, 'Ni': 4.0, 'P': 8.0, 'H': 24.0, 'O': 52.0}","['H', 'Ni', 'O', 'P', 'V']",5,0.29258200272645185,28.087872261739378,0.569538723009322
mp-562506,SrCo12O19,5.599789288750296,0.0377406453125104,-1.3586814093750013,FM,19.9998927,0.0306901395847974,9.99994635,651.6716108357828,64,Hexagonal,P6_3/mmc,False,10.182368919309106,"{'Sr': 2.0, 'Co': 24.0, 'O': 38.0}","['Co', 'O', 'Sr']",3,0.5499495582144212,35.196771725722954,0.568230883668897
mp-1245614,Sr7MnN6,4.597882983729946,0.0388441407142874,-0.7407721857450744,FM,7.535435,0.0069335485121755,1.88385875,1086.8078570110931,56,Orthorhombic,Pbcn,False,19.407283160912375,"{'Sr': 28.0, 'Mn': 4.0, 'N': 24.0}","['Mn', 'N', 'Sr']",3,0.23691533459925002,13.267258737558,0.567972265338287
mp-726391,ZrCrCu2(PO4)3,3.67274330829326,0.0458229998684256,-2.510842703101504,FM,5.9986287,0.0119479534796274,2.99931435,502.0632788894185,38,Triclinic,P1,False,13.212191549721538,"{'Zr': 2.0, 'Cr': 2.0, 'Cu': 4.0, 'P': 6.0, 'O': 24.0}","['Cr', 'Cu', 'O', 'P', 'Zr']",5,0.27798138518288945,10.563292636949798,0.5678748952781197
mp-1105997,Ca2Ni7,6.331293573438605,0.0,-0.1486242894444447,FM,4.5007613,0.0174746778512047,2.25038065,257.5590427659709,18,Trigonal,R-3m,True,14.308835709220606,"{'Ca': 4.0, 'Ni': 14.0}","['Ca', 'Ni']",2,0.442474405472328,7.964539298501904,0.5651000178813322
mp-1247555,Sr9(MnN4)2,4.058396362295829,0.0251212752631602,-0.7973249629401096,FM,2.0002376,0.004837783916299,2.0002376,413.4615424349534,19,Monoclinic,C2/m,False,21.76113381236597,"{'Sr': 9.0, 'Mn': 2.0, 'N': 8.0}","['Mn', 'N', 'Sr']",3,0.18649746825184296,3.543451896785016,0.5644884305653539
mp-1333286,CaV2Ni2(P2O9)2,3.2951630559295344,0.0328496691152224,-2.482042110502647,FM,8.0005249,0.0118261562739479,4.00026245,676.5110078601341,54,Orthorhombic,Pmc2_1,False,12.52798162703952,"{'Ca': 2.0, 'V': 4.0, 'Ni': 4.0, 'P': 8.0, 'O': 36.0}","['Ca', 'Ni', 'O', 'P', 'V']",5,0.26302425674200264,14.203309864068142,0.5632859507092717
mp-1101302,Ti3MnSn2(PO4)6,3.38244451893833,0.0093591587731403,-2.801831590160783,FM,5.0003286,0.0101268416060026,5.0003286,493.7698045001601,36,Trigonal,R3,False,13.715827902782223,"{'Ti': 3.0, 'Mn': 1.0, 'Sn': 2.0, 'P': 6.0, 'O': 24.0}","['Mn', 'O', 'P', 'Sn', 'Ti']",5,0.24660884803404462,8.877918529225607,0.563232089091514
mp-1210398,NiAg(PO3)3,3.491363824208076,0.0069634049107252,-2.222616666560374,FM,16.0000026,0.0104221368070508,2.000000325,1535.1940678014944,112,Orthorhombic,Pcca,False,13.707089891084772,"{'Ni': 8.0, 'Ag': 8.0, 'P': 24.0, 'O': 72.0}","['Ag', 'Ni', 'O', 'P']",4,0.2547122585428504,28.527772956799247,0.5608570505741701
mp-2217309,MgNiP2O7,3.5561538873349594,0.0314967487500066,-2.5727126526623376,FM,1.9999985,0.0166696501106126,1.9999985,119.97843306421338,11,Monoclinic,C2,False,10.907130278564852,"{'Mg': 1.0, 'Ni': 1.0, 'P': 2.0, 'O': 7.0}","['Mg', 'Ni', 'O', 'P']",4,0.3260393702570567,3.586433072827624,0.5576567189146392
mp-1245538,MnZnN2,5.562162666817857,0.0320322999999991,-0.2050725761988143,FM,2.2405604,0.0252931617089269,1.1202802,88.58364271672757,8,Tetragonal,I-42d,False,11.072955339590946,"{'Mn': 2.0, 'Zn': 2.0, 'N': 4.0}","['Mn', 'N', 'Zn']",3,0.5023196153361649,4.018556922689319,0.5575534807904527
mp-18142,Ca(Al5Cr)2,3.2129674028048902,0.0012491638111846,-0.1801875885606158,FM,5.6579236,0.0066126267090105,1.4144809,855.6242245294683,52,Tetragonal,P4/nmm,False,16.454312010182083,"{'Ca': 4.0, 'Al': 40.0, 'Cr': 8.0}","['Al', 'Ca', 'Cr']",3,0.19526598260788272,10.1538310956099,0.5572205748474833
mp-1227584,Ca8Al9Fe3Si12(HO13)4,3.3207306615879837,0.0137439606628859,-3.1270065027840896,FM,15.0001737,0.0157546758298368,15.0001737,952.109320560696,88,Monoclinic,Pm,False,10.819424097280637,"{'Ca': 8.0, 'Al': 9.0, 'Fe': 3.0, 'Si': 12.0, 'H': 4.0, 'O': 52.0}","['Al', 'Ca', 'Fe', 'H', 'O', 'Si']",6,0.3069230517013026,27.009228549714628,0.5553721637176671
mp-1103879,Ca2Ni10H,6.520368713955874,0.0486543277564113,-0.1090307770192315,FM,3.5950737,0.0211295730737486,3.5950737,170.1441712736979,13,Trigonal,P3m1,False,13.08801317489984,"{'Ca': 2.0, 'Ni': 10.0, 'H': 1.0}","['Ca', 'H', 'Ni']",3,0.4981939295767689,6.476521084497995,0.5550933368541113
mp-1042817,MgNiAs2O7,4.130120146661562,0.0150625259090846,-1.911130267045454,FM,8.0003403,0.0144260586887998,2.000085075,554.5756101915317,44,Monoclinic,P2_1/c,False,12.60399114071663,"{'Mg': 4.0, 'Ni': 4.0, 'As': 8.0, 'O': 28.0}","['As', 'Mg', 'Ni', 'O']",4,0.3276835171138286,14.418074753008458,0.5548827036238426
mp-1227544,Ca8Al9Fe3Si12(HO13)4,3.3249367601145705,0.013554358731068,-3.127196104715908,FM,15.0009594,0.0157754572575859,15.0009594,950.9048869430708,88,Monoclinic,Pm,False,10.805737351625805,"{'Ca': 8.0, 'Al': 9.0, 'Fe': 3.0, 'Si': 12.0, 'H': 4.0, 'O': 52.0}","['Al', 'Ca', 'Fe', 'H', 'O', 'Si']",6,0.30770105286839206,27.077692652418502,0.5539969595105126
mp-1075948,Sr7CaTi5Mn3O24,4.987243438656379,0.0205763115833317,-3.142417415761495,FM,9.2095396,0.0191875204104803,9.2095396,479.9754946433664,40,Monoclinic,Cm,False,11.99938736608416,"{'Sr': 7.0, 'Ca': 1.0, 'Ti': 5.0, 'Mn': 3.0, 'O': 24.0}","['Ca', 'Mn', 'O', 'Sr', 'Ti']",5,0.4156248387107365,16.62499354842946,0.5539574841441073
mp-28957,NiP4O11,2.903919381832798,0.0,-2.425757827410713,FM,8.0000004,0.0097538747299279,2.0000001,820.186912535738,64,Monoclinic,P2_1/c,True,12.815420508370906,"{'Ni': 4.0, 'P': 16.0, 'O': 44.0}","['Ni', 'O', 'P']",3,0.22659571567987072,14.502125803511726,0.5516432906727908
mp-1214463,BaMnO4,4.631264422901012,0.0102308747222199,-2.064723187155174,FM,3.9999992,0.0108834124630754,0.9999998,367.53171062577576,24,Orthorhombic,Pnma,False,15.31382127607399,"{'Ba': 4.0, 'Mn': 4.0, 'O': 16.0}","['Ba', 'Mn', 'O']",3,0.3024238261247575,7.25817182699418,0.55110285280426
mp-1102925,NbFeSi,7.150411522076191,0.0367236174999998,-0.5442790983333339,FM,1.7228591,0.0209762987950799,0.86142955,82.13360787957981,6,Orthorhombic,Cmcm,False,13.688934646596636,"{'Nb': 2.0, 'Fe': 2.0, 'Si': 2.0}","['Fe', 'Nb', 'Si']",3,0.5223497450076539,3.134098470045923,0.549714412762135
mp-1227758,Ca2TiCrO6,4.091186437437827,0.0298536800000004,-3.0898869178333337,FM,3.9999843,0.0178523335629852,1.99999215,224.0594646009472,20,Monoclinic,P2_1/c,False,11.20297323004736,"{'Ca': 4.0, 'Ti': 2.0, 'Cr': 2.0, 'O': 12.0}","['Ca', 'Cr', 'O', 'Ti']",4,0.3651875581086728,7.303751162173456,0.5476616345743194
mp-1046118,Mg2Ta2FeO8,6.534643809252591,0.0072963940384749,-3.006367800743589,FM,7.9993371,0.0264824103080685,3.99966855,302.0622748059608,26,Monoclinic,C2/c,False,11.61777980022926,"{'Mg': 4.0, 'Ta': 4.0, 'Fe': 2.0, 'O': 16.0}","['Fe', 'Mg', 'O', 'Ta']",4,0.5624692429721934,14.624200317277028,0.5469931296379731
mp-14884,Sr2Ni(PO4)2,3.912735537301658,0.0,-2.9447004823809526,FM,11.9993156,0.0111172575780919,1.9998859333333332,1079.341331772886,78,Monoclinic,P2_1/c,True,13.837709381703666,"{'Sr': 12.0, 'Ni': 6.0, 'P': 12.0, 'O': 48.0}","['Ni', 'O', 'P', 'Sr']",4,0.28275890390320735,22.055194504450174,0.5440584800818168
mp-561965,Ca3Nb2CoO9,4.551641398455385,0.0,-3.0532446601666665,FM,12.0006246,0.0161572233516216,3.00015615,742.7405278021096,60,Monoclinic,P2_1/c,True,12.379008796701829,"{'Ca': 12.0, 'Nb': 8.0, 'Co': 4.0, 'O': 36.0}","['Ca', 'Co', 'Nb', 'O']",4,0.3676902951767908,22.061417710607447,0.543964343426122
mp-1104951,Ca2Ni10H,6.67549811986904,0.0454363969871796,-0.1122487077884627,FM,3.6883726,0.0221936756269456,3.6883726,166.19025446699305,13,Orthorhombic,Amm2,False,12.783865728230236,"{'Ca': 2.0, 'Ni': 10.0, 'H': 1.0}","['Ca', 'H', 'Ni']",3,0.5221814951582082,6.788359437056707,0.5433378468243282
mp-1539400,Sr2TaCrO6,6.811156797976369,0.0,-3.2251346897333333,FM,3.0000002,0.0244065909509777,3.0000002,122.91762524416872,10,Monoclinic,C2/m,True,12.291762524416871,"{'Sr': 2.0, 'Ta': 1.0, 'Cr': 1.0, 'O': 6.0}","['Cr', 'O', 'Sr', 'Ta']",4,0.5541236892956891,5.541236892956891,0.5413954064683838
mp-731713,MnV2Pb2O9,5.80315971805397,0.0323926158333218,-2.04355938520936,FM,6.0041903,0.014669079848363,3.00209515,409.30926561627746,28,Monoclinic,P2_1/m,False,14.618188057724195,"{'Mn': 2.0, 'V': 4.0, 'Pb': 4.0, 'O': 18.0}","['Mn', 'O', 'Pb', 'V']",4,0.39698214957548056,11.115500188113456,0.5401637531724106
mp-28162,V2NiO6,4.417930252541371,0.0,-2.1152227950000015,FM,6.0000001,0.0207390637387226,2.0000000333333334,289.30911132681416,27,Triclinic,P-1,True,10.715152271363488,"{'V': 6.0, 'Ni': 3.0, 'O': 18.0}","['Ni', 'O', 'V']",3,0.41230681008130887,11.13228387219534,0.5389729698670334
mp-1029923,Sr2CrN3,4.727279032347516,0.011962066083333,-1.058690608958334,FM,3.87061,0.0102309473637885,0.9676525,378.32371356924705,24,Orthorhombic,Cmce,False,15.763488065385294,"{'Sr': 8.0, 'Cr': 4.0, 'N': 12.0}","['Cr', 'N', 'Sr']",3,0.2998878809524427,7.197309142858624,0.5377857089604842
mp-1047142,Ca2NiIrO6,6.001518110862235,0.0,-2.0944001570000004,FM,5.4432862,0.0230330501726199,2.7216431,236.32502682908148,20,Monoclinic,P2_1/c,True,11.816251341454072,"{'Ca': 4.0, 'Ni': 2.0, 'Ir': 2.0, 'O': 12.0}","['Ca', 'Ir', 'Ni', 'O']",4,0.5079037283006631,10.158074566013262,0.5358580668635834
mp-694940,MnAl2Sb2(PO4)6,3.4195089936305187,0.0105956296190292,-2.6317828600225197,FM,9.9981859,0.011162398748449,4.99909295,895.7022702122289,70,Monoclinic,P2_1/c,False,12.795746717317556,"{'Mn': 2.0, 'Al': 4.0, 'Sb': 4.0, 'P': 12.0, 'O': 48.0}","['Al', 'Mn', 'O', 'P', 'Sb']",5,0.2672379400103794,18.70665580072656,0.5344721155136491
mp-775168,MnCu3(PO4)4,3.6735133680214087,0.0411482380208392,-1.9855971411042692,FM,3.999853,0.0141473787349325,3.999853,282.7274984957888,24,Monoclinic,Pm,False,11.780312437324532,"{'Mn': 1.0, 'Cu': 3.0, 'P': 4.0, 'O': 16.0}","['Cu', 'Mn', 'O', 'P']",4,0.31183496936654365,7.4840392647970475,0.5344510976598235
mp-1046437,SrCaNi(PO4)2,3.7210591318396418,0.0237215954273573,-2.909063978791209,FM,3.9998091,0.0119083925471786,1.99990455,335.8815292789141,26,Triclinic,P-1,False,12.918520356881311,"{'Sr': 2.0, 'Ca': 2.0, 'Ni': 2.0, 'P': 4.0, 'O': 16.0}","['Ca', 'Ni', 'O', 'P', 'Sr']",5,0.2880406601563734,7.489057164065709,0.5340871370553882
mp-24536,CoP2(H4O5)2,2.4722469966881073,0.0,-1.7698154928231296,FM,5.9999725,0.0154581316814369,2.99998625,388.14344602880624,42,Monoclinic,P2_1/c,True,9.241510619733482,"{'Co': 2.0, 'P': 4.0, 'H': 16.0, 'O': 20.0}","['Co', 'H', 'O', 'P']",4,0.2675154634794333,11.235649466136199,0.5340120763008565
mp-1245537,MnZnN2,5.5318725829664475,0.04531431875,-0.1917905574488134,FM,4.2342599,0.0237696322838613,1.058564975,178.13737500999926,16,Orthorhombic,Pna2_1,False,11.133585938124954,"{'Mn': 4.0, 'Zn': 4.0, 'N': 8.0}","['Mn', 'N', 'Zn']",3,0.49686350953860686,7.94981615261771,0.532623625340788
mp-774466,CoP6(WO8)3,3.979679156223205,0.0,-2.4314821525840338,FM,4.9752982,0.0101025853255296,4.9752982,492.4777212647945,34,Trigonal,R3,True,14.48463886072925,"{'Co': 1.0, 'P': 6.0, 'W': 3.0, 'O': 24.0}","['Co', 'O', 'P', 'W']",4,0.2747517003694797,9.34155781256231,0.5325983417144123
mp-1099624,BaSr7Ti5Mn3O24,5.249684789758711,0.0206175652083331,-3.1364600910114944,FM,9.179757,0.0188596073743681,9.179757,486.7416811908864,40,Monoclinic,Cm,False,12.16854202977216,"{'Ba': 1.0, 'Sr': 7.0, 'Ti': 5.0, 'Mn': 3.0, 'O': 24.0}","['Ba', 'Mn', 'O', 'Sr', 'Ti']",5,0.4314144436461304,17.256577745845217,0.5319569809958505
mp-1035698,Mg14VFeO16,3.876027230387967,0.0347523832291667,-2.8706128821875008,FM,7.0018419,0.0232469362173302,7.0018419,301.19418036602355,32,Orthorhombic,Pmmm,False,9.412318136438236,"{'Mg': 14.0, 'V': 1.0, 'Fe': 1.0, 'O': 16.0}","['Fe', 'Mg', 'O', 'V']",4,0.4118036783502427,13.177717707207766,0.5313394971399508
mp-761075,NiP4O11,2.959457255027303,0.0102935221875002,-2.415464305223213,FM,8.0000977,0.0099405398784637,2.000024425,804.7950913946072,64,Triclinic,P-1,False,12.574923303040736,"{'Ni': 4.0, 'P': 16.0, 'O': 44.0}","['Ni', 'O', 'P']",3,0.2353459487352641,15.062140719056902,0.5311394873557466
mp-867373,Ti2Co12P7,7.291572493133468,0.0,-0.6577127499603183,FM,7.3390014,0.0316020984087521,7.3390014,232.23145833782613,21,Hexagonal,P-6,True,11.058640873229816,"{'Ti': 2.0, 'Co': 12.0, 'P': 7.0}","['Co', 'P', 'Ti']",3,0.6593552116141621,13.846459443897404,0.5300272917951269
mp-1043092,CaTiNiP2O9,3.3597055807737477,0.0,-2.9195813710799325,FM,8.0005539,0.0114776735395183,2.000138475,697.0536208800172,56,Orthorhombic,Pnma,True,12.447386087143164,"{'Ca': 4.0, 'Ti': 4.0, 'Ni': 4.0, 'P': 8.0, 'O': 36.0}","['Ca', 'Ni', 'O', 'P', 'Ti']",5,0.2699125388457235,15.115102175360517,0.5293086217466588
mp-720256,CrP2H14(NO3)3,1.8770244735249475,0.0325694107974143,-1.371316216440886,FM,11.9990445,0.01079646966283,2.999761125,1111.385932135771,116,Monoclinic,P2_1/c,False,9.580913208066992,"{'Cr': 4.0, 'P': 8.0, 'H': 56.0, 'N': 12.0, 'O': 36.0}","['Cr', 'H', 'N', 'O', 'P']",5,0.19591289815093196,22.72589618550811,0.5279899372087941
mp-721246,Sr6CoC2N7,4.172924912938843,0.0,-0.8546266015625008,FM,4.0086619,0.0071270959261201,2.00433095,562.453759785756,32,Orthorhombic,P2_12_12,True,17.576679993304875,"{'Sr': 12.0, 'Co': 2.0, 'C': 4.0, 'N': 14.0}","['C', 'Co', 'N', 'Sr']",4,0.2374125781733723,7.597202501547914,0.5276497367528697
mp-696031,Zn2FeP2(H2O3)4,3.0076946900935444,0.0093404215333325,-1.8257042083714288,FM,8.0001466,0.0161483674814556,4.0000733,495.41519346690274,50,Monoclinic,P2_1/c,False,9.908303869338054,"{'Zn': 4.0, 'Fe': 2.0, 'P': 4.0, 'H': 16.0, 'O': 24.0}","['Fe', 'H', 'O', 'P', 'Zn']",5,0.30355293194035643,15.177646597017821,0.5271005981633483
mp-775218,MnNb3(PO4)6,3.138388742427597,0.0,-2.778881700170242,FM,3.9999998,0.008367514826976,3.9999998,478.03916487896487,34,Trigonal,R3,True,14.059975437616616,"{'Mn': 1.0, 'Nb': 3.0, 'P': 6.0, 'O': 24.0}","['Mn', 'Nb', 'O', 'P']",4,0.22321438300887975,7.589289022301911,0.5270585674422975
mp-30272,U2Al19Co6,5.356886349071417,0.0079894169444436,-0.3871369038888904,FM,9.8889067,0.0118831071861177,4.94445335,832.1818986495884,54,Monoclinic,C2/m,False,15.410775900918305,"{'U': 4.0, 'Al': 38.0, 'Co': 12.0}","['Al', 'Co', 'U']",3,0.3476065308789682,18.770752667464283,0.5268252624275763
mp-698227,CrP2H13(NO5)2,1.950399193185206,0.0255683566964242,-1.4954647173405615,FM,6.0053694,0.011194348093312,3.0026847,536.4644148941422,56,Triclinic,P-1,False,9.579721694538254,"{'Cr': 2.0, 'P': 4.0, 'H': 26.0, 'N': 4.0, 'O': 20.0}","['Cr', 'H', 'N', 'O', 'P']",5,0.20359664459743118,11.401412097456147,0.5267215454250533
mp-23983,V2NiP2(H4O7)2,2.806063245488966,0.0074604366666717,-1.932484481084655,FM,3.9985822,0.0148643175481952,3.9985822,269.00543445975285,27,Tetragonal,I4/m,False,9.963164239250103,"{'V': 2.0, 'Ni': 1.0, 'P': 2.0, 'H': 8.0, 'O': 14.0}","['H', 'Ni', 'O', 'P', 'V']",5,0.28164378084167463,7.604382082725215,0.5258260508876234
mp-1043389,NiP2WO9,4.102919325385897,0.0376745660577011,-2.2844271753296703,FM,7.9998335,0.0110185917016606,1.999958375,726.0304870716178,52,Orthorhombic,Pnma,False,13.962124751377264,"{'Ni': 4.0, 'P': 8.0, 'W': 4.0, 'O': 36.0}","['Ni', 'O', 'P', 'W']",4,0.2938606693785037,15.280754807682191,0.523523451601893
mp-1223700,MgAl8Fe3Si8(H2O5)8,2.9157654700288664,0.0157864519243426,-2.547625531513158,FM,12.0005008,0.0163540529074807,12.0005008,733.7936882001065,76,Monoclinic,C2,False,9.655180107896138,"{'Mg': 1.0, 'Al': 8.0, 'Fe': 3.0, 'Si': 8.0, 'H': 16.0, 'O': 40.0}","['Al', 'Fe', 'H', 'Mg', 'O', 'Si']",6,0.30198975445774584,22.951221338788685,0.5228698125845951
mp-19491,Ba2Ni(PO4)2,4.438470244910845,0.0,-2.91795443706044,FM,7.9999593,0.0102157313259591,1.999989825,783.1019674207101,52,Monoclinic,P2_1/c,True,15.05965321962904,"{'Ba': 8.0, 'Ni': 4.0, 'P': 8.0, 'O': 32.0}","['Ba', 'Ni', 'O', 'P']",4,0.2947259262999269,15.325748167596199,0.5219946988894554
mp-1221856,MnAl2Sb2(PO4)6,3.46244639879898,0.0067883569047433,-2.6355901327368056,FM,4.9994523,0.0113033729822181,4.9994523,442.2973839636053,35,Trigonal,R-3,False,12.637068113245864,"{'Mn': 1.0, 'Al': 2.0, 'Sb': 2.0, 'P': 6.0, 'O': 24.0}","['Al', 'Mn', 'O', 'P', 'Sb']",5,0.27399127454015454,9.58969460890541,0.5213359240196543
mp-1199897,CaCoBP2H5O11,2.7664485819081017,0.0317623816269794,-2.2303114164143985,FM,5.9999988,0.0141665019542081,2.9999994,423.5342513906678,42,Triclinic,P-1,False,10.084148842634947,"{'Ca': 2.0, 'Co': 2.0, 'B': 2.0, 'P': 4.0, 'H': 10.0, 'O': 22.0}","['B', 'Ca', 'Co', 'H', 'O', 'P']",6,0.2743363495599932,11.522126681519714,0.5207370970520027
mp-1043139,CaNi(GeO3)2,4.65927167903154,0.0227523944166634,-2.25752711225,FM,8.0002686,0.0165034044828836,2.00006715,484.7647410143408,40,Monoclinic,P2_1/c,False,12.11911852535852,"{'Ca': 4.0, 'Ni': 4.0, 'Ge': 8.0, 'O': 24.0}","['Ca', 'Ge', 'Ni', 'O']",4,0.3844563174526511,15.378252698106042,0.5202326140072662
mp-757299,Co21Cu3O32,5.963559559952004,0.0,-1.290592405535714,FM,18.0035517,0.0333245731263127,18.0035517,540.2485316694,56,Trigonal,R3m,True,9.647295208382143,"{'Co': 21.0, 'Cu': 3.0, 'O': 32.0}","['Co', 'Cu', 'O']",3,0.6181587098910905,34.61688775390107,0.5200800207110222
mp-1214741,Ba3FeGe5O14,5.050700441296633,0.0116906389734277,-2.460716231521739,FM,3.9999126,0.0115316993278085,3.9999126,346.86237355792565,23,Trigonal,P321,False,15.080972763388072,"{'Ba': 3.0, 'Fe': 1.0, 'Ge': 5.0, 'O': 14.0}","['Ba', 'Fe', 'Ge', 'O']",4,0.3349054812669756,7.702826069140439,0.5192785821848827
mp-1193243,CoBP2HPbO9,4.543264919088408,0.0294457812111108,-2.3198815643134925,FM,5.9999833,0.0169624484043194,2.99999165,353.72153577027944,30,Triclinic,P-1,False,11.790717859009314,"{'Co': 2.0, 'B': 2.0, 'P': 4.0, 'H': 2.0, 'Pb': 2.0, 'O': 18.0}","['B', 'Co', 'H', 'O', 'P', 'Pb']",6,0.38532555637542365,11.559766691262709,0.5190401727168945
mp-1040979,Zn(NiO2)2,5.683590729770241,0.0301909230952386,-1.200087112619047,FM,12.0000959,0.0277379029542557,2.0000159833333333,432.6244820954948,42,Triclinic,P1,False,10.30058290703559,"{'Zn': 6.0, 'Ni': 12.0, 'O': 24.0}","['Ni', 'O', 'Zn']",3,0.5517736987377858,23.174495346987005,0.5178147666356917
mp-1246888,Sr4MnN4,4.2811769917053955,0.0127443177777761,-0.8226919083812265,FM,3.9984081,0.0055849773126157,0.999602025,715.9219950577199,36,Orthorhombic,Pnma,False,19.886722084936665,"{'Sr': 16.0, 'Mn': 4.0, 'N': 16.0}","['Mn', 'N', 'Sr']",3,0.2152781626564894,7.750013855633619,0.5159227034276187
mp-1372361,Ca(NiO2)2,5.3940225034286176,0.0,-1.6620924174999985,FM,8.0000332,0.0293356321893754,2.0000083,272.70703247013637,28,Orthorhombic,Pnma,True,9.739536873933442,"{'Ca': 4.0, 'Ni': 8.0, 'O': 16.0}","['Ca', 'Ni', 'O']",3,0.5538274122525263,15.507167543070736,0.5158926140302622
mp-1227854,Ca3Mg2Fe(CO3)6,2.8990124571736913,0.0008239966666616,-2.457845642000001,FM,4.0006595,0.0119445003437602,4.0006595,334.93736739602775,30,Triclinic,P-1,False,11.164578913200923,"{'Ca': 3.0, 'Mg': 2.0, 'Fe': 1.0, 'C': 6.0, 'O': 18.0}","['C', 'Ca', 'Fe', 'Mg', 'O']",5,0.2596616029777817,7.78984808933345,0.5135734938757095
mp-1078492,Cr3PC,6.248127612111354,0.0349784445,-0.2434030049285709,FM,3.0252997,0.0286052384954712,1.51264985,105.76033828485518,10,Orthorhombic,Cmcm,False,10.576033828485516,"{'Cr': 6.0, 'P': 2.0, 'C': 2.0}","['C', 'Cr', 'P']",3,0.5907817347636154,5.907817347636154,0.5120841627255941
mp-1221140,Nb4Fe3Si5,6.798755674568462,0.0284519879583342,-0.5594542348611102,FM,18.0234796,0.0180976427442381,3.003913266666667,995.9020550197496,72,Orthorhombic,Pmn2_1,False,13.831972986385413,"{'Nb': 24.0, 'Fe': 18.0, 'Si': 30.0}","['Fe', 'Nb', 'Si']",3,0.4915246495391776,35.38977476682079,0.5092849479476674
mp-1222184,MgAl6FeSi2(BO9)2,2.968929387944746,0.0,-3.1958697434444456,FM,7.9995284,0.011765466465687,3.9997642,679.9159577165865,60,Orthorhombic,Pmc2_1,True,11.331932628609774,"{'Mg': 2.0, 'Al': 12.0, 'Fe': 2.0, 'Si': 4.0, 'B': 4.0, 'O': 36.0}","['Al', 'B', 'Fe', 'Mg', 'O', 'Si']",6,0.2619967383541514,15.719804301249082,0.5088821875068994
mp-1277121,Sr3Cr2O8,4.3723909833095105,0.0042012052884619,-2.6274776765384615,FM,3.9998744,0.0106417966966472,1.9999372,375.8645756933287,26,Monoclinic,P2_1/m,False,14.456329834358796,"{'Sr': 6.0, 'Cr': 4.0, 'O': 16.0}","['Cr', 'O', 'Sr']",3,0.30245512058790447,7.863833135285516,0.5086418202406039
mp-1281606,Ba3Cr2O8,4.997492785146481,0.0002741965384744,-2.629323648846154,FM,4.0001086,0.0093471735766115,2.0000543,427.94846669040606,26,Monoclinic,Cc,False,16.459556411169466,"{'Ba': 6.0, 'Cr': 4.0, 'O': 16.0}","['Ba', 'Cr', 'O']",3,0.30362256796636267,7.894186767125429,0.5067157286749361
mp-2222050,Ba3Cr2O8,4.999257980654341,0.0091064815384749,-2.620491363846154,FM,2.001038,0.0093550740562662,2.001038,213.89868086182247,13,Monoclinic,Cm,False,16.45374468167865,"{'Ba': 3.0, 'Cr': 2.0, 'O': 8.0}","['Ba', 'Cr', 'O']",3,0.30383709467797,3.9498822308136097,0.5066070032138198
mp-1048278,ZnNiP2O7,4.0186582416629895,0.0081857274431911,-2.3224798085714284,FM,8.0003766,0.0162405046487103,2.00009415,492.6187192486837,44,Monoclinic,P2_1/c,False,11.195879982924628,"{'Zn': 4.0, 'Ni': 4.0, 'P': 8.0, 'O': 28.0}","['Ni', 'O', 'P', 'Zn']",4,0.3589408110655024,15.793395686882105,0.5065646906222365
mp-1272351,Ba3Cr2O8,4.99841883569001,0.0010130630769369,-2.6285847823076924,FM,4.0003901,0.0093495635475467,2.00019505,427.8691812357037,26,Monoclinic,P2_1/m,False,16.456506970603986,"{'Ba': 6.0, 'Cr': 4.0, 'O': 16.0}","['Ba', 'Cr', 'O']",3,0.30373510275410276,7.8971126716066715,0.5065636348817749
mp-532446,Ga2NiO4,5.924590670433054,0.0113583803571408,-1.9989991796428572,FM,16.0006322,0.0272225047823038,2.000079025,587.7722247807743,56,Monoclinic,Cm,False,10.49593258537097,"{'Ga': 16.0, 'Ni': 8.0, 'O': 32.0}","['Ga', 'Ni', 'O']",3,0.5644653890680125,31.610061787808696,0.5061879444402443
mp-1226660,Co19(Si2B)4,7.306958742795448,0.0060451333870936,-0.3268008252419335,FM,11.2593049,0.0357039670158151,11.2593049,315.3516497203983,31,Monoclinic,C2,False,10.172633861948333,"{'Co': 19.0, 'Si': 8.0, 'B': 4.0}","['B', 'Co', 'Si']",3,0.7182956589175784,22.26716542644493,0.5056460795242589
mp-1196389,Ti4Fe(PO4)6,2.9617243522689636,0.003256715857141,-2.953340076605443,FM,3.9993497,0.008729468962841,3.9993497,458.1435270603648,35,Trigonal,R-3,False,13.089815058867568,"{'Ti': 4.0, 'Fe': 1.0, 'P': 6.0, 'O': 24.0}","['Fe', 'O', 'P', 'Ti']",4,0.22626174158683565,7.9191609555392475,0.5050218984629373
mp-504927,CrCuO4,4.049912431357214,0.0413382747708341,-1.3518617241666664,FM,1.9998913,0.0135835233944105,0.99994565,147.22920128535486,12,Orthorhombic,Cmcm,False,12.269100107112903,"{'Cr': 2.0, 'Cu': 2.0, 'O': 8.0}","['Cr', 'Cu', 'O']",3,0.3300904219543626,3.9610850634523516,0.5048847141537931
mp-24392,Ca2Al2FeSi4BHO16,3.2145328151890147,0.0029762081481514,-3.105086537608023,FM,7.9997359,0.0135816218387941,3.99986795,589.0118275234089,54,Triclinic,P-1,False,10.907626435618685,"{'Ca': 4.0, 'Al': 4.0, 'Fe': 2.0, 'Si': 8.0, 'B': 2.0, 'H': 2.0, 'O': 32.0}","['Al', 'B', 'Ca', 'Fe', 'H', 'O', 'Si']",7,0.2947050702701009,15.914073794585448,0.5026830969403826
mp-1207263,Zr6FeSn2,7.182820207394126,0.0,-0.3961341988888875,FM,1.5041184,0.0077398739209309,1.5041184,194.33370819289672,9,Hexagonal,P-62m,True,21.59263424365519,"{'Zr': 6.0, 'Fe': 1.0, 'Sn': 2.0}","['Fe', 'Sn', 'Zr']",3,0.3326514091028396,2.993862681925556,0.5024005974223906
mp-774936,Ti3CuNi2(PO4)6,3.367252102897543,0.0376908815972063,-2.6414677116071426,FM,4.9708754,0.0112705753570696,4.9708754,441.04894759272,36,Trigonal,R3,False,12.251359655353331,"{'Ti': 3.0, 'Cu': 1.0, 'Ni': 2.0, 'P': 6.0, 'O': 24.0}","['Cu', 'Ni', 'O', 'P', 'Ti']",5,0.2748472167679932,9.894499803647754,0.5023877405270565
mp-554569,Ti4Fe(PO4)6,2.970901627618837,0.0,-2.956596792462584,FM,8.0008271,0.0087588476043624,4.00041355,913.4565939947474,70,Trigonal,R32,True,13.049379914210675,"{'Ti': 8.0, 'Fe': 2.0, 'P': 12.0, 'O': 48.0}","['Fe', 'O', 'P', 'Ti']",4,0.2276661149533663,15.936628046735642,0.5020401477989467
mp-1213612,FeH18C6N6O13,1.7306261606238234,0.045778133646694,-1.0374891206250008,FM,16.0003719,0.0095162609985359,4.000092975,1681.3716965583028,176,Monoclinic,P2_1/c,False,9.553248275899447,"{'Fe': 4.0, 'H': 72.0, 'C': 24.0, 'N': 24.0, 'O': 52.0}","['C', 'Fe', 'H', 'N', 'O']",5,0.1811557818495912,31.88341760552805,0.5018399250030776
mp-1183871,CoBP2HPbO9,4.623378336612068,0.0296012772111113,-2.3197260683134924,FM,5.9995256,0.0172602380530737,2.9997628,347.5922858973305,30,Triclinic,P-1,False,11.586409529911016,"{'Co': 2.0, 'B': 2.0, 'P': 4.0, 'H': 2.0, 'Pb': 2.0, 'O': 18.0}","['B', 'Co', 'H', 'O', 'P', 'Pb']",6,0.39903460383275224,11.971038114982568,0.5011700357457877
mp-1281162,Ba3Cr2O8,5.002734101767195,0.0,-2.6295978453846156,FM,3.9612365,0.009266047925943,1.98061825,427.50010917916416,26,Triclinic,P1,True,16.442311891506314,"{'Ba': 6.0, 'Cr': 4.0, 'O': 16.0}","['Ba', 'Cr', 'O']",3,0.30425977409852456,7.910754126561638,0.500740692559197
mp-1207414,Zr9(CoP2)2,6.585025813848439,0.0,-0.9491255915714286,FM,5.528186,0.0103138000760996,2.764093,535.9989489044457,30,Tetragonal,P4/mbm,True,17.866631630148188,"{'Zr': 18.0, 'Co': 4.0, 'P': 8.0}","['Co', 'P', 'Zr']",3,0.36856560039760683,11.056968011928205,0.4999730481300315
mp-1046115,Ta2Zn2FeO8,7.293616960261544,0.0222179092307737,-2.5894193430512824,FM,15.998994,0.0259671386847482,3.9997485,616.1246410023992,52,Monoclinic,C2/c,False,11.848550788507678,"{'Ta': 8.0, 'Zn': 8.0, 'Fe': 4.0, 'O': 32.0}","['Fe', 'O', 'Ta', 'Zn']",4,0.6155703841296674,32.0096599747427,0.49981768043222086
mp-1043243,MgNi(GeO3)2,4.643848990271896,0.0259451440000022,-2.1622123665000004,FM,8.0002021,0.0172487154395296,2.000050525,463.81437087573494,40,Monoclinic,P2_1/c,False,11.595359271893374,"{'Mg': 4.0, 'Ni': 4.0, 'Ge': 8.0, 'O': 24.0}","['Ge', 'Mg', 'Ni', 'O']",4,0.4004920314567894,16.019681258271575,0.4993983320279352
mp-1173625,Sr10Mg3Fe2(MoO6)5,5.2021298986710764,0.002677906166669,-2.7267846238999995,FM,20.0198593,0.0155205482811517,10.00992965,1289.8938192996868,100,Triclinic,P-1,False,12.898938192996868,"{'Sr': 20.0, 'Mg': 6.0, 'Fe': 4.0, 'Mo': 10.0, 'O': 60.0}","['Fe', 'Mg', 'Mo', 'O', 'Sr']",5,0.4032990794153455,40.32990794153455,0.49640230592696577
mp-1046861,Nb2Zn2CoO8,5.476944443306638,0.0237231240384616,-2.374739018461539,FM,6.0002996,0.0196508654193351,3.0001498,305.3453103442505,26,Monoclinic,C2/c,False,11.744050397855789,"{'Nb': 4.0, 'Zn': 4.0, 'Co': 2.0, 'O': 16.0}","['Co', 'Nb', 'O', 'Zn']",4,0.46635907185025455,12.125335868106617,0.4948563623530333
mp-1043031,MgTiNiP2O9,3.399577696655321,0.0468535140476156,-2.770621761794218,FM,8.0004127,0.012157561853947,2.000103175,658.060620715874,56,Orthorhombic,Pnma,False,11.751082512783466,"{'Mg': 4.0, 'Ti': 4.0, 'Ni': 4.0, 'P': 8.0, 'O': 36.0}","['Mg', 'Ni', 'O', 'P', 'Ti']",5,0.2892991086529327,16.20075008456423,0.49382977073528483
mp-698222,CrP2H15N2O11,1.8716685356080345,0.0220842772580631,-1.4756233050979255,FM,5.9997925,0.0101519899742754,2.99989625,590.996692786647,62,Monoclinic,C2/m,False,9.532204722365275,"{'Cr': 2.0, 'P': 4.0, 'H': 30.0, 'N': 4.0, 'O': 22.0}","['Cr', 'H', 'N', 'O', 'P']",5,0.1963521126667124,12.173830985336169,0.49284342022055116
mp-1203787,Ca6MnBe4Si6HO24,3.100760857235866,0.0421169794576927,-3.178903958016216,FM,22.7185416,0.0119843738112405,5.6796354,1895.6803215443308,168,Orthorhombic,Pnma,False,11.283811437763871,"{'Ca': 24.0, 'Mn': 4.0, 'Be': 16.0, 'Si': 24.0, 'H': 4.0, 'O': 96.0}","['Be', 'Ca', 'H', 'Mn', 'O', 'Si']",6,0.27479729472068776,46.16594551307554,0.4921060610264214
mp-1042753,Mg2Co3O8,4.602727695988123,0.0144827786538481,-1.701694818076923,FM,5.9999999,0.0235296250225409,2.99999995,254.997684589198,26,Hexagonal,P6_3mc,False,9.807603253430692,"{'Mg': 4.0, 'Co': 6.0, 'O': 16.0}","['Co', 'Mg', 'O']",3,0.469301987147379,12.201851665831853,0.4917286379411951
mp-1046412,SrMgNi(PO4)2,3.796328253523384,0.0098592132692356,-2.8337676441758246,FM,3.99958,0.0126800262456568,1.99979,315.42363734222886,26,Triclinic,P-1,False,12.131678359316494,"{'Sr': 2.0, 'Mg': 2.0, 'Ni': 2.0, 'P': 4.0, 'O': 16.0}","['Mg', 'Ni', 'O', 'P', 'Sr']",5,0.31292687961909266,8.13609887009641,0.4915844883227933
mp-1182808,CrP2H16N3O10,1.8134152512786488,0.0272441052735219,-1.3655033777901782,FM,12.0001619,0.0098656642004574,3.000040475,1216.3562083780969,128,Monoclinic,P2_1/c,False,9.502782877953882,"{'Cr': 4.0, 'P': 8.0, 'H': 64.0, 'N': 12.0, 'O': 40.0}","['Cr', 'H', 'N', 'O', 'P']",5,0.19082991525416282,24.42622915253284,0.49128180305946495
mp-1043455,CaNiSnP2O9,3.8237770072813286,0.0178216978095315,-2.577476221556123,FM,8.0007743,0.0108777858575206,2.000193575,735.5149664459026,56,Orthorhombic,Pnma,False,13.134195829391118,"{'Ca': 4.0, 'Ni': 4.0, 'Sn': 4.0, 'P': 8.0, 'O': 36.0}","['Ca', 'Ni', 'O', 'P', 'Sn']",5,0.29113141428306183,16.303359199851464,0.4907439136882228
mp-756341,Cd(NiO2)2,6.378124522364771,0.0037566166666653,-1.0786914335714286,FM,3.9999997,0.0261474214622494,1.99999985,152.97874422435984,14,Tetragonal,I4_1/amd,False,10.927053158882844,"{'Cd': 2.0, 'Ni': 4.0, 'O': 8.0}","['Cd', 'Ni', 'O']",3,0.5837003288649558,8.171804604109381,0.48948792754889264
mp-1102167,CaNi3,6.276554166441845,2.671666666742567e-05,-0.1587283274999998,FM,2.5743046,0.0150051086983205,0.8581015333333334,171.56187614209867,12,Trigonal,R-3m,False,14.296823011841555,"{'Ca': 3.0, 'Ni': 9.0}","['Ca', 'Ni']",2,0.4390174069611966,5.26820888353436,0.48864892355462924
mp-1194831,MnB12(H5O12)2,2.1447868315887897,0.0033852284928963,-2.321113506285767,FM,10.3312773,0.0115286718500554,5.16563865,896.1376847542344,94,Monoclinic,P2_1/c,False,9.533379625045049,"{'Mn': 2.0, 'B': 24.0, 'H': 20.0, 'O': 48.0}","['B', 'H', 'Mn', 'O']",4,0.22497654724188693,21.147795440737372,0.48852738948376045
mp-26842,Ni(PO3)3,2.4428001374054396,0.0475934604807823,-2.2691759799175824,FM,0.9997681,0.0049753087952757,0.9997681,200.94593946597377,13,Trigonal,R3,False,15.45737995892106,"{'Ni': 1.0, 'P': 3.0, 'O': 9.0}","['Ni', 'O', 'P']",3,0.1580345533264584,2.0544491932439595,0.4866355922977944
mp-1178410,Cu2NiO4,5.899168126106298,0.03996899875,-0.9165393000000008,FM,4.0010002,0.0284522997693498,2.0005001,140.62132876548918,14,Monoclinic,C2/c,False,10.04438062610637,"{'Cu': 4.0, 'Ni': 2.0, 'O': 8.0}","['Cu', 'Ni', 'O']",3,0.5873102927594916,8.222344098632883,0.4866009196410596
mp-1035122,Mg14VCoO16,3.758421096772368,0.0485387377343746,-2.8532151212500008,FM,5.9999943,0.019231775489869,5.9999943,311.98337892206996,32,Orthorhombic,Pmmm,False,9.749480591314686,"{'Mg': 14.0, 'V': 1.0, 'Co': 1.0, 'O': 16.0}","['Co', 'Mg', 'O', 'V']",4,0.38549962344871513,12.335987950358884,0.48638133598577693
mp-1226398,Cr2CoP3,5.89519203155829,0.013470602083335,-0.5349050456547602,FM,5.7262209,0.0198644789288396,1.431555225,288.2643396040229,24,Monoclinic,Pm,False,12.01101415016762,"{'Cr': 8.0, 'Co': 4.0, 'P': 12.0}","['Co', 'Cr', 'P']",3,0.4908155096525317,11.77957223166076,0.48611450291966
mp-557209,NiBiAsO5,6.75686470262904,0.0,-1.6433265462500009,FM,8.0000002,0.0192577014210329,2.00000005,415.4182280166897,32,Triclinic,P-1,True,12.981819625521553,"{'Ni': 4.0, 'Bi': 4.0, 'As': 4.0, 'O': 20.0}","['As', 'Bi', 'Ni', 'O']",4,0.5204867189300189,16.655575005760603,0.48031966457075603
mp-768225,Cu2NiO4,5.935500217249626,0.0470401758928584,-0.9094681228571428,FM,3.9976456,0.0286035307346071,1.9988228,139.76056442442223,14,Tetragonal,I4_1/a,False,9.982897458887305,"{'Cu': 4.0, 'Ni': 2.0, 'O': 8.0}","['Cu', 'Ni', 'O']",3,0.594566882179635,8.323936350514892,0.48025903030273875
mp-1639590,Mg10FeO11,3.686654625871373,0.0023476519318181,-2.894435174204545,FM,16.0001161,0.0187005740019556,4.000029025,855.5949190825249,88,Triclinic,P-1,False,9.722669535028691,"{'Mg': 40.0, 'Fe': 4.0, 'O': 44.0}","['Fe', 'Mg', 'O']",3,0.37918131564475654,33.367955776738576,0.4795054335079759
mp-1035790,Mg14FeNiO16,3.805017173207367,0.0176644688281246,-2.814876193750001,FM,6.0000005,0.0193424785438906,6.0000005,310.19812101045886,32,Orthorhombic,Pmmm,False,9.69369128157684,"{'Mg': 14.0, 'Fe': 1.0, 'Ni': 1.0, 'O': 16.0}","['Fe', 'Mg', 'Ni', 'O']",4,0.3925251034597027,12.560803310710487,0.4776764950123733
mp-735484,CrP2H17N4O9,1.7887033113382893,0.0326617096527801,-1.2575656886525974,FM,12.102305,0.0098432412471495,3.02557625,1229.504052184507,132,Monoclinic,P2_1/c,False,9.314424637761416,"{'Cr': 4.0, 'P': 8.0, 'H': 68.0, 'N': 16.0, 'O': 36.0}","['Cr', 'H', 'N', 'O', 'P']",5,0.19203583483694142,25.348730198476268,0.4774323962281739
mp-1035767,Mg14FeNiO16,3.807611284837716,0.0449769760156257,-2.7875636865625,FM,6.0000005,0.0193556654879349,6.0000005,309.98678416611506,32,Tetragonal,P4/mmm,False,9.687087005191096,"{'Mg': 14.0, 'Fe': 1.0, 'Ni': 1.0, 'O': 16.0}","['Fe', 'Mg', 'Ni', 'O']",4,0.3930605023777841,12.577936076089092,0.4770258382379698
mp-774636,MnSb3(PO4)6,3.455927257221692,0.0122277077450867,-2.342949574582005,FM,4.0004664,0.0084095092566761,4.0004664,475.7074732778403,34,Trigonal,R3,False,13.991396272877656,"{'Mn': 1.0, 'Sb': 3.0, 'P': 6.0, 'O': 24.0}","['Mn', 'O', 'P', 'Sb']",4,0.24700374357354257,8.398127281500447,0.47635219923521555
mp-1227573,Ca4MgSi8(NiO8)3,3.5638196057456515,0.0046858723125033,-3.047445939625,FM,6.0038049,0.013292450268598,6.0038049,451.6702924353464,40,Monoclinic,C2,False,11.29175731088366,"{'Ca': 4.0, 'Mg': 1.0, 'Si': 8.0, 'Ni': 3.0, 'O': 24.0}","['Ca', 'Mg', 'Ni', 'O', 'Si']",5,0.31561248684565973,12.62449947382639,0.4755677571572105
mp-1408143,Mg2Co3O8,4.685278296196461,0.0131371998076943,-1.7030403969230774,FM,2.9999962,0.0239516023788001,2.9999962,125.2524216356956,13,Monoclinic,C2/m,False,9.634801664284277,"{'Mg': 2.0, 'Co': 3.0, 'O': 8.0}","['Co', 'Mg', 'O']",3,0.48628694802971933,6.321730324386351,0.4745530173008778
mp-1094131,Mg7Fe(SiO4)4,3.2609615631436433,0.0014977776785691,-3.0978392812499997,FM,4.0000423,0.0132174103700867,4.0000423,302.6343427342443,28,Triclinic,P-1,False,10.808369383365868,"{'Mg': 7.0, 'Fe': 1.0, 'Si': 4.0, 'O': 16.0}","['Fe', 'Mg', 'O', 'Si']",4,0.3017070797156765,8.447798232038942,0.47350116446076135
mp-19337,Ba3CoSb2O9,6.342568873293495,0.0,-2.436329391833334,FM,12.0000012,0.0133485199483739,3.0000003,898.9761596349674,60,Hexagonal,P6_3/mmc,True,14.982935993916124,"{'Ba': 12.0, 'Co': 4.0, 'Sb': 8.0, 'O': 36.0}","['Ba', 'Co', 'O', 'Sb']",4,0.42331949331352137,25.399169598811284,0.47245643812550536
mp-2760769,Ba3Cr2O8,5.180329509534589,0.0,-2.6858229469230777,FM,4.0,0.0096888833230928,2.0,412.8442738562293,26,Monoclinic,Cc,True,15.87862591754728,"{'Ba': 6.0, 'Cr': 4.0, 'O': 16.0}","['Ba', 'Cr', 'O']",3,0.3262454532548606,8.482381784626375,0.4715656641687213
mp-2761491,Ba3Cr2O8,5.1812297747478295,0.0017406619230797,-2.6840822849999992,FM,4.0000002,0.0096905675932944,2.0000001,412.7725400489294,26,Monoclinic,P2_1,False,15.87586692495882,"{'Ba': 6.0, 'Cr': 4.0, 'O': 16.0}","['Ba', 'Cr', 'O']",3,0.32635885644785156,8.485330267644141,0.471401828076464
mp-1274900,Ba3Cr2O8,5.182063416478577,0.0009672276923211,-2.628630617692308,FM,3.9999999,0.0096921260447831,1.99999995,412.7061370763996,26,Monoclinic,C2,False,15.873312964476908,"{'Ba': 6.0, 'Cr': 4.0, 'O': 16.0}","['Ba', 'Cr', 'O']",3,0.3264638848913005,8.488061007173814,0.47125013552793027
mp-1048547,Zn(NiO2)2,5.963362121422619,0.005636350714286,-1.2246416850000006,FM,3.9999995,0.0291030485995733,1.99999975,137.4426286069097,14,Tetragonal,I4_1/amd,False,9.817330614779264,"{'Zn': 2.0, 'Ni': 4.0, 'O': 8.0}","['Ni', 'O', 'Zn']",3,0.6074321376571773,8.504049927200482,0.4703640658559483
mp-35236,Ga2NiO4,6.152216724229189,0.0,-2.0103575599999988,FM,8.0000002,0.0282672922835101,2.00000005,283.01261117488946,28,Orthorhombic,Imma,True,10.107593256246052,"{'Ga': 8.0, 'Ni': 4.0, 'O': 16.0}","['Ga', 'Ni', 'O']",3,0.6086727639566805,17.042837390787053,0.46940541745264835
mp-768586,Zn(NiO2)2,5.983401826838859,0.0121124171428572,-1.2181656185714291,FM,4.0000007,0.0292008573103895,2.00000035,136.98230354958832,14,Cubic,Fd-3m,False,9.784450253542024,"{'Zn': 2.0, 'Ni': 4.0, 'O': 8.0}","['Ni', 'O', 'Zn']",3,0.6115215134005956,8.561301187608338,0.4672187804570662
mp-1221554,MnSi2Ni,6.146028598776623,0.0,-0.4776360544827591,FM,1.9917927,0.0217077934190326,0.99589635,91.75472889168292,8,Monoclinic,P2_1,True,11.469341111460365,"{'Mn': 2.0, 'Si': 4.0, 'Ni': 2.0}","['Mn', 'Ni', 'Si']",3,0.5358658827084152,4.286927061667321,0.464620151299082
mp-1067482,NiHO2,4.528942642955899,0.0298764992708333,-1.0607288303124998,FM,0.999614,0.0297310367510487,0.999614,33.62190186538786,4,Monoclinic,Cm,False,8.405475466346966,"{'Ni': 1.0, 'H': 1.0, 'O': 2.0}","['H', 'Ni', 'O']",3,0.5388086207720723,2.155234483088289,0.4638075382719509
mp-1205807,BaSr(CoO3)2,5.598860854151565,0.0250146956666652,-2.008771470000001,FM,1.9952117,0.0153307446771418,1.9952117,130.14447386726485,10,Hexagonal,P-6m2,False,13.014447386726484,"{'Ba': 1.0, 'Sr': 1.0, 'Co': 2.0, 'O': 6.0}","['Ba', 'Co', 'O', 'Sr']",4,0.43020350290569215,4.302035029056921,0.46378322968638963
mp-1043305,ZnNi(GeO3)2,5.120840115997782,0.0451046895000013,-1.8729343455000005,FM,8.0001151,0.0168804887658135,2.000028775,473.9267453085775,40,Monoclinic,P2_1/c,False,11.848168632714437,"{'Zn': 4.0, 'Ni': 4.0, 'Ge': 8.0, 'O': 24.0}","['Ge', 'Ni', 'O', 'Zn']",4,0.43220520189579614,17.288208075831847,0.46274981564941997
mp-1225141,Fe2SiP,6.187808911477117,0.0462916668750006,-0.4903667399107139,FM,1.9986846,0.0218093755412398,0.9993423,91.64336668973608,8,Orthorhombic,Pmc2_1,False,11.455420836217009,"{'Fe': 4.0, 'Si': 2.0, 'P': 2.0}","['Fe', 'P', 'Si']",3,0.5401642593447099,4.321314074757679,0.46251778172640173
mp-25053,Sr2NiMoO6,5.567566680616095,0.0107679234999995,-2.469603902,FM,2.0240232,0.0159351065424908,2.0240232,127.01660918318665,10,Cubic,Fm-3m,False,12.701660918318664,"{'Sr': 2.0, 'Ni': 1.0, 'Mo': 1.0, 'O': 6.0}","['Mo', 'Ni', 'O', 'Sr']",4,0.4383337515006724,4.3833375150067235,0.4617539016949041
mp-31411,Th(Al2Cr)4,5.331066662559589,0.0118203839230712,-0.2029751914615364,FM,2.0300113,0.0099367084255811,2.0300113,204.29413977509017,13,Tetragonal,I4/mmm,False,15.714933828853088,"{'Th': 1.0, 'Al': 8.0, 'Cr': 4.0}","['Al', 'Cr', 'Th']",3,0.33923570538818254,4.410064170046373,0.46031332464231556
mp-1104841,Ca2Ni10H,6.55647064046265,0.0272939454487186,-0.1303911593269235,FM,3.0072205,0.0177724034406324,3.0072205,169.20730558730693,13,Orthorhombic,Cmm2,False,13.015946583638994,"{'Ca': 2.0, 'Ni': 10.0, 'H': 1.0}","['Ca', 'H', 'Ni']",3,0.5037259947504789,6.548437931756225,0.4592271517786981
mp-31514,Ba3Nb2CoO9,6.21328989627355,0.0,-3.0197090909999997,FM,2.9998953,0.0140183563940808,2.9998953,213.99764820265764,15,Trigonal,P-3m1,True,14.266509880177177,"{'Ba': 3.0, 'Nb': 2.0, 'Co': 1.0, 'O': 9.0}","['Ba', 'Co', 'Nb', 'O']",4,0.4355157602285547,6.532736403428321,0.4592096044814669
mp-504975,MnAl2P2(HO)18,2.2671392527556655,0.0247606594579963,-1.8392814165784577,FM,5.0004225,0.0143131404209612,5.0004225,349.3588655552498,41,Triclinic,P-1,False,8.520947940371947,"{'Mn': 1.0, 'Al': 2.0, 'P': 2.0, 'H': 18.0, 'O': 18.0}","['Al', 'H', 'Mn', 'O', 'P']",5,0.26606655370044463,10.90872870171823,0.4583872820315336
mp-776144,Ti3FeSn2(PO4)6,3.356827642922451,0.0026635135879597,-2.775110052440478,FM,4.0026542,0.0080376753809989,4.0026542,497.9865458938871,36,Trigonal,R3,False,13.83295960816353,"{'Ti': 3.0, 'Fe': 1.0, 'Sn': 2.0, 'P': 6.0, 'O': 24.0}","['Fe', 'O', 'P', 'Sn', 'Ti']",5,0.24266879525487928,8.736076629175654,0.458175262180329
mp-1228162,BaCo2Sn4O11,6.376143922845148,0.0339991772222125,-2.024231411111111,FM,7.999408,0.0169510196113904,3.999704,471.9130874360328,36,Monoclinic,C2/c,False,13.108696873223131,"{'Ba': 2.0, 'Co': 4.0, 'Sn': 8.0, 'O': 22.0}","['Ba', 'Co', 'O', 'Sn']",4,0.48640562708178625,17.510602574944304,0.4568322515323516
mp-532705,Ca8Mg5Fe2(SiO3)16,3.2138631464070753,0.024331282373418,-3.2283298722151907,FM,10.000669,0.0109281104723293,10.000669,915.1324948006584,79,Monoclinic,C2,False,11.58395563038808,"{'Ca': 8.0, 'Mg': 5.0, 'Fe': 2.0, 'Si': 16.0, 'O': 48.0}","['Ca', 'Fe', 'Mg', 'O', 'Si']",5,0.27744090610777017,21.917831582513845,0.45628003675229367
mp-1196102,FeGe3H4PbO10,5.100872762419888,0.0111803938157883,-1.7488598813157896,FM,8.0000237,0.0190503595706892,4.00001185,419.940824230361,38,Monoclinic,P2_1/m,False,11.051074321851605,"{'Fe': 2.0, 'Ge': 6.0, 'H': 8.0, 'Pb': 2.0, 'O': 20.0}","['Fe', 'Ge', 'H', 'O', 'Pb']",5,0.4615725687713263,17.5397576133104,0.4561079962660955
mp-1104215,Ca2Ni10H,6.567035411943262,0.027150853141026,-0.1305342516346166,FM,2.9949146,0.0177281970561331,2.9949146,168.93509196209502,13,Orthorhombic,Cmmm,False,12.995007074007308,"{'Ca': 2.0, 'Ni': 10.0, 'H': 1.0}","['Ca', 'H', 'Ni']",3,0.5053506607994609,6.569558590392992,0.455877599505638
mp-1045813,CaNi(PO3)4,3.053472094624181,0.0,-2.68302037575397,FM,3.9999994,0.0088691792461633,1.9999997,450.99995038777934,36,Monoclinic,C2/c,True,12.527776399660535,"{'Ca': 2.0, 'Ni': 2.0, 'P': 8.0, 'O': 24.0}","['Ca', 'Ni', 'O', 'P']",4,0.24373615853384173,8.774501707218302,0.45586627405969044
mp-1042795,ZnNiAs2O7,4.82160554392514,0.0270820329545422,-1.6290265736363632,FM,7.9999999,0.0150470443861297,1.999999975,531.6658670439186,44,Monoclinic,P2_1/c,False,12.08331516008906,"{'Zn': 4.0, 'Ni': 4.0, 'As': 8.0, 'O': 28.0}","['As', 'Ni', 'O', 'Zn']",4,0.39903002446305497,17.557321076374418,0.4556503731520297
mp-1198584,Ni3P2(HO)16,2.8573571269684535,0.0044955621621625,-1.567583845926641,FM,5.9992439,0.0202356971264572,5.9992439,296.4683579967332,37,Monoclinic,C2/m,False,8.012658324236032,"{'Ni': 3.0, 'P': 2.0, 'H': 16.0, 'O': 16.0}","['H', 'Ni', 'O', 'P']",4,0.3566053875435764,13.194399339112326,0.4546810920157892
mp-753358,CoRe2(H2O3)4,3.614444545381588,0.0158988299999993,-1.6253829954347834,FM,2.9911998,0.0103117148685928,2.9911998,290.07782295363035,23,Triclinic,P-1,False,12.612079258853491,"{'Co': 1.0, 'Re': 2.0, 'H': 8.0, 'O': 12.0}","['Co', 'H', 'O', 'Re']",4,0.2865859364818297,6.591476539082082,0.45379814101811994
mp-22198,Nb2NiO6,5.560650275959612,0.0,-2.6592725066666665,FM,8.0000005,0.019669174138771,2.000000125,406.727829219363,36,Orthorhombic,Pbcn,True,11.297995256093415,"{'Nb': 8.0, 'Ni': 4.0, 'O': 24.0}","['Nb', 'Ni', 'O']",3,0.4921802629506818,17.718489466224543,0.45150578525611984
mp-1218557,Sr3CoSb2O9,5.8988671182746035,0.0266496461666667,-2.437723356666666,FM,6.0008933,0.015026944815849,3.00044665,399.342206518973,30,Orthorhombic,Immm,False,13.311406883965766,"{'Sr': 6.0, 'Co': 2.0, 'Sb': 4.0, 'O': 18.0}","['Co', 'O', 'Sb', 'Sr']",4,0.44314377658909027,13.294313297672709,0.451387985647255
mp-504150,Ni(PO3)3,2.5319962808097216,0.0475393420192444,-2.2692300983791203,FM,3.9807945,0.0051334065474487,0.995198625,775.468387941814,52,Orthorhombic,Pbcm,False,14.912853614265654,"{'Ni': 4.0, 'P': 12.0, 'O': 36.0}","['Ni', 'O', 'P']",3,0.16978616878446462,8.828880776792161,0.45088325470019097
mp-18281,Ti2Ni(PO5)2,3.51301560071727,0.0,-2.882407713396826,FM,3.9999111,0.0112418443070181,1.99995555,355.8055947726379,30,Monoclinic,P2_1/c,True,11.860186492421263,"{'Ti': 4.0, 'Ni': 2.0, 'P': 4.0, 'O': 20.0}","['Ni', 'O', 'P', 'Ti']",4,0.2962023913335688,8.886071740007063,0.45013265895564564
mp-1044358,CaCrBiO5,4.6972439460615325,0.0377069514583352,-2.229256709375001,FM,4.0005496,0.0074245478354173,1.0001374,538.8273722092785,32,Monoclinic,P2_1/c,False,16.83835538153995,"{'Ca': 4.0, 'Cr': 4.0, 'Bi': 4.0, 'O': 20.0}","['Bi', 'Ca', 'Cr', 'O']",4,0.27896096974002377,8.92675103168076,0.448152926613745
mp-29804,Cr3GeC,7.080418396021649,0.0347949672499989,-0.0592725330000007,FM,2.7992277,0.0248000205658609,1.39961385,112.8719910762228,10,Orthorhombic,Cmcm,False,11.287199107622282,"{'Cr': 6.0, 'Ge': 2.0, 'C': 2.0}","['C', 'Cr', 'Ge']",3,0.627296314037751,6.2729631403775095,0.4462369118641978
mp-1045786,MgNi(PO3)4,3.0283977499597268,0.0,-2.614905074087302,FM,4.0002206,0.0091446839265442,2.0001103,437.4367263135899,36,Monoclinic,C2/c,True,12.151020175377496,"{'Mg': 2.0, 'Ni': 2.0, 'P': 8.0, 'O': 24.0}","['Mg', 'Ni', 'O', 'P']",4,0.24922991701523065,8.972277012548304,0.4458422978253385
mp-1641158,Sr6Ti3FeO14,4.967741300293367,0.0021579610417203,-3.216646102291667,FM,8.0003566,0.0126081362519217,4.0001783,634.539192799458,48,Tetragonal,P4bm,False,13.219566516655377,"{'Sr': 12.0, 'Ti': 6.0, 'Fe': 2.0, 'O': 28.0}","['Fe', 'O', 'Sr', 'Ti']",4,0.37578700436466606,18.03777620950397,0.4435334215857868
mp-1645141,Sr6Ti3FeO14,4.97911265593416,0.0021843327083876,-3.2166197306249997,FM,8.0007306,0.0126375875260206,4.0003653,633.0900247793802,48,Orthorhombic,Amm2,False,13.189375516237089,"{'Sr': 12.0, 'Ti': 6.0, 'Fe': 2.0, 'O': 28.0}","['Fe', 'O', 'Sr', 'Ti']",4,0.37750935590578244,18.120449083477556,0.44153048101303205
mp-771595,Ti2Ni(PO5)2,3.547612857530636,0.0046578123333489,-2.877749901063493,FM,3.999908,0.0113525486447538,1.999954,352.3356847141459,30,Monoclinic,P2_1/c,False,11.744522823804862,"{'Ti': 4.0, 'Ni': 2.0, 'P': 4.0, 'O': 20.0}","['Ni', 'O', 'P', 'Ti']",4,0.3020653040360237,9.061959121080712,0.4413955025128141
mp-1199709,CaMnAl4SiP3(HO4)5,3.162613357732212,0.0174415884650729,-2.739440860803131,FM,10.0001801,0.0146739060364395,5.00009005,681.4940803877749,70,Monoclinic,C2/m,False,9.735629719825356,"{'Ca': 2.0, 'Mn': 2.0, 'Al': 8.0, 'Si': 2.0, 'P': 6.0, 'H': 10.0, 'O': 40.0}","['Al', 'Ca', 'H', 'Mn', 'O', 'P', 'Si']",7,0.3248493881491772,22.739457170442403,0.4397721557310791
mp-775225,Nb3Ni(PO4)6,3.017572583140755,0.0055637265073684,-2.692674508760505,FM,3.0639995,0.0061372637343952,3.0639995,499.2452064310548,34,Trigonal,R3,False,14.683682542089846,"{'Nb': 3.0, 'Ni': 1.0, 'P': 6.0, 'O': 24.0}","['Nb', 'Ni', 'O', 'P']",4,0.20550516360532,6.98717556258088,0.4385176059420838
mp-19069,NiAgO2,6.855811413160727,0.0308373950000007,-0.7994911379166663,FM,0.9994353,0.0207812568533358,0.9994353,48.09311135767859,4,Trigonal,R-3m,False,12.023277839419649,"{'Ni': 1.0, 'Ag': 1.0, 'O': 2.0}","['Ag', 'Ni', 'O']",3,0.5702115100994497,2.280846040397799,0.4381862178762798
mp-759189,MnAl2P2(HO)18,2.319158039662299,0.0251834192140947,-1.8388586568223595,FM,10.0021479,0.0146434583483154,5.00107395,683.0454706862741,82,Triclinic,P-1,False,8.329822813247246,"{'Mn': 2.0, 'Al': 4.0, 'P': 4.0, 'H': 36.0, 'O': 36.0}","['Al', 'H', 'Mn', 'O', 'P']",5,0.2784162510604728,22.83013258695877,0.4381116869077456
mp-1205168,NiH8(NO5)2,2.092965154164359,0.0096036179761904,-1.1153094835714288,FM,3.9997461,0.009894109743232,1.99987305,404.2552795349744,42,Triclinic,P-1,False,9.625125703213676,"{'Ni': 2.0, 'H': 16.0, 'N': 4.0, 'O': 20.0}","['H', 'N', 'Ni', 'O']",4,0.217448085219869,9.132819579234498,0.4379530401645418
mp-1277880,NiAgO2,6.875118967218534,0.0415252187500003,-0.7888033141666666,FM,4.0129922,0.0209192834618397,1.00324805,191.8322014862683,16,Monoclinic,C2/m,False,11.989512592891767,"{'Ni': 4.0, 'Ag': 4.0, 'O': 8.0}","['Ag', 'Ni', 'O']",3,0.5734277281041926,9.174843649667082,0.43739079958551835
mp-19284,NiAgO2,6.873882831416465,0.0307387137500008,-0.7995898191666662,FM,1.9975271,0.0208220302142206,0.99876355,95.93334941161328,8,Hexagonal,P6_3/mmc,False,11.99166867645166,"{'Ni': 2.0, 'Ag': 2.0, 'O': 4.0}","['Ag', 'Ni', 'O']",3,0.5732215437968929,4.5857723503751435,0.4355922944662943
mp-776286,Ti3CrSn2(PO4)6,3.4353797961353627,0.0018331803742306,-2.7861331010515875,FM,3.9994835,0.0082507919696878,3.9994835,484.73934559172926,36,Trigonal,R3,False,13.46498182199248,"{'Ti': 3.0, 'Cr': 1.0, 'Sn': 2.0, 'P': 6.0, 'O': 24.0}","['Cr', 'O', 'P', 'Sn', 'Ti']",5,0.2551343805399221,9.184837699437196,0.4354441124468721
mp-998971,TiFeCoSi,6.753704233703758,0.0291899587499999,-0.6316283083333332,FM,1.0028496,0.0213849457971023,1.0028496,46.89512003046012,4,Cubic,F-43m,False,11.72378000761503,"{'Ti': 1.0, 'Fe': 1.0, 'Co': 1.0, 'Si': 1.0}","['Co', 'Fe', 'Si', 'Ti']",4,0.5760688301313208,2.3042753205252833,0.43521257684233244
mp-1367827,Ca3Co2O7,4.313888575565377,0.0370763618055525,-2.2151588583333335,FM,3.9995831,0.0148394283026363,1.99979155,269.5240691509274,24,Orthorhombic,Cmc2_1,False,11.230169547955308,"{'Ca': 6.0, 'Co': 4.0, 'O': 14.0}","['Ca', 'Co', 'O']",3,0.38413387768939006,9.219213064545361,0.4338312903713368
mp-1274148,CrBiO4,5.887420030217493,0.0298358381249919,-1.758149844583335,FM,3.9994349,0.0109085195438266,0.999858725,366.63406834737407,24,Monoclinic,P2/c,False,15.27641951447392,"{'Cr': 4.0, 'Bi': 4.0, 'O': 16.0}","['Bi', 'Cr', 'O']",3,0.3853926651228287,9.249423962947889,0.4323982678295717
mp-1182459,Ca5Cr3O13,3.143549325037144,0.0438702513095199,-2.6144752469047616,FM,4.0068177,0.0067201112725556,2.00340885,596.2427610928873,42,Monoclinic,P2_1/m,False,14.196256216497318,"{'Ca': 10.0, 'Cr': 6.0, 'O': 26.0}","['Ca', 'Cr', 'O']",3,0.22143509366815026,9.30027393406231,0.4308279227480607
mp-1228906,AlCrFe2,6.939620037710253,0.024139161249999,-0.1570291799999994,FM,1.0409318,0.0228155993888344,1.0409318,45.623688523800745,4,Tetragonal,P4/mmm,False,11.405922130950186,"{'Al': 1.0, 'Cr': 1.0, 'Fe': 2.0}","['Al', 'Cr', 'Fe']",3,0.6084225333153435,2.433690133261374,0.42771747552144346
mp-18965,BaCoO3,6.158290648291261,0.0,-2.0478580120000003,FM,3.9988418,0.015178743317195,0.99971045,263.4501234018471,20,Hexagonal,P6_3/mmc,True,13.172506170092356,"{'Ba': 4.0, 'Co': 4.0, 'O': 12.0}","['Ba', 'Co', 'O']",3,0.4675109329061019,9.350218658122039,0.4276736134428705
mp-1201441,CrP2H15O14,2.0080567160389924,0.0013911160937505,-1.675151581501115,FM,6.0008821,0.0102770966446295,3.00044105,583.9083067430212,64,Triclinic,P-1,False,9.123567292859706,"{'Cr': 2.0, 'P': 4.0, 'H': 30.0, 'O': 28.0}","['Cr', 'H', 'O', 'P']",4,0.22009556696211793,14.086116285575548,0.426013954332112
mp-775994,Ti3CrCu2(PO4)6,3.277498566191874,0.0127723092361051,-2.705528002440477,FM,4.0003001,0.0088464566972843,4.0003001,452.19235642989264,36,Trigonal,R3,False,12.56089878971924,"{'Ti': 3.0, 'Cr': 1.0, 'Cu': 2.0, 'P': 6.0, 'O': 24.0}","['Cr', 'Cu', 'O', 'P', 'Ti']",5,0.2609286660978766,9.393431979523559,0.4258614006808295
mp-1224983,FeCoSi2,6.465263043737417,0.0040892887500003,-0.5178229725000003,FM,2.0051436,0.0228341855498092,1.0025718,87.81323054531936,8,Monoclinic,P2_1,False,10.97665381816492,"{'Fe': 2.0, 'Co': 2.0, 'Si': 4.0}","['Co', 'Fe', 'Si']",3,0.5890012704088614,4.712010163270891,0.4255388954017256
mp-1008530,AlVFeCo,6.801107769043439,0.0293932924999973,-0.3942140649999999,FM,0.9839994,0.0209141826892003,0.9839994,47.04938340756288,4,Cubic,F-43m,False,11.76234585189072,"{'Al': 1.0, 'V': 1.0, 'Fe': 1.0, 'Co': 1.0}","['Al', 'Co', 'Fe', 'V']",4,0.5782101508221003,2.312840603288401,0.42545059032643573
mp-735535,NiPH6NO5,2.752016801664434,0.0003883242757902,-1.4327430712244902,FM,3.9999999,0.0174711817213852,1.99999995,228.94844571983884,28,Orthorhombic,Pmn2_1,False,8.17673020427996,"{'Ni': 2.0, 'P': 2.0, 'H': 12.0, 'N': 2.0, 'O': 10.0}","['H', 'N', 'Ni', 'O', 'P']",5,0.33656690790946503,9.423873421465021,0.42445390776250114
mp-774426,Nb3Cr(PO4)6,3.030206978569909,0.0,-2.8287109634663863,FM,3.000421,0.006079960236414,3.000421,493.49352353160384,34,Trigonal,R3,True,14.514515397988347,"{'Nb': 3.0, 'Cr': 1.0, 'P': 6.0, 'O': 24.0}","['Cr', 'Nb', 'O', 'P']",4,0.20877079912636168,7.098207170296297,0.42270124385151675
mp-696788,CoP4(H5O8)2,2.3466092789556603,5.38914516177158e-05,-1.9176970564861748,FM,6.0000238,0.0094442386066214,3.0000119,635.310483980503,62,Triclinic,P-1,False,10.246943290008112,"{'Co': 2.0, 'P': 8.0, 'H': 20.0, 'O': 32.0}","['Co', 'H', 'O', 'P']",4,0.2290057837290717,14.198358591202446,0.42258573492556534
mp-2755266,Sr(NiO2)4,4.58055346304121,0.0,-1.3888285992307683,FM,3.9994081,0.0122474874297823,1.99970405,326.5492716713947,26,Monoclinic,C2/m,True,12.55958737197672,"{'Sr': 2.0, 'Ni': 8.0, 'O': 16.0}","['Ni', 'O', 'Sr']",3,0.36470572857046724,9.482348942832148,0.42177398491786294
mp-850286,NiP6(WO8)3,4.01159895837144,0.0003065583088091,-2.4273773558193277,FM,4.0001175,0.0081892447863614,4.0001175,488.4598768694613,34,Trigonal,R3,False,14.36646696674886,"{'Ni': 1.0, 'P': 6.0, 'W': 3.0, 'O': 24.0}","['Ni', 'O', 'P', 'W']",4,0.27923350728166313,9.493939247576547,0.42133379998414067
mp-1194044,V4Co2N,7.047996372498881,0.0,-0.5682986428571429,FM,7.3171311,0.0231326232009089,1.829282775,316.31220707007793,28,Cubic,Fd-3m,True,11.296864538217068,"{'V': 16.0, 'Co': 8.0, 'N': 4.0}","['Co', 'N', 'V']",3,0.6238896065944359,17.468908984644205,0.41886594671894045
mp-1209887,NbFeSi,7.1756130158985485,0.0,-0.5810027158333332,FM,2.6384535,0.0161185703950078,0.659613375,163.6902923361715,12,Orthorhombic,Pnma,True,13.64085769468096,"{'Nb': 4.0, 'Fe': 4.0, 'Si': 4.0}","['Fe', 'Nb', 'Si']",3,0.5260382577480129,6.312459092976155,0.4179755402986762
mp-1400342,Zn2Co3O8,5.549121588508258,0.0403116800607277,-1.2790711400000003,FM,3.0055722,0.0230569411083012,3.0055722,130.35433390242275,13,Monoclinic,C2/m,False,10.02725645403252,"{'Zn': 2.0, 'Co': 3.0, 'O': 8.0}","['Co', 'O', 'Zn']",3,0.5534037763915618,7.194249093090304,0.41777427513410587
mp-775008,V3Cr(PO4)6,2.828083448282298,0.0244715688235217,-2.5223855896428575,FM,2.9999809,0.0065956374447969,2.9999809,454.84320887991703,34,Trigonal,R3,False,13.377741437644618,"{'V': 3.0, 'Cr': 1.0, 'P': 6.0, 'O': 24.0}","['Cr', 'O', 'P', 'V']",4,0.21140216093010622,7.1876734716236115,0.41737857344851526
mp-1198849,Zn2CoP2(H2O3)4,2.939655941818178,0.0303143922333415,-1.7804806692714297,FM,11.9999693,0.0117561344293623,2.999992325,1020.741075402186,100,Orthorhombic,Pnma,False,10.207410754021858,"{'Zn': 8.0, 'Co': 4.0, 'P': 8.0, 'H': 32.0, 'O': 48.0}","['Co', 'H', 'O', 'P', 'Zn']",5,0.28799232368109745,28.799232368109745,0.4166767067475009
mp-777517,Ti3Cu2Ni(PO4)6,3.3264598205567077,0.0476903545833256,-2.604259947440476,FM,3.9999778,0.0089110202146235,3.9999778,448.8798929482578,36,Trigonal,R3,False,12.468885915229384,"{'Ti': 3.0, 'Cu': 2.0, 'Ni': 1.0, 'P': 6.0, 'O': 24.0}","['Cu', 'Ni', 'O', 'P', 'Ti']",5,0.2667808369706711,9.60411013094416,0.41648604039974396
mp-505572,Al13(CrSi)4,3.431751502744354,0.0067985424489815,-0.1327469453061207,FM,1.8924858,0.0058280185466028,1.8924858,324.7219933957026,21,Cubic,F-43m,False,15.462952066462028,"{'Al': 13.0, 'Cr': 4.0, 'Si': 4.0}","['Al', 'Cr', 'Si']",3,0.22193378651076356,4.660609516726035,0.40605972098890303
mp-1036207,Mg14MnZnO16,3.790227316286845,0.0184093725000007,-2.879077956185345,FM,5.0053891,0.0159430969440575,5.0053891,313.95337540525077,32,Orthorhombic,Pmmm,False,9.811042981414086,"{'Mg': 14.0, 'Mn': 1.0, 'Zn': 1.0, 'O': 16.0}","['Mg', 'Mn', 'O', 'Zn']",4,0.38632256768898093,12.36232216604739,0.4048906858087792
mp-19093,Ba2UNiO6,7.379536283604024,0.0,-3.0844553799999987,FM,1.9877867,0.0132367483137954,1.9877867,150.17182867549965,10,Cubic,Fm-3m,True,15.017182867549966,"{'Ba': 2.0, 'U': 1.0, 'Ni': 1.0, 'O': 6.0}","['Ba', 'Ni', 'O', 'U']",4,0.4914061677673361,4.914061677673361,0.4045099207914599
mp-540948,ZnNi(PO3)4,3.34166561314215,0.0114303136111129,-2.4300063199206345,FM,4.0004076,0.0091483988107222,2.0002038,437.2795374105674,36,Monoclinic,C2/c,False,12.146653816960203,"{'Zn': 2.0, 'Ni': 2.0, 'P': 8.0, 'O': 24.0}","['Ni', 'O', 'P', 'Zn']",4,0.27510997378358054,9.9039590562089,0.4039200462457588
mp-1034890,Mg14VNiO16,3.765051328685488,0.0462464931249995,-2.8550243909375,FM,4.9999979,0.0160602142578264,4.9999979,311.3282188974163,32,Tetragonal,P4/mmm,False,9.72900684054426,"{'Mg': 14.0, 'V': 1.0, 'Ni': 1.0, 'O': 16.0}","['Mg', 'Ni', 'O', 'V']",4,0.3869923611313715,12.383755556203887,0.40375457003389836
mp-1222247,Mg9Al8Fe3(SiO4)12,3.637877620836773,0.0365132426124992,-3.1364561250625003,FM,12.0000183,0.015399776788188,12.0000183,779.2332619524916,80,Monoclinic,C2,False,9.740415774406143,"{'Mg': 9.0, 'Al': 8.0, 'Fe': 3.0, 'Si': 12.0, 'O': 48.0}","['Al', 'Fe', 'Mg', 'O', 'Si']",5,0.37348278606295615,29.878622885036492,0.40162554834512565
mp-1280608,Sr3(CoO3)2,5.734557338503323,0.0174063200000009,-2.298627644545453,FM,4.0369159,0.0146219264027549,2.01845795,276.0864600740572,22,Monoclinic,C2,False,12.54938454882078,"{'Sr': 6.0, 'Co': 4.0, 'O': 12.0}","['Co', 'O', 'Sr']",3,0.45695924897306445,10.053103477407419,0.40155917116264234
mp-1218491,SrCaNiWO6,6.228414952799809,0.0118883600000021,-2.5925287480000008,FM,3.9999909,0.0160901199741483,1.99999545,248.59919667638863,20,Monoclinic,Pc,False,12.429959833819431,"{'Sr': 2.0, 'Ca': 2.0, 'Ni': 2.0, 'W': 2.0, 'O': 12.0}","['Ca', 'Ni', 'O', 'Sr', 'W']",5,0.5010808591555975,10.02161718311195,0.3991362698168748
mp-1283463,CrBiO4,6.127667321782518,0.0493679472916595,-1.7386177354166676,FM,3.9981224,0.0113499363355814,0.9995306,352.2594560699079,24,Orthorhombic,Fddd,False,14.677477336246165,"{'Cr': 4.0, 'Bi': 4.0, 'O': 16.0}","['Bi', 'Cr', 'O']",3,0.41748777268762577,10.019706544503018,0.3990258978386386
mp-1219118,Sr18Co14O45,5.150438656609902,0.0129627408701304,-2.150840471103896,FM,12.0026818,0.0119237540697052,12.0026818,1006.6193691880362,77,Monoclinic,C2,False,13.072978820623849,"{'Sr': 18.0, 'Co': 14.0, 'O': 45.0}","['Co', 'O', 'Sr']",3,0.39397590459525583,30.336144653834697,0.39565613682827616
mp-1228622,Al9Cr(BO9)2,2.923707151358582,0.0032165830999986,-3.271842929277778,FM,2.9992702,0.0087366782721582,2.9992702,343.2964001384803,30,Triclinic,P1,False,11.443213337949343,"{'Al': 9.0, 'Cr': 1.0, 'B': 2.0, 'O': 18.0}","['Al', 'B', 'Cr', 'O']",4,0.2554970413478736,7.664911240436208,0.39129875166425443
mp-1035281,Mg14CoNiO16,3.855166137387179,0.0091323908593752,-2.8077430571875,FM,5.0007309,0.0162629008773406,5.0007309,307.49316728404887,32,Orthorhombic,Pmmm,False,9.609161477626529,"{'Mg': 14.0, 'Co': 1.0, 'Ni': 1.0, 'O': 16.0}","['Co', 'Mg', 'Ni', 'O']",4,0.4011969354832206,12.83830193546306,0.3895165361539404
mp-1035300,Mg14CoNiO16,3.86045370625396,0.0352568502343757,-2.781618597812499,FM,4.999999,0.0162828228453994,4.999999,307.0720014258895,32,Tetragonal,P4/mmm,False,9.596000044559046,"{'Mg': 14.0, 'Co': 1.0, 'Ni': 1.0, 'O': 16.0}","['Co', 'Mg', 'Ni', 'O']",4,0.40229821679115624,12.873542937317,0.38839339134111434
mp-1217456,Ti4FeBiPb4O15,7.229273534025292,0.0149551936812573,-2.505430643533333,FM,5.0050251,0.0142875558299131,5.0050251,350.30659964395204,25,Orthorhombic,Cmm2,False,14.012263985758082,"{'Ti': 4.0, 'Fe': 1.0, 'Bi': 1.0, 'Pb': 4.0, 'O': 15.0}","['Bi', 'Fe', 'O', 'Pb', 'Ti']",5,0.5159247314618858,12.898118286547145,0.3880430454123131
mp-1222261,Mg3Al8Fe(Si5O18)2,2.4755008694184273,0.0004839510344982,-3.273893302844827,FM,3.9999946,0.0049632852942822,3.9999946,805.9167190344715,58,Monoclinic,C2,False,13.895115845421923,"{'Mg': 3.0, 'Al': 8.0, 'Fe': 1.0, 'Si': 10.0, 'O': 36.0}","['Al', 'Fe', 'Mg', 'O', 'Si']",5,0.17815618789778137,10.33305889807132,0.38710653248541965
mp-1179599,V2Ni(H4O5)2,2.5362340703157993,0.032524167619047,-1.6054301692857136,FM,3.9999253,0.0092950072360043,1.99996265,430.3305202933266,42,Monoclinic,C2/c,False,10.245964768888728,"{'V': 4.0, 'Ni': 2.0, 'H': 16.0, 'O': 20.0}","['H', 'Ni', 'O', 'V']",4,0.24753492009038774,10.396466643796286,0.38473891534936155
mp-1099703,Sr3CaTi3MnO12,4.802419093942816,0.0275511040833347,-3.2700738666465528,FM,6.0538089,0.0126235670160798,3.02690445,479.56404812432976,40,Orthorhombic,Pma2,False,11.989101203108245,"{'Sr': 6.0, 'Ca': 2.0, 'Ti': 6.0, 'Mn': 2.0, 'O': 24.0}","['Ca', 'Mn', 'O', 'Sr', 'Ti']",5,0.4005653979047037,16.022615916188148,0.37782899694198174
mp-757065,Mn(SbO3)4,5.795669563944936,0.0383899432352956,-1.7291433181135891,FM,3.0021837,0.0142762114566943,3.0021837,210.2927453202032,17,Triclinic,P1,False,12.370161489423715,"{'Mn': 1.0, 'Sb': 4.0, 'O': 12.0}","['Mn', 'O', 'Sb']",3,0.4685201214955955,7.964842065425124,0.3769294702066083
mp-1183924,CoP4(H5O8)2,2.491568584784321,0.0169987340322625,-1.9007522139055295,FM,3.0000565,0.0100277955329703,3.0000565,299.17407970038096,31,Triclinic,P-1,False,9.650776764528418,"{'Co': 1.0, 'P': 4.0, 'H': 10.0, 'O': 16.0}","['Co', 'H', 'O', 'P']",4,0.2581728544319998,8.003358487391994,0.3748496965025504
mp-1042669,CaCrBiO5,5.137951518656531,0.0289537141145848,-2.2380099467187513,FM,8.0002713,0.0081202977900299,1.0000339125,985.218954632753,64,Orthorhombic,Pbca,False,15.394046166136766,"{'Ca': 8.0, 'Cr': 8.0, 'Bi': 8.0, 'O': 40.0}","['Bi', 'Ca', 'Cr', 'O']",4,0.3337622521854456,21.360784139868517,0.37453078724146704
mp-1213935,CdNi(PO3)4,3.663947799188877,0.0,-2.411356851031747,FM,3.9999996,0.0090616666876899,1.9999998,441.41985551442656,36,Monoclinic,C2/c,True,12.261662653178515,"{'Cd': 2.0, 'Ni': 2.0, 'P': 8.0, 'O': 24.0}","['Cd', 'Ni', 'O', 'P']",4,0.2988132933374329,10.757278560147585,0.3718412215166363
mp-1228294,Ca4Al5FeSi6(HO13)2,3.290815030436666,0.0154844202746282,-3.1752911491477276,FM,5.0008,0.0105702793360008,5.0008,473.1000800487817,44,Monoclinic,Pm,False,10.75227454656322,"{'Ca': 4.0, 'Al': 5.0, 'Fe': 1.0, 'Si': 6.0, 'H': 2.0, 'O': 26.0}","['Al', 'Ca', 'Fe', 'H', 'O', 'Si']",6,0.30605757099910724,13.466533123960719,0.3713502171618456
mp-744025,Sr8Mg3Fe(MoO6)4,5.18414460202645,0.0007229486041664,-2.7779586323750003,FM,6.0004813,0.0117268826885175,6.0004813,511.6859662862842,40,Tetragonal,I4/m,False,12.792149157157104,"{'Sr': 8.0, 'Mg': 3.0, 'Fe': 1.0, 'Mo': 4.0, 'O': 24.0}","['Fe', 'Mg', 'Mo', 'O', 'Sr']",5,0.4052598619932416,16.210394479729665,0.3701625711516965
mp-1217078,Ti2CoNi,6.628512404461266,0.0309167300000003,-0.3609960841666675,FM,0.734281,0.0137377323923733,0.734281,53.44994203029064,4,Tetragonal,P4/mmm,False,13.36248550757266,"{'Ti': 2.0, 'Co': 1.0, 'Ni': 1.0}","['Co', 'Ni', 'Ti']",3,0.49605385171080774,1.984215406843231,0.37006113220751446
mp-1046848,Mg2Nb2NiO8,4.73218250760199,0.0185926280769166,-2.787905901923078,FM,3.9998467,0.0135340813185316,1.99992335,295.5388404917575,26,Monoclinic,C2/c,False,11.366878480452211,"{'Mg': 4.0, 'Nb': 4.0, 'Ni': 2.0, 'O': 16.0}","['Mg', 'Nb', 'Ni', 'O']",4,0.4163132838747237,10.824145380742817,0.36953002378516714
mp-1035757,Mg14FeCuO16,3.808431783047677,0.0476168482812502,-2.77604262875,FM,4.601019,0.0147451632201861,4.601019,312.035813459237,32,Tetragonal,P4/mmm,False,9.751119170601156,"{'Mg': 14.0, 'Fe': 1.0, 'Cu': 1.0, 'O': 16.0}","['Cu', 'Fe', 'Mg', 'O']",4,0.3905635564920378,12.498033807745209,0.368139426631146
mp-23811,CaNiBP2H3O10,3.052900839414409,0.0063465427314826,-2.381019906233465,FM,4.000222,0.010991566530703,2.000111,363.93556722111225,36,Monoclinic,C2/c,False,10.109321311697563,"{'Ca': 2.0, 'Ni': 2.0, 'B': 2.0, 'P': 4.0, 'H': 6.0, 'O': 20.0}","['B', 'Ca', 'H', 'Ni', 'O', 'P']",6,0.3019887038195014,10.87159333750205,0.3679517689648172
mp-1217225,Ti4Co(PO4)6,3.0137139891945735,0.0218795879285913,-2.908318997462584,FM,2.9998512,0.0066376956398361,2.9998512,451.9416621027885,35,Trigonal,R-3,False,12.912618917222527,"{'Ti': 4.0, 'Co': 1.0, 'P': 6.0, 'O': 24.0}","['Co', 'O', 'P', 'Ti']",4,0.23339293202364683,8.16875262082764,0.3672349181380966
mp-775231,NiSb3(PO4)6,3.4463230596449668,0.0261464760661711,-2.2537574172899157,FM,3.0285189,0.0063246645590102,3.0285189,478.8426124015539,34,Trigonal,R3,False,14.083606247104528,"{'Ni': 1.0, 'Sb': 3.0, 'P': 6.0, 'O': 24.0}","['Ni', 'O', 'P', 'Sb']",4,0.244704587672884,8.319955980878056,0.3640066013522804
mp-2741085,Ba5Cr3O13,4.665749616911152,0.0069186577381046,-2.6369154389880936,FM,4.0,0.0053488266476952,2.0,747.8275635878988,42,Hexagonal,P6_3,False,17.805418180664258,"{'Ba': 10.0, 'Cr': 6.0, 'O': 26.0}","['Ba', 'Cr', 'O']",3,0.26204100176528905,11.00572207414214,0.3634473025080262
mp-1254576,AlNi(WO4)2,7.445257741074006,0.0431155916666732,-2.2482891012500006,FM,5.9999998,0.0231373757014184,2.9999999,259.3206713426957,24,Triclinic,P1,False,10.80502797261232,"{'Al': 2.0, 'Ni': 2.0, 'W': 4.0, 'O': 16.0}","['Al', 'Ni', 'O', 'W']",4,0.68905492516499,16.53731820395976,0.36281576770793084
mp-767737,Co9Cu3O16,5.8586925715653155,0.018226122372452,-1.2134036410714282,FM,6.0007506,0.0216695830079755,6.0007506,276.9204464059783,28,Tetragonal,P-4m2,False,9.890015943070653,"{'Co': 9.0, 'Cu': 3.0, 'O': 16.0}","['Co', 'Cu', 'O']",3,0.5923845426831849,16.586767195129177,0.3617793949481707
mp-1075988,BaSr7Ti6Mn2O24,5.184051469113135,0.0156543744583341,-3.2723582608965516,FM,6.0531213,0.0123372160315458,6.0531213,490.6391591524687,40,Orthorhombic,Amm2,False,12.265978978811718,"{'Ba': 1.0, 'Sr': 7.0, 'Ti': 6.0, 'Mn': 2.0, 'O': 24.0}","['Ba', 'Mn', 'O', 'Sr', 'Ti']",5,0.4226365851488966,16.905463405955864,0.3580571058387823
mp-1199432,Al2FeP2(HO)18,2.2989641399996574,0.0233287526422794,-1.8139541588240424,FM,3.9999764,0.0115881646176654,3.9999764,345.17773365958925,41,Triclinic,P-1,False,8.418969113648519,"{'Al': 2.0, 'Fe': 1.0, 'P': 2.0, 'H': 18.0, 'O': 18.0}","['Al', 'Fe', 'H', 'O', 'P']",5,0.2730695538807314,11.195851709109988,0.35727307791556817
mp-1283831,Sr2TaCoO6,6.837485934413075,0.0,-2.8922386277333345,FM,7.8576688,0.015825605894782,1.9644172,496.5161430306302,40,Trigonal,R-3m,True,12.412903575765757,"{'Sr': 8.0, 'Ta': 4.0, 'Co': 4.0, 'O': 24.0}","['Co', 'O', 'Sr', 'Ta']",4,0.5508369490408507,22.033477961634027,0.3566240796701379
mp-699587,MnSi6Pb8O21,6.315289621170357,0.0,-2.4582475066091956,FM,9.9988024,0.0085760823012877,4.9994012,1165.8939418641858,72,Trigonal,R-3c,True,16.19297141478036,"{'Mn': 2.0, 'Si': 12.0, 'Pb': 16.0, 'O': 42.0}","['Mn', 'O', 'Pb', 'Si']",4,0.3900019001704646,28.08013681227345,0.356080971643616
mp-1227644,Ca4Mg3Fe(SiO3)8,3.246235264662634,0.0029377131875012,-3.260066760625,FM,3.9998008,0.0087099950047496,3.9998008,459.21964338887057,40,Triclinic,P1,False,11.480491084721764,"{'Ca': 4.0, 'Mg': 3.0, 'Fe': 1.0, 'Si': 8.0, 'O': 24.0}","['Ca', 'Fe', 'Mg', 'O', 'Si']",5,0.28276101089288097,11.31044043571524,0.35363793503299273
mp-1808,Ti2Ni,5.772864429574979,0.0,-0.2773286063888894,FM,3.3005209,0.0092877475252012,0.4125651125,355.36290053583105,24,Cubic,Fd-3m,True,14.806787522326294,"{'Ti': 16.0, 'Ni': 8.0}","['Ni', 'Ti']",2,0.3898796022344761,9.357110453627426,0.3527286459165931
mp-1220838,Nb4Cr7Si8,6.231848971540672,0.0286572754125149,-0.3717538463869142,FM,12.4025902,0.0121177318167175,3.10064755,1023.5075662335942,76,Orthorhombic,Pnma,False,13.46720481886308,"{'Nb': 16.0, 'Cr': 28.0, 'Si': 32.0}","['Cr', 'Nb', 'Si']",3,0.4627425702185744,35.16843533661165,0.3526625532608908
mp-1228423,Ba8Ti3Co(SiO4)8,4.290448790091269,0.0146877330769221,-3.284521129423077,FM,5.1811492,0.0065692375962153,5.1811492,788.6987072875725,52,Tetragonal,P4,False,15.167282832453315,"{'Ba': 8.0, 'Ti': 3.0, 'Co': 1.0, 'Si': 8.0, 'O': 32.0}","['Ba', 'Co', 'O', 'Si', 'Ti']",5,0.2828752412337845,14.709512544156794,0.3522311962715691
mp-1044166,MgCrBiO5,5.217851675493859,0.0446265598958337,-2.08948384375,FM,4.0005211,0.0086034986471,1.000130275,464.9877060593789,32,Monoclinic,P2_1/c,False,14.530865814355591,"{'Mg': 4.0, 'Cr': 4.0, 'Bi': 4.0, 'O': 20.0}","['Bi', 'Cr', 'Mg', 'O']",4,0.35908745852837937,11.49079867290814,0.3481499601443745
mp-1202326,NiP2(PbO4)2,6.118164596613586,0.0,-2.262851917637363,FM,8.000626,0.0111147281721848,2.0001565,719.8220123837068,52,Monoclinic,P2_1/c,True,13.842731007378976,"{'Ni': 4.0, 'P': 8.0, 'Pb': 8.0, 'O': 32.0}","['Ni', 'O', 'P', 'Pb']",4,0.4419767019493661,22.98278850136704,0.34811380697012095
mp-18381,SrCo6O11,6.169195201584055,0.0,-1.478931700555553,FM,8.3698553,0.0251902574462686,4.18492765,332.2655720312939,36,Hexagonal,P6_3/mmc,True,9.229599223091498,"{'Sr': 2.0, 'Co': 12.0, 'O': 22.0}","['Co', 'O', 'Sr']",3,0.6684142022276949,24.062911280197014,0.3478321971326934
mp-1257498,Ca2AlNiO5,3.808987938996482,0.008416099424604,-2.7224068333333338,FM,2.0004167,0.009332967121273,1.00020835,214.33877072601769,18,Orthorhombic,Ima2,False,11.90770948477876,"{'Ca': 4.0, 'Al': 2.0, 'Ni': 2.0, 'O': 10.0}","['Al', 'Ca', 'Ni', 'O']",4,0.3198757866796623,5.757764160233922,0.34742942648049147
mp-1192960,Zr6Fe16Si7,7.260913230818953,0.0,-0.5260717279310344,FM,5.6245875,0.0150197070912327,5.6245875,374.4805052345644,29,Cubic,Fm-3m,True,12.913120870157394,"{'Zr': 6.0, 'Fe': 16.0, 'Si': 7.0}","['Fe', 'Si', 'Zr']",3,0.5622895738240272,16.30639764089679,0.3449313345513797
mp-1194565,NiH12(NO6)2,1.9525253309260748,0.0,-1.160228573148148,FM,3.961836,0.0080099041920994,1.980918,494.6171520887534,54,Triclinic,P-1,True,9.159576890532472,"{'Ni': 2.0, 'H': 24.0, 'N': 4.0, 'O': 24.0}","['H', 'N', 'Ni', 'O']",4,0.21316763364301744,11.511052216722941,0.3441767029989103
mp-1227895,Ca15Ni(IrO6)4,5.286136479252255,0.0326321514772773,-2.631176657045454,FM,5.9956411,0.0105291883357205,5.9956411,569.4305115295176,44,Monoclinic,C2,False,12.941602534761763,"{'Ca': 15.0, 'Ni': 1.0, 'Ir': 4.0, 'O': 24.0}","['Ca', 'Ir', 'Ni', 'O']",4,0.4084607346774435,17.972272325807513,0.333605066254782
mp-1227837,Ca15Ni(IrO6)4,5.2874172833035855,0.0320506660227311,-2.6317581425000003,FM,5.9979503,0.010535795766922,5.9979503,569.2925748267684,44,Monoclinic,P2,False,12.93846760969928,"{'Ca': 15.0, 'Ni': 1.0, 'Ir': 4.0, 'O': 24.0}","['Ca', 'Ir', 'Ni', 'O']",4,0.4086586945845032,17.980982561718143,0.3335718879328514
mp-1204322,NiPH15O11,1.8887781418261331,0.008167121205358,-1.459361150478317,FM,3.9972662,0.0080965365139765,1.9986331,493.7007562554388,56,Orthorhombic,Pmn2_1,False,8.816084933132837,"{'Ni': 2.0, 'P': 2.0, 'H': 30.0, 'O': 22.0}","['H', 'Ni', 'O', 'P']",4,0.21424228057600472,11.997567712256265,0.3331730477267107
mp-1035796,Mg14FeCuO16,3.831663397053486,0.0344521660937502,-2.7892073109375,FM,4.2056381,0.0135602790090594,4.2056381,310.1439208728871,32,Orthorhombic,Pmmm,False,9.691997527277724,"{'Mg': 14.0, 'Fe': 1.0, 'Cu': 1.0, 'O': 16.0}","['Cu', 'Fe', 'Mg', 'O']",4,0.3953430019218875,12.6509760615004,0.3324358594589905
mp-1100802,Zr8MnCu2(PO4)12,3.255664739246502,0.0026474376760567,-3.048232040755567,FM,5.1966517,0.0049664634212831,5.1966517,1046.3485299681015,71,Triclinic,P-1,False,14.737303238987348,"{'Zr': 8.0, 'Mn': 1.0, 'Cu': 2.0, 'P': 12.0, 'O': 48.0}","['Cu', 'Mn', 'O', 'P', 'Zr']",5,0.2209131946633006,15.684836821094342,0.3313169119497047
mp-1227585,CaTi8Mn(PO4)12,2.9067873967596296,0.0025879027142892,-3.043039888290171,FM,5.0816172,0.0054991140422975,5.0816172,924.07925366045,70,Trigonal,R-3,False,13.201132195149285,"{'Ca': 1.0, 'Ti': 8.0, 'Mn': 1.0, 'P': 12.0, 'O': 48.0}","['Ca', 'Mn', 'O', 'P', 'Ti']",5,0.22019228000971913,15.413459600680339,0.32968699640771765
mp-758082,Ti3CoSn2(PO4)6,3.423045024042474,0.0287383019733713,-2.7255765768849205,FM,2.9799305,0.0060833368629082,2.9799305,489.8513048273616,36,Trigonal,R3,False,13.606980689648934,"{'Ti': 3.0, 'Co': 1.0, 'Sn': 2.0, 'P': 6.0, 'O': 24.0}","['Co', 'O', 'P', 'Sn', 'Ti']",5,0.25156536208259955,9.056353034973585,0.32904310250408564
mp-1229069,Al3Tl4Fe(As2O7)4,5.117145310054371,0.0,-1.929971314166668,FM,4.9996889,0.0076971019748106,4.9996889,649.5547176537189,44,Triclinic,P1,True,14.7626072194027,"{'Al': 3.0, 'Tl': 4.0, 'Fe': 1.0, 'As': 8.0, 'O': 28.0}","['Al', 'As', 'Fe', 'O', 'Tl']",5,0.34662883283440854,15.251668644713975,0.32781258342724523
mp-759840,Ni(PO3)3,2.9831367513764744,0.0449124641346294,-2.2718569762637353,FM,3.9993556,0.006076255420395,0.9998389,658.1941217573067,52,Orthorhombic,Pccn,False,12.65757926456359,"{'Ni': 4.0, 'P': 12.0, 'O': 36.0}","['Ni', 'O', 'P']",3,0.2356798791478338,12.255353715687358,0.32633538719332594
mp-1032112,Mg6CuNiO8,4.288524334102124,0.0457291737499998,-2.5085830268750007,FM,2.333701,0.0152173127265609,2.333701,153.35828617931082,16,Tetragonal,P4/mmm,False,9.584892886206926,"{'Mg': 6.0, 'Cu': 1.0, 'Ni': 1.0, 'O': 8.0}","['Cu', 'Mg', 'Ni', 'O']",4,0.447425379189526,7.158806067032416,0.325990252864526
mp-1200445,NiP2(H7O6)2,1.992887090744098,0.0453696615360517,-1.523609591096059,FM,3.9993046,0.0073447883671482,1.9996523,544.5091676008088,58,Monoclinic,P2_1/c,False,9.38808909656567,"{'Ni': 2.0, 'P': 4.0, 'H': 28.0, 'O': 24.0}","['H', 'Ni', 'O', 'P']",4,0.2122782464296309,12.312138292918592,0.32482615975002704
mp-1035830,Mg14ZnCrO16,3.779955222137875,0.043078938828124,-2.8645145696875005,FM,3.9999999,0.0127585945074765,3.9999999,313.51414904329783,32,Orthorhombic,Pmmm,False,9.797317157603056,"{'Mg': 14.0, 'Zn': 1.0, 'Cr': 1.0, 'O': 16.0}","['Cr', 'Mg', 'O', 'Zn']",4,0.38581533713078786,12.346090788185212,0.3239891856155686
mp-21524,SrNiN,5.112121504613772,0.0,-0.6453442023611129,FM,3.4171281,0.0054681964440287,0.2847606749999999,624.9095355254652,36,Orthorhombic,Pnma,True,17.3585982090407,"{'Sr': 12.0, 'Ni': 12.0, 'N': 12.0}","['N', 'Ni', 'Sr']",3,0.29450082564566066,10.602029723243783,0.3223088586997943
mp-1046973,Nb2Zn2NiO8,5.551324560936643,0.0248255873076912,-2.3672551057692317,FM,4.0002623,0.0132850244837617,2.00013115,301.1106456664438,26,Monoclinic,C2/c,False,11.581178679478608,"{'Nb': 4.0, 'Zn': 4.0, 'Ni': 2.0, 'O': 16.0}","['Nb', 'Ni', 'O', 'Zn']",4,0.47934020487684653,12.46284532679801,0.3209750418227937
mp-1227080,Ca4Zn3Fe(SiO3)8,3.64897419813147,0.0321149381875045,-3.026572536499999,FM,4.000128,0.008608887688563,4.000128,464.6509682446174,40,Triclinic,P1,False,11.616274206115436,"{'Ca': 4.0, 'Zn': 3.0, 'Fe': 1.0, 'Si': 8.0, 'O': 24.0}","['Ca', 'Fe', 'O', 'Si', 'Zn']",5,0.31412603846855236,12.565041538742094,0.3183537426172695
mp-562742,Co3P4PbO14,4.873981429384113,0.0,-2.304656201753247,FM,5.9999998,0.0120312966264465,2.9999999,498.69934939606736,44,Monoclinic,P2_1/c,True,11.334076122637894,"{'Co': 6.0, 'P': 8.0, 'Pb': 2.0, 'O': 28.0}","['Co', 'O', 'P', 'Pb']",4,0.4300290007448566,18.92127603277369,0.3171033385701553
mp-1035518,Mg14CdFeO16,3.954891062112332,0.0347224287500003,-2.800662959062499,FM,4.0000008,0.0124611665125005,4.0000008,320.99729956961625,32,Orthorhombic,Pmmm,False,10.031165611550508,"{'Mg': 14.0, 'Cd': 1.0, 'Fe': 1.0, 'O': 16.0}","['Cd', 'Fe', 'Mg', 'O']",4,0.39426036965818057,12.616331829061778,0.3170494288035433
mp-2767725,Co9Cu3O16,6.270978511929548,0.0,-1.2343268760714292,FM,5.990054,0.0231531623821021,5.990054,258.7142914278707,28,Orthorhombic,C222,True,9.239796122423954,"{'Co': 9.0, 'Cu': 3.0, 'O': 16.0}","['Co', 'Cu', 'O']",3,0.6786923032544607,19.0033844911249,0.31520985131872264
mp-1203628,Ni3P4H48(NO15)2,1.893231946462289,0.040602727567049,-1.3320800119376022,FM,6.0003529,0.0079887590175036,6.0003529,751.0994995409243,87,Monoclinic,C2/m,False,8.633327580930164,"{'Ni': 3.0, 'P': 4.0, 'H': 48.0, 'N': 2.0, 'O': 30.0}","['H', 'N', 'Ni', 'O', 'P']",5,0.21929342176754404,19.078527693776334,0.3145081736027982
mp-1228714,BaIn8Ni2O15,6.663309938155736,0.0199401072115374,-1.9288785087820508,FM,8.0046016,0.0113640207181648,4.0023008,704.3811163776779,52,Orthorhombic,Cmc2_1,False,13.545790699570729,"{'Ba': 2.0, 'In': 16.0, 'Ni': 4.0, 'O': 30.0}","['Ba', 'In', 'Ni', 'O']",4,0.4919100025934181,25.579320134857742,0.3129325391683057
mp-775436,Ti3Fe(PO4)6,2.667782590460441,0.039427229056363,-2.7078834690546234,FM,2.0006026,0.0041781210026391,2.0006026,478.8283055316781,34,Trigonal,R3,False,14.083185456814062,"{'Ti': 3.0, 'Fe': 1.0, 'P': 6.0, 'O': 24.0}","['Fe', 'O', 'P', 'Ti']",4,0.18943033865748396,6.440631514354455,0.3106221176512255
mp-1222049,MgTi3ZnNiO9,4.570074058666356,0.0112873943332925,-2.9184285906666663,FM,4.0030465,0.0126341288462875,2.00152325,316.84388759231837,30,Trigonal,P3,False,10.561462919743946,"{'Mg': 2.0, 'Ti': 6.0, 'Zn': 2.0, 'Ni': 2.0, 'O': 18.0}","['Mg', 'Ni', 'O', 'Ti', 'Zn']",5,0.4327122192630066,12.9813665778902,0.3083686510184505
mp-1192877,Ti6Al16Co7,4.6081534698797215,0.0083107638793098,-0.5157039007758574,FM,2.922936,0.0071691225562026,2.922936,407.7118192757227,29,Cubic,Fm-3m,False,14.059028250886987,"{'Ti': 6.0, 'Al': 16.0, 'Co': 7.0}","['Al', 'Co', 'Ti']",3,0.32777183370329965,9.50538317739569,0.30750322690314036
mp-510650,NiP2(H4O5)2,2.65929832370144,0.0,-1.765526985204085,FM,4.0000003,0.0110943930216831,2.00000015,360.54250937228386,42,Monoclinic,P2_1/c,True,8.584345461244855,"{'Ni': 2.0, 'P': 4.0, 'H': 16.0, 'O': 20.0}","['H', 'Ni', 'O', 'P']",4,0.3097846347991456,13.010954661564115,0.30743326712347013
mp-1227816,Ca3Mg2Ni13,6.1547737465161205,0.0085746951388898,-0.1674229483333328,FM,2.4196709,0.0096243069335471,2.4196709,251.4124826553303,18,Trigonal,R-3m,False,13.96736014751835,"{'Ca': 3.0, 'Mg': 2.0, 'Ni': 13.0}","['Ca', 'Mg', 'Ni']",3,0.44065404496709204,7.931772809407657,0.3050605404544738
mp-21653,BaNiN,5.784029370590814,0.0,-0.5884264133333311,FM,3.131576,0.004328005118422,0.2609646666666667,723.5610666610638,36,Orthorhombic,Pnma,True,20.098918518362883,"{'Ba': 12.0, 'Ni': 12.0, 'N': 12.0}","['Ba', 'N', 'Ni']",3,0.28777813917233297,10.360013010203987,0.30227529607497466
mp-1106249,Ba4Co(ReO6)2,7.347722040727537,0.0,-2.6279541386842116,FM,2.9999999,0.0113202806967963,2.9999999,265.011087653419,19,Trigonal,R-3m,True,13.947951981758894,"{'Ba': 4.0, 'Co': 1.0, 'Re': 2.0, 'O': 12.0}","['Ba', 'Co', 'O', 'Re']",4,0.5267957654526538,10.009119543600423,0.2997266529720013
mp-1217126,Ti4Fe2P3,5.575322301072254,0.0446332880158735,-1.0212570896957658,FM,1.1464429,0.0097183196351327,1.1464429,117.9671942313447,9,Orthorhombic,Amm2,False,13.107466025704968,"{'Ti': 4.0, 'Fe': 2.0, 'P': 3.0}","['Fe', 'P', 'Ti']",3,0.42535470167449035,3.8281923150704134,0.2994736955838942
mp-1197411,CoH20PtC4(NO3)4,2.33747819623508,0.049890752874993,-1.0216847096428572,FM,3.0425899,0.0075107867951385,3.0425899,405.09602828419486,42,Orthorhombic,I222,False,9.645143530576068,"{'Co': 1.0, 'H': 20.0, 'Pt': 1.0, 'C': 4.0, 'N': 4.0, 'O': 12.0}","['C', 'Co', 'H', 'N', 'O', 'Pt']",6,0.2423476839743277,10.178602726921763,0.2989201938250857
mp-759747,Sr4(NiO3)3,5.406449987023926,0.0,-2.0802538103125,FM,6.0000474,0.0097109617322561,2.0000158,617.8633553945658,48,Trigonal,P321,True,12.872153237386788,"{'Sr': 12.0, 'Ni': 9.0, 'O': 27.0}","['Ni', 'O', 'Sr']",3,0.4200113133613925,20.16054304134684,0.29761338212441135
mp-1154587,Ca3Si3(NiO6)2,3.7865194729265546,0.049832128833338,-2.7804457151250004,FM,7.9951993,0.0088696615994074,1.998799825,901.4097336626882,80,Cubic,Ia-3d,False,11.2676216707836,"{'Ca': 12.0, 'Si': 12.0, 'Ni': 8.0, 'O': 48.0}","['Ca', 'Ni', 'O', 'Si']",4,0.33605312492385303,26.88424999390824,0.2973934293056957
mp-1221843,Mn3(Al2Si)2,4.776305083474749,0.0398470778769821,-0.2911582981992338,FM,1.998652,0.008739193748457,0.999326,228.69981574134096,18,Monoclinic,C2,False,12.705545318963388,"{'Mn': 6.0, 'Al': 8.0, 'Si': 4.0}","['Al', 'Mn', 'Si']",3,0.3759228717515947,6.766611691528705,0.2953696903432724
mp-1189328,TiNi,6.486379759625843,0.0223652161111109,-0.3734898105555552,FM,2.5261134,0.0102888720120028,0.2806792666666666,245.51898371882365,18,Trigonal,P3,False,13.639943539934649,"{'Ti': 9.0, 'Ni': 9.0}","['Ni', 'Ti']",2,0.4755430065113686,8.559774117204634,0.29511449314096533
mp-1194423,Zr6Al16Co7,5.294357236460456,0.0,-0.5695696565517249,FM,3.0017344,0.0068774575923726,3.0017344,436.4598922905797,29,Cubic,Fm-3m,True,15.050341113468264,"{'Zr': 6.0, 'Al': 16.0, 'Co': 7.0}","['Al', 'Co', 'Zr']",3,0.35177656084636094,10.201520264544467,0.2942438305428429
mp-1044382,TiCr(PO4)3,2.7483413604966063,0.0490089539705831,-2.609129194838936,FM,2.0011383,0.0043038722300766,1.00056915,464.9622927965876,34,Trigonal,R3c,False,13.675361552840812,"{'Ti': 2.0, 'Cr': 2.0, 'P': 6.0, 'O': 24.0}","['Cr', 'O', 'P', 'Ti']",4,0.20097028878374973,6.832989818647491,0.29286422973129816
mp-767791,Mg5Co19O32,5.3513429398667975,0.0,-1.6579286734821426,FM,9.0004389,0.0165438608565694,9.0004389,544.0349733373135,56,Trigonal,R3m,True,9.714910238166311,"{'Mg': 5.0, 'Co': 19.0, 'O': 32.0}","['Co', 'Mg', 'O']",3,0.5508381249724098,30.846934998454948,0.29177741323249173
mp-24635,Re2Ni(H2O3)4,3.6979184502334737,0.0022588153260825,-1.6320709041304349,FM,2.0000037,0.007056624421078,2.0000037,283.42215493657295,23,Triclinic,P-1,False,12.32270238854665,"{'Re': 2.0, 'Ni': 1.0, 'H': 8.0, 'O': 12.0}","['H', 'Ni', 'O', 'Re']",4,0.30008989372903366,6.902067555767775,0.2897687807081342
mp-695554,Mg7VFeMo15O56,3.420676264012018,0.0113367850664207,-2.1879912938125003,FM,4.9994525,0.0039428854661182,4.9994525,1267.9679749667964,80,Triclinic,P1,False,15.849599687084956,"{'Mg': 7.0, 'V': 1.0, 'Fe': 1.0, 'Mo': 15.0, 'O': 56.0}","['Fe', 'Mg', 'Mo', 'O', 'V']",5,0.21582098800888677,17.265679040710943,0.2895601434621676
mp-1185585,Mg149Cr,1.7767294974845076,0.0106553433666667,0.0106553433666668,FM,3.3656673,0.0009803255395062,3.3656673,3433.213931869023,150,Hexagonal,P-6m2,False,22.88809287912682,"{'Mg': 149.0, 'Cr': 1.0}","['Cr', 'Mg']",2,0.07762680389613526,11.64402058442029,0.28904683529186354
mp-1104786,Ca6Cr2HN6,3.314078121439391,0.0,-1.082650831416667,FM,1.0012015,0.0046522552429654,1.0012015,215.2077750922801,15,Trigonal,R-3,True,14.347185006152008,"{'Ca': 6.0, 'Cr': 2.0, 'H': 1.0, 'N': 6.0}","['Ca', 'Cr', 'H', 'N']",4,0.23099152342555904,3.4648728513833857,0.28895764518465955
mp-743819,Ca10Ti8NbFeO30,4.037322068539726,0.0040096506999951,-3.4291991734333327,FM,10.0002414,0.0086070017915336,5.0001207,1161.8728149722058,100,Triclinic,P-1,False,11.618728149722058,"{'Ca': 20.0, 'Ti': 16.0, 'Nb': 2.0, 'Fe': 2.0, 'O': 60.0}","['Ca', 'Fe', 'Nb', 'O', 'Ti']",5,0.3474839945055696,34.74839945055696,0.28778998624754537
mp-560257,Ca9Cr(PO4)7,3.03680300211287,0.0,-3.247349256499999,FM,5.9922915,0.0050852713634083,2.99614575,1178.3621898957554,90,Trigonal,R3c,True,13.092913221063949,"{'Ca': 18.0, 'Cr': 2.0, 'P': 14.0, 'O': 56.0}","['Ca', 'Cr', 'O', 'P']",4,0.23194249826900593,20.874824844210533,0.287058288858501
mp-1196837,Ca(Al10Cr)2,3.0132185763438963,0.0052830656055862,-0.1030366836490694,FM,2.4142095,0.003203762396721,1.20710475,753.5544778448269,46,Cubic,Fd-3m,False,16.381619083583193,"{'Ca': 2.0, 'Al': 40.0, 'Cr': 4.0}","['Al', 'Ca', 'Cr']",3,0.18393899656497248,8.461193841988734,0.2853272889245804
mp-1227859,Ca3Cu2Ni(PO4)4,3.445532157016841,0.0164933592948637,-2.64165692706044,FM,3.9997361,0.0060498510061338,1.99986805,661.1296866558699,52,Monoclinic,P2_1,False,12.714032435689806,"{'Ca': 6.0, 'Cu': 4.0, 'Ni': 2.0, 'P': 8.0, 'O': 32.0}","['Ca', 'Cu', 'Ni', 'O', 'P']",5,0.27100230980572465,14.092120109897682,0.2838278462579071
mp-1032644,Mg6ZnNiO8,4.268147584274081,0.0371857174999989,-2.6231395043750005,FM,1.9999989,0.0129186170414225,1.9999989,154.81524791602382,16,Tetragonal,P4/mmm,False,9.675952994751489,"{'Mg': 6.0, 'Zn': 1.0, 'Ni': 1.0, 'O': 8.0}","['Mg', 'Ni', 'O', 'Zn']",4,0.4411087555498921,7.0577400887982735,0.28337667225438185
mp-1224999,FeCoB2,7.199485796893095,0.023993178125,-0.3647441745833335,FM,2.0693313,0.0328879967709663,1.03466565,62.92056382791963,8,Orthorhombic,Pmc2_1,False,7.865070478489954,"{'Fe': 2.0, 'Co': 2.0, 'B': 4.0}","['B', 'Co', 'Fe']",3,0.915374606824293,7.322996854594344,0.28257984280052384
mp-5544,U(Al2Cr)4,5.587864813931239,0.0314494035000016,-0.1175927776923067,FM,1.3523415,0.0068756434356301,1.3523415,196.68581023152785,13,Tetragonal,I4/mmm,False,15.129677710117528,"{'U': 1.0, 'Al': 8.0, 'Cr': 4.0}","['Al', 'Cr', 'U']",3,0.3693313843820029,4.801307996966038,0.28166106003917035
mp-1032645,Mg6ZnNiO8,4.282240547121779,0.0346295887499987,-2.6256956331250008,FM,2.0000044,0.0129613085646688,2.0000044,154.30574698698234,16,Tetragonal,P4/mmm,False,9.644109186686396,"{'Mg': 6.0, 'Zn': 1.0, 'Ni': 1.0, 'O': 8.0}","['Mg', 'Ni', 'O', 'Zn']",4,0.44402655177664024,7.104424828426244,0.2815153159193939
mp-597,TiNi,6.487972621051326,0.0227007616666661,-0.3731542650000005,FM,2.4006454,0.0097802413912958,0.2667383777777778,245.4587063808582,18,Trigonal,P31m,False,13.636594798936564,"{'Ti': 9.0, 'Ni': 9.0}","['Ni', 'Ti']",2,0.475776593549387,8.563978683888966,0.2803189368647342
mp-1205204,Zn2NiP2(H2O3)4,2.9503526642225872,0.0252032465333336,-1.7778426107714285,FM,8.0002326,0.0078703679848272,2.00005815,1016.5004502233044,100,Orthorhombic,Pnma,False,10.165004502233044,"{'Zn': 8.0, 'Ni': 4.0, 'P': 8.0, 'H': 32.0, 'O': 48.0}","['H', 'Ni', 'O', 'P', 'Zn']",5,0.2902460755009459,29.02460755009459,0.2756362023566423
mp-505449,NiPH16NO10,2.0221257429634893,0.0,-1.355331986884233,FM,3.9999998,0.008704608375505,1.9999999,459.52668143647816,58,Orthorhombic,Pmn2_1,True,7.922873817870313,"{'Ni': 2.0, 'P': 2.0, 'H': 32.0, 'N': 2.0, 'O': 20.0}","['H', 'N', 'Ni', 'O', 'P']",5,0.2552262965999175,14.803125202795217,0.2702131979026088
mp-1215801,Zr4Ni(PO4)6,3.1958411350178797,0.0,-3.082192998081633,FM,3.9994668,0.0038741492435795,1.9997334,1032.3471163709255,70,Monoclinic,Pc,True,14.74781594815608,"{'Zr': 8.0, 'Ni': 2.0, 'P': 12.0, 'O': 48.0}","['Ni', 'O', 'P', 'Zr']",4,0.21669928254138918,15.168949777897243,0.26366141747187033
mp-530428,Sr9(NiO3)7,5.324028669002628,0.0214100495945945,-2.0223123809459467,FM,8.0016965,0.0083544109407312,4.00084825,957.7810520414272,74,Triclinic,P1,False,12.942987189749015,"{'Sr': 18.0, 'Ni': 14.0, 'O': 42.0}","['Ni', 'O', 'Sr']",3,0.4113446603129852,30.439504863160906,0.2628720978206176
mp-861852,Zn5Co19O32,5.971784672238221,0.0,-1.4494416510714296,FM,8.9997987,0.0165237031993382,8.9997987,544.6599101562421,56,Trigonal,R3m,True,9.726069824218609,"{'Zn': 5.0, 'Co': 19.0, 'O': 32.0}","['Co', 'O', 'Zn']",3,0.6139977174920183,34.38387217955302,0.26174476955367143
mp-758061,Co25Cu11O48,6.086406561187267,0.0048107508078194,-1.2006133939285717,FM,13.9990285,0.0174508694591472,13.9990285,802.1966202183781,84,Monoclinic,Cm,False,9.549959764504502,"{'Co': 25.0, 'Cu': 11.0, 'O': 48.0}","['Co', 'Cu', 'O']",3,0.6373227438935769,53.53511048706046,0.2614924742405004
mp-1222235,Mg3Al12FeSi4(BO9)4,2.9061988691577327,0.0001016109166673,-3.251357421861111,FM,3.9995882,0.0059115596824149,3.9995882,676.5707215808969,60,Monoclinic,Pm,False,11.276178693014948,"{'Mg': 3.0, 'Al': 12.0, 'Fe': 1.0, 'Si': 4.0, 'B': 4.0, 'O': 36.0}","['Al', 'B', 'Fe', 'Mg', 'O', 'Si']",6,0.25772905416601666,15.463743249960999,0.25864295179694524
mp-10923,Ca2Co12P7,6.627364083101162,0.0,-0.6892207139285712,FM,2.9868903,0.0118714418684077,2.9868903,251.60299255212584,21,Hexagonal,P-6,True,11.981094883434563,"{'Ca': 2.0, 'Co': 12.0, 'P': 7.0}","['Ca', 'Co', 'P']",3,0.5531517901810763,11.616187593802602,0.2571317203583685
mp-759887,Sr9(NiO3)7,5.385008389350493,0.0002844486486486,-2.0434379818918917,FM,7.9989456,0.0084471946333539,3.9994728,946.9351598003911,74,Trigonal,R-3c,False,12.796421078383666,"{'Sr': 18.0, 'Ni': 14.0, 'O': 42.0}","['Ni', 'O', 'Sr']",3,0.4208214434618059,31.140786816173637,0.25686395296362824
mp-34146,Co2CuO4,5.713238647017701,0.0433695410969399,-1.1489517942857148,FM,2.0090585,0.014083273601787,1.00452925,142.65564646454504,14,Cubic,Fd-3m,False,10.18968903318179,"{'Co': 4.0, 'Cu': 2.0, 'O': 8.0}","['Co', 'Cu', 'O']",3,0.5606882239892761,7.849635135849866,0.25594291520945744
mp-651786,Ca5MnSi9(Pb3O11)3,5.415957703187229,0.0011836565497285,-2.7703193511040523,FM,5.000778,0.0056225628014421,5.000778,889.4125644478881,57,Hexagonal,P-6,False,15.603729200840142,"{'Ca': 5.0, 'Mn': 1.0, 'Si': 9.0, 'Pb': 9.0, 'O': 33.0}","['Ca', 'Mn', 'O', 'Pb', 'Si']",5,0.3470938026081368,19.7843467486638,0.25276437294234866
mp-1227259,Ca8Zn3Co(Si2O7)4,3.2759943460838876,0.016692247934027,-3.133536617916667,FM,2.9980781,0.004737675909174,2.9980781,632.8162072450931,48,Tetragonal,P-4,False,13.183670984272773,"{'Ca': 8.0, 'Zn': 3.0, 'Co': 1.0, 'Si': 8.0, 'O': 28.0}","['Ca', 'Co', 'O', 'Si', 'Zn']",5,0.2484887820692679,11.92746153932486,0.2513592762479537
mp-1221935,Mn(VSi3)2,4.879519373123886,0.0251385548148164,-0.3644504526277138,FM,0.8903384,0.0080418050433438,0.8903384,110.71375085583892,9,Orthorhombic,C222,False,12.301527872870992,"{'Mn': 1.0, 'V': 2.0, 'Si': 6.0}","['Mn', 'Si', 'V']",3,0.39665962013424916,3.5699365812082426,0.2493989402183345
mp-772431,CoH8(CO5)2,1.9615415416140227,0.0460660922023805,-1.3473175035714289,FM,2.0002064,0.004706505232333,1.0001032,424.98760784517464,42,Monoclinic,P2_1/c,False,10.118752567742254,"{'Co': 2.0, 'H': 16.0, 'C': 4.0, 'O': 20.0}","['C', 'Co', 'H', 'O']",4,0.19385211057213267,8.141788644029573,0.2456716192782485
mp-684027,Mg3(MnAl9)2,2.962260819062809,0.0104484239130435,-0.0999340754722636,FM,2.0446924,0.0027283340821743,1.0223462,749.4288963214019,46,Cubic,Fd-3m,False,16.29193252872613,"{'Mg': 6.0, 'Mn': 4.0, 'Al': 36.0}","['Al', 'Mg', 'Mn']",3,0.18182378387829162,8.363894058401415,0.24446655896437797
mp-1044432,CaTiNi(PO4)3,3.0229716678922993,0.0399009303379704,-2.756225437903439,FM,1.9999999,0.0042184347347631,0.99999995,474.1094803526171,36,Trigonal,R3c,False,13.169707787572698,"{'Ca': 2.0, 'Ti': 2.0, 'Ni': 2.0, 'P': 6.0, 'O': 24.0}","['Ca', 'Ni', 'O', 'P', 'Ti']",5,0.2295397678257417,8.2634316417267,0.24203018633334833
mp-15722,Fe2B4Mo,7.1460604837620645,0.0166440371428571,-0.3900629509523808,FM,1.4416267,0.0247294667967809,1.4416267,58.295907139722814,7,Orthorhombic,Immm,False,8.327986734246116,"{'Fe': 2.0, 'B': 4.0, 'Mo': 1.0}","['B', 'Fe', 'Mo']",3,0.8580777938053423,6.0065445566373965,0.2400093242306782
mp-17867,Mn2NbP12,4.262571323625218,0.0,-0.3783979671050891,FM,2.0285983,0.0045323461642863,1.01429915,447.58238370775786,30,Monoclinic,C2/c,True,14.919412790258596,"{'Mn': 4.0, 'Nb': 2.0, 'P': 24.0}","['Mn', 'Nb', 'P']",3,0.2857063735382668,8.571191206148004,0.23667635585412128
mp-580480,Mn8Zn14Ga27,6.925812932183782,0.0106415110518067,-0.0986400295440136,FM,5.045488,0.0064995208613368,5.045488,776.2861459548003,49,Trigonal,R-3,False,15.842574407240823,"{'Mn': 8.0, 'Zn': 14.0, 'Ga': 27.0}","['Ga', 'Mn', 'Zn']",3,0.43716461442140053,21.421066106648627,0.23553860367547214
mp-1035198,Mg14ZnCoO16,3.8594906489227614,0.0171712455468755,-2.832769919375,FM,2.9999993,0.0096762309752923,2.9999993,310.0380000911831,32,Orthorhombic,Pmmm,False,9.688687502849472,"{'Mg': 14.0, 'Zn': 1.0, 'Co': 1.0, 'O': 16.0}","['Co', 'Mg', 'O', 'Zn']",4,0.3983502045852623,12.747206546728394,0.23534562564768027
mp-1035190,Mg14ZnCoO16,3.863395150972933,0.0349621124218755,-2.8149790525,FM,2.9999993,0.0096860200555409,2.9999993,309.7246632566939,32,Tetragonal,P4/mmm,False,9.678895726771684,"{'Mg': 14.0, 'Zn': 1.0, 'Co': 1.0, 'O': 16.0}","['Co', 'Mg', 'O', 'Zn']",4,0.3991566042277776,12.773011335288883,0.234870166576279
mp-1035067,Mg14CdCoO16,3.989689119157039,0.038060193046876,-2.7840842365624994,FM,2.9999996,0.0093901729061729,2.9999996,319.48289237867357,32,Orthorhombic,Pmmm,False,9.983840386833547,"{'Mg': 14.0, 'Cd': 1.0, 'Co': 1.0, 'O': 16.0}","['Cd', 'Co', 'Mg', 'O']",4,0.3996146737700802,12.787669560642566,0.23460096351201412
mp-758839,NiP4H16(NO8)2,2.1284221221421267,0.0,-1.6423590368864471,FM,2.000093,0.0053108520593599,2.000093,376.6049171855579,39,Triclinic,P-1,True,9.656536338091229,"{'Ni': 1.0, 'P': 4.0, 'H': 16.0, 'N': 2.0, 'O': 16.0}","['H', 'N', 'Ni', 'O', 'P']",5,0.22041258352089874,8.59609075731505,0.23267471883053037
mp-1224736,MgNiB2P2(H3O4)4,2.3190366836298755,0.0010720531967765,-1.945222451890756,FM,5.9997764,0.0064258272533129,1.9999254666666664,933.6971199944288,102,Trigonal,R32,False,9.153893333278717,"{'Mg': 3.0, 'Ni': 3.0, 'B': 6.0, 'P': 6.0, 'H': 36.0, 'O': 48.0}","['B', 'H', 'Mg', 'Ni', 'O', 'P']",6,0.253338836186684,25.84056129104177,0.23218444570242217
mp-1298662,Sr3ZnCoO6,5.373023156370591,0.0,-2.3891070490909088,FM,3.9999727,0.0066963938260537,0.999993175,597.3323558774631,44,Monoclinic,C2,True,13.575735360851434,"{'Sr': 12.0, 'Zn': 4.0, 'Co': 4.0, 'O': 24.0}","['Co', 'O', 'Sr', 'Zn']",4,0.39578137121506246,17.41438033346275,0.229693656817281
mp-1105327,Cr5Si3C,5.902310650729746,0.0295017599707598,-0.2668286672222216,FM,2.1744309,0.0108476711687721,1.08721545,200.45140253326113,18,Hexagonal,P6_3/mcm,False,11.13618902962562,"{'Cr': 10.0, 'Si': 6.0, 'C': 2.0}","['C', 'Cr', 'Si']",3,0.5300117154107047,9.540210877392685,0.2279227291665765
mp-1228183,Ba4Re2NiO12,6.901285784446068,0.0,-2.6055031465789473,FM,2.0003164,0.0070908902289479,2.0003164,282.09665294688773,19,Trigonal,R3m,True,14.847192260362512,"{'Ba': 4.0, 'Re': 2.0, 'Ni': 1.0, 'O': 12.0}","['Ba', 'Ni', 'O', 'Re']",4,0.46482093472113256,8.831597759701518,0.2264954150343465
mp-884346,Sr3InNiO6,5.7072936018356115,0.0081945154545453,-2.40423364469697,FM,2.0022312,0.0064632888586889,1.0011156,309.7851950881468,22,Trigonal,R-3c,False,14.0811452312794,"{'Sr': 6.0, 'In': 2.0, 'Ni': 2.0, 'O': 12.0}","['In', 'Ni', 'O', 'Sr']",4,0.4053145896938563,8.916920973264839,0.22454288941252148
mp-504552,Nb2CoO6,5.602352977193158,0.0,-2.6684901558333434,FM,4.0266572,0.0099673547739453,1.0066643,403.9845366521608,36,Orthorhombic,Pbcn,True,11.221792684782246,"{'Nb': 8.0, 'Co': 4.0, 'O': 24.0}","['Co', 'Nb', 'O']",3,0.49923868089190865,17.97259251210871,0.22404431621576643
mp-1227826,Ca4Al5CrSi6(HO13)2,3.286711786943981,0.0222957109848662,-3.208431632556818,FM,3.0028236,0.0063653379060741,3.0028236,471.7461420444837,44,Triclinic,P-1,False,10.72150322828372,"{'Ca': 4.0, 'Al': 5.0, 'Cr': 1.0, 'Si': 6.0, 'H': 2.0, 'O': 26.0}","['Al', 'Ca', 'Cr', 'H', 'O', 'Si']",6,0.30655326188528437,13.488343522952512,0.2226236005103391
mp-1216563,V(CrSi3)2,4.885516902614907,0.0184767940740755,-0.3043736037037029,FM,0.8010947,0.0072868957445932,0.8010947,109.9363471193341,9,Orthorhombic,C222,False,12.21514967992601,"{'V': 1.0, 'Cr': 2.0, 'Si': 6.0}","['Cr', 'Si', 'V']",3,0.39995554951271783,3.5995999456144605,0.22255103681063404
mp-1191185,Sr3ZnCoO6,5.4756826503322555,0.0017792459090895,-2.387327803181819,FM,1.9997919,0.0068236747582963,0.99989595,293.0667083111785,22,Trigonal,R-3c,False,13.321214014144475,"{'Sr': 6.0, 'Zn': 2.0, 'Co': 2.0, 'O': 12.0}","['Co', 'O', 'Sr', 'Zn']",4,0.4110498220746376,9.043096085642027,0.22114018042726813
mp-1044226,MgTiNi(PO4)3,3.1081319489619883,0.0497349408024785,-2.666333629570106,FM,2.0003082,0.0045025050757372,1.0001541,444.2656179954345,36,Trigonal,R3c,False,12.340711610984291,"{'Mg': 2.0, 'Ti': 2.0, 'Ni': 2.0, 'P': 6.0, 'O': 24.0}","['Mg', 'Ni', 'O', 'P', 'Ti']",5,0.25186002614269704,9.066960941137093,0.22061506749461526
mp-1203479,Tl2NiP4(HO2)8,3.685496204446123,0.0,-1.946226195975422,FM,2.0005762,0.0051907267700947,2.0005762,385.4135053930979,31,Triclinic,P-1,True,12.432693722357998,"{'Tl': 2.0, 'Ni': 1.0, 'P': 4.0, 'H': 8.0, 'O': 16.0}","['H', 'Ni', 'O', 'P', 'Tl']",5,0.29643585587718696,9.189511532192796,0.2177021262764141
mp-777890,Ti3NiSn2(PO4)6,3.4592667215636146,0.0018960064351816,-2.7490275599404765,FM,1.9998665,0.0041267800151725,1.9998665,484.60700416481416,36,Trigonal,R3,False,13.461305671244835,"{'Ti': 3.0, 'Ni': 1.0, 'Sn': 2.0, 'P': 6.0, 'O': 24.0}","['Ni', 'O', 'P', 'Sn', 'Ti']",5,0.2569785432443656,9.251227556797161,0.21617309570237914
mp-505235,CoP2PbO7,5.305046741994995,0.0,-2.3501821737987014,FM,4.0000002,0.007259587458804,1.00000005,550.9955245664856,44,Monoclinic,P2_1/c,True,12.52262555832922,"{'Co': 4.0, 'P': 8.0, 'Pb': 4.0, 'O': 28.0}","['Co', 'O', 'P', 'Pb']",4,0.4236369375802688,18.640025253531828,0.21459199467780216
mp-23783,Ga2NiP3H8NO14,3.1483280361659753,0.0078834446743316,-1.89239371479064,FM,4.0000002,0.007059721128309,2.0000001,566.5946469132141,58,Monoclinic,C2/c,False,9.768873222641622,"{'Ga': 4.0, 'Ni': 2.0, 'P': 6.0, 'H': 16.0, 'N': 2.0, 'O': 28.0}","['Ga', 'H', 'N', 'Ni', 'O', 'P']",6,0.3222815942445642,18.692332466184723,0.21399149663297404
mp-1215707,Zr10CrSb5,7.415890420903899,0.0206622034374994,-0.6743642543749999,FM,1.1453236,0.0032516494989472,1.1453236,352.22849214554174,16,Tetragonal,I422,False,22.01428075909636,"{'Zr': 10.0, 'Cr': 1.0, 'Sb': 5.0}","['Cr', 'Sb', 'Zr']",3,0.3368672591240408,5.389876145984653,0.2124953466422865
mp-1037257,Mg30VCoO32,3.608486326671561,0.0317017373046883,-2.9383297771874997,FM,4.9743361,0.0080011788134041,4.9743361,621.7004039038148,64,Tetragonal,P4/mmm,False,9.714068810997109,"{'Mg': 30.0, 'V': 1.0, 'Co': 1.0, 'O': 32.0}","['Co', 'Mg', 'O', 'V']",4,0.37147012203439034,23.77408781020098,0.20923352095408737
mp-1304797,Sr3InNiO6,5.915801035822209,0.0,-2.4124281601515154,FM,3.9999995,0.0066919490726503,0.999999875,597.7331053441171,44,Monoclinic,P2_1/c,True,13.58484330327539,"{'Sr': 12.0, 'In': 4.0, 'Ni': 4.0, 'O': 24.0}","['In', 'Ni', 'O', 'Sr']",4,0.43547068624603663,19.16071019482561,0.20876050309869035
mp-1228228,Al7Cr(Bi2O9)2,6.052542914238803,0.0,-2.767509591666667,FM,3.0003784,0.0080131431537457,3.0003784,374.43214758961045,30,Monoclinic,P2,True,12.481071586320349,"{'Al': 7.0, 'Cr': 1.0, 'Bi': 4.0, 'O': 18.0}","['Al', 'Bi', 'Cr', 'O']",4,0.4849377613435518,14.548132840306554,0.20623803981822705
mp-1208400,Ti5MnSn3,6.675511996362047,0.0082620410119034,-0.3335470993997447,FM,1.3726549,0.0042421330526528,0.68632745,323.5765788019288,18,Hexagonal,P6_3/mcm,False,17.976476600107155,"{'Ti': 10.0, 'Mn': 2.0, 'Sn': 6.0}","['Mn', 'Sn', 'Ti']",3,0.37134707456088784,6.684247342095981,0.2053566886065554
mp-27024,Co2P5O16,2.928489823736178,0.0221042657608681,-2.2209254781832297,FM,1.9997687,0.0033351398790801,0.99988435,599.605645491403,46,Monoclinic,P2/c,False,13.034905336769633,"{'Co': 4.0, 'P': 10.0, 'O': 32.0}","['Co', 'O', 'P']",3,0.224665216054567,10.334599938510081,0.19350228474236447
mp-780609,Ca9Mn(PO4)7,3.0386681209602973,0.0190032655671421,-3.192617169342912,FM,4.0031804,0.0033900714574434,2.0015902,1180.854282941561,90,Trigonal,R3c,False,13.120603143795122,"{'Ca': 18.0, 'Mn': 2.0, 'P': 14.0, 'O': 56.0}","['Ca', 'Mn', 'O', 'P']",4,0.23159515516611878,20.84356396495069,0.19205834504749342
mp-28685,Ba8Ni6N7,5.5195521498211315,0.0036146826190464,-0.5757321809523811,FM,1.997831,0.0021437869435494,0.9989155,931.9167681337868,42,Monoclinic,C2/c,False,22.188494479375873,"{'Ba': 16.0, 'Ni': 12.0, 'N': 14.0}","['Ba', 'N', 'Ni']",3,0.24875739789157555,10.447810711446174,0.19122006085076387
mp-1226349,Cr3NiB6,5.893960297458446,0.0414963024375012,-0.2913685982500013,FM,1.4108939,0.0179141637773121,1.4108939,78.75856878046777,10,Orthorhombic,Amm2,False,7.875856878046777,"{'Cr': 3.0, 'Ni': 1.0, 'B': 6.0}","['B', 'Cr', 'Ni']",3,0.7483579740875327,7.483579740875327,0.18853195246837484
mp-735475,CoB12H28(NO15)2,1.9036529339520645,0.0187291554337898,-1.8386674978767117,FM,3.0030139,0.0047492841366571,3.0030139,632.3087466638103,73,Triclinic,P-1,False,8.661763652928908,"{'Co': 1.0, 'B': 12.0, 'H': 28.0, 'N': 2.0, 'O': 30.0}","['B', 'Co', 'H', 'N', 'O']",5,0.2197765963411342,16.043691532902795,0.18717723996633479
mp-562226,Ba8Nb6CoO24,6.069942306659502,0.0034431712820506,-3.171247976923077,FM,2.9937983,0.0052137611902973,2.9937983,574.210860591655,39,Trigonal,P-3m1,False,14.723355399786024,"{'Ba': 8.0, 'Nb': 6.0, 'Co': 1.0, 'O': 24.0}","['Ba', 'Co', 'Nb', 'O']",4,0.4122662356399899,16.078383189959606,0.186200208356119
mp-1228767,Ca19Co2(PO4)14,3.1048750303377135,0.0113030897222188,-3.202958688516483,FM,4.0425014,0.0034218409536522,4.0425014,1181.3820264455385,91,Trigonal,R3,False,12.98222007083009,"{'Ca': 19.0, 'Co': 2.0, 'P': 14.0, 'O': 56.0}","['Ca', 'Co', 'O', 'P']",4,0.23916364176525517,21.763891400638222,0.18574350172880638
mp-1076570,Sr7CaTi7MnO24,4.915647553321759,0.0132746331666648,-3.4113689980316098,FM,3.0012262,0.006224169866803,3.0012262,482.1889929462255,40,Trigonal,R3m,False,12.054724823655636,"{'Sr': 7.0, 'Ca': 1.0, 'Ti': 7.0, 'Mn': 1.0, 'O': 24.0}","['Ca', 'Mn', 'O', 'Sr', 'Ti']",5,0.4077776660380931,16.311106641523725,0.18399893189096556
mp-1076377,BaSr7Ti7MnO24,5.1498050850639165,0.0113948522083191,-3.407552762281609,FM,3.0010152,0.0061043156602359,3.0010152,491.62188966551423,40,Trigonal,R3m,False,12.290547241637857,"{'Ba': 1.0, 'Sr': 7.0, 'Ti': 7.0, 'Mn': 1.0, 'O': 24.0}","['Ba', 'Mn', 'O', 'Sr', 'Ti']",5,0.4190053529608049,16.760214118432195,0.17905589861764395
mp-541426,Ba6(NiO3)5,6.142944316073333,0.00196008865385,-1.9261626378846155,FM,2.0000003,0.0054505872703195,2.0000003,366.9329928704627,26,Trigonal,R32,False,14.11280741809472,"{'Ba': 6.0, 'Ni': 5.0, 'O': 15.0}","['Ba', 'Ni', 'O']",3,0.43527443789795955,11.317135385346948,0.1767231929194321
mp-1076337,Ba2Sr6Ti7MnO24,5.277148123359271,0.0158140109583335,-3.395710564281609,FM,3.0011906,0.0060581201703206,3.0011906,495.3996480134467,40,Orthorhombic,Cmm2,False,12.384991200336168,"{'Ba': 2.0, 'Sr': 6.0, 'Ti': 7.0, 'Mn': 1.0, 'O': 24.0}","['Ba', 'Mn', 'O', 'Sr', 'Ti']",5,0.42609219804823373,17.043687921929347,0.17608809864081723
mp-1075974,Ba3Sr5Ti7MnO24,5.372249172529525,0.016785112208332,-3.38731642378161,FM,3.0016521,0.0059794561538794,3.0016521,501.9941651470353,40,Monoclinic,Cm,False,12.549854128675882,"{'Ba': 3.0, 'Sr': 5.0, 'Ti': 7.0, 'Mn': 1.0, 'O': 24.0}","['Ba', 'Mn', 'O', 'Sr', 'Ti']",5,0.4280726387292554,17.122905549170216,0.17530039463106548
mp-1227614,Ca4Mg3Si8NiO24,3.275257664906541,0.0017329684375013,-3.2448874208750005,FM,1.9998692,0.0043799670680102,1.9998692,456.5945745588646,40,Monoclinic,P2,False,11.414864363971615,"{'Ca': 4.0, 'Mg': 3.0, 'Si': 8.0, 'Ni': 1.0, 'O': 24.0}","['Ca', 'Mg', 'Ni', 'O', 'Si']",5,0.2869291793991119,11.477167175964475,0.1742476317839243
mp-1199103,U(Al10Cr)2,3.956283552982598,0.0,-0.131455151304348,FM,1.9522055,0.0026377686961788,0.97610275,740.0973037658734,46,Cubic,Fd-3m,True,16.089071820997248,"{'U': 2.0, 'Al': 40.0, 'Cr': 4.0}","['Al', 'Cr', 'U']",3,0.24589880615856285,11.311345083293892,0.17258827183013614
mp-1198615,ZrCo5Si3,7.018478046898836,0.0,-0.5896362446296293,FM,5.2809525,0.0079126448673586,0.88015875,667.4067380156382,54,Hexagonal,P6_3/m,True,12.359384037326633,"{'Zr': 6.0, 'Co': 30.0, 'Si': 18.0}","['Co', 'Si', 'Zr']",3,0.567866329398156,30.66478178750042,0.17221555778859715
mp-1192618,Nb4Fe4Si7,6.627655375194799,0.0,-0.5764737130000005,FM,2.5177301,0.0063471973988726,1.25886505,396.6680003440866,30,Tetragonal,I4/mmm,True,13.22226667813622,"{'Nb': 8.0, 'Fe': 8.0, 'Si': 14.0}","['Fe', 'Nb', 'Si']",3,0.5012495615561898,15.037486846685695,0.16743024453949332
mp-744682,Cr8Bi4O29,4.515518468346644,0.0255677514634147,-1.630922127560976,FM,3.9992175,0.0031689720794451,1.99960875,1261.9920276168098,82,Triclinic,P-1,False,15.390146678253778,"{'Cr': 16.0, 'Bi': 8.0, 'O': 58.0}","['Bi', 'Cr', 'O']",3,0.29340321198673536,24.0590633829123,0.16622498708076902
mp-1035175,Mg14ZnNiO16,3.866070490585857,0.0163310915625007,-2.832986104375,FM,1.999999,0.0064639676054614,1.999999,309.4073364956507,32,Orthorhombic,Pmmm,False,9.668979265489083,"{'Mg': 14.0, 'Zn': 1.0, 'Ni': 1.0, 'O': 16.0}","['Mg', 'Ni', 'O', 'Zn']",4,0.39984267050657496,12.794965456210399,0.15631140285957115
mp-1035172,Mg14ZnNiO16,3.8671367606737865,0.0163373465624996,-2.832979849375001,FM,1.999999,0.0064657503808463,1.999999,309.32202485339224,32,Tetragonal,P4/mmm,False,9.666313276668507,"{'Mg': 14.0, 'Zn': 1.0, 'Ni': 1.0, 'O': 16.0}","['Mg', 'Ni', 'O', 'Zn']",4,0.40006325576141416,12.802024184365253,0.15622521651244353
mp-1196207,Cr2Bi3O11,6.079395535290728,0.0434561970624987,-1.5827337271874995,FM,3.9200749,0.0039561562894647,0.980018725,990.8796855268772,64,Monoclinic,P2_1/c,False,15.482495086357458,"{'Cr': 8.0, 'Bi': 12.0, 'O': 44.0}","['Bi', 'Cr', 'O']",3,0.392662519922105,25.13040127501472,0.15598934760733157
mp-1034792,Mg14CdNiO16,3.997429880888162,0.0381382712500002,-2.7833821893749993,FM,1.9999969,0.0062742122344788,1.9999969,318.7646233911843,32,Orthorhombic,Pmmm,False,9.961394480974509,"{'Mg': 14.0, 'Cd': 1.0, 'Ni': 1.0, 'O': 16.0}","['Cd', 'Mg', 'Ni', 'O']",4,0.40129219744514116,12.841350318244517,0.15574661935345524
mp-1034717,Mg14CdNiO16,4.008884024350214,0.0378666084374987,-2.7836538521875007,FM,1.999997,0.0062921905322396,1.999997,317.8538522876122,32,Tetragonal,P4/mmm,False,9.93293288398788,"{'Mg': 14.0, 'Cd': 1.0, 'Ni': 1.0, 'O': 16.0}","['Cd', 'Mg', 'Ni', 'O']",4,0.40359519903860713,12.915046369235428,0.1548579031635641
mp-562076,Nb2Co(P2O7)3,3.0316124275969623,0.0098276605833476,-2.652900934761905,FM,2.0012715,0.0023831172966235,1.00063575,839.7704564669999,60,Monoclinic,P2_1/c,False,13.99617427445,"{'Nb': 4.0, 'Co': 2.0, 'P': 12.0, 'O': 42.0}","['Co', 'Nb', 'O', 'P']",4,0.21660293506999032,12.996176104199419,0.1539892568363501
mp-758833,CoPH16NO10,1.9293645300642184,0.0332477272471267,-1.3260857580911338,FM,1.9940466,0.0041367440875962,0.9970233,482.0328639567108,58,Orthorhombic,Pmn2_1,False,8.310911447529497,"{'Co': 2.0, 'P': 2.0, 'H': 32.0, 'N': 2.0, 'O': 20.0}","['Co', 'H', 'N', 'O', 'P']",5,0.2321483681116277,13.464605350474407,0.14809543600397782
mp-1191778,Al9Fe2,3.5335461613821906,0.0178821468181817,-0.2346063004545448,FM,0.7568743,0.0022714855611812,0.37843715,333.2067405290409,22,Monoclinic,P2_1/c,False,15.145760933138224,"{'Al': 18.0, 'Fe': 4.0}","['Al', 'Fe']",2,0.23330264996134695,5.132658299149633,0.1474624367894113
mp-1201081,AlCrMo6(H19O20)2,2.4916148454710885,0.0186693208139532,-1.5427929521802335,FM,2.9989249,0.0033759915134965,2.9989249,888.3093716352298,86,Triclinic,P-1,False,10.329178739944531,"{'Al': 1.0, 'Cr': 1.0, 'Mo': 6.0, 'H': 38.0, 'O': 40.0}","['Al', 'Cr', 'H', 'Mo', 'O']",5,0.2412210019985063,20.74500617187154,0.14456129225289344
mp-774649,V3Ni(PO4)6,2.827167570619922,0.0429361336029332,-2.3899161169957988,FM,0.9993487,0.0021775897877063,0.9993487,458.9242223865357,34,Trigonal,R3,False,13.497771246662817,"{'V': 3.0, 'Ni': 1.0, 'P': 6.0, 'O': 24.0}","['Ni', 'O', 'P', 'V']",4,0.20945439946753505,7.121449581896192,0.14032939340615377
mp-1216378,VCrSi4,4.826147528255155,0.0178437216666669,-0.3379309016666635,FM,0.9784215,0.004403047293801,0.3261405,222.21462426204363,18,Monoclinic,P2,False,12.345256903446868,"{'V': 3.0, 'Cr': 3.0, 'Si': 12.0}","['Cr', 'Si', 'V']",3,0.3909313160512412,7.036763688922342,0.13904424580013744
mp-1102115,CoSiNi,7.418823818084261,0.0,-0.4845993683333347,FM,1.1328926,0.0086839858241034,0.28322315,130.45767496021395,12,Orthorhombic,Pnma,True,10.871472913351164,"{'Co': 4.0, 'Si': 4.0, 'Ni': 4.0}","['Co', 'Ni', 'Si']",3,0.6824120224751944,8.188944269702333,0.1383441580121024
mp-1215140,CrGaMo6(H19O20)2,2.599201243082313,0.0151681586773255,-1.5096021016860477,FM,2.9989117,0.0034123274124621,2.9989117,878.8464111174362,86,Triclinic,P-1,False,10.219144315319026,"{'Cr': 1.0, 'Ga': 1.0, 'Mo': 6.0, 'H': 38.0, 'O': 40.0}","['Cr', 'Ga', 'H', 'Mo', 'O']",5,0.2543462703805813,21.87377925272999,0.13710075727429297
mp-636953,V6Si7Ni16,7.099148092986082,0.0126813573275867,-0.4565053337931043,FM,2.3888361,0.0070855975177981,2.3888361,337.1396828566026,29,Cubic,Fm-3m,False,11.625506305400087,"{'V': 6.0, 'Si': 7.0, 'Ni': 16.0}","['Ni', 'Si', 'V']",3,0.6106528099931875,17.70893148980244,0.13489442326746784
mp-757340,Al19CrO30,3.9325533994943367,0.0041001944500029,-3.3694526515999996,FM,2.9997694,0.0068006749247911,2.9997694,441.0987781616557,50,Triclinic,P1,False,8.821975563233114,"{'Al': 19.0, 'Cr': 1.0, 'O': 30.0}","['Al', 'Cr', 'O']",3,0.44576788626391506,22.288394313195752,0.13458885184133695
mp-1199639,U2NiAs2(HO)24,3.135060276022819,0.001066506037735,-1.6854099255660375,FM,2.0372769,0.0035197990015204,2.0372769,578.8048974160009,53,Triclinic,P-1,False,10.92084712105662,"{'U': 2.0, 'Ni': 1.0, 'As': 2.0, 'H': 24.0, 'O': 24.0}","['As', 'H', 'Ni', 'O', 'U']",5,0.2870711622707428,15.21477160034937,0.1339012476502256
mp-1208389,U2NiAs2(HO)24,3.146467552344781,0.0098760599999998,-1.6766003716037736,FM,1.9960983,0.0034612031472218,1.9960983,576.7064847384545,53,Triclinic,P-1,False,10.881254429027445,"{'U': 2.0, 'Ni': 1.0, 'As': 2.0, 'H': 24.0, 'O': 24.0}","['As', 'H', 'Ni', 'O', 'U']",5,0.2891640456408305,15.325694418964016,0.1302452107834036
mp-1198611,U2NiP2(HO)24,3.0470066242623663,0.0,-1.8300831720619943,FM,1.9971109,0.0036468212951689,1.9971109,547.6305906860918,53,Triclinic,P-1,True,10.33265265445456,"{'U': 2.0, 'Ni': 1.0, 'P': 2.0, 'H': 24.0, 'O': 24.0}","['H', 'Ni', 'O', 'P', 'U']",5,0.29489103390587285,15.629224797011261,0.12778054740001582
mp-1216907,V11FeB8,5.944073089050248,0.0125942225000006,-0.7036714636666673,FM,1.475381,0.0075158095235203,1.475381,196.303670999493,20,Monoclinic,P2/m,False,9.81518354997465,"{'V': 11.0, 'Fe': 1.0, 'B': 8.0}","['B', 'Fe', 'V']",3,0.6055997892230552,12.111995784461104,0.1218115516431088
mp-1223058,Mg3CoB8P8(H8O13)4,2.252064684398084,0.0149475934218958,-2.089019276206502,FM,2.999985,0.0030583360369281,2.999985,980.9206587426528,104,Triclinic,P1,False,9.431929410987046,"{'Mg': 3.0, 'Co': 1.0, 'B': 8.0, 'P': 8.0, 'H': 32.0, 'O': 52.0}","['B', 'Co', 'H', 'Mg', 'O', 'P']",6,0.23877030735352023,24.832111964766103,0.12081070688858975
mp-3000,Cr3GaN,7.089651908918763,0.0221255208333346,-0.3037986104166663,FM,0.3719384,0.0066243944901816,0.3719384,56.14677696976979,5,Cubic,Pm-3m,False,11.229355393953956,"{'Cr': 3.0, 'Ga': 1.0, 'N': 1.0}","['Cr', 'Ga', 'N']",3,0.6313498558195008,3.156749279097504,0.11782323115199539
mp-1217200,Ti2Mn3V,6.551859615228221,0.0228698212444431,-0.2399205659099633,FM,0.7030432,0.0044527047797213,0.3515216,157.89126716907333,12,Orthorhombic,Amm2,False,13.157605597422778,"{'Ti': 4.0, 'Mn': 6.0, 'V': 2.0}","['Mn', 'Ti', 'V']",3,0.4979522730573072,5.975427276687687,0.11765572024327482
mp-1215366,Zr4FeNi,7.137405128325267,0.019898161166667,-0.2134897033333338,FM,0.2630035,0.0023578902496708,0.2630035,111.54187521523264,6,Tetragonal,I422,False,18.59031253587211,"{'Zr': 4.0, 'Fe': 1.0, 'Ni': 1.0}","['Fe', 'Ni', 'Zr']",3,0.38393142205397773,2.3035885323238663,0.11417121430739255
mp-775202,CrSb3(PO4)6,3.4568106571171047,0.0334183782352885,-2.362304837584033,FM,0.9555897,0.0020152778086444,0.9555897,474.1726901874413,34,Trigonal,R3,False,13.946255593748273,"{'Cr': 1.0, 'Sb': 3.0, 'P': 6.0, 'O': 24.0}","['Cr', 'O', 'P', 'Sb']",4,0.2478665785149312,8.427463669507661,0.11338995188523028
mp-867330,Al2FeNi,5.904564264426818,0.0244080050000006,-0.4992086899999997,FM,0.2247,0.0047417441335048,0.2247,47.387626509048474,4,Cubic,Fm-3m,False,11.846906627262118,"{'Al': 2.0, 'Fe': 1.0, 'Ni': 1.0}","['Al', 'Fe', 'Ni']",3,0.4984055711926712,1.9936222847706848,0.11270941427395109
mp-1220824,Nb4Cr7Si8,6.280912213808878,0.0143689015967254,-0.3860422202027034,FM,4.0193445,0.0039579470297785,1.004836125,1015.5124537441922,76,Orthorhombic,Pnma,False,13.362005970318318,"{'Nb': 16.0, 'Cr': 28.0, 'Si': 32.0}","['Cr', 'Nb', 'Si']",3,0.4700575817553874,35.72437621340944,0.11250985814250006
mp-1190866,Ca4Ni20H,6.784423646165853,0.0266291254333319,-0.1088718732500007,FM,1.3771697,0.0042141396085258,1.3771697,326.79736029954455,25,Orthorhombic,Cmm2,False,13.071894411981782,"{'Ca': 4.0, 'Ni': 20.0, 'H': 1.0}","['Ca', 'H', 'Ni']",3,0.5190084491462237,12.975211228655592,0.10613851872858439
mp-24300,CoP4H16(NO8)2,2.23576419981518,0.0,-1.6473095873992896,FM,1.0,0.002787831759921,1.0,358.70170301392784,39,Triclinic,P-1,True,9.197479564459687,"{'Co': 1.0, 'P': 4.0, 'H': 16.0, 'N': 2.0, 'O': 16.0}","['Co', 'H', 'N', 'O', 'P']",5,0.24308444331363097,9.480293289231607,0.10548196869983667
mp-16977,Ti(MnP6)2,3.919187584953336,0.0114126319920648,-0.3914903556606447,FM,0.7737286,0.0017246402167357,0.3868643,448.631889997573,30,Monoclinic,C2/c,False,14.954396333252436,"{'Ti': 2.0, 'Mn': 4.0, 'P': 24.0}","['Mn', 'P', 'Ti']",3,0.2620759472743592,7.862278418230775,0.09841022650710324
mp-1201705,TiCoGe2,7.396439140448395,0.0066650133333325,-0.4668002925000015,FM,2.4626884,0.0036262945947205,0.2052240333333333,679.119783479642,48,Orthorhombic,Pbam,False,14.148328822492545,"{'Ti': 12.0, 'Co': 12.0, 'Ge': 24.0}","['Co', 'Ge', 'Ti']",3,0.5227782894535065,25.09335789376831,0.09814104634484111
mp-554104,Ca9Fe(PO4)7,3.042430418086586,0.029154140620375,-3.166883730166666,FM,1.9992399,0.0016937198557718,0.99961995,1180.3840482751357,90,Trigonal,R3c,False,13.115378314168172,"{'Ca': 18.0, 'Fe': 2.0, 'P': 14.0, 'O': 56.0}","['Ca', 'Fe', 'O', 'P']",4,0.23197427822573252,20.877685040315928,0.09575965420205165
mp-1029843,Ba2CrN3,5.528220834218915,0.0,-0.984599864166667,FM,0.6705504,0.0015138041284706,0.1676376,442.9571748343855,24,Orthorhombic,Cmce,True,18.45654895143273,"{'Ba': 8.0, 'Cr': 4.0, 'N': 12.0}","['Ba', 'Cr', 'N']",3,0.299526246687075,7.1886299204898005,0.09327930459860309
mp-1227957,BaFeAs2Ru,6.954649864395456,0.0416149764999991,-0.5839982650000003,FM,0.1424858,0.0013437901625316,0.1424858,106.03277503651196,5,Tetragonal,I-4m2,False,21.20655500730239,"{'Ba': 1.0, 'Fe': 1.0, 'As': 2.0, 'Ru': 1.0}","['As', 'Ba', 'Fe', 'Ru']",4,0.32794812085228603,1.6397406042614302,0.0868953294379011
mp-1194136,Ti6Ga16Co7,7.310464549724735,0.0431329562684732,-0.3699930593103455,FM,1.294618,0.0031397028336738,1.294618,412.337749329333,29,Cubic,Fm-3m,False,14.218543080321828,"{'Ti': 6.0, 'Ga': 16.0, 'Co': 7.0}","['Co', 'Ga', 'Ti']",3,0.5141500439550848,14.910351274697458,0.08682679409417662
mp-1218733,Sr9Fe(PO4)7,3.7896676561171225,0.0224694870277781,-3.176724565833333,FM,2.0071595,0.0015175746390539,1.00357975,1322.6100702705664,90,Monoclinic,Cc,False,14.695667447450738,"{'Sr': 18.0, 'Fe': 2.0, 'P': 14.0, 'O': 56.0}","['Fe', 'O', 'P', 'Sr']",4,0.25787652515058224,23.208887263552402,0.08648236674198831
mp-1036838,SrMg30NiO32,3.629300364928373,0.0409891532812505,-2.9429716676562494,FM,1.9999971,0.0031505592720062,1.9999971,634.8070064164896,64,Tetragonal,P4/mmm,False,9.91885947525765,"{'Sr': 1.0, 'Mg': 30.0, 'Ni': 1.0, 'O': 32.0}","['Mg', 'Ni', 'O', 'Sr']",4,0.36589895985335547,23.41753343061475,0.08540596753820869
mp-2647006,Cr5SiB2,6.329588903630545,0.0406861881250009,-0.2358620918749991,FM,1.6918336,0.0052059462919439,0.4229584,324.98099387196055,32,Tetragonal,I4/mcm,False,10.155656058498767,"{'Cr': 20.0, 'Si': 4.0, 'B': 8.0}","['B', 'Cr', 'Si']",3,0.6232575096252521,19.944240308008066,0.08482817965849972
mp-1208188,U2CoSi2(H7O9)2,3.67970625532698,0.0417469071170977,-2.0652300584459455,FM,2.0007047,0.0024816355860948,1.00035235,806.204066064486,74,Orthorhombic,Cmce,False,10.894649541411974,"{'U': 4.0, 'Co': 2.0, 'Si': 4.0, 'H': 28.0, 'O': 36.0}","['Co', 'H', 'O', 'Si', 'U']",5,0.3377535221614922,24.99376063995042,0.0800481659731526
mp-10922,Mg2Co12P7,6.686660144255706,0.0,-0.6074128501190466,FM,0.9593509,0.0039718455933252,0.9593509,241.53781345684845,21,Hexagonal,P-6,True,11.501800640802308,"{'Mg': 2.0, 'Co': 12.0, 'P': 7.0}","['Co', 'Mg', 'P']",3,0.5813576806865327,12.208511294417187,0.07858049821674001
mp-1217366,Ti2Nb2Ni2C,7.03415645955626,0.0047009000000013,-0.4345281130952391,FM,1.0521887,0.0027115252271585,0.263047175,388.0431166420008,28,Tetragonal,I-4m2,False,13.858682737214313,"{'Ti': 8.0, 'Nb': 8.0, 'Ni': 8.0, 'C': 4.0}","['C', 'Nb', 'Ni', 'Ti']",4,0.5075631351793376,14.211767785021452,0.07403644049890531
mp-1206415,MgNi3B,6.08649823628094,0.043298927155301,-0.2657708988333326,FM,0.1910327,0.0033154311730413,0.1910327,57.6192627834772,5,Cubic,Pm-3m,False,11.52385255669544,"{'Mg': 1.0, 'Ni': 3.0, 'B': 1.0}","['B', 'Mg', 'Ni']",3,0.5281652300162971,2.6408261500814856,0.07233823400079005
mp-1195553,Zr(Zn10Fe)2,7.329649020190377,0.0,-0.1332710269565217,FM,1.4875479,0.0021726189502588,0.74377395,684.6796120519899,46,Cubic,Fd-3m,True,14.884339392434564,"{'Zr': 2.0, 'Zn': 40.0, 'Fe': 4.0}","['Fe', 'Zn', 'Zr']",3,0.4924403312058245,22.652255235467926,0.06566886539715752
mp-643923,Zr2CoH5,5.9856601977516535,0.0317181440624985,-0.5274282848437508,FM,1.3891113,0.0050799856181085,0.347277825,273.4478804523079,32,Tetragonal,P4/ncc,False,8.545246264134622,"{'Zr': 8.0, 'Co': 4.0, 'H': 20.0}","['Co', 'H', 'Zr']",3,0.7004666703257173,22.414933450422954,0.06197258194285598
mp-1104735,Ca2Ni10H,6.6196235977817155,0.0447450185256421,-0.1129400862500008,FM,0.3985418,0.0023780333594866,0.3985418,167.59302320553977,13,Monoclinic,Cm,False,12.89177101581075,"{'Ca': 2.0, 'Ni': 10.0, 'H': 1.0}","['Ca', 'H', 'Ni']",3,0.5134766658252977,6.67519665572887,0.059704877706929955
mp-1228979,Ba10Ti8NbNiO30,5.877654673615202,0.0127526552249968,-3.323934518933334,FM,1.2721863,0.001885862208891,1.2721863,674.591332284067,50,Tetragonal,I4/mmm,False,13.49182664568134,"{'Ba': 10.0, 'Ti': 8.0, 'Nb': 1.0, 'Ni': 1.0, 'O': 30.0}","['Ba', 'Nb', 'Ni', 'O', 'Ti']",5,0.4356455821715296,21.78227910857648,0.058404645981195505
mp-752,Mn15Si26,5.248503930356085,0.0049286980691078,-0.2798682693291467,FM,2.0107231,0.0020444458899087,1.00536155,983.5051687720232,82,Tetragonal,I-42d,False,11.99396547282955,"{'Mn': 30.0, 'Si': 52.0}","['Mn', 'Si']",2,0.43759538429935857,35.8828215125474,0.056035813663563104
mp-9916,NbCrSi,6.771817387497031,0.0253131738288274,-0.4348904453153213,FM,0.2271704,0.0017851335026098,0.0757234666666666,127.25681281981149,9,Hexagonal,P-62m,False,14.139645868867945,"{'Nb': 3.0, 'Cr': 3.0, 'Si': 3.0}","['Cr', 'Nb', 'Si']",3,0.47892411523593553,4.310317037123419,0.05270387260228239
mp-1215609,ZnGa11Co4,7.281147953721813,0.0003923965624981,-0.2014561884375023,FM,0.3943143,0.0016187638329651,0.3943143,243.58976397298943,16,Monoclinic,P2/m,False,15.22436024831184,"{'Zn': 1.0, 'Ga': 11.0, 'Co': 4.0}","['Co', 'Ga', 'Zn']",3,0.4782564150456954,7.652102640731126,0.051530189611038064
mp-1204438,Cr6CuSi2(Pb5O17)2,6.101037282472772,0.0368933873742163,-1.79760091754717,FM,1.0041732,0.001210583669979,1.0041732,829.495081506744,53,Triclinic,P-1,False,15.650850594466869,"{'Cr': 6.0, 'Cu': 1.0, 'Si': 2.0, 'Pb': 10.0, 'O': 34.0}","['Cr', 'Cu', 'O', 'Pb', 'Si']",5,0.3898214506392199,20.660536883878656,0.04860344170356739
mp-1246164,Ba3CoN3,5.313076202196576,0.0354794892380931,-0.5525179014285716,FM,0.1117797,0.0003486327275042,0.05588985,320.62308320904566,14,Hexagonal,P6_3/m,False,22.90164880064612,"{'Ba': 6.0, 'Co': 2.0, 'N': 6.0}","['Ba', 'Co', 'N']",3,0.23199535755900152,3.2479350058260215,0.03441562094053417
mp-1228788,Al4Ni12C,7.232051563581359,0.0382972319117627,-0.3630390292647037,FM,0.3487849,0.0018429226246211,0.3487849,189.25639923255244,17,Tetragonal,P4/mmm,False,11.132729366620731,"{'Al': 4.0, 'Ni': 12.0, 'C': 1.0}","['Al', 'C', 'Ni']",3,0.6496207107365084,11.043552082520643,0.031582673526939296
mp-1035566,Mg14CuNiO16,3.8826842824410495,0.0411025315625002,-2.75520815375,FM,0.3335747,0.0010855490012525,0.3335747,307.2866352556237,32,Orthorhombic,Pmmm,False,9.60270735173824,"{'Mg': 14.0, 'Cu': 1.0, 'Ni': 1.0, 'O': 16.0}","['Cu', 'Mg', 'Ni', 'O']",4,0.4043322513351636,12.938632042725235,0.025781295804571
mp-1189988,Nb4CrSi3,6.889639537943528,0.027335173868245,-0.5918041004729702,FM,0.1686436,0.0006888549251334,0.0843218,244.81729584400577,16,Tetragonal,I4/mcm,False,15.30108099025036,"{'Nb': 8.0, 'Cr': 2.0, 'Si': 6.0}","['Cr', 'Nb', 'Si']",3,0.45027142476623133,7.204342796259701,0.023408602945372777
mp-1215296,ZrMnCr,7.389557000034293,0.0054785166666686,-0.1044449643103438,FM,0.1083543,0.0006083360265684,0.027088575,178.11586897330233,12,Orthorhombic,Amm2,False,14.842989081108527,"{'Zr': 4.0, 'Mn': 4.0, 'Cr': 4.0}","['Cr', 'Mn', 'Zr']",3,0.49784830802303703,5.974179696276444,0.018137100909022624
mp-12695,CaMg2Ni9,6.399633973603123,0.0034315595833342,-0.1575439700000001,FM,0.092468,0.0005776471001671,0.092468,160.07697428628745,12,Trigonal,R-3m,False,13.339747857190622,"{'Ca': 1.0, 'Mg': 2.0, 'Ni': 9.0}","['Ca', 'Mg', 'Ni']",3,0.47974174940296804,5.756900992835616,0.016062113994156777
mp-28170,Ca5Ni15B4,5.991204004887746,0.0,-0.3259632038194446,FM,0.2262119,0.000363053499418,0.11310595,623.0814476725411,48,Hexagonal,P6_3/mmc,True,12.98086349317794,"{'Ca': 10.0, 'Ni': 30.0, 'B': 8.0}","['B', 'Ca', 'Ni']",3,0.4615412532483997,22.153980155923186,0.010210892056771973
mp-1226994,Mg2Co3Sn10,7.041382811382777,0.013528144666667,-0.0592143004999996,FM,0.3643675,0.000136731034617,0.0455459375,2664.8485548319313,120,Monoclinic,Cm,False,22.207071290266093,"{'Mg': 16.0, 'Co': 24.0, 'Sn': 80.0}","['Co', 'Mg', 'Sn']",3,0.31707840801453135,38.049408961743765,0.00957616714536481
mp-1227887,Ca3MgNi14,6.2287017121862185,0.0051830804861117,-0.1413656102777775,FM,0.0313401,0.000121663648017,0.0313401,257.5962541876088,18,Trigonal,R3m,False,14.310903010422711,"{'Ca': 3.0, 'Mg': 1.0, 'Ni': 14.0}","['Ca', 'Mg', 'Ni']",3,0.4352416970228797,7.834350546411835,0.004000344357115077
mp-1196553,Nb13Co40Si31,7.342531737076679,0.0346239393452378,-0.5486817944047627,FM,0.2415057,0.0001203721346687,0.12075285,2006.325638941968,168,Hexagonal,P6/mmm,False,11.942414517511711,"{'Nb': 26.0, 'Co': 80.0, 'Si': 62.0}","['Co', 'Nb', 'Si']",3,0.6148280757052929,103.2911167184892,0.002338107164222093
mp-1185627,Mg149Mn,1.7880152818431028,0.01815313318046,0.0181531331804599,FM,0.0005531,1.6199627643513592e-07,0.0005531,3414.276007889995,150,Hexagonal,P-6m2,False,22.76184005259997,"{'Mg': 149.0, 'Mn': 1.0}","['Mg', 'Mn']",2,0.07855319595038042,11.782979392557063,4.694058960583227e-05
mp-1101240,V3Co(PO4)6,3.1150385136224865,0.0251773313235368,-2.4093244861134453,FM,0.0,0.0,0.0,416.6413552171247,34,Trigonal,R3,False,12.254157506386022,"{'V': 3.0, 'Co': 1.0, 'P': 6.0, 'O': 24.0}","['Co', 'O', 'P', 'V']",4,0.2542025848777562,8.642887885843711,0.0
