entry_id,reduced_formula,nelem,spacegroup_symbol,crystal_system,magnetic_ordering,magnetic_polarization_T,total_magnetic_moment_uB,mae_energy_da_meV_cell,mae_constant_da_MJ_m3,easy_axis,kappa,curie_temperature_K,formation_energy_meV_atom,above_hull_meV_atom,formula_key,formula_parse_status
MMD-1,Fe,1,Im-3m,cubic,Ferromagnetic,2.18,4.46,0.001,0.009,a,0.049,953.2,0.0,0.0,Fe1,ok
MMD-2,Co,1,P6_3/mmc,hexagonal,Ferromagnetic,1.72,3.23,,,c,0.307,1474.2,0.0,0.0,Co1,ok
MMD-3,Ni,1,Fm-3m,cubic,Ferromagnetic,0.68,2.59,0.001,0.002,a,0.073,401.8,0.0,0.0,Ni1,ok
MMD-4,FeCo5N2,3,C2,monoclinic,Ferromagnetic,0.95,12.74,,,b,0.632,,40.236808,73.484,Co5Fe1N2,ok
MMD-5,FeCo5N2,3,Amm2,orthorhombic,Ferromagnetic,1.25,17.02,,,c,0.715,,62.982214,96.23,Co5Fe1N2,ok
MMD-6,FeCo5N2,3,Cmmm,orthorhombic,Ferromagnetic,1.26,17.16,,,c,0.736,,66.101168,99.349,Co5Fe1N2,ok
MMD-7,FeCo2N,3,C222_1,orthorhombic,Ferromagnetic,1.17,15.78,,,a,1.231,,16.372598,82.867,Co2Fe1N1,ok
MMD-8,FeCo2N,3,Cc,monoclinic,Ferromagnetic,1.09,14.72,,,b,0.938,,17.715421,84.21,Co2Fe1N1,ok
MMD-9,FeCo2N,3,Amm2,orthorhombic,Ferromagnetic,1.33,18.16,,,c,1.08,,40.047681,106.542,Co2Fe1N1,ok
MMD-10,Fe3Co3N2,3,P1,triclinic,Ferromagnetic,1.25,8.45,,,,,,-5.011285,78.546,Co3Fe3N2,ok
MMD-11,Fe3Co3N2,3,Amm2,orthorhombic,Ferromagnetic,1.4,19.2,,,c,1.177,,9.320304,92.878,Co3Fe3N2,ok
MMD-12,Fe3Co3N2,3,Amm2,orthorhombic,Ferromagnetic,1.59,21.89,,,c,1.053,,12.14597,95.704,Co3Fe3N2,ok
MMD-13,Fe2CoN,3,C2,monoclinic,Ferromagnetic,1.5,20.55,,,a,0.875,,-27.787176,72.833,Co1Fe2N1,ok
MMD-14,Fe2CoN,3,Cmcm,orthorhombic,Ferromagnetic,1.72,23.95,,,b,0.655,,-8.786127,91.834,Co1Fe2N1,ok
MMD-15,Fe2CoN,3,Amm2,orthorhombic,Ferromagnetic,1.62,22.36,,,c,0.987,,-1.807968,98.812,Co1Fe2N1,ok
MMD-16,Fe5CoN2,3,C2,monoclinic,Ferromagnetic,1.65,22.75,,,a,0.71,,-46.637491,45.124,Co1Fe5N2,ok
MMD-17,Fe5CoN2,3,Amm2,orthorhombic,Ferromagnetic,1.73,23.88,,,c,0.787,,-14.680516,77.08,Co1Fe5N2,ok
MMD-18,Fe5CoN2,3,Cmmm,orthorhombic,Ferromagnetic,1.77,24.79,,,a,0.744,,-8.208821,83.552,Co1Fe5N2,ok
MMD-19,FeCo7N2,3,P4/mmm,tetragonal,Ferromagnetic,1.54,13.66,,,ab plane,0.459,,35.198232,61.796,Co7Fe1N2,ok
MMD-20,FeCo7N2,3,I4/mmm,tetragonal,Ferromagnetic,1.55,27.32,,,c,0.925,,42.609134,69.207,Co7Fe1N2,ok
MMD-21,FeCo3N,3,Pm-3m,cubic,Ferromagnetic,1.66,7.42,0.001,0.003,a,0.034,,-4.46633,48.73,Co3Fe1N1,ok
MMD-22,FeCo3N,3,I4mm,tetragonal,Ferromagnetic,1.65,29.35,,,c,0.769,,11.259832,64.456,Co3Fe1N1,ok
MMD-23,Fe3Co5N2,3,Pmmm,orthorhombic,Ferromagnetic,1.73,15.5,,,a,0.175,,-24.325672,42.52,Co5Fe3N2,ok
MMD-24,Fe3Co5N2,3,I4/mmm,tetragonal,Ferromagnetic,1.73,31.02,,,c,0.627,,-10.566935,56.279,Co5Fe3N2,ok
MMD-25,Fe3Co5N2,3,I-4m2,tetragonal,Ferromagnetic,1.7,30.29,,,c,0.832,,1.585935,68.432,Co5Fe3N2,ok
MMD-26,Fe2Co2N,3,P4/mmm,tetragonal,Ferromagnetic,1.78,8.02,,,ab plane,0.35,,-39.651051,40.845,Co2Fe2N1,ok
MMD-27,Fe2Co2N,3,Imm2,orthorhombic,Ferromagnetic,1.77,31.7,,,c,0.61,,-18.521705,61.975,Co2Fe2N1,ok
MMD-28,Fe5Co3N2,3,Pmmm,orthorhombic,Ferromagnetic,1.82,16.54,,,a,0.489,,-38.48228,55.664,Co3Fe5N2,ok
MMD-29,Fe5Co3N2,3,I4/mmm,tetragonal,Ferromagnetic,1.86,33.54,,,c,0.86,,-25.059325,69.087,Co3Fe5N2,ok
MMD-30,Fe3CoN,3,Pmm2,orthorhombic,Ferromagnetic,1.92,17.63,,,c,0.28,,-36.257122,54.105,Co1Fe3N1,ok
MMD-31,Fe3CoN,3,I4mm,tetragonal,Ferromagnetic,1.91,34.63,,,c,0.579,,-32.954359,57.408,Co1Fe3N1,ok
MMD-32,Fe7CoN2,3,P4/mmm,tetragonal,Ferromagnetic,2.01,18.67,,,c,0.516,,-36.531128,37.446,Co1Fe7N2,ok
MMD-33,Fe7CoN2,3,I4mm,tetragonal,Ferromagnetic,2.0,36.61,,,c,0.529,,-31.503699,42.474,Co1Fe7N2,ok
MMD-34,FeCo4N,3,Amm2,orthorhombic,Ferromagnetic,1.57,33.84,,,c,0.745,,13.651115,57.981,Co4Fe1N1,ok
MMD-35,FeCo4N,3,Amm2,orthorhombic,Ferromagnetic,1.56,33.45,,,c,0.719,,25.284164,69.614,Co4Fe1N1,ok
MMD-36,FeCo4N,3,I4/m,tetragonal,Ferromagnetic,1.46,15.36,,,ab plane,1.061,,27.676103,72.006,Co4Fe1N1,ok
MMD-37,Fe2Co3N,3,Amm2,orthorhombic,Ferromagnetic,1.68,36.52,,,c,0.79,,-12.496149,54.584,Co3Fe2N1,ok
MMD-38,Fe2Co3N,3,Amm2,orthorhombic,Ferromagnetic,1.68,36.49,,,c,0.765,,-10.390259,56.69,Co3Fe2N1,ok
MMD-39,Fe2Co3N,3,Amm2,orthorhombic,Ferromagnetic,1.67,36.31,,,c,0.792,,-9.368959,57.711,Co3Fe2N1,ok
MMD-40,Fe2Co3N,3,Amm2,orthorhombic,Ferromagnetic,1.68,36.64,,,c,0.724,,-9.43485,57.645,Co3Fe2N1,ok
MMD-41,Fe2Co3N,3,Amm2,orthorhombic,Ferromagnetic,1.67,36.34,,,c,0.79,,-8.348123,58.732,Co3Fe2N1,ok
MMD-42,Fe3Co2N,3,Amm2,orthorhombic,Ferromagnetic,1.74,37.78,,,c,0.613,,-18.452861,71.378,Co2Fe3N1,ok
MMD-43,Fe3Co2N,3,Amm2,orthorhombic,Ferromagnetic,1.78,38.6,,,c,0.812,,-14.311513,75.519,Co2Fe3N1,ok
MMD-44,Fe3Co2N,3,Amm2,orthorhombic,Ferromagnetic,1.77,38.45,,,c,0.597,,-13.684103,76.147,Co2Fe3N1,ok
MMD-45,Fe4CoN,3,Amm2,orthorhombic,Ferromagnetic,1.99,44.35,,,c,0.596,,-18.243832,59.774,Co1Fe4N1,ok
MMD-46,Fe4CoN,3,Amm2,orthorhombic,Ferromagnetic,1.98,21.92,,,c,0.536,,-13.854208,64.164,Co1Fe4N1,ok
MMD-47,Fe4CoN,3,Amm2,orthorhombic,Ferromagnetic,1.97,43.83,,,c,0.691,,-12.71104,65.307,Co1Fe4N1,ok
MMD-48,FeCo5N,3,P4mm,tetragonal,Ferromagnetic,1.64,20.85,,,c,0.496,,14.798541,52.796,Co5Fe1N1,ok
MMD-49,FeCo5N,3,P4/mmm,tetragonal,Ferromagnetic,1.63,20.59,,,ab plane,0.071,,21.60106,59.598,Co5Fe1N1,ok
MMD-50,FeCo5N,3,P4mm,tetragonal,Ferromagnetic,1.61,20.41,,,ab plane,0.459,,23.885866,61.883,Co5Fe1N1,ok
MMD-51,Fe2Co4N,3,P4/mmm,tetragonal,Ferromagnetic,1.72,21.94,,,c,0.481,,-16.520702,40.977,Co4Fe2N1,ok
MMD-52,Fe2Co4N,3,Pmm2,orthorhombic,Ferromagnetic,1.71,21.86,,,c,0.622,,-11.91938,45.578,Co4Fe2N1,ok
MMD-53,Fe3Co3N,3,Pmmm,orthorhombic,Ferromagnetic,1.74,22.29,,,c,0.541,,-19.362583,57.635,Co3Fe3N1,ok
MMD-54,Fe3Co3N,3,Pmm2,orthorhombic,Ferromagnetic,1.76,22.47,,,c,0.597,,-17.530429,59.467,Co3Fe3N1,ok
MMD-55,Fe3Co3N,3,P4/mmm,tetragonal,Ferromagnetic,1.86,24.11,,,c,0.705,,-11.12921,65.868,Co3Fe3N1,ok
MMD-56,Fe4Co2N,3,P4mm,tetragonal,Ferromagnetic,1.97,25.64,,,c,0.715,,-19.177254,66.038,Co2Fe4N1,ok
MMD-57,Fe4Co2N,3,P4/mmm,tetragonal,Ferromagnetic,2.02,26.47,,,c,0.751,,-20.07866,65.137,Co2Fe4N1,ok
MMD-58,Fe5CoN,3,P4/mmm,tetragonal,Ferromagnetic,2.11,27.78,,,c,0.437,,-22.266263,45.013,Co1Fe5N1,ok
MMD-59,Fe5CoN,3,P4/mmm,tetragonal,Ferromagnetic,2.12,27.87,,,c,0.634,,-15.332118,51.947,Co1Fe5N1,ok
MMD-60,Fe5CoN,3,P4mm,tetragonal,Ferromagnetic,2.05,26.83,,,c,0.676,,-10.381042,56.898,Co1Fe5N1,ok
MMD-61,FeCo6N,3,Amm2,orthorhombic,Ferromagnetic,1.65,47.81,,,c,0.287,,19.023991,52.271,Co6Fe1N1,ok
MMD-62,FeCo6N,3,Cmmm,orthorhombic,Ferromagnetic,1.63,47.22,,,c,0.491,,21.442809,54.69,Co6Fe1N1,ok
MMD-63,Fe2Co5N,3,Cmmm,orthorhombic,Ferromagnetic,1.74,51.01,,,c,0.185,,-6.515149,43.795,Co5Fe2N1,ok
MMD-64,Fe2Co5N,3,Amm2,orthorhombic,Ferromagnetic,1.73,50.54,,,c,0.811,,3.829078,54.139,Co5Fe2N1,ok
MMD-65,Fe3Co4N,3,Amm2,orthorhombic,Ferromagnetic,1.75,51.59,,,c,0.376,,-7.170565,60.202,Co4Fe3N1,ok
MMD-66,Fe3Co4N,3,Amm2,orthorhombic,Ferromagnetic,1.79,52.65,,,c,0.729,,-6.528763,60.844,Co4Fe3N1,ok
MMD-67,Fe3Co4N,3,Amm2,orthorhombic,Ferromagnetic,1.78,52.09,,,c,0.869,,-5.338681,62.034,Co4Fe3N1,ok
MMD-68,Fe3Co4N,3,Amm2,orthorhombic,Ferromagnetic,1.84,54.47,,,c,0.826,,-6.902542,60.47,Co4Fe3N1,ok
MMD-69,Fe4Co3N,3,Amm2,orthorhombic,Ferromagnetic,1.99,59.0,,,c,0.717,,-17.733197,66.703,Co3Fe4N1,ok
MMD-70,Fe4Co3N,3,Amm2,orthorhombic,Ferromagnetic,1.94,28.88,,,c,0.709,,-17.059805,67.376,Co3Fe4N1,ok
MMD-71,Fe4Co3N,3,Amm2,orthorhombic,Ferromagnetic,1.96,58.18,,,c,0.698,,-16.020163,68.416,Co3Fe4N1,ok
MMD-72,Fe4Co3N,3,Amm2,orthorhombic,Ferromagnetic,1.96,58.1,,,c,0.754,,-14.280836,70.155,Co3Fe4N1,ok
MMD-73,Fe5Co2N,3,Amm2,orthorhombic,Ferromagnetic,2.09,62.34,,,c,0.491,,-23.782776,55.922,Co2Fe5N1,ok
MMD-74,Fe5Co2N,3,Amm2,orthorhombic,Ferromagnetic,2.08,31.37,,,c,0.594,,-23.423267,56.282,Co2Fe5N1,ok
MMD-75,Fe5Co2N,3,Amm2,orthorhombic,Ferromagnetic,2.05,61.25,,,c,0.659,,-19.919927,59.785,Co2Fe5N1,ok
MMD-76,Fe6CoN,3,Amm2,orthorhombic,Ferromagnetic,2.17,65.2,,,c,0.246,,-23.663395,35.561,Co1Fe6N1,ok
MMD-77,Fe6CoN,3,Amm2,orthorhombic,Ferromagnetic,2.12,63.44,,,c,0.452,,-18.27865,40.946,Co1Fe6N1,ok
MMD-78,Fe6CoN,3,Amm2,orthorhombic,Ferromagnetic,2.1,63.46,,,c,0.567,,-16.69308,42.531,Co1Fe6N1,ok
MMD-79,FeCo7N,3,P4/nmm,tetragonal,Ferromagnetic,1.53,24.67,,,ab plane,0.306,,7.932947,37.486,Co7Fe1N1,ok
MMD-80,FeCo7N,3,F-43m,cubic,Ferromagnetic,1.53,49.18,-0.013,-0.005,<111>,0.054,,8.015534,37.569,Co7Fe1N1,ok
MMD-81,FeCo7N,3,Cmmm,orthorhombic,Ferromagnetic,1.55,25.12,,,a,0.654,,19.848025,49.401,Co7Fe1N1,ok
MMD-82,Fe2Co6N,3,Fm-3m,cubic,Ferromagnetic,1.57,50.77,-0.009,-0.004,<111>,0.044,,-27.713345,17.007,Co6Fe2N1,ok
MMD-83,Fe2Co6N,3,P4/mmm,tetragonal,Ferromagnetic,1.66,13.63,,,c,0.685,,-8.283657,36.436,Co6Fe2N1,ok
MMD-84,Fe3Co5N,3,I4mm,tetragonal,Ferromagnetic,1.57,25.37,,,c,0.426,,-15.159176,44.728,Co5Fe3N1,ok
MMD-85,Fe3Co5N,3,Pmmm,orthorhombic,Ferromagnetic,1.7,14.05,,,c,0.051,,-12.377521,47.51,Co5Fe3N1,ok
MMD-86,Fe4Co4N,3,P4/mmm,tetragonal,Ferromagnetic,1.97,16.59,,,c,0.731,,-18.781724,56.272,Co4Fe4N1,ok
MMD-87,Fe4Co4N,3,P4/mmm,tetragonal,Ferromagnetic,2.0,16.73,,,c,0.589,,-14.298056,60.756,Co4Fe4N1,ok
MMD-88,Fe4Co4N,3,P4/mmm,tetragonal,Ferromagnetic,1.78,14.82,,,c,0.725,,-9.680962,65.373,Co4Fe4N1,ok
MMD-89,Fe5Co3N,3,I-4m2,tetragonal,Ferromagnetic,2.03,34.33,,,c,0.58,,-19.657697,62.699,Co3Fe5N1,ok
MMD-90,Fe5Co3N,3,P4mm,tetragonal,Ferromagnetic,2.05,17.35,,,c,0.661,,-17.368062,64.988,Co3Fe5N1,ok
MMD-91,Fe5Co3N,3,P4/nmm,tetragonal,Ferromagnetic,2.01,33.92,,,c,0.785,,-15.296352,67.06,Co3Fe5N1,ok
MMD-92,Fe5Co3N,3,P4/mmm,tetragonal,Ferromagnetic,2.01,33.9,,,c,0.806,,-13.668649,68.688,Co3Fe5N1,ok
MMD-93,Fe6Co2N,3,I4/mmm,tetragonal,Ferromagnetic,2.07,35.2,,,c,0.48,,-22.634049,50.716,Co2Fe6N1,ok
MMD-94,Fe6Co2N,3,P4/mmm,tetragonal,Ferromagnetic,2.15,18.37,,,c,0.256,,-22.76638,50.583,Co2Fe6N1,ok
MMD-95,Fe6Co2N,3,Pmmm,orthorhombic,Ferromagnetic,2.08,35.32,,,c,0.679,,-17.100657,56.249,Co2Fe6N1,ok
MMD-96,Fe6Co2N,3,Pmm2,orthorhombic,Ferromagnetic,2.08,35.35,,,c,0.763,,-16.233611,57.116,Co2Fe6N1,ok
MMD-97,Fe6Co2N,3,I4/mmm,tetragonal,Ferromagnetic,2.08,35.46,,,c,0.885,,-15.999547,57.35,Co2Fe6N1,ok
MMD-98,Fe7CoN,3,P4/nmm,tetragonal,Ferromagnetic,2.11,36.17,,,c,0.574,,-23.519864,29.124,Co1Fe7N1,ok
MMD-99,Fe7CoN,3,I-4m2,tetragonal,Ferromagnetic,2.16,37.02,,,c,0.638,,-21.624922,31.019,Co1Fe7N1,ok
MMD-100,Fe7CoN,3,I4mm,tetragonal,Ferromagnetic,2.12,36.35,,,c,0.612,,-19.560817,33.083,Co1Fe7N1,ok
MMD-101,CoN,2,F-43m,cubic,Ferromagnetic,0.0,0.0,,,,,,85.451483,85.451483,Co1N1,ok
MMD-102,CoN,2,P6_3mc,hexagonal,Ferromagnetic,0.0,0.0,,,,,,144.382498,144.382498,Co1N1,ok
MMD-103,Co2N,2,Pnnm,orthorhombic,Ferromagnetic,0.0,0.0,,,,,,63.844044,63.844044,Co2N1,ok
MMD-104,Co2N,2,Cmcm,orthorhombic,Ferromagnetic,0.4,4.03,,,a,2.934,,97.824235,97.824235,Co2N1,ok
MMD-105,Co2N,2,P1,triclinic,Ferromagnetic,0.18,0.86,,,,,,113.214027,113.214027,Co2N1,ok
MMD-106,Co2N,2,P1,triclinic,Ferromagnetic,0.23,1.1,,,,,,122.478013,122.478013,Co2N1,ok
MMD-107,Co2N,2,Pmn2_1,orthorhombic,Ferromagnetic,0.42,1.93,,,c,1.249,,146.774278,146.774278,Co2N1,ok
MMD-108,Co2N,2,Pmma,orthorhombic,Ferromagnetic,0.65,3.12,,,b,0.289,,149.395212,149.395212,Co2N1,ok
MMD-109,Co3N,2,R-3c,trigonal,Ferromagnetic,0.81,16.15,,,c,1.289,,68.244218,68.244218,Co3N1,ok
MMD-110,Co3N,2,P6_322,hexagonal,Ferromagnetic,0.87,5.73,,,c,0.459,,68.782052,68.782052,Co3N1,ok
MMD-111,Co3N,2,Cmcm,orthorhombic,Ferromagnetic,0.69,9.42,,,b,1.547,,97.116458,97.116458,Co3N1,ok
MMD-112,Co3N,2,Cmcm,orthorhombic,Ferromagnetic,1.19,16.09,,,b,0.406,,108.9784,108.9784,Co3N1,ok
MMD-113,Co3N,2,Cmmm,orthorhombic,Ferromagnetic,1.21,16.45,,,c,0.883,,109.384794,109.384794,Co3N1,ok
MMD-114,Co3N,2,Cm,monoclinic,Ferromagnetic,0.72,9.56,,,,,,124.009246,124.009246,Co3N1,ok
MMD-115,Co3N,2,Cmcm,orthorhombic,Ferromagnetic,0.83,11.54,,,b,0.164,,127.351963,127.351963,Co3N1,ok
MMD-116,Co3N,2,Immm,orthorhombic,Ferromagnetic,0.97,6.41,,,c,0.777,,134.670086,134.670086,Co3N1,ok
MMD-117,Co4N,2,P2_1/c,monoclinic,Ferromagnetic,1.09,9.29,,,a,1.145,,68.178557,68.178557,Co4N1,ok
MMD-118,Co4N,2,C2,monoclinic,Ferromagnetic,1.06,18.0,,,b,0.325,,72.290281,72.290281,Co4N1,ok
MMD-119,Co4N,2,P2_12_12,orthorhombic,Ferromagnetic,1.12,9.59,,,b,0.322,,77.742739,77.742739,Co4N1,ok
MMD-120,Co4N,2,Pm-3m,cubic,Ferromagnetic,1.43,6.3,-0.001,-0.004,<111>,0.048,,74.572338,74.572338,Co4N1,ok
MMD-121,Co4N,2,Pmna,orthorhombic,Ferromagnetic,1.14,9.72,,,b,0.309,,79.943066,79.943066,Co4N1,ok
MMD-122,Co4N,2,I4/mmm,tetragonal,Ferromagnetic,1.43,25.18,,,c,1.135,,79.432784,79.432784,Co4N1,ok
MMD-123,Co4N,2,Cmcm,orthorhombic,Ferromagnetic,0.93,16.14,,,b,0.134,,79.370089,79.370089,Co4N1,ok
MMD-124,Co4N,2,I4/mmm,tetragonal,Ferromagnetic,1.4,12.29,,,c,1.411,,87.904346,87.904346,Co4N1,ok
MMD-125,Co4N,2,Pmma,orthorhombic,Ferromagnetic,1.23,10.63,,,b,0.394,,87.816916,87.816916,Co4N1,ok
MMD-126,Co5N,2,I4/m,tetragonal,Ferromagnetic,1.3,13.64,,,ab plane,1.345,,63.016274,63.016274,Co5N1,ok
MMD-127,Co5N,2,Cmcm,orthorhombic,Ferromagnetic,1.41,30.03,,,b,0.151,,63.162574,63.162574,Co5N1,ok
MMD-128,Co5N,2,Cmmm,orthorhombic,Ferromagnetic,1.42,30.29,,,a,0.563,,63.256941,63.256941,Co5N1,ok
MMD-129,Co5N,2,C2,monoclinic,Ferromagnetic,1.24,25.82,,,b,0.635,,69.080595,69.080595,Co5N1,ok
MMD-130,Co5N,2,C2/c,monoclinic,Ferromagnetic,1.35,28.27,,,c,0.447,,71.456122,71.456122,Co5N1,ok
MMD-131,Co5N,2,Cmcm,orthorhombic,Ferromagnetic,1.34,28.15,,,c,0.178,,79.532777,79.532777,Co5N1,ok
MMD-132,Co5N,2,C222_1,orthorhombic,Ferromagnetic,1.24,25.82,,,c,0.262,,81.667347,81.667347,Co5N1,ok
MMD-133,Co6N,2,C2/m,monoclinic,Ferromagnetic,1.32,16.14,,,a,0.418,,61.651188,61.651188,Co6N1,ok
MMD-134,Co6N,2,P4/mmm,tetragonal,Ferromagnetic,1.51,18.94,,,c,0.549,,62.092926,62.092926,Co6N1,ok
MMD-135,Co6N,2,P-1,triclinic,Ferromagnetic,1.45,17.96,,,,,,64.879237,64.879237,Co6N1,ok
MMD-136,Co6N,2,Cmme,orthorhombic,Ferromagnetic,1.37,33.61,,,b,0.492,,66.103065,66.103065,Co6N1,ok
MMD-137,Co6N,2,Imma,orthorhombic,Ferromagnetic,1.38,34.22,,,b,0.76,,72.646979,72.646979,Co6N1,ok
MMD-138,Co6N,2,R-3,trigonal,Ferromagnetic,1.37,25.2,,,ab plane,0.441,,78.022939,78.022939,Co6N1,ok
MMD-139,Co6N,2,Pnnm,orthorhombic,Ferromagnetic,1.37,16.9,,,b,0.195,,81.173443,81.173443,Co6N1,ok
MMD-140,Co6N,2,P-31m,trigonal,Ferromagnetic,1.41,8.7,,,c,0.582,,81.795943,81.795943,Co6N1,ok
MMD-141,Co7N,2,P-1,triclinic,Ferromagnetic,1.36,19.08,,,,,,50.630543,50.630543,Co7N1,ok
MMD-142,Co7N,2,C2/c,monoclinic,Ferromagnetic,1.35,38.13,,,c,0.325,,56.949693,56.949693,Co7N1,ok
MMD-143,Co7N,2,Cmmm,orthorhombic,Ferromagnetic,1.53,44.06,,,c,0.314,,57.08953,57.08953,Co7N1,ok
MMD-144,Co7N,2,Cmcm,orthorhombic,Ferromagnetic,1.51,43.53,,,b,0.095,,57.898312,57.898312,Co7N1,ok
MMD-145,Co7N,2,Cmcm,orthorhombic,Ferromagnetic,1.44,41.06,,,c,0.257,,69.009254,69.009254,Co7N1,ok
MMD-146,Co8N,2,Fm-3m,cubic,Ferromagnetic,1.45,46.31,0.003,0.001,a,0.029,,38.650729,38.650729,Co8N1,ok
MMD-147,Co8N,2,C2/m,monoclinic,Ferromagnetic,1.39,22.09,,,a,0.592,,41.385168,41.385168,Co8N1,ok
MMD-148,Co8N,2,C2/m,monoclinic,Ferromagnetic,1.51,24.24,,,b,0.098,,41.211091,41.211091,Co8N1,ok
MMD-149,Co8N,2,Cmmm,orthorhombic,Ferromagnetic,1.45,23.35,,,b,0.767,,43.446946,43.446946,Co8N1,ok
MMD-150,Co8N,2,P2_12_12,orthorhombic,Ferromagnetic,1.38,21.97,,,a,0.356,,44.300545,44.300545,Co8N1,ok
MMD-151,Fe3Ni3B2,3,Amm2,orthorhombic,Ferromagnetic,0.76,10.01,,,c,1.165,,18.650909,,B2Fe3Ni3,ok
MMD-152,Fe2NiB,3,Cmcm,orthorhombic,Ferromagnetic,1.12,15.11,,,b,0.878,,124.421085,,B1Fe2Ni1,ok
MMD-153,Fe4NiB,3,I4/m,tetragonal,Ferromagnetic,1.63,16.74,,,c,0.752,,148.589201,,B1Fe4Ni1,ok
MMD-154,Fe4Ni4B,3,P4/mmm,tetragonal,Ferromagnetic,1.46,11.84,,,c,0.848,,78.830943,,B1Fe4Ni4,ok
MMD-155,Fe4Ni2B,3,P4/mmm,tetragonal,Ferromagnetic,1.21,15.06,,,c,1.164,,158.389213,,B1Fe4Ni2,ok
MMD-156,Fe5NiB,3,P4/mmm,tetragonal,Ferromagnetic,1.54,18.96,,,c,0.676,,198.850485,,B1Fe5Ni1,ok
MMD-157,Fe2Ni2B,3,I4/mmm,tetragonal,Ferromagnetic,1.17,10.26,,,c,1.341,,78.022052,,B1Fe2Ni2,ok
MMD-158,Fe2Ni2B,3,I4/mmm,tetragonal,Ferromagnetic,1.11,18.69,,,c,1.138,,6.161378,,B1Fe2Ni2,ok
MMD-159,Fe3NiB,3,I4/mmm,tetragonal,Ferromagnetic,1.45,25.43,,,ab plane,0.947,,172.393289,,B1Fe3Ni1,ok
MMD-160,Fe5Ni3B2,3,I4/mmm,tetragonal,Ferromagnetic,1.04,17.43,,,c,1.152,,44.86058,,B2Fe5Ni3,ok
MMD-161,YCo5,2,R32,trigonal,Ferromagnetic,1.0,41.44,,,c,1.3,,6.525974,128.555894,Co5Y1,ok
MMD-162,YCo5,2,R3m,trigonal,Ferromagnetic,1.02,42.88,,,c,0.87,,-63.574606,58.455314,Co5Y1,ok
MMD-163,YCo5,2,P6_322,hexagonal,Ferromagnetic,1.0,27.63,,,c,1.297,,5.566806,127.596726,Co5Y1,ok
MMD-164,YCo5,2,P-62c,hexagonal,Ferromagnetic,1.0,27.65,,,c,1.36,,6.381759,128.411679,Co5Y1,ok
MMD-165,YCo5,2,P6/mmm,hexagonal,Ferromagnetic,1.01,7.17,,,c,1.826,,-106.909407,15.120513,Co5Y1,ok
MMD-166,ZrCo5,2,R32,trigonal,Ferromagnetic,0.94,36.17,,,c,1.378,,-122.863008,67.823897,Co5Zr1,ok
MMD-167,ZrCo5,2,R3m,trigonal,Ferromagnetic,0.96,37.86,,,c,0.322,,-135.442578,55.244327,Co5Zr1,ok
MMD-168,ZrCo5,2,P6_322,hexagonal,Ferromagnetic,0.94,24.36,,,c,1.219,,-127.89972,62.787186,Co5Zr1,ok
MMD-169,ZrCo5,2,P-62c,hexagonal,Ferromagnetic,0.94,24.19,,,c,1.333,,-128.157582,62.529324,Co5Zr1,ok
MMD-170,ZrCo5,2,P6/mmm,hexagonal,Ferromagnetic,0.97,6.46,,,c,1.164,,-130.754167,59.932738,Co5Zr1,ok
MMD-171,Fe8N,2,P4/mmm,tetragonal,Ferromagnetic,2.18,17.91,,,c,0.169,,70.181927,100.367117,Fe8N1,ok
MMD-172,Fe8N,2,Fm-3m,cubic,Ferromagnetic,2.07,70.7,0.021,0.008,a,0.05,,60.88389,91.06908,Fe8N1,ok
MMD-173,Fe8N,2,Fm-3m,cubic,Ferromagnetic,0.61,18.4,,,,,,78.487315,108.672505,Fe8N1,ok
MMD-174,Fe8N,2,I4/mmm,tetragonal,Ferromagnetic,2.21,38.06,,,c,0.455,,-30.174752,0.010439,Fe8N1,ok
MMD-175,Fe3N,2,P6_322,hexagonal,Ferromagnetic,1.77,12.27,,,ab plane,0.396,,-67.886576,0.030102,Fe3N1,ok
MMD-176,Fe4N,2,Pm-3m,cubic,Ferromagnetic,2.12,9.91,0.0,0.0,a,0.011,,-37.027001,17.306341,Fe4N1,ok
MMD-177,Fe5N,2,Cmcm,orthorhombic,Ferromagnetic,2.07,45.76,,,c,0.232,,-13.202472,32.075313,Fe5N1,ok
MMD-178,Fe5N,2,Cmmm,orthorhombic,Ferromagnetic,2.06,46.16,,,a,0.416,,-13.003189,32.274597,Fe5N1,ok
MMD-179,Fe6N,2,C2/m,monoclinic,Ferromagnetic,2.09,27.33,,,c,0.316,,-4.891521,33.918009,Fe6N1,ok
MMD-180,Fe6N,2,Imma,orthorhombic,Ferromagnetic,2.04,52.57,,,c,0.369,,-4.201975,34.607556,Fe6N1,ok
MMD-181,Fe7N,2,Cmcm,orthorhombic,Ferromagnetic,2.13,63.81,,,a,0.061,,-12.782674,21.175665,Fe7N1,ok
MMD-182,Fe7N,2,Cmmm,orthorhombic,Ferromagnetic,2.12,63.94,,,a,0.318,,-11.084351,22.873988,Fe7N1,ok
MMD-183,Fe8N,2,P4/mmm,tetragonal,Ferromagnetic,2.01,16.78,,,ab plane,0.279,,11.066204,41.251394,Fe8N1,ok
MMD-184,Fe8N,2,P4/mmm,tetragonal,Ferromagnetic,2.0,16.7,,,c,0.267,,11.290244,41.475434,Fe8N1,ok
MMD-185,Fe8N,2,P4/mmm,tetragonal,Ferromagnetic,2.17,18.0,,,c,0.36,,20.083759,50.268949,Fe8N1,ok
MMD-186,Fe5N,2,Cmmm,orthorhombic,Ferromagnetic,2.06,46.16,,,a,0.418,,-13.003194,32.274591,Fe5N1,ok
MMD-187,Fe5N,2,Cmcm,orthorhombic,Ferromagnetic,2.07,45.76,,,c,0.232,,-13.202472,32.075313,Fe5N1,ok
MMD-188,Fe3Ge,2,Cmcm,orthorhombic,Ferromagnetic,1.49,24.79,,,a,0.223,,-24.883907,77.062668,Fe3Ge1,ok
MMD-189,Fe3Ge,2,P6_3/mmc,hexagonal,Ferromagnetic,1.55,12.83,,,ab plane,0.403,,-93.15401,8.792565,Fe3Ge1,ok
MMD-190,Fe3Ge,2,Pm-3m,cubic,Ferromagnetic,1.55,6.42,-0.0,-0.001,<111>,0.022,,-97.497681,4.448894,Fe3Ge1,ok
MMD-191,Fe3Ge,2,Fm-3m,cubic,Ferromagnetic,1.36,21.75,0.002,0.002,a,0.037,,-101.797499,0.149076,Fe3Ge1,ok
MMD-192,CoN,2,F-43m,cubic,Ferromagnetic,0.0,0.0,,,,,,85.82797,85.82797,Co1N1,ok
MMD-193,CoN,2,F-43m,cubic,Ferromagnetic,0.0,0.0,,,,,,86.144728,86.144728,Co1N1,ok
MMD-194,CoN,2,F-43m,cubic,Ferromagnetic,0.0,0.0,,,,,,85.80797,85.80797,Co1N1,ok
MMD-195,CoN,2,F-43m,cubic,Ferromagnetic,0.0,0.0,,,,,,85.460123,85.460123,Co1N1,ok
MMD-196,CoN,2,F-43m,cubic,Ferromagnetic,0.0,0.0,,,,,,86.04561,86.04561,Co1N1,ok
MMD-197,CoN,2,F-43m,cubic,Ferromagnetic,0.0,0.0,,,,,,85.72938,85.72938,Co1N1,ok
MMD-198,CoN,2,F-43m,cubic,Ferromagnetic,0.0,0.0,,,,,,85.837341,85.837341,Co1N1,ok
MMD-199,CoN,2,F-43m,cubic,Ferromagnetic,0.0,0.0,,,,,,86.537592,86.537592,Co1N1,ok
MMD-200,CoN,2,I-4m2,tetragonal,Ferromagnetic,0.0,0.0,,,,,,92.912271,92.912271,Co1N1,ok
MMD-201,Co2N,2,Pnnm,orthorhombic,Ferromagnetic,0.0,0.01,,,,,,64.186477,64.186477,Co2N1,ok
MMD-202,Co2N,2,Pnnm,orthorhombic,Ferromagnetic,0.0,0.01,,,,,,64.166681,64.166681,Co2N1,ok
MMD-203,Co2N,2,Pnnm,orthorhombic,Ferromagnetic,0.0,0.0,,,,,,64.301241,64.301241,Co2N1,ok
MMD-204,Co2N,2,Pnnm,orthorhombic,Ferromagnetic,0.0,0.0,,,,,,64.350607,64.350607,Co2N1,ok
MMD-205,Co2N,2,Pnnm,orthorhombic,Ferromagnetic,0.0,0.0,,,,,,64.092212,64.092212,Co2N1,ok
MMD-206,Co2N,2,Pnnm,orthorhombic,Ferromagnetic,0.0,0.0,,,,,,64.152168,64.152168,Co2N1,ok
MMD-207,Co2N,2,Pnnm,orthorhombic,Ferromagnetic,0.0,0.01,,,,,,64.506075,64.506075,Co2N1,ok
MMD-208,Co2N,2,Pnnm,orthorhombic,Ferromagnetic,0.0,0.0,,,,,,64.154821,64.154821,Co2N1,ok
MMD-209,Co2N,2,Pnnm,orthorhombic,Ferromagnetic,0.0,0.0,,,,,,64.246161,64.246161,Co2N1,ok
MMD-210,Co2N,2,P1,triclinic,Ferromagnetic,0.01,0.04,,,,,,765.926736,765.926736,Co2N1,ok
MMD-211,Co2N,2,Pnnm,orthorhombic,Ferromagnetic,0.0,0.0,,,,,,64.225321,64.225321,Co2N1,ok
MMD-212,Co2N,2,Pnnm,orthorhombic,Ferromagnetic,0.0,0.01,,,,,,65.297201,65.297201,Co2N1,ok
MMD-213,Co2N,2,P4_2/mnm,tetragonal,Ferromagnetic,0.0,0.01,,,,,,67.459918,67.459918,Co2N1,ok
MMD-214,Co2N,2,Pnnm,orthorhombic,Ferromagnetic,0.0,0.0,,,,,,64.145501,64.145501,Co2N1,ok
MMD-215,Co2N,2,Pnnm,orthorhombic,Ferromagnetic,0.0,0.0,,,,,,64.248406,64.248406,Co2N1,ok
MMD-216,Co2N,2,Pnnm,orthorhombic,Ferromagnetic,0.0,0.0,,,,,,64.212645,64.212645,Co2N1,ok
MMD-217,Co2N,2,Pnnm,orthorhombic,Ferromagnetic,0.0,0.0,,,,,,64.112417,64.112417,Co2N1,ok
MMD-218,Co2N,2,Pnnm,orthorhombic,Ferromagnetic,0.0,0.0,,,,,,64.28022,64.28022,Co2N1,ok
MMD-219,Co2N,2,Pnnm,orthorhombic,Ferromagnetic,0.0,0.0,,,,,,64.201806,64.201806,Co2N1,ok
MMD-220,Co2N,2,Pnnm,orthorhombic,Ferromagnetic,0.0,0.0,,,,,,64.401447,64.401447,Co2N1,ok
MMD-221,Co2N,2,Pnnm,orthorhombic,Ferromagnetic,0.0,0.0,,,,,,64.531365,64.531365,Co2N1,ok
MMD-222,Co2N,2,Pnnm,orthorhombic,Ferromagnetic,0.0,0.01,,,,,,64.386322,64.386322,Co2N1,ok
MMD-223,Co2N,2,Pnnm,orthorhombic,Ferromagnetic,0.0,0.0,,,,,,64.169878,64.169878,Co2N1,ok
MMD-224,Co3N,2,Cmmm,orthorhombic,Ferromagnetic,1.22,8.27,,,a,0.817,,109.764155,109.764155,Co3N1,ok
MMD-225,Co4N,2,P2_1/c,monoclinic,Ferromagnetic,1.08,9.32,,,a,1.167,,68.662158,68.662158,Co4N1,ok
MMD-226,Co4N,2,C2,monoclinic,Ferromagnetic,1.06,18.14,,,b,0.291,,72.70633,72.70633,Co4N1,ok
MMD-227,Co5N,2,I4/m,tetragonal,Ferromagnetic,1.3,13.73,,,ab plane,1.339,,63.712046,63.712046,Co5N1,ok
MMD-228,Co5N,2,I4/m,tetragonal,Ferromagnetic,1.3,13.73,,,ab plane,1.341,,63.600525,63.600525,Co5N1,ok
MMD-229,Co5N,2,Cmmm,orthorhombic,Ferromagnetic,1.42,30.38,,,a,0.576,,63.785285,63.785285,Co5N1,ok
MMD-230,Co5N,2,Cmmm,orthorhombic,Ferromagnetic,1.42,30.37,,,a,0.57,,63.672601,63.672601,Co5N1,ok
MMD-231,Co5N,2,Cmmm,orthorhombic,Ferromagnetic,1.42,30.37,,,a,0.574,,63.647056,63.647056,Co5N1,ok
MMD-232,Co5N,2,I4/m,tetragonal,Ferromagnetic,1.3,13.74,,,ab plane,1.342,,63.779258,63.779258,Co5N1,ok
MMD-233,Co5N,2,Cmcm,orthorhombic,Ferromagnetic,1.41,30.16,,,c,0.153,,63.708543,63.708543,Co5N1,ok
MMD-234,Co5N,2,Cmmm,orthorhombic,Ferromagnetic,1.42,30.38,,,a,0.563,,63.766979,63.766979,Co5N1,ok
MMD-235,Co8N,2,Fm-3m,cubic,Ferromagnetic,1.45,46.59,-0.001,-0.0,<111>,0.016,,39.141864,39.141864,Co8N1,ok
MMD-236,Co8N,2,Fm-3m,cubic,Ferromagnetic,1.45,23.24,,,ab plane,0.462,,39.544665,39.544665,Co8N1,ok
MMD-237,Co8N,2,C2/m,monoclinic,Ferromagnetic,1.39,22.27,,,a,0.58,,41.943372,41.943372,Co8N1,ok
MMD-238,Co8N,2,C2/m,monoclinic,Ferromagnetic,1.39,22.26,,,a,0.58,,41.885185,41.885185,Co8N1,ok
MMD-239,Co8N,2,C2/m,monoclinic,Ferromagnetic,1.39,22.27,,,a,0.581,,41.944854,41.944854,Co8N1,ok
MMD-240,Co8N,2,C2/m,monoclinic,Ferromagnetic,1.39,22.23,,,a,0.581,,41.782183,41.782183,Co8N1,ok
MMD-241,Co8N,2,C2/m,monoclinic,Ferromagnetic,1.39,22.22,,,a,0.58,,41.719611,41.719611,Co8N1,ok
MMD-242,Co8N,2,C2/m,monoclinic,Ferromagnetic,1.51,24.38,,,b,0.058,,41.68624,41.68624,Co8N1,ok
MMD-243,Co8N,2,C2/m,monoclinic,Ferromagnetic,1.51,24.34,,,b,0.153,,41.506879,41.506879,Co8N1,ok
MMD-244,Co8N,2,C2/m,monoclinic,Ferromagnetic,1.51,24.42,,,b,0.201,,41.935632,41.935632,Co8N1,ok
MMD-245,Co8N,2,C2/m,monoclinic,Ferromagnetic,1.39,22.2,,,a,0.584,,41.666821,41.666821,Co8N1,ok
MMD-246,Co8N,2,Cmmm,orthorhombic,Ferromagnetic,1.45,23.45,,,a,0.767,,43.868239,43.868239,Co8N1,ok
MMD-247,Co8N,2,Cmmm,orthorhombic,Ferromagnetic,1.45,23.42,,,a,0.763,,43.716195,43.716195,Co8N1,ok
MMD-248,Co8N,2,Cmmm,orthorhombic,Ferromagnetic,1.45,23.47,,,a,0.764,,43.913493,43.913493,Co8N1,ok
MMD-249,Co4N,2,C2,monoclinic,Ferromagnetic,1.02,16.2,,,b,0.51,,106.533713,106.533713,Co4N1,ok
MMD-250,Co4N,2,P2_1/c,monoclinic,Ferromagnetic,1.08,8.68,,,a,1.06,,96.833059,96.833059,Co4N1,ok
MMD-251,Co4N,2,P2_12_12,orthorhombic,Ferromagnetic,1.04,8.21,,,a,0.982,,115.292334,115.292334,Co4N1,ok
MMD-252,Co4N,2,P2_12_12,orthorhombic,Ferromagnetic,1.04,8.29,,,a,0.969,,112.640407,112.640407,Co4N1,ok
MMD-253,Co5N,2,C2,monoclinic,Ferromagnetic,1.2,23.24,,,b,0.592,,106.48568,106.48568,Co5N1,ok
MMD-254,Co5N,2,I4/m,tetragonal,Ferromagnetic,1.29,12.58,,,ab plane,1.429,,97.752283,97.752283,Co5N1,ok
MMD-255,Co3N,2,R-3c,trigonal,Ferromagnetic,0.76,14.02,,,c,1.196,,105.735014,105.735014,Co3N1,ok
MMD-256,Co3N,2,R-3c,trigonal,Ferromagnetic,0.81,16.27,,,c,1.295,,68.825902,68.825902,Co3N1,ok
MMD-257,Co3N,2,P6_322,hexagonal,Ferromagnetic,0.87,5.81,,,c,0.232,,69.544056,69.544056,Co3N1,ok
MMD-258,Co4N,2,P2_12_12,orthorhombic,Ferromagnetic,1.13,9.72,,,a,0.458,,78.64462,78.64462,Co4N1,ok
MMD-259,Co4N,2,I4/mmm,tetragonal,Ferromagnetic,1.4,12.28,,,c,1.41,,87.847474,87.847474,Co4N1,ok
MMD-260,Co5N,2,C2,monoclinic,Ferromagnetic,1.24,26.04,,,b,0.638,,69.741395,69.741395,Co5N1,ok
MMD-261,Co5N,2,C2,monoclinic,Ferromagnetic,1.2,23.24,,,b,0.59,,106.295308,106.295308,Co5N1,ok
MMD-262,Co8N,2,P4/mmm,tetragonal,Ferromagnetic,1.52,12.39,,,c,0.328,,49.686845,49.686845,Co8N1,ok
MMD-263,Co8N,2,Fm-3m,cubic,Ferromagnetic,1.45,46.18,0.001,0.0,a,0.012,,38.526312,38.526312,Co8N1,ok
MMD-264,Co8N,2,Fm-3m,cubic,Ferromagnetic,1.45,44.63,0.003,0.001,a,0.03,,46.433737,46.433737,Co8N1,ok
MMD-265,Co8N,2,I4/mmm,tetragonal,Ferromagnetic,1.51,24.58,,,ab plane,1.121,,122.323414,122.323414,Co8N1,ok
MMD-266,Co4N,2,P2_1/c,monoclinic,Ferromagnetic,1.09,9.29,,,a,1.145,,68.207293,68.207293,Co4N1,ok
MMD-267,Co4N,2,C2,monoclinic,Ferromagnetic,1.06,18.0,,,b,0.317,,72.273934,72.273934,Co4N1,ok
MMD-268,Co5N,2,I4/m,tetragonal,Ferromagnetic,1.3,13.64,,,ab plane,1.346,,62.992123,62.992123,Co5N1,ok
MMD-269,Co5N,2,Cmcm,orthorhombic,Ferromagnetic,1.41,30.02,,,c,0.177,,63.207944,63.207944,Co5N1,ok
MMD-270,Co5N,2,Cmmm,orthorhombic,Ferromagnetic,1.42,30.29,,,a,0.564,,63.244027,63.244027,Co5N1,ok
MMD-271,Co6N,2,P1,triclinic,Ferromagnetic,1.33,16.38,,,,,,59.122141,59.122141,Co6N1,ok
MMD-272,Co6N,2,C2/m,monoclinic,Ferromagnetic,1.32,16.15,,,a,0.419,,61.725387,61.725387,Co6N1,ok
MMD-273,Co7N,2,P-1,triclinic,Ferromagnetic,1.36,19.09,,,,,,50.624165,50.624165,Co7N1,ok
MMD-274,Co8N,2,Fm-3m,cubic,Ferromagnetic,1.45,46.26,0.0,0.0,a,0.008,,38.552375,38.552375,Co8N1,ok
MMD-275,Co8N,2,Fm-3m,cubic,Ferromagnetic,1.45,46.11,0.002,0.001,a,0.025,,38.544068,38.544068,Co8N1,ok
MMD-276,Co8N,2,C2/m,monoclinic,Ferromagnetic,1.51,24.25,,,c,0.362,,41.17617,41.17617,Co8N1,ok
MMD-277,Co8N,2,Cmmm,orthorhombic,Ferromagnetic,1.45,23.33,,,a,0.768,,43.414164,43.414164,Co8N1,ok
MMD-278,Co3Ge,2,Cmcm,orthorhombic,Ferromagnetic,0.78,12.18,,,c,0.697,,-99.13397,1.494314,Co3Ge1,ok
MMD-279,Co3Ge,2,I4/mmm,tetragonal,Ferromagnetic,0.79,6.09,,,ab plane,2.142,,-67.622608,33.005677,Co3Ge1,ok
MMD-280,Co3Ge,2,I4/mmm,tetragonal,Ferromagnetic,0.79,6.09,,,ab plane,2.141,,-67.644547,32.983737,Co3Ge1,ok
MMD-281,Co3Ge,2,I4/mmm,tetragonal,Ferromagnetic,0.78,18.15,,,,,,-67.731839,32.896445,Co3Ge1,ok
MMD-282,Co3Ge,2,Cmcm,orthorhombic,Ferromagnetic,0.78,12.17,,,c,0.66,,-99.142142,1.486142,Co3Ge1,ok
MMD-283,CoN,2,F-43m,cubic,Ferromagnetic,0.0,0.0,,,,,,85.47611,85.47611,Co1N1,ok
MMD-284,CoN,2,F-43m,cubic,Ferromagnetic,0.0,0.0,,,,,,85.415258,85.415258,Co1N1,ok
MMD-285,CoN,2,F-43m,cubic,Ferromagnetic,0.0,0.0,,,,,,85.574071,85.574071,Co1N1,ok
MMD-286,Co2N,2,Pnnm,orthorhombic,Ferromagnetic,0.0,0.0,,,,,,63.865541,63.865541,Co2N1,ok
MMD-287,Co2N,2,Pnnm,orthorhombic,Ferromagnetic,0.0,0.0,,,,,,63.713702,63.713702,Co2N1,ok
MMD-288,Co3N,2,R-3c,trigonal,Ferromagnetic,0.81,16.17,,,c,1.289,,68.255522,68.255522,Co3N1,ok
MMD-289,Co3N,2,P6_322,hexagonal,Ferromagnetic,0.87,5.73,,,c,0.455,,68.792426,68.792426,Co3N1,ok
MMD-290,Co3N,2,R-3c,trigonal,Ferromagnetic,0.81,16.16,,,c,1.287,,68.250925,68.250925,Co3N1,ok
MMD-291,Co3N,2,R-3c,trigonal,Ferromagnetic,0.81,16.16,,,c,1.292,,68.243209,68.243209,Co3N1,ok
MMD-292,Co3N,2,P6_322,hexagonal,Ferromagnetic,0.87,5.73,,,c,0.462,,68.774467,68.774467,Co3N1,ok
MMD-293,Co3N,2,P6_322,hexagonal,Ferromagnetic,0.86,5.71,,,c,0.495,,68.697526,68.697526,Co3N1,ok
MMD-294,Co4N,2,P2_1/c,monoclinic,Ferromagnetic,1.09,9.29,,,a,1.152,,68.207293,68.207293,Co4N1,ok
MMD-295,Co4N,2,C2,monoclinic,Ferromagnetic,1.06,18.0,,,b,0.315,,72.269934,72.269934,Co4N1,ok
MMD-296,Co4N,2,P2_1/c,monoclinic,Ferromagnetic,1.09,9.29,,,a,1.148,,68.179591,68.179591,Co4N1,ok
MMD-297,Co4N,2,P2_1/c,monoclinic,Ferromagnetic,1.09,9.29,,,a,1.142,,68.184721,68.184721,Co4N1,ok
MMD-298,Co4N,2,C2,monoclinic,Ferromagnetic,1.06,18.0,,,b,0.325,,72.294404,72.294404,Co4N1,ok
MMD-299,Co4N,2,C2,monoclinic,Ferromagnetic,1.06,17.99,,,b,0.323,,72.257995,72.257995,Co4N1,ok
MMD-300,Co5N,2,I4/m,tetragonal,Ferromagnetic,1.3,13.63,,,ab plane,1.347,,62.967769,62.967769,Co5N1,ok
MMD-301,Co5N,2,Cmcm,orthorhombic,Ferromagnetic,1.41,30.03,,,c,0.156,,63.16453,63.16453,Co5N1,ok
MMD-302,Co5N,2,Cmcm,orthorhombic,Ferromagnetic,1.41,30.0,,,c,0.161,,63.14885,63.14885,Co5N1,ok
MMD-303,Co5N,2,Cmmm,orthorhombic,Ferromagnetic,1.42,30.28,,,a,0.563,,63.244044,63.244044,Co5N1,ok
MMD-304,Co5N,2,Cmmm,orthorhombic,Ferromagnetic,1.42,30.28,,,a,0.56,,63.234503,63.234503,Co5N1,ok
MMD-305,Co5N,2,I4/m,tetragonal,Ferromagnetic,1.3,13.64,,,ab plane,1.346,,62.992112,62.992112,Co5N1,ok
MMD-306,Co5N,2,Cmcm,orthorhombic,Ferromagnetic,1.41,30.02,,,c,0.175,,63.207927,63.207927,Co5N1,ok
MMD-307,Co5N,2,Cmmm,orthorhombic,Ferromagnetic,1.42,30.29,,,a,0.564,,63.244027,63.244027,Co5N1,ok
MMD-308,Co6N,2,P1,triclinic,Ferromagnetic,1.33,16.38,,,,,,59.133191,59.133191,Co6N1,ok
MMD-309,Co6N,2,C2/m,monoclinic,Ferromagnetic,1.32,16.14,,,a,0.418,,61.67215,61.67215,Co6N1,ok
MMD-310,Co6N,2,P1,triclinic,Ferromagnetic,1.33,16.38,,,,,,59.117495,59.117495,Co6N1,ok
MMD-311,Co6N,2,C2/m,monoclinic,Ferromagnetic,1.32,16.15,,,a,0.418,,61.709916,61.709916,Co6N1,ok
MMD-312,Co7N,2,P-1,triclinic,Ferromagnetic,1.36,19.08,,,,,,50.639021,50.639021,Co7N1,ok
MMD-313,Co7N,2,P-1,triclinic,Ferromagnetic,1.36,19.08,,,,,,50.601444,50.601444,Co7N1,ok
MMD-314,Co7N,2,P-1,triclinic,Ferromagnetic,1.36,19.09,,,,,,50.625789,50.625789,Co7N1,ok
MMD-315,Co8N,2,Fm-3m,cubic,Ferromagnetic,1.45,46.31,0.001,0.001,a,0.019,,38.600592,38.600592,Co8N1,ok
MMD-316,Co8N,2,C2/m,monoclinic,Ferromagnetic,1.39,22.09,,,a,0.591,,41.389968,41.389968,Co8N1,ok
MMD-317,Co8N,2,C2/m,monoclinic,Ferromagnetic,1.51,24.25,,,b,0.103,,41.163335,41.163335,Co8N1,ok
MMD-318,Co8N,2,Cmmm,orthorhombic,Ferromagnetic,1.45,23.35,,,a,0.762,,43.45263,43.45263,Co8N1,ok
MMD-319,Co8N,2,Fm-3m,cubic,Ferromagnetic,1.45,46.26,0.0,0.0,a,0.01,,38.552817,38.552817,Co8N1,ok
MMD-320,Co8N,2,Fm-3m,cubic,Ferromagnetic,1.45,46.25,0.001,0.0,a,0.015,,38.59024,38.59024,Co8N1,ok
MMD-321,Co8N,2,C2/m,monoclinic,Ferromagnetic,1.51,24.23,,,c,0.405,,41.17626,41.17626,Co8N1,ok
MMD-322,Co8N,2,C2/m,monoclinic,Ferromagnetic,1.51,24.24,,,c,0.319,,41.154453,41.154453,Co8N1,ok
MMD-323,Co3Si,2,Cmcm,orthorhombic,Ferromagnetic,0.78,11.52,,,c,0.295,,-320.440162,17.471998,Co3Si1,ok
MMD-324,Co3Si,2,Cmcm,orthorhombic,Ferromagnetic,0.8,11.71,,,c,0.868,,-330.601707,7.310453,Co3Si1,ok
MMD-325,Co3Si,2,P6_3/mmc,hexagonal,Ferromagnetic,0.72,5.16,,,ab plane,2.439,,-263.219682,74.692478,Co3Si1,ok
MMD-326,Co3Si,2,P6_3/mmc,hexagonal,Ferromagnetic,0.78,5.67,,,ab plane,2.436,,-266.369197,71.542963,Co3Si1,ok
MMD-327,Co3Si,2,Cmcm,orthorhombic,Ferromagnetic,0.8,11.71,,,c,0.836,,-330.625661,7.286499,Co3Si1,ok
MMD-328,Co3Si,2,Cmcm,orthorhombic,Ferromagnetic,0.8,11.7,,,c,0.846,,-330.643783,7.268378,Co3Si1,ok
MMD-329,Co3Si,2,Cmcm,orthorhombic,Ferromagnetic,0.8,11.7,,,c,0.859,,-330.671419,7.240741,Co3Si1,ok
MMD-330,Co3Si,2,Cmcm,orthorhombic,Ferromagnetic,0.8,11.7,,,c,0.838,,-330.670118,7.242042,Co3Si1,ok
MMD-331,Co3Si,2,Cmcm,orthorhombic,Ferromagnetic,0.8,11.69,,,c,0.861,,-330.680229,7.231931,Co3Si1,ok
MMD-332,Co3Si,2,Cmcm,orthorhombic,Ferromagnetic,0.8,11.69,,,c,0.845,,-330.697236,7.214924,Co3Si1,ok
MMD-333,Co3Si,2,Cmcm,orthorhombic,Ferromagnetic,0.8,11.68,,,c,0.846,,-330.687576,7.224584,Co3Si1,ok
MMD-334,Fe6Co2N,3,P4mm,tetragonal,Ferromagnetic,2.08,17.48,,,ab plane,0.366,,-15.633864,57.716,Co2Fe6N1,ok
MMD-335,Fe6Co2N,3,P4/mmm,tetragonal,Ferromagnetic,2.06,17.23,,,c,0.116,,-15.546999,57.803,Co2Fe6N1,ok
MMD-336,Fe6Co2N,3,Imm2,orthorhombic,Ferromagnetic,2.1,35.49,,,c,0.653,,-1.359421,71.99,Co2Fe6N1,ok
MMD-337,Fe4Co4N,3,I4/mmm,tetragonal,Ferromagnetic,1.96,33.0,,,c,0.776,,-14.775858,60.278,Co4Fe4N1,ok
MMD-338,Fe5CoN2,3,C2,monoclinic,Ferromagnetic,1.65,22.75,,,a,0.71,,-46.63653,45.124,Co1Fe5N2,ok
MMD-339,Fe2CoN,3,C2,monoclinic,Ferromagnetic,1.5,20.55,,,a,0.876,,-27.780203,72.84,Co1Fe2N1,ok
MMD-340,Fe3Co3N2,3,P1,triclinic,Ferromagnetic,1.25,8.45,,,,,,-5.01535,78.543,Co3Fe3N2,ok
MMD-341,Fe3Co3N2,3,P1,triclinic,Ferromagnetic,1.34,9.14,,,,,,-2.519912,81.038,Co3Fe3N2,ok
MMD-342,FeCo2N,3,C222_1,orthorhombic,Ferromagnetic,1.17,15.77,,,a,1.231,,16.36116,82.856,Co2Fe1N1,ok
MMD-343,FeCo2N,3,Cc,monoclinic,Ferromagnetic,1.09,14.72,,,b,0.936,,17.708074,84.203,Co2Fe1N1,ok
MMD-344,FeCo5N2,3,C2,monoclinic,Ferromagnetic,0.95,12.75,,,b,0.534,,40.226825,73.474,Co5Fe1N2,ok
MMD-345,FeCo5N2,3,C2,monoclinic,Ferromagnetic,1.02,13.61,,,b,0.754,,43.627238,76.875,Co5Fe1N2,ok
MMD-346,Fe7CoN2,3,P4/mmm,tetragonal,Ferromagnetic,2.01,18.67,,,c,0.516,,-36.533209,37.444,Co1Fe7N2,ok
MMD-347,Fe7CoN2,3,I4/mmm,tetragonal,Ferromagnetic,1.98,36.19,,,ab plane,0.185,,-33.155581,40.822,Co1Fe7N2,ok
MMD-348,Fe3CoN,3,Pmm2,orthorhombic,Ferromagnetic,1.92,17.63,,,c,0.28,,-36.259789,54.102,Co1Fe3N1,ok
MMD-349,Fe5Co3N2,3,Pmmm,orthorhombic,Ferromagnetic,1.82,16.54,,,c,0.537,,-38.483763,55.663,Co3Fe5N2,ok
MMD-350,Fe5Co3N2,3,P-4m2,tetragonal,Ferromagnetic,1.82,16.56,,,ab plane,0.333,,-36.774166,57.372,Co3Fe5N2,ok
MMD-351,Fe2Co2N,3,P4/mmm,tetragonal,Ferromagnetic,1.78,8.02,,,ab plane,0.35,,-39.653935,40.842,Co2Fe2N1,ok
MMD-352,Fe2Co2N,3,P4_2/mmc,tetragonal,Ferromagnetic,1.77,15.98,,,c,0.23,,-36.987708,43.509,Co2Fe2N1,ok
MMD-353,Fe3Co5N2,3,Pmmm,orthorhombic,Ferromagnetic,1.73,15.5,,,c,0.165,,-24.330706,42.515,Co5Fe3N2,ok
MMD-354,FeCo3N,3,Pm-3m,cubic,Ferromagnetic,1.66,7.42,0.001,0.003,a,0.039,,-4.422927,48.773,Co3Fe1N1,ok
MMD-355,FeCo7N2,3,P4/mmm,tetragonal,Ferromagnetic,1.54,13.66,,,ab plane,0.46,,35.20683,61.805,Co7Fe1N2,ok
MMD-356,FeCo7N2,3,P1,triclinic,Ferromagnetic,1.18,10.18,,,,,,44.12787,70.726,Co7Fe1N2,ok
MMD-357,FeCo7N2,3,I4/mmm,tetragonal,Ferromagnetic,1.55,27.32,,,c,0.924,,42.600141,69.198,Co7Fe1N2,ok
MMD-358,Fe4CoN,3,Amm2,orthorhombic,Ferromagnetic,1.99,44.35,,,c,0.595,,-18.248815,59.769,Co1Fe4N1,ok
MMD-359,Fe3Co2N,3,Amm2,orthorhombic,Ferromagnetic,1.74,37.78,,,c,0.613,,-18.459936,71.371,Co2Fe3N1,ok
MMD-360,Fe2Co3N,3,Amm2,orthorhombic,Ferromagnetic,1.68,36.52,,,c,0.79,,-12.494528,54.585,Co3Fe2N1,ok
MMD-361,FeCo4N,3,Amm2,orthorhombic,Ferromagnetic,1.57,33.84,,,c,0.735,,13.659777,57.99,Co4Fe1N1,ok
MMD-362,FeCo5N,3,P4mm,tetragonal,Ferromagnetic,1.64,20.85,,,c,0.478,,14.793021,52.79,Co5Fe1N1,ok
MMD-363,Fe5CoN,3,P4/mmm,tetragonal,Ferromagnetic,2.11,27.78,,,c,0.437,,-22.268498,45.01,Co1Fe5N1,ok
MMD-364,Fe4Co2N,3,P4mm,tetragonal,Ferromagnetic,1.97,25.63,,,c,0.714,,-19.143502,66.072,Co2Fe4N1,ok
MMD-365,Fe3Co3N,3,Pmmm,orthorhombic,Ferromagnetic,1.74,22.29,,,a,0.541,,-19.364905,57.633,Co3Fe3N1,ok
MMD-366,Fe2Co4N,3,P4/mmm,tetragonal,Ferromagnetic,1.72,21.94,,,c,0.481,,-16.523578,40.974,Co4Fe2N1,ok
MMD-367,Fe5Co2N,3,Amm2,orthorhombic,Ferromagnetic,1.92,55.39,,,c,0.875,,13.660182,93.365,Co2Fe5N1,ok
MMD-368,Fe4Co3N,3,Amm2,orthorhombic,Ferromagnetic,1.83,52.69,,,c,0.858,,3.86586,88.302,Co3Fe4N1,ok
MMD-369,Fe3Co4N,3,Cmmm,orthorhombic,Ferromagnetic,1.72,49.54,,,a,0.536,,-0.166738,67.206,Co4Fe3N1,ok
MMD-370,Fe7CoN,3,Pmmm,orthorhombic,Ferromagnetic,2.19,18.87,,,a,0.106,,-16.157668,36.486,Co1Fe7N1,ok
MMD-371,Fe7CoN,3,P4/mmm,tetragonal,Ferromagnetic,2.11,17.88,,,ab plane,0.455,,-9.761402,42.883,Co1Fe7N1,ok
MMD-372,Fe6Co2N,3,P4/mmm,tetragonal,Ferromagnetic,2.15,18.36,,,c,0.256,,-22.771429,50.578,Co2Fe6N1,ok
MMD-373,Fe6Co2N,3,P4mm,tetragonal,Ferromagnetic,2.08,17.45,,,ab plane,0.354,,-15.716647,57.633,Co2Fe6N1,ok
MMD-374,Fe5Co3N,3,I-4m2,tetragonal,Ferromagnetic,2.03,34.33,,,c,0.581,,-19.668559,62.688,Co3Fe5N1,ok
MMD-375,Fe5Co3N,3,P4mm,tetragonal,Ferromagnetic,2.05,17.35,,,c,0.661,,-17.363919,64.992,Co3Fe5N1,ok
MMD-376,Fe4Co4N,3,P4/mmm,tetragonal,Ferromagnetic,1.97,16.59,,,c,0.731,,-18.783342,56.271,Co4Fe4N1,ok
MMD-377,Fe3Co5N,3,I4mm,tetragonal,Ferromagnetic,1.57,25.37,,,c,0.426,,-15.170076,44.717,Co5Fe3N1,ok
MMD-378,Fe2Co6N,3,Fm-3m,cubic,Ferromagnetic,1.57,50.77,-0.007,-0.003,<111>,0.04,,-27.698106,17.022,Co6Fe2N1,ok
MMD-379,FeCo7N,3,F-43m,cubic,Ferromagnetic,1.53,49.2,-0.009,-0.004,<111>,0.046,,7.965744,37.519,Co7Fe1N1,ok
MMD-380,Fe3Co5N,3,I4mm,tetragonal,Ferromagnetic,1.57,25.36,,,c,0.427,,-15.166705,44.72,Co5Fe3N1,ok
MMD-381,Fe2Co6N,3,Fm-3m,cubic,Ferromagnetic,1.57,50.8,-0.008,-0.003,<111>,0.041,,-27.699278,17.021,Co6Fe2N1,ok
MMD-382,Fe4Co4N,3,I4/mmm,tetragonal,Ferromagnetic,1.66,27.01,,,c,0.28,,-2.166504,72.887,Co4Fe4N1,ok
MMD-383,Fe3Co5N,3,I4mm,tetragonal,Ferromagnetic,1.57,25.37,,,c,0.43,,-15.21632,44.671,Co5Fe3N1,ok
MMD-384,FeCo7N,3,P4/nmm,tetragonal,Ferromagnetic,1.53,24.67,,,ab plane,0.288,,7.938805,37.492,Co7Fe1N1,ok
MMD-385,Fe2Co6N,3,Fm-3m,cubic,Ferromagnetic,1.57,50.76,-0.006,-0.003,<111>,0.037,,-27.571981,17.148,Co6Fe2N1,ok
MMD-386,Fe5Co3N,3,I-4m2,tetragonal,Ferromagnetic,2.03,34.18,,,c,0.585,,-19.379899,62.976,Co3Fe5N1,ok
MMD-387,Fe4Co4N,3,I4/mmm,tetragonal,Ferromagnetic,1.95,33.55,,,c,0.768,,-10.05948,64.994,Co4Fe4N1,ok
MMD-388,Fe5Co3N,3,I-4m2,tetragonal,Ferromagnetic,2.01,34.75,,,c,0.588,,-17.597015,64.759,Co3Fe5N1,ok
MMD-389,Fe5Co3N,3,P4_2/mmc,tetragonal,Ferromagnetic,2.02,34.78,,,c,0.636,,-16.411339,65.945,Co3Fe5N1,ok
MMD-390,Fe5Co3N,3,P4/nmm,tetragonal,Ferromagnetic,2.01,34.75,,,c,0.529,,-15.539576,66.817,Co3Fe5N1,ok
MMD-391,Fe6Co2N,3,I4/mmm,tetragonal,Ferromagnetic,2.06,35.58,,,c,0.487,,-21.200954,52.149,Co2Fe6N1,ok
MMD-392,Fe7CoN,3,P4/mmm,tetragonal,Ferromagnetic,2.13,36.69,,,c,0.514,,-22.725291,29.919,Co1Fe7N1,ok
MMD-393,Fe7CoN,3,P4/nmm,tetragonal,Ferromagnetic,2.11,36.4,,,c,0.547,,-22.964373,29.68,Co1Fe7N1,ok
MMD-394,Fe7CoN,3,I-4m2,tetragonal,Ferromagnetic,2.16,37.18,,,c,0.624,,-21.68314,30.961,Co1Fe7N1,ok
MMD-395,Fe4Co4N,3,I4/mmm,tetragonal,Ferromagnetic,1.95,33.56,,,c,0.778,,-10.751103,64.303,Co4Fe4N1,ok
MMD-396,FeCo7N,3,P4/nmm,tetragonal,Ferromagnetic,1.54,24.48,,,ab plane,0.42,,8.49815,38.051,Co7Fe1N1,ok
MMD-397,FeCo7N,3,F-43m,cubic,Ferromagnetic,1.53,48.85,-0.013,-0.006,<111>,0.055,,8.599271,38.153,Co7Fe1N1,ok
MMD-398,FeCo7N,3,P4_2/mmc,tetragonal,Ferromagnetic,1.54,24.56,,,ab plane,0.125,,10.458475,40.012,Co7Fe1N1,ok
MMD-399,Fe2Co6N,3,Fm-3m,cubic,Ferromagnetic,1.58,50.38,-0.009,-0.004,<111>,0.044,,-26.010202,18.71,Co6Fe2N1,ok
MMD-400,Fe3Co5N,3,I4mm,tetragonal,Ferromagnetic,1.58,25.09,,,c,0.424,,-13.187037,46.7,Co5Fe3N1,ok
MMD-401,Fe3Co5N,3,P4/mmm,tetragonal,Ferromagnetic,1.58,25.17,,,c,0.411,,-12.28665,47.6,Co5Fe3N1,ok
MMD-402,Fe4Co4N,3,I4/mmm,tetragonal,Ferromagnetic,1.66,26.4,,,c,0.295,,2.400771,77.455,Co4Fe4N1,ok
MMD-403,FeCo5N2,3,C2,monoclinic,Ferromagnetic,0.95,12.75,,,b,0.531,,40.22532,73.473,Co5Fe1N2,ok
MMD-404,FeCo5N2,3,C2,monoclinic,Ferromagnetic,1.02,13.61,,,b,0.761,,43.621847,76.869,Co5Fe1N2,ok
MMD-405,FeCo2N,3,C222_1,orthorhombic,Ferromagnetic,1.17,15.77,,,a,1.23,,16.36116,82.856,Co2Fe1N1,ok
MMD-406,FeCo2N,3,Cc,monoclinic,Ferromagnetic,1.09,14.72,,,b,0.936,,17.70781,84.203,Co2Fe1N1,ok
MMD-407,Fe3Co3N2,3,P1,triclinic,Ferromagnetic,1.25,8.45,,,,,,-5.015078,78.543,Co3Fe3N2,ok
MMD-408,Fe3Co3N2,3,P1,triclinic,Ferromagnetic,1.34,9.14,,,,,,-2.524385,81.033,Co3Fe3N2,ok
MMD-409,Fe2CoN,3,C2,monoclinic,Ferromagnetic,1.5,20.55,,,a,0.876,,-27.781555,72.839,Co1Fe2N1,ok
MMD-410,Fe5CoN2,3,C2,monoclinic,Ferromagnetic,1.65,22.75,,,a,0.709,,-46.636207,45.125,Co1Fe5N2,ok
MMD-411,FeCo7N2,3,P1,triclinic,Ferromagnetic,1.18,10.18,,,,,,44.128333,70.726,Co7Fe1N2,ok
MMD-412,FeCo7N2,3,P4/mmm,tetragonal,Ferromagnetic,1.54,13.66,,,ab plane,0.46,,35.20683,61.805,Co7Fe1N2,ok
MMD-413,Fe3Co5N2,3,Pmmm,orthorhombic,Ferromagnetic,1.73,15.5,,,c,0.171,,-24.33057,42.515,Co5Fe3N2,ok
MMD-414,Fe2Co2N,3,P4_2/mmc,tetragonal,Ferromagnetic,1.77,15.98,,,c,0.23,,-36.987694,43.509,Co2Fe2N1,ok
MMD-415,Fe5Co3N2,3,Pmmm,orthorhombic,Ferromagnetic,1.82,16.54,,,c,0.489,,-38.483695,55.663,Co3Fe5N2,ok
MMD-416,Fe3CoN,3,P4/mmm,tetragonal,Ferromagnetic,1.85,8.32,,,c,0.449,,-36.384077,53.978,Co1Fe3N1,ok
MMD-417,Fe3CoN,3,I4mm,tetragonal,Ferromagnetic,1.91,34.63,,,c,0.579,,-32.958631,57.403,Co1Fe3N1,ok
MMD-418,Fe3CoN,3,Pmm2,orthorhombic,Ferromagnetic,1.92,17.63,,,c,0.28,,-36.255639,54.106,Co1Fe3N1,ok
MMD-419,Fe7CoN2,3,P4/mmm,tetragonal,Ferromagnetic,2.01,18.67,,,c,0.516,,-36.533305,37.444,Co1Fe7N2,ok
MMD-420,Fe7CoN2,3,I4mm,tetragonal,Ferromagnetic,2.0,36.6,,,c,0.529,,-31.509835,42.468,Co1Fe7N2,ok
MMD-421,Fe7CoN2,3,P1,triclinic,Ferromagnetic,1.71,15.11,,,,,,-30.225539,43.752,Co1Fe7N2,ok
MMD-422,Fe7CoN2,3,P4/mmm,tetragonal,Ferromagnetic,2.02,18.79,,,ab plane,0.331,,-28.51733,45.46,Co1Fe7N2,ok
MMD-423,FeCo4N,3,Cmmm,orthorhombic,Ferromagnetic,1.57,33.81,,,a,0.29,,15.602512,59.932,Co4Fe1N1,ok
MMD-424,FeCo4N,3,Amm2,orthorhombic,Ferromagnetic,1.57,33.77,,,c,0.429,,16.920717,61.251,Co4Fe1N1,ok
MMD-425,FeCo4N,3,Amm2,orthorhombic,Ferromagnetic,1.57,33.84,,,c,0.723,,13.655888,57.986,Co4Fe1N1,ok
MMD-426,FeCo4N,3,Amm2,orthorhombic,Ferromagnetic,1.58,33.84,,,c,0.419,,16.812694,61.143,Co4Fe1N1,ok
MMD-427,FeCo4N,3,Cmmm,orthorhombic,Ferromagnetic,1.56,33.39,,,a,0.801,,21.217636,65.548,Co4Fe1N1,ok
MMD-428,FeCo4N,3,Cmmm,orthorhombic,Ferromagnetic,1.55,33.31,,,a,0.667,,22.760539,67.09,Co4Fe1N1,ok
MMD-429,Fe2Co3N,3,Amm2,orthorhombic,Ferromagnetic,1.68,36.52,,,c,0.789,,-12.495078,54.585,Co3Fe2N1,ok
MMD-430,Fe2Co3N,3,Amm2,orthorhombic,Ferromagnetic,1.68,36.49,,,c,0.754,,-10.396376,56.684,Co3Fe2N1,ok
MMD-431,Fe2Co3N,3,Amm2,orthorhombic,Ferromagnetic,1.68,36.49,,,c,0.756,,-10.44695,56.633,Co3Fe2N1,ok
MMD-432,Fe2Co3N,3,Amm2,orthorhombic,Ferromagnetic,1.67,36.31,,,c,0.792,,-9.378874,57.701,Co3Fe2N1,ok
MMD-433,Fe2Co3N,3,Amm2,orthorhombic,Ferromagnetic,1.68,36.64,,,c,0.724,,-9.441165,57.639,Co3Fe2N1,ok
MMD-434,Fe2Co3N,3,Amm2,orthorhombic,Ferromagnetic,1.67,36.33,,,c,0.79,,-8.3481,58.732,Co3Fe2N1,ok
MMD-435,Fe2Co3N,3,Amm2,orthorhombic,Ferromagnetic,1.69,36.67,,,c,0.509,,-5.582243,61.498,Co3Fe2N1,ok
MMD-436,Fe3Co2N,3,Amm2,orthorhombic,Ferromagnetic,1.74,37.78,,,c,0.613,,-18.461183,71.369,Co2Fe3N1,ok
MMD-437,Fe3Co2N,3,Amm2,orthorhombic,Ferromagnetic,1.79,39.23,,,c,0.508,,-17.028038,72.803,Co2Fe3N1,ok
MMD-438,Fe3Co2N,3,Amm2,orthorhombic,Ferromagnetic,1.76,38.45,,,c,0.574,,-16.793589,73.037,Co2Fe3N1,ok
MMD-439,Fe3Co2N,3,Amm2,orthorhombic,Ferromagnetic,1.78,38.6,,,c,0.813,,-14.309404,75.521,Co2Fe3N1,ok
MMD-440,Fe3Co2N,3,Amm2,orthorhombic,Ferromagnetic,1.79,39.07,,,c,0.442,,-13.439608,76.391,Co2Fe3N1,ok
MMD-441,Fe3Co2N,3,Amm2,orthorhombic,Ferromagnetic,1.78,38.6,,,c,0.763,,-11.547991,78.283,Co2Fe3N1,ok
MMD-442,Fe3Co2N,3,Amm2,orthorhombic,Ferromagnetic,1.8,39.22,,,c,0.668,,-10.818329,79.012,Co2Fe3N1,ok
MMD-443,Fe4CoN,3,Amm2,orthorhombic,Ferromagnetic,1.99,44.35,,,c,0.596,,-18.249303,59.769,Co1Fe4N1,ok
MMD-444,Fe4CoN,3,Cmcm,orthorhombic,Ferromagnetic,1.93,42.33,,,a,0.414,,-15.031203,62.987,Co1Fe4N1,ok
MMD-445,Fe4CoN,3,Amm2,orthorhombic,Ferromagnetic,1.95,42.88,,,c,0.506,,-14.955788,63.062,Co1Fe4N1,ok
MMD-446,Fe4CoN,3,Cmmm,orthorhombic,Ferromagnetic,1.95,21.63,,,a,0.669,,-12.618255,65.4,Co1Fe4N1,ok
MMD-447,Fe4CoN,3,Amm2,orthorhombic,Ferromagnetic,1.92,42.12,,,c,0.476,,-10.982498,67.036,Co1Fe4N1,ok
MMD-448,Fe4CoN,3,Amm2,orthorhombic,Ferromagnetic,1.97,43.83,,,c,0.691,,-12.705881,65.312,Co1Fe4N1,ok
MMD-449,Fe4CoN,3,Cmcm,orthorhombic,Ferromagnetic,1.88,41.14,,,a,0.084,,-9.791234,68.227,Co1Fe4N1,ok
MMD-450,Fe5CoN,3,P4/mmm,tetragonal,Ferromagnetic,2.11,27.78,,,c,0.437,,-22.268508,45.01,Co1Fe5N1,ok
MMD-451,FeCo5N,3,P4mm,tetragonal,Ferromagnetic,1.65,20.86,,,c,0.529,,14.777831,52.775,Co5Fe1N1,ok
MMD-452,Fe2Co4N,3,P4/mmm,tetragonal,Ferromagnetic,1.72,21.94,,,c,0.482,,-16.523608,40.974,Co4Fe2N1,ok
MMD-453,Fe3Co3N,3,Pmmm,orthorhombic,Ferromagnetic,1.74,22.29,,,a,0.541,,-19.364925,57.633,Co3Fe3N1,ok
MMD-454,Fe3Co3N,3,P-4m2,tetragonal,Ferromagnetic,1.74,22.29,,,c,0.536,,-17.851291,59.146,Co3Fe3N1,ok
MMD-455,Fe3Co3N,3,Pmm2,orthorhombic,Ferromagnetic,1.76,22.47,,,c,0.598,,-17.51833,59.479,Co3Fe3N1,ok
MMD-456,Fe4Co2N,3,P4mm,tetragonal,Ferromagnetic,1.97,25.64,,,c,0.715,,-19.17532,66.04,Co2Fe4N1,ok
MMD-457,Fe4Co2N,3,P4/mmm,tetragonal,Ferromagnetic,2.02,26.47,,,c,0.751,,-20.085453,65.13,Co2Fe4N1,ok
MMD-458,Fe4Co2N,3,Pmmm,orthorhombic,Ferromagnetic,1.89,24.31,,,a,0.429,,-16.400797,68.815,Co2Fe4N1,ok
MMD-459,Fe4Co2N,3,P4mm,tetragonal,Ferromagnetic,1.88,24.12,,,c,0.61,,-15.341787,69.874,Co2Fe4N1,ok
MMD-460,Fe4Co2N,3,P4mm,tetragonal,Ferromagnetic,1.91,24.65,,,c,0.447,,-13.602017,71.613,Co2Fe4N1,ok
MMD-461,Fe4Co2N,3,P4/mmm,tetragonal,Ferromagnetic,1.92,24.76,,,c,0.378,,-12.064077,73.151,Co2Fe4N1,ok
MMD-462,Fe4Co2N,3,Imm2,orthorhombic,Ferromagnetic,2.02,51.97,,,c,0.549,,-18.06956,67.146,Co2Fe4N1,ok
MMD-463,Fe5Co2N,3,Amm2,orthorhombic,Ferromagnetic,2.09,62.36,,,c,0.489,,-23.801846,55.903,Co2Fe5N1,ok
MMD-464,Fe5Co2N,3,Amm2,orthorhombic,Ferromagnetic,2.06,61.39,,,c,0.53,,-21.42524,58.28,Co2Fe5N1,ok
MMD-465,Fe6CoN,3,Amm2,orthorhombic,Ferromagnetic,2.17,65.2,,,c,0.234,,-23.6676,35.557,Co1Fe6N1,ok
MMD-466,Fe6CoN,3,Amm2,orthorhombic,Ferromagnetic,2.14,65.12,,,c,0.364,,-21.15157,38.073,Co1Fe6N1,ok
MMD-467,Fe6CoN,3,Cmcm,orthorhombic,Ferromagnetic,2.15,64.33,,,c,0.278,,-18.748055,40.476,Co1Fe6N1,ok
MMD-468,FeCo6N,3,Amm2,orthorhombic,Ferromagnetic,1.65,47.8,,,,,,19.025705,52.273,Co6Fe1N1,ok
MMD-469,FeCo6N,3,Cmmm,orthorhombic,Ferromagnetic,1.63,47.22,,,c,0.492,,21.444531,54.692,Co6Fe1N1,ok
MMD-470,Fe2Co5N,3,Cmmm,orthorhombic,Ferromagnetic,1.74,51.01,,,c,0.185,,-6.514124,43.796,Co5Fe2N1,ok
MMD-471,Fe3Co4N,3,Amm2,orthorhombic,Ferromagnetic,1.75,51.61,,,c,0.376,,-7.168473,60.204,Co4Fe3N1,ok
MMD-472,Fe3Co4N,3,Cmmm,orthorhombic,Ferromagnetic,1.76,51.77,,,c,0.198,,-8.666759,58.706,Co4Fe3N1,ok
MMD-473,Fe4Co3N,3,Amm2,orthorhombic,Ferromagnetic,1.99,59.0,,,c,0.717,,-17.731684,66.704,Co3Fe4N1,ok
MMD-474,Fe4Co3N,3,Amm2,orthorhombic,Ferromagnetic,1.96,58.25,,,c,0.673,,-15.856818,68.579,Co3Fe4N1,ok
MMD-475,Fe5Co3N,3,I-4m2,tetragonal,Ferromagnetic,2.03,34.33,,,c,0.58,,-19.671431,62.685,Co3Fe5N1,ok
MMD-476,Fe5Co3N,3,P4mm,tetragonal,Ferromagnetic,2.05,17.35,,,c,0.662,,-17.364811,64.991,Co3Fe5N1,ok
MMD-477,Fe11Co5N2,3,P-4m2,tetragonal,Ferromagnetic,2.05,34.7,,,c,0.486,,-20.14624,58.742,Co5Fe11N2,ok
MMD-478,Fe11Co5N2,3,Pmm2,orthorhombic,Ferromagnetic,2.04,34.6,,,c,0.621,,-18.184275,60.703,Co5Fe11N2,ok
MMD-479,Fe6Co2N,3,I4/mmm,tetragonal,Ferromagnetic,2.07,35.2,,,c,0.48,,-22.629099,50.721,Co2Fe6N1,ok
MMD-480,Fe13Co3N2,3,P4mm,tetragonal,Ferromagnetic,2.09,35.68,,,c,0.572,,-21.631249,41.926,Co3Fe13N2,ok
MMD-481,Fe13Co3N2,3,P-4m2,tetragonal,Ferromagnetic,2.09,35.7,,,c,0.59,,-20.643505,42.914,Co3Fe13N2,ok
MMD-482,Fe7CoN,3,P4/nmm,tetragonal,Ferromagnetic,2.11,36.16,,,c,0.574,,-23.523258,29.121,Co1Fe7N1,ok
MMD-483,Fe7CoN,3,P4/mmm,tetragonal,Ferromagnetic,2.13,36.52,,,c,0.535,,-23.03148,29.612,Co1Fe7N1,ok
MMD-484,Fe15CoN2,3,P-4m2,tetragonal,Ferromagnetic,2.19,37.73,,,c,0.498,,-24.621358,16.793,Co1Fe15N2,ok
MMD-485,FeCo7N,3,P4/nmm,tetragonal,Ferromagnetic,1.53,24.67,,,ab plane,0.293,,7.938692,37.492,Co7Fe1N1,ok
MMD-486,FeCo7N,3,F-43m,cubic,Ferromagnetic,1.53,49.18,-0.013,-0.005,<111>,0.054,,8.027688,37.581,Co7Fe1N1,ok
MMD-487,Fe3Co13N2,3,P-4m2,tetragonal,Ferromagnetic,1.56,25.24,,,c,0.183,,-9.211656,27.925,Co13Fe3N2,ok
MMD-488,Fe2Co6N,3,Fm-3m,cubic,Ferromagnetic,1.57,50.77,-0.006,-0.003,<111>,0.037,,-27.708605,17.012,Co6Fe2N1,ok
MMD-489,Fe5Co11N2,3,P4mm,tetragonal,Ferromagnetic,1.56,25.29,,,c,0.32,,-21.180862,31.123,Co11Fe5N2,ok
MMD-490,Fe3Co5N,3,I4mm,tetragonal,Ferromagnetic,1.57,25.37,,,c,0.426,,-15.167461,44.72,Co5Fe3N1,ok
MMD-491,Fe3Co5N,3,P4/mmm,tetragonal,Ferromagnetic,1.58,25.58,,,c,0.379,,-14.390885,45.496,Co5Fe3N1,ok
MMD-492,Fe7Co9N2,3,P4mm,tetragonal,Ferromagnetic,1.62,26.22,,,c,0.263,,-7.775854,59.695,Co9Fe7N2,ok
MMD-493,Fe4Co4N,3,P4/mmm,tetragonal,Ferromagnetic,1.97,16.59,,,c,0.73,,-18.78641,56.268,Co4Fe4N1,ok
MMD-494,Fe9Co7N2,3,P-4m2,tetragonal,Ferromagnetic,2.0,33.71,,,c,0.688,,-16.864862,65.773,Co7Fe9N2,ok
MMD-495,Fe9Co7N2,3,P4mm,tetragonal,Ferromagnetic,1.98,33.35,,,c,0.765,,-13.910778,68.727,Co7Fe9N2,ok
MMD-496,ZrCo6,2,I4/mmm,tetragonal,Ferromagnetic,1.09,16.18,,,ab plane,1.309,,-114.99593,48.449988,Co6Zr1,ok
MMD-497,ZrCo6,2,P-1,triclinic,Ferromagnetic,1.09,16.13,,,,,,-91.224421,72.221498,Co6Zr1,ok
MMD-498,ZrCo7,2,P-1,triclinic,Ferromagnetic,1.16,19.26,,,,,,-70.517144,72.498035,Co7Zr1,ok
MMD-499,ZrCo8,2,P-1,triclinic,Ferromagnetic,1.21,22.44,,,,,,-60.147905,66.976699,Co8Zr1,ok
MMD-500,ZrCo9,2,R-3,trigonal,Ferromagnetic,1.28,77.99,,,c,0.481,,-60.294551,54.117592,Co9Zr1,ok
MMD-501,ZrCo9,2,P-1,triclinic,Ferromagnetic,1.26,25.61,,,,,,-59.134039,55.278104,Co9Zr1,ok
MMD-502,ZrCo9,2,P-1,triclinic,Ferromagnetic,1.25,25.46,,,,,,-58.441754,55.970389,Co9Zr1,ok
MMD-503,ZrCo6,2,I4/mmm,tetragonal,Ferromagnetic,1.09,16.16,,,ab plane,1.307,,-114.96179,48.484129,Co6Zr1,ok
MMD-504,ZrCo6,2,C2/c,monoclinic,Ferromagnetic,1.1,32.62,,,c,0.883,,-106.409179,57.03674,Co6Zr1,ok
MMD-505,ZrCo6,2,C2/c,monoclinic,Ferromagnetic,1.1,32.6,,,c,0.874,,-106.374163,57.071755,Co6Zr1,ok
MMD-506,ZrCo6,2,I4/mmm,tetragonal,Ferromagnetic,1.1,48.56,,,a,0.009,,-114.774919,48.671,Co6Zr1,ok
MMD-507,ZrCo6,2,I4/mmm,tetragonal,Ferromagnetic,1.09,16.16,,,ab plane,1.301,,-114.972023,48.473896,Co6Zr1,ok
MMD-508,ZrCo6,2,I4/mmm,tetragonal,Ferromagnetic,1.09,16.16,,,ab plane,1.314,,-114.956338,48.489581,Co6Zr1,ok
MMD-509,ZrCo6,2,I4/mmm,tetragonal,Ferromagnetic,1.09,16.12,,,ab plane,1.314,,-114.881127,48.564791,Co6Zr1,ok
MMD-510,ZrCo7,2,C2/m,monoclinic,Ferromagnetic,1.2,39.98,,,b,0.912,,-72.457831,70.557348,Co7Zr1,ok
MMD-511,ZrCo7,2,C2/m,monoclinic,Ferromagnetic,1.2,39.91,,,b,0.91,,-72.449332,70.565847,Co7Zr1,ok
MMD-512,ZrCo7,2,P-1,triclinic,Ferromagnetic,1.16,19.3,,,,,,-70.633592,72.381587,Co7Zr1,ok
MMD-513,ZrCo7,2,P1,triclinic,Ferromagnetic,1.18,29.54,,,,,,-78.319928,64.695251,Co7Zr1,ok
MMD-514,ZrCo7,2,P-1,triclinic,Ferromagnetic,1.16,38.43,,,,,,-85.408715,57.606464,Co7Zr1,ok
MMD-515,ZrCo8,2,P-1,triclinic,Ferromagnetic,1.21,22.46,,,,,,-53.683051,73.441553,Co8Zr1,ok
MMD-516,ZrCo8,2,P-1,triclinic,Ferromagnetic,1.21,22.46,,,,,,-53.716029,73.408574,Co8Zr1,ok
MMD-517,ZrCo8,2,P-1,triclinic,Ferromagnetic,1.21,22.34,,,,,,-53.181915,73.942689,Co8Zr1,ok
MMD-518,ZrCo8,2,P-1,triclinic,Ferromagnetic,1.24,23.08,,,,,,-52.90841,74.216194,Co8Zr1,ok
MMD-519,ZrCo8,2,Cm,monoclinic,Ferromagnetic,1.23,68.39,,,b,0.197,,-60.93251,66.192093,Co8Zr1,ok
MMD-520,ZrCo8,2,P-1,triclinic,Ferromagnetic,1.23,45.64,,,,,,-72.25132,54.873284,Co8Zr1,ok
MMD-521,ZrCo9,2,R-3,trigonal,Ferromagnetic,1.28,77.89,,,c,0.481,,-60.266661,54.145482,Co9Zr1,ok
MMD-522,ZrCo9,2,P-1,triclinic,Ferromagnetic,1.26,25.65,,,,,,-59.150046,55.262097,Co9Zr1,ok
MMD-523,ZrCo9,2,P1,triclinic,Ferromagnetic,1.27,39.02,,,,,,-38.70269,75.709453,Co9Zr1,ok
MMD-524,ZrCo9,2,P-1,triclinic,Ferromagnetic,1.26,51.17,,,,,,-58.952127,55.460016,Co9Zr1,ok
MMD-525,Zr2Co8B,3,Amm2,orthorhombic,Ferromagnetic,0.64,15.04,,,a,1.46,,-237.930809,0.057127,B1Co8Zr2,ok
MMD-526,Zr2Co12B,3,Cmmm,orthorhombic,Ferromagnetic,0.88,26.85,,,c,1.043,,-149.856689,0.066519,B1Co12Zr2,ok
MMD-527,Zr2Co14B,3,P1,triclinic,Ferromagnetic,1.05,18.2,,,,,,-107.90226,0.083018,B1Co14Zr2,ok
MMD-528,Zr2Co8C,3,Cmmm,orthorhombic,Ferromagnetic,0.56,12.74,,,c,0.869,,-185.917283,0.085317,C1Co8Zr2,ok
MMD-529,Zr2Co11C,3,P1,triclinic,Ferromagnetic,0.9,13.09,,,,,,-75.329751,0.137783,C1Co11Zr2,ok
MMD-530,Zr2Co14C,3,I4/mmm,tetragonal,Ferromagnetic,0.94,31.94,,,,,,-101.964289,0.07354,C1Co14Zr2,ok
MMD-531,Zr2Co8N,3,Cm,monoclinic,Ferromagnetic,0.85,19.86,,,a,0.9,,-250.080422,0.255748,Co8N1Zr2,ok
MMD-532,Zr2Co11N,3,P1,triclinic,Ferromagnetic,0.97,14.09,,,,,,-145.475454,0.185516,Co11N1Zr2,ok
MMD-533,Zr2Co12N,3,P1,triclinic,Ferromagnetic,1.07,16.6,,,,,,-146.502064,0.16249,Co12N1Zr2,ok
MMD-534,Zr2Co10B,3,P1,triclinic,Ferromagnetic,0.81,21.57,,,,,,-200.920965,0.048744,B1Co10Zr2,ok
MMD-535,Zr2Co10B,3,P1,triclinic,Ferromagnetic,0.81,21.62,,,,,,-200.70297,0.048962,B1Co10Zr2,ok
MMD-536,Zr2Co11B,3,P2_1/m,monoclinic,Ferromagnetic,0.88,25.21,,,,,,-164.606126,0.067225,B1Co11Zr2,ok
MMD-537,Zr2Co11B,3,P-1,triclinic,Ferromagnetic,0.91,25.95,,,,,,-162.203991,0.069627,B1Co11Zr2,ok
MMD-538,Zr2Co12B,3,P-1,triclinic,Ferromagnetic,0.95,29.24,,,,,,-147.897038,0.068479,B1Co12Zr2,ok
MMD-539,Zr2Co12B,3,P-1,triclinic,Ferromagnetic,0.97,29.77,,,,,,-148.542066,0.067834,B1Co12Zr2,ok
MMD-540,Zr2Co12B,3,P-1,triclinic,Ferromagnetic,0.97,29.58,,,,,,-148.691289,0.067685,B1Co12Zr2,ok
MMD-541,Zr2Co12B,3,P-1,triclinic,Ferromagnetic,0.97,30.22,,,,,,-146.123399,0.070253,B1Co12Zr2,ok
MMD-542,Zr2Co13B,3,P1,triclinic,Ferromagnetic,0.97,31.57,,,,,,-143.210239,0.059642,B1Co13Zr2,ok
MMD-543,Zr2Co14B,3,P2_1/m,monoclinic,Ferromagnetic,1.02,34.63,,,,,,-126.977996,0.063942,B1Co14Zr2,ok
MMD-544,Zr2Co14B,3,P2_1/m,monoclinic,Ferromagnetic,1.02,34.63,,,c,0.659,,-127.023743,0.063896,B1Co14Zr2,ok
MMD-545,Zr2Co15B,3,P1,triclinic,Ferromagnetic,1.12,40.81,,,,,,-104.193353,0.07612,B1Co15Zr2,ok
MMD-546,Zr2Co16B,3,Cm,monoclinic,Ferromagnetic,1.09,41.86,,,,,,-109.079062,0.061744,B1Co16Zr2,ok
MMD-547,Zr2Co16B,3,P-1,triclinic,Ferromagnetic,1.12,42.86,,,,,,-105.558967,0.065264,B1Co16Zr2,ok
MMD-548,Zr2Co17B,3,C2/c,monoclinic,Ferromagnetic,1.15,46.16,,,,,,-132.343997,0.029938,B1Co17Zr2,ok
MMD-549,Zr2Co18B,3,Cm,monoclinic,Ferromagnetic,1.17,49.59,,,,,,-104.400789,0.050153,B1Co18Zr2,ok
MMD-550,Zr2Co8B,3,P1,triclinic,Ferromagnetic,0.64,14.72,,,,,,-261.375199,0.033683,B1Co8Zr2,ok
MMD-551,Zr2Co8B,3,P1,triclinic,Ferromagnetic,0.67,15.38,,,,,,-261.860416,0.033198,B1Co8Zr2,ok
MMD-552,Zr2Co8B,3,P1,triclinic,Ferromagnetic,0.67,15.37,,,,,,-262.001395,0.033057,B1Co8Zr2,ok
MMD-553,Zr2Co8B,3,P1,triclinic,Ferromagnetic,0.67,15.34,,,,,,-262.244876,0.032813,B1Co8Zr2,ok
MMD-554,Zr2Co8B,3,P1,triclinic,Ferromagnetic,0.67,15.36,,,,,,-262.01826,0.03304,B1Co8Zr2,ok
MMD-555,Zr2Co8C,3,Cmmm,orthorhombic,Ferromagnetic,0.56,12.78,,,c,0.855,,-185.42989,0.085804,C1Co8Zr2,ok
MMD-556,Zr2Co10C,3,Cm,monoclinic,Ferromagnetic,0.74,19.62,,,c,1.306,,-153.119914,0.076386,C1Co10Zr2,ok
MMD-557,Zr2Co10C,3,Cm,monoclinic,Ferromagnetic,0.74,19.64,,,c,1.286,,-153.034454,0.076471,C1Co10Zr2,ok
MMD-558,Zr2Co10C,3,Cm,monoclinic,Ferromagnetic,0.74,19.62,,,c,1.285,,-153.12634,0.076379,C1Co10Zr2,ok
MMD-559,Zr2Co10C,3,Cm,monoclinic,Ferromagnetic,0.74,9.8,,,,,,-153.053445,0.076452,C1Co10Zr2,ok
MMD-560,Zr2Co11C,3,P1,triclinic,Ferromagnetic,0.86,24.87,,,,,,-131.176261,0.081936,C1Co11Zr2,ok
MMD-561,Zr2Co12C,3,P1,triclinic,Ferromagnetic,0.9,27.74,,,,,,-110.333796,0.088571,C1Co12Zr2,ok
MMD-562,Zr2Co13C,3,P2_1,monoclinic,Ferromagnetic,1.01,32.92,,,c,0.755,,-91.301751,0.095172,C1Co13Zr2,ok
MMD-563,Zr2Co14C,3,P-1,triclinic,Ferromagnetic,1.08,37.33,,,,,,-85.836729,0.089668,C1Co14Zr2,ok
MMD-564,Zr2Co16C,3,P1,triclinic,Ferromagnetic,1.13,43.35,,,,,,-59.522979,0.097507,C1Co16Zr2,ok
MMD-565,Zr2Co18C,3,P1,triclinic,Ferromagnetic,1.14,48.17,,,,,,-40.114268,0.101961,C1Co18Zr2,ok
MMD-566,Zr2Co18C,3,P1,triclinic,Ferromagnetic,1.14,48.29,,,,,,-39.297586,0.102777,C1Co18Zr2,ok
MMD-567,Zr2Co10N,3,P1,triclinic,Ferromagnetic,1.01,27.55,,,,,,-214.790941,0.132779,Co10N1Zr2,ok
MMD-568,Zr2Co11N,3,P-1,triclinic,Ferromagnetic,1.07,30.63,,,,,,-204.856574,0.144912,Co11N1Zr2,ok
MMD-569,Zr2Co12N,3,Cmcm,orthorhombic,Ferromagnetic,1.11,34.3,,,b,0.416,,-212.778408,0.156616,Co12N1Zr2,ok
MMD-570,Zr2Co13N,3,P-1,triclinic,Ferromagnetic,1.15,37.94,,,,,,-156.978425,0.136403,Co13N1Zr2,ok
MMD-571,Zr2Co14N,3,P1,triclinic,Ferromagnetic,1.17,40.5,,,,,,-127.800965,0.197689,Co14N1Zr2,ok
MMD-572,Zr2Co14N,3,P1,triclinic,Ferromagnetic,1.17,40.91,,,,,,-136.30949,0.197658,Co14N1Zr2,ok
MMD-573,Zr2Co10B,3,P1,triclinic,Ferromagnetic,0.8,10.68,,,,,,-190.013333,0.059651,B1Co10Zr2,ok
MMD-574,Zr2Co10B,3,P4/mmm,tetragonal,Ferromagnetic,0.78,10.44,,,ab plane,0.429,,-186.218546,0.063446,B1Co10Zr2,ok
MMD-575,Zr2Co11B,3,P1,triclinic,Ferromagnetic,0.87,12.58,,,,,,-149.376464,0.082455,B1Co11Zr2,ok
MMD-576,Zr2Co11B,3,P1,triclinic,Ferromagnetic,0.87,12.59,,,,,,-149.285598,0.082546,B1Co11Zr2,ok
MMD-577,Zr2Co11B,3,P1,triclinic,Ferromagnetic,0.87,12.58,,,,,,-149.210407,0.082621,B1Co11Zr2,ok
MMD-578,Zr2Co13B,3,P-1,triclinic,Ferromagnetic,0.97,15.77,,,,,,-124.357858,0.078495,B1Co13Zr2,ok
MMD-579,Zr2Co13B,3,P-1,triclinic,Ferromagnetic,0.97,15.73,,,,,,-124.463319,0.078389,B1Co13Zr2,ok
MMD-580,Zr2Co13B,3,P1,triclinic,Ferromagnetic,0.97,15.8,,,,,,-123.62775,0.079225,B1Co13Zr2,ok
MMD-581,Zr2Co13B,3,P1,triclinic,Ferromagnetic,0.97,15.74,,,,,,-123.188847,0.079664,B1Co13Zr2,ok
MMD-582,Zr2Co16B,3,C2/m,monoclinic,Ferromagnetic,1.1,42.11,,,a,0.478,,-127.470331,0.043353,B1Co16Zr2,ok
MMD-583,Zr2Co16B,3,C2/m,monoclinic,Ferromagnetic,1.1,42.14,,,a,0.493,,-127.362331,0.043461,B1Co16Zr2,ok
MMD-584,Zr2Co10C,3,P4/mmm,tetragonal,Ferromagnetic,0.75,9.88,,,ab plane,0.176,,-153.101839,0.076404,C1Co10Zr2,ok
MMD-585,Zr2Co10C,3,P4/mmm,tetragonal,Ferromagnetic,0.74,9.89,,,c,0.206,,-152.466798,0.077039,C1Co10Zr2,ok
MMD-586,Zr2Co10C,3,P4/mmm,tetragonal,Ferromagnetic,0.74,19.72,,,a,0.42,,-151.626217,0.07788,C1Co10Zr2,ok
MMD-587,Zr2Co12C,3,Cm,monoclinic,Ferromagnetic,0.93,28.66,,,a,0.794,,-104.882305,0.094023,C1Co12Zr2,ok
MMD-588,Zr2Co12C,3,Cm,monoclinic,Ferromagnetic,0.93,14.3,,,,,,-105.018466,0.093887,C1Co12Zr2,ok
MMD-589,Zr2Co12C,3,Cm,monoclinic,Ferromagnetic,0.93,14.29,,,,,,-105.014403,0.093891,C1Co12Zr2,ok
MMD-590,Zr2Co13C,3,P1,triclinic,Ferromagnetic,1.02,16.81,,,,,,-92.186249,0.094287,C1Co13Zr2,ok
MMD-591,Zr2Co13C,3,P-1,triclinic,Ferromagnetic,1.04,16.96,,,,,,-90.297812,0.096176,C1Co13Zr2,ok
MMD-592,Zr2Co16C,3,P1,triclinic,Ferromagnetic,1.06,20.33,,,,,,-51.808884,0.105221,C1Co16Zr2,ok
MMD-593,Zr(Co3N)2,3,P2_1/m,monoclinic,Ferromagnetic,1.0,18.05,,,a,0.944,,-164.364218,0.171385,Co6N2Zr1,ok
MMD-594,Zr(Co3N)2,3,P-1,triclinic,Ferromagnetic,0.89,15.04,,,,,,-163.345053,0.237783,Co6N2Zr1,ok
MMD-595,Zr(Co3N)2,3,P-1,triclinic,Ferromagnetic,0.89,14.99,,,,,,-163.602397,0.237827,Co6N2Zr1,ok
MMD-596,Zr(Co3N)2,3,P-1,triclinic,Ferromagnetic,0.89,15.12,,,,,,-163.252965,0.145995,Co6N2Zr1,ok
MMD-597,Zr(Co3N)2,3,P-1,triclinic,Ferromagnetic,0.89,15.11,,,,,,-163.209321,0.133848,Co6N2Zr1,ok
MMD-598,Zr2Co8B,3,Amm2,orthorhombic,Ferromagnetic,0.64,14.77,,,a,1.232,,-237.575645,0.057482,B1Co8Zr2,ok
MMD-599,Zr2Co8B,3,Cmmm,orthorhombic,Ferromagnetic,0.57,6.56,,,,,,-228.517885,0.06654,B1Co8Zr2,ok
MMD-600,Zr2Co12B,3,Cmmm,orthorhombic,Ferromagnetic,0.88,26.85,,,c,1.052,,-150.017386,0.066359,B1Co12Zr2,ok
MMD-601,Zr2Co14B,3,P1,triclinic,Ferromagnetic,1.05,18.11,,,,,,-106.00757,0.084912,B1Co14Zr2,ok
MMD-602,Zr2Co14B,3,P1,triclinic,Ferromagnetic,1.05,18.2,,,,,,-107.641199,0.083279,B1Co14Zr2,ok
MMD-603,Zr2Co15B,3,Cm,monoclinic,Ferromagnetic,1.08,39.31,,,c,0.537,,-123.231711,0.057082,B1Co15Zr2,ok
MMD-604,Zr2Co15B,3,Cm,monoclinic,Ferromagnetic,1.08,19.58,,,,,,-123.310492,0.057003,B1Co15Zr2,ok
MMD-605,Zr2Co17B,3,Cm,monoclinic,Ferromagnetic,1.12,44.65,,,c,0.888,,-70.61596,0.091666,B1Co17Zr2,ok
MMD-606,Zr2Co17B,3,P1,triclinic,Ferromagnetic,1.14,22.66,,,,,,-67.235444,0.095046,B1Co17Zr2,ok
MMD-607,Zr2Co17B,3,Cm,monoclinic,Ferromagnetic,1.14,45.66,,,c,0.226,,-69.827268,0.092455,B1Co17Zr2,ok
MMD-608,Zr2Co17B,3,P1,triclinic,Ferromagnetic,1.14,22.67,,,,,,-67.206565,0.095075,B1Co17Zr2,ok
MMD-609,Zr2Co8C,3,Cmmm,orthorhombic,Ferromagnetic,0.56,12.72,,,c,0.918,,-186.279856,0.084954,C1Co8Zr2,ok
MMD-610,Zr2Co8C,3,Cmmm,orthorhombic,Ferromagnetic,0.56,12.73,,,c,0.595,,-185.938199,0.085296,C1Co8Zr2,ok
MMD-611,Zr2Co8C,3,Cmmm,orthorhombic,Ferromagnetic,0.56,12.71,,,c,1.003,,-186.241692,0.084992,C1Co8Zr2,ok
MMD-612,Zr2Co8C,3,Cmmm,orthorhombic,Ferromagnetic,0.56,12.72,,,c,0.919,,-186.12143,0.085113,C1Co8Zr2,ok
MMD-613,Zr2Co8C,3,Cmmm,orthorhombic,Ferromagnetic,0.56,12.75,,,c,0.904,,-185.700328,0.085534,C1Co8Zr2,ok
MMD-614,Zr2Co8C,3,Cmmm,orthorhombic,Ferromagnetic,0.56,12.71,,,c,0.848,,-186.419686,0.084814,C1Co8Zr2,ok
MMD-615,Zr2Co8C,3,Cmmm,orthorhombic,Ferromagnetic,0.56,12.72,,,c,0.909,,-186.26429,0.08497,C1Co8Zr2,ok
MMD-616,Zr2Co8C,3,Cmmm,orthorhombic,Ferromagnetic,0.56,12.74,,,a,1.039,,-185.968218,0.085266,C1Co8Zr2,ok
MMD-617,Zr2Co8C,3,Cmmm,orthorhombic,Ferromagnetic,0.56,12.67,,,c,1.094,,-186.291891,0.084942,C1Co8Zr2,ok
MMD-618,Zr2Co8C,3,Cmmm,orthorhombic,Ferromagnetic,0.56,12.7,,,a,0.771,,-186.31123,0.084923,C1Co8Zr2,ok
MMD-619,Zr2Co8C,3,Cmmm,orthorhombic,Ferromagnetic,0.56,12.77,,,c,0.92,,-185.697644,0.085537,C1Co8Zr2,ok
MMD-620,Zr2Co11C,3,C2,monoclinic,Ferromagnetic,0.93,26.75,,,a,0.907,,-126.143411,0.086969,C1Co11Zr2,ok
MMD-621,Zr2Co11C,3,P1,triclinic,Ferromagnetic,0.92,13.3,,,,,,-126.445802,0.086667,C1Co11Zr2,ok
MMD-622,Zr2Co11C,3,P1,triclinic,Ferromagnetic,0.93,13.46,,,,,,-128.575483,0.084537,C1Co11Zr2,ok
MMD-623,Zr2Co11C,3,P1,triclinic,Ferromagnetic,0.94,13.6,,,,,,-127.337316,0.085775,C1Co11Zr2,ok
MMD-624,Zr2Co11C,3,P1,triclinic,Ferromagnetic,0.92,13.37,,,,,,-126.963781,0.086149,C1Co11Zr2,ok
MMD-625,Zr2Co11C,3,P1,triclinic,Ferromagnetic,0.93,13.45,,,,,,-128.394187,0.084718,C1Co11Zr2,ok
MMD-626,Zr2Co11C,3,P1,triclinic,Ferromagnetic,0.93,13.48,,,,,,-128.482692,0.08463,C1Co11Zr2,ok
MMD-627,Zr2Co14C,3,I4/mmm,tetragonal,Ferromagnetic,0.94,31.95,,,,,,-101.715985,0.073788,C1Co14Zr2,ok
MMD-628,Zr2Co15C,3,Cm,monoclinic,Ferromagnetic,1.05,38.38,,,c,0.732,,-66.751548,0.099003,C1Co15Zr2,ok
MMD-629,Zr2Co15C,3,P1,triclinic,Ferromagnetic,1.04,18.86,,,,,,-64.287601,0.101467,C1Co15Zr2,ok
MMD-630,Zr2Co17C,3,C2/m,monoclinic,Ferromagnetic,1.16,47.27,,,b,0.29,,-77.19817,0.071981,C1Co17Zr2,ok
MMD-631,Zr2Co17C,3,Cm,monoclinic,Ferromagnetic,1.16,47.1,,,b,0.143,,-75.459886,0.073719,C1Co17Zr2,ok
MMD-632,Zr2Co17C,3,Cm,monoclinic,Ferromagnetic,1.16,47.11,,,b,0.149,,-75.613419,0.073565,C1Co17Zr2,ok
MMD-633,Zr2Co18C,3,I4mm,tetragonal,Ferromagnetic,1.11,46.32,,,a,0.595,,-40.928362,0.101147,C1Co18Zr2,ok
MMD-634,Zr2Co18C,3,Cmm2,orthorhombic,Ferromagnetic,1.1,45.64,,,a,0.547,,-40.610718,0.101464,C1Co18Zr2,ok
MMD-635,Zr2Co14C,3,P1,triclinic,Ferromagnetic,1.02,52.84,,,,,,-86.433385,0.089071,C1Co14Zr2,ok
MMD-636,Zr2Co14C,3,P1,triclinic,Ferromagnetic,1.01,52.16,,,,,,-80.295331,0.095209,C1Co14Zr2,ok
MMD-637,Zr2Co14C,3,P1,triclinic,Ferromagnetic,1.03,53.27,,,,,,-78.320736,0.097184,C1Co14Zr2,ok
MMD-638,Zr2Co14C,3,P1,triclinic,Ferromagnetic,1.03,53.5,,,,,,-80.07097,0.095433,C1Co14Zr2,ok
MMD-639,Zr2Co14C,3,P1,triclinic,Ferromagnetic,1.03,53.27,,,,,,-78.170356,0.097334,C1Co14Zr2,ok
MMD-640,Zr2Co8N,3,Cm,monoclinic,Ferromagnetic,0.85,19.84,,,a,0.977,,-250.17826,0.096296,Co8N1Zr2,ok
MMD-641,Zr2Co11N,3,P1,triclinic,Ferromagnetic,0.97,14.07,,,,,,-144.993695,0.185919,Co11N1Zr2,ok
MMD-642,Zr2Co11N,3,P1,triclinic,Ferromagnetic,0.96,13.95,,,,,,-145.635981,0.185724,Co11N1Zr2,ok
MMD-643,Zr2Co11N,3,P1,triclinic,Ferromagnetic,0.97,14.11,,,,,,-145.232397,0.18622,Co11N1Zr2,ok
MMD-644,Zr2Co11N,3,P1,triclinic,Ferromagnetic,0.96,13.98,,,,,,-145.427445,0.185807,Co11N1Zr2,ok
MMD-645,Zr2Co11N,3,P1,triclinic,Ferromagnetic,0.97,14.13,,,,,,-144.931838,0.185815,Co11N1Zr2,ok
MMD-646,Zr2Co11N,3,P1,triclinic,Ferromagnetic,0.97,14.06,,,,,,-145.344722,0.162573,Co11N1Zr2,ok
MMD-647,Zr2Co11N,3,P1,triclinic,Ferromagnetic,0.97,14.06,,,,,,-145.336053,0.162615,Co11N1Zr2,ok
MMD-648,Zr2Co12N,3,P1,triclinic,Ferromagnetic,1.07,16.53,,,,,,-146.459995,0.162582,Co12N1Zr2,ok
MMD-649,Zr2Co12N,3,P1,triclinic,Ferromagnetic,1.07,16.55,,,,,,-146.584351,0.162572,Co12N1Zr2,ok
MMD-650,Zr2Co12N,3,P1,triclinic,Ferromagnetic,1.07,16.6,,,,,,-146.492604,0.162579,Co12N1Zr2,ok
MMD-651,Zr2Co12N,3,P1,triclinic,Ferromagnetic,1.07,16.53,,,,,,-146.502572,0.162262,Co12N1Zr2,ok
MMD-652,Zr2Co12N,3,P1,triclinic,Ferromagnetic,1.07,16.55,,,,,,-146.495669,0.205692,Co12N1Zr2,ok
MMD-653,Zr2Co12N,3,P1,triclinic,Ferromagnetic,1.07,16.54,,,,,,-146.812383,0.182462,Co12N1Zr2,ok
MMD-654,Zr2Co14N,3,P1,triclinic,Ferromagnetic,1.11,19.48,,,,,,-90.250926,0.187762,Co14N1Zr2,ok
MMD-655,Zr2Co14N,3,P1,triclinic,Ferromagnetic,1.14,19.84,,,,,,-94.532864,0.19445,Co14N1Zr2,ok
MMD-656,Zr2Co14N,3,P1,triclinic,Ferromagnetic,1.19,20.93,,,,,,-84.951058,0.202302,Co14N1Zr2,ok
MMD-657,Zr2Co14N,3,P1,triclinic,Ferromagnetic,1.17,20.51,,,,,,-78.26272,0.190169,Co14N1Zr2,ok
MMD-658,Zr2Co14N,3,P1,triclinic,Ferromagnetic,1.18,20.75,,,,,,-70.410662,0.206029,Co14N1Zr2,ok
MMD-659,Zr2Co14N,3,P1,triclinic,Ferromagnetic,1.18,20.76,,,,,,-82.544449,0.237691,Co14N1Zr2,ok
MMD-660,Zr2Co15N,3,P-1,triclinic,Ferromagnetic,1.17,21.54,,,,,,-111.567333,0.18827,Co15N1Zr2,ok
MMD-661,Zr2Co16N,3,P-1,triclinic,Ferromagnetic,1.15,22.11,,,,,,-110.157938,0.138117,Co16N1Zr2,ok
MMD-662,Zr2Co17N,3,P1,triclinic,Ferromagnetic,1.2,24.25,,,,,,-93.688527,0.1582,Co17N1Zr2,ok
MMD-663,Zr2Co17N,3,P1,triclinic,Ferromagnetic,1.2,24.37,,,,,,-92.973684,0.141834,Co17N1Zr2,ok
MMD-664,Zr2Co17N,3,P1,triclinic,Ferromagnetic,1.16,22.99,,,,,,-73.605555,0.126295,Co17N1Zr2,ok
MMD-665,Zr2Co18N,3,Pm,monoclinic,Ferromagnetic,1.25,26.47,,,a,0.46,,-98.310185,0.171287,Co18N1Zr2,ok
MMD-666,ZrCo4N,3,Cmcm,orthorhombic,Ferromagnetic,1.02,25.02,,,c,0.962,,-385.180099,0.18172,Co4N1Zr1,ok
MMD-667,ZrCo4N,3,Cmcm,orthorhombic,Ferromagnetic,1.02,25.08,,,c,0.961,,-384.486849,0.181957,Co4N1Zr1,ok
MMD-668,ZrCo4N,3,Cmcm,orthorhombic,Ferromagnetic,1.03,12.63,,,b,0.286,,-384.311194,0.191442,Co4N1Zr1,ok
MMD-669,ZrCo4N,3,Cmcm,orthorhombic,Ferromagnetic,1.03,12.62,,,b,0.301,,-384.342102,0.210351,Co4N1Zr1,ok
MMD-670,ZrCo5N,3,Pmma,orthorhombic,Ferromagnetic,1.1,15.57,,,a,0.596,,-317.857928,0.146339,Co5N1Zr1,ok
MMD-671,ZrCo5N,3,P2/c,monoclinic,Ferromagnetic,1.09,15.34,,,c,0.972,,-288.505866,0.236672,Co5N1Zr1,ok
MMD-672,ZrCo5N,3,Ima2,orthorhombic,Ferromagnetic,1.05,29.33,,,c,1.217,,-249.198901,0.143537,Co5N1Zr1,ok
MMD-673,Zr2Co11N2,3,I4/mmm,tetragonal,Ferromagnetic,1.22,36.96,,,a,0.172,,-316.807804,0.146019,Co11N2Zr2,ok
MMD-674,ZrCo6N,3,C2/m,monoclinic,Ferromagnetic,1.1,35.96,,,b,0.217,,-292.976844,0.180601,Co6N1Zr1,ok
MMD-675,Zr2Co13N2,3,P1,triclinic,Ferromagnetic,1.13,20.12,,,,,,-204.794573,0.237434,Co13N2Zr2,ok
MMD-676,ZrCo7N,3,P4/nmm,tetragonal,Ferromagnetic,1.32,23.74,,,c,1.12,,-241.759555,0.15889,Co7N1Zr1,ok
MMD-677,ZrCo7N,3,Pmn2_1,orthorhombic,Ferromagnetic,1.32,23.73,,,a,0.179,,-241.660588,0.158951,Co7N1Zr1,ok
MMD-678,ZrCo7N,3,P4/nmm,tetragonal,Ferromagnetic,1.32,23.72,,,c,1.122,,-241.980647,0.168978,Co7N1Zr1,ok
MMD-679,ZrCo7N,3,P4/nmm,tetragonal,Ferromagnetic,1.32,23.72,,,c,1.108,,-241.955961,0.168785,Co7N1Zr1,ok
MMD-680,Zr2Co15N2,3,P1,triclinic,Ferromagnetic,1.28,23.91,,,,,,-179.308819,0.138832,Co15N2Zr2,ok
MMD-681,ZrCo8N,3,Cmcm,orthorhombic,Ferromagnetic,1.29,51.3,,,c,0.465,,-205.662788,0.146044,Co8N1Zr1,ok
MMD-682,Zr2Co8N3,3,C2,monoclinic,Ferromagnetic,0.69,17.47,,,b,0.404,,-299.533274,0.143523,Co8N3Zr2,ok
MMD-683,Zr(Co2N)2,3,P2_1/m,monoclinic,Ferromagnetic,0.94,12.57,,,c,1.561,,-345.498831,0.122457,Co4N2Zr1,ok
MMD-684,ZrCo5N2,3,P-1,triclinic,Ferromagnetic,0.81,12.69,,,,,,-245.473733,0.17818,Co5N2Zr1,ok
MMD-685,ZrCo7N2,3,C2/m,monoclinic,Ferromagnetic,0.99,36.86,,,b,0.494,,-204.316698,0.177497,Co7N2Zr1,ok
MMD-686,ZrCo7N2,3,Pmc2_1,orthorhombic,Ferromagnetic,1.11,21.45,,,a,0.799,,-202.042509,0.19682,Co7N2Zr1,ok
MMD-687,ZrCo7N2,3,Pmc2_1,orthorhombic,Ferromagnetic,1.12,21.67,,,a,0.802,,-201.982004,0.197513,Co7N2Zr1,ok
MMD-688,Zr(Co4N)2,3,I-4m2,tetragonal,Ferromagnetic,1.15,25.0,,,c,1.124,,-159.142422,0.08621,Co8N2Zr1,ok
MMD-689,Zr(Co4N)2,3,I-4m2,tetragonal,Ferromagnetic,1.15,24.99,,,c,1.117,,-159.335481,0.064648,Co8N2Zr1,ok
MMD-690,ZrCo9N2,3,Pmm2,orthorhombic,Ferromagnetic,1.03,11.97,,,c,0.221,,-120.176161,0.177524,Co9N2Zr1,ok
MMD-691,ZrCo9N2,3,Pmm2,orthorhombic,Ferromagnetic,1.02,11.93,,,c,0.707,,-123.279802,0.177419,Co9N2Zr1,ok
MMD-692,ZrCo9N2,3,Pmm2,orthorhombic,Ferromagnetic,1.02,11.91,,,c,0.704,,-123.253101,0.180476,Co9N2Zr1,ok
MMD-693,ZrCo9N2,3,Pm,monoclinic,Ferromagnetic,1.14,13.33,,,a,0.634,,-109.334663,0.170119,Co9N2Zr1,ok
MMD-694,ZrCo9N2,3,Pmm2,orthorhombic,Ferromagnetic,1.02,11.92,,,c,0.715,,-123.358511,0.18057,Co9N2Zr1,ok
MMD-695,ZrCo9N2,3,Pmm2,orthorhombic,Ferromagnetic,1.03,11.99,,,a,0.441,,-120.30139,0.180999,Co9N2Zr1,ok
MMD-696,ZrCo9N2,3,Imm2,orthorhombic,Ferromagnetic,1.04,24.34,,,c,0.43,,-119.05716,0.181811,Co9N2Zr1,ok
MMD-697,ZrCo9N2,3,Imm2,orthorhombic,Ferromagnetic,1.04,24.4,,,c,0.455,,-118.819808,0.181647,Co9N2Zr1,ok
MMD-698,ZrCo9N2,3,Pmm2,orthorhombic,Ferromagnetic,1.03,12.05,,,a,0.164,,-120.207227,0.14624,Co9N2Zr1,ok
MMD-699,ZrCo9N2,3,Imm2,orthorhombic,Ferromagnetic,1.04,24.33,,,c,0.448,,-118.966274,0.249658,Co9N2Zr1,ok
MMD-700,ZrCo9N2,3,Imm2,orthorhombic,Ferromagnetic,1.04,24.3,,,c,0.447,,-119.13046,0.148792,Co9N2Zr1,ok
MMD-701,Ni8N,2,Fm-3m,cubic,Ferromagnetic,0.34,10.93,,,,,,68.226652,45.258348,N1Ni8,ok
MMD-702,Ni8N,2,I4/mmm,tetragonal,Ferromagnetic,0.24,3.84,,,ab plane,3.675,,114.398143,91.429839,N1Ni8,ok
MMD-703,ZrFe6,2,I4/mmm,tetragonal,Ferromagnetic,1.54,23.9,,,c,0.149,,-10.288621,117.9996,Fe6Zr1,ok
MMD-704,Ti2(FeCo)3,3,P-6m2,hexagonal,Ferromagnetic,0.9,23.23,,,,,,-228.077196,120.202982,Co3Fe3Ti2,ok
MMD-705,Ti2(FeCo)3,3,Cm,monoclinic,Ferromagnetic,0.91,23.55,,,,,,-224.716384,123.563794,Co3Fe3Ti2,ok
MMD-706,Ti2(FeCo)3,3,Cm,monoclinic,Ferromagnetic,0.91,23.56,,,,,,-224.615498,123.66468,Co3Fe3Ti2,ok
MMD-707,Ti2(FeCo)3,3,Cm,monoclinic,Ferromagnetic,0.89,23.02,,,,,,-217.061126,131.219052,Co3Fe3Ti2,ok
MMD-708,Ti2(FeCo)3,3,Cm,monoclinic,Ferromagnetic,0.89,22.83,,,,,,-215.774707,132.505471,Co3Fe3Ti2,ok
MMD-709,Ti2(FeCo)3,3,Cm,monoclinic,Ferromagnetic,0.92,23.82,,,,,,-226.229752,122.050426,Co3Fe3Ti2,ok
MMD-710,Ti2(FeCo)3,3,Amm2,orthorhombic,Ferromagnetic,0.92,23.67,,,,,,-225.364679,122.915499,Co3Fe3Ti2,ok
MMD-711,Ti2(FeCo)3,3,Cm,monoclinic,Ferromagnetic,0.92,23.75,,,,,,-224.988294,123.291884,Co3Fe3Ti2,ok
MMD-712,Ti2(FeCo)3,3,Cm,monoclinic,Ferromagnetic,0.92,23.67,,,,,,-216.480293,131.799885,Co3Fe3Ti2,ok
MMD-713,Nb2(FeCo)3,3,P-6m2,hexagonal,Ferromagnetic,0.73,18.92,,,,,,-129.543209,30.601691,Co3Fe3Nb2,ok
MMD-714,Nb2(FeCo)3,3,Cm,monoclinic,Ferromagnetic,0.75,19.34,,,,,,-126.83941,33.305489,Co3Fe3Nb2,ok
MMD-715,Nb2(FeCo)3,3,Cm,monoclinic,Ferromagnetic,0.75,19.36,,,,,,-126.343885,33.801015,Co3Fe3Nb2,ok
MMD-716,Nb2(FeCo)3,3,Cm,monoclinic,Ferromagnetic,0.71,18.31,,,,,,-120.363522,39.781377,Co3Fe3Nb2,ok
MMD-717,Nb2(FeCo)3,3,Cm,monoclinic,Ferromagnetic,0.71,18.41,,,,,,-120.463751,39.681149,Co3Fe3Nb2,ok
MMD-718,Nb2(FeCo)3,3,Cm,monoclinic,Ferromagnetic,0.72,18.49,,,,,,-126.699532,33.445367,Co3Fe3Nb2,ok
MMD-719,Nb2(FeCo)3,3,Amm2,orthorhombic,Ferromagnetic,0.72,18.64,,,,,,-126.333806,33.811094,Co3Fe3Nb2,ok
MMD-720,Nb2(FeCo)3,3,Cm,monoclinic,Ferromagnetic,0.76,19.59,,,,,,-126.695632,33.449268,Co3Fe3Nb2,ok
MMD-721,Nb2(FeCo)3,3,Cm,monoclinic,Ferromagnetic,0.7,18.08,,,,,,-118.714137,41.430762,Co3Fe3Nb2,ok
MMD-722,Fe2Si,2,P4/mmm,tetragonal,Ferromagnetic,0.75,8.27,,,ab plane,0.543,,-360.987623,22.660259,Fe2Si1,ok
MMD-723,Fe3Si2,2,P4/m,tetragonal,Ferromagnetic,0.46,4.23,,,c,1.128,,-401.688728,32.964937,Fe3Si2,ok
MMD-724,Fe3Si2,2,P2_1/m,monoclinic,Ferromagnetic,0.5,9.31,,,c,1.122,,-389.996996,44.656669,Fe3Si2,ok
MMD-725,Fe3Si,2,Cmcm,orthorhombic,Ferromagnetic,1.11,33.22,,,,,,-279.274535,40.616119,Fe3Si1,ok
MMD-726,Fe6Si,2,Cmmm,orthorhombic,Ferromagnetic,1.63,43.42,,,,,,-166.740963,16.053696,Fe6Si1,ok
MMD-727,Fe3Si2,2,C2/m,monoclinic,Ferromagnetic,0.45,16.48,,,,,,-420.822617,13.831048,Fe3Si2,ok
MMD-728,Fe7Si2,2,Cmmm,orthorhombic,Ferromagnetic,1.4,47.5,,,,,,-275.433175,8.914073,Fe7Si2,ok
MMD-729,Fe4Si3,2,I4/mmm,tetragonal,Ferromagnetic,0.4,5.07,,,c,2.691,,-392.235159,64.278127,Fe4Si3,ok
MMD-730,FeSi,2,Pm-3m,cubic,Ferromagnetic,0.0,0.0,,,,,,-484.015056,27.147283,Fe1Si1,ok
MMD-731,Fe2Si,2,Cmcm,orthorhombic,Ferromagnetic,0.75,16.62,,,,,,-378.045758,5.602124,Fe2Si1,ok
MMD-732,Fe2Si,2,P4/nmm,tetragonal,Ferromagnetic,0.77,8.54,,,c,0.443,,-373.938934,9.708948,Fe2Si1,ok
MMD-733,Fe2Si,2,C2/m,monoclinic,Ferromagnetic,0.74,16.29,,,,,,-362.902506,20.745376,Fe2Si1,ok
MMD-734,Fe2Si,2,P2/m,monoclinic,Ferromagnetic,0.72,7.97,,,b,0.389,,-362.298952,21.348931,Fe2Si1,ok
MMD-735,Fe3Si2,2,C2/m,monoclinic,Ferromagnetic,0.45,16.48,,,,,,-420.822617,13.831048,Fe3Si2,ok
MMD-736,Fe7Si2,2,Cmmm,orthorhombic,Ferromagnetic,1.4,47.7,,,,,,-275.517126,8.830122,Fe7Si2,ok
MMD-737,Fe7Si,2,P1,triclinic,Ferromagnetic,1.88,58.28,,,,,,-156.503735,3.441592,Fe7Si1,ok
MMD-738,Fe8Si,2,P-1,triclinic,Ferromagnetic,1.94,68.18,,,,,,-134.342066,7.831558,Fe8Si1,ok
MMD-739,FeSi,2,P-6m2,hexagonal,Ferromagnetic,0.36,0.7,,,c,2.694,,-333.9882,177.174139,Fe1Si1,ok
MMD-740,FeSi,2,C2/m,monoclinic,Ferromagnetic,0.0,0.0,,,,,,-419.559974,91.602365,Fe1Si1,ok
MMD-741,Fe5Si4,2,P2/m,monoclinic,Ferromagnetic,0.28,9.05,,,,,,-435.136855,33.520665,Fe5Si4,ok
MMD-742,Fe7Si3,2,P2_1/m,monoclinic,Ferromagnetic,1.0,37.31,,,,,,-328.819173,29.325818,Fe7Si3,ok
MMD-743,Fe7Si3,2,Pm,monoclinic,Ferromagnetic,0.97,36.19,,,,,,-332.263534,25.881457,Fe7Si3,ok
MMD-744,Fe7Si3,2,P2/m,monoclinic,Ferromagnetic,0.92,34.28,,,,,,-339.682804,18.462187,Fe7Si3,ok
MMD-745,Fe3Si,2,Fm-3m,cubic,Ferromagnetic,1.32,19.86,,,,,,-319.702827,0.187827,Fe3Si1,ok
MMD-746,Fe3Si,2,Cmcm,orthorhombic,Ferromagnetic,1.24,18.64,,,a,0.495,,-284.431317,35.459337,Fe3Si1,ok
MMD-747,Fe3Si,2,C2/m,monoclinic,Ferromagnetic,1.39,42.43,,,,,,-284.832625,35.058029,Fe3Si1,ok
MMD-748,Fe4Si,2,C2/m,monoclinic,Ferromagnetic,1.68,64.79,,,,,,-230.22138,25.691144,Fe4Si1,ok
MMD-749,Fe5Si,2,P1,triclinic,Ferromagnetic,1.79,41.6,,,,,,-182.056812,31.203624,Fe5Si1,ok
MMD-750,Fe5Si,2,P2_1/m,monoclinic,Ferromagnetic,1.79,41.84,,,,,,-165.378321,47.882115,Fe5Si1,ok
MMD-751,Fe5Si,2,C2/m,monoclinic,Ferromagnetic,1.77,41.13,,,,,,-172.287426,40.97301,Fe5Si1,ok
MMD-752,Fe6Si,2,P-1,triclinic,Ferromagnetic,1.82,49.39,,,,,,-163.053192,19.741468,Fe6Si1,ok
MMD-753,Fe6Si,2,P1,triclinic,Ferromagnetic,1.85,50.35,,,,,,-163.308687,19.485972,Fe6Si1,ok
MMD-754,Fe6Si,2,Pm,monoclinic,Ferromagnetic,1.81,48.97,,,,,,-140.088971,42.705688,Fe6Si1,ok
MMD-755,Fe7Si,2,P-1,triclinic,Ferromagnetic,1.9,58.9,,,,,,-149.080108,10.865219,Fe7Si1,ok
MMD-756,Fe8Si,2,P1,triclinic,Ferromagnetic,1.92,67.12,,,,,,-130.697753,11.475871,Fe8Si1,ok
MMD-757,Fe3S,2,P2,monoclinic,Ferromagnetic,1.67,28.66,,,c,0.424,,-71.533558,182.857598,Fe3S1,ok
MMD-758,Fe3S,2,C2/m,monoclinic,Ferromagnetic,1.55,56.59,,,b,0.512,,-119.70598,134.685175,Fe3S1,ok
MMD-759,Fe3S,2,P-1,triclinic,Ferromagnetic,1.4,23.1,,,a,0.903,,-72.261692,182.129463,Fe3S1,ok
MMD-760,Fe3S,2,Pnma,orthorhombic,Ferromagnetic,1.67,27.03,,,a,0.37,,-95.237153,159.154002,Fe3S1,ok
MMD-761,Fe3S,2,Cm,monoclinic,Ferromagnetic,1.39,53.9,,,b,0.194,,-125.265915,129.12524,Fe3S1,ok
MMD-762,Fe3S,2,C2/m,monoclinic,Ferromagnetic,1.38,54.23,,,b,0.486,,-142.032845,112.358311,Fe3S1,ok
MMD-763,Fe3S,2,Cm,monoclinic,Ferromagnetic,1.64,55.86,,,b,0.205,,-98.839288,155.551868,Fe3S1,ok
MMD-764,Fe3S,2,P-1,triclinic,Ferromagnetic,1.4,23.1,,,b,0.564,,-72.261692,182.129463,Fe3S1,ok
MMD-765,Fe3S,2,C2/m,monoclinic,Ferromagnetic,1.38,53.35,,,c,0.69,,-108.87174,145.519416,Fe3S1,ok
MMD-766,Fe3S,2,C2/m,monoclinic,Ferromagnetic,1.39,54.16,,,b,0.0,,-143.672102,110.719054,Fe3S1,ok
MMD-767,Fe3S,2,P2_1/m,monoclinic,Ferromagnetic,1.65,28.58,,,b,0.407,,-118.055689,136.335466,Fe3S1,ok
MMD-768,Fe3S,2,C2/m,monoclinic,Ferromagnetic,1.67,58.67,,,a,0.496,,-128.301602,126.089553,Fe3S1,ok
MMD-769,Fe3S,2,P2/m,monoclinic,Ferromagnetic,1.65,29.16,,,b,0.259,,-132.088396,122.30276,Fe3S1,ok
MMD-770,Fe3S,2,P2_1/m,monoclinic,Ferromagnetic,1.65,28.56,,,b,0.45,,-117.965169,136.425986,Fe3S1,ok
MMD-771,Co3S,2,Pnma,orthorhombic,Ferromagnetic,0.67,10.11,,,a,1.416,,-8.67917,249.280346,Co3S1,ok
MMD-772,FeCo5S2,3,P-1,triclinic,Ferromagnetic,0.84,12.9,,,c,1.22,,-25.069463,0.249953,Co5Fe1S2,ok
MMD-773,FeCo5S2,3,P2_1,monoclinic,Ferromagnetic,0.76,11.59,,,a,1.394,,-22.915876,0.252106,Co5Fe1S2,ok
MMD-774,FeCo5S2,3,Pc,monoclinic,Ferromagnetic,0.8,12.17,,,c,1.263,,-22.728722,0.252294,Co5Fe1S2,ok
MMD-775,FeCo5S2,3,Pm,monoclinic,Ferromagnetic,0.84,12.8,,,a,1.181,,-21.595579,0.253427,Co5Fe1S2,ok
MMD-776,FeCo5S2,3,P2_1,monoclinic,Ferromagnetic,0.87,13.35,,,b,0.736,,-23.270143,0.251752,Co5Fe1S2,ok
MMD-777,FeCo5S2,3,Pc,monoclinic,Ferromagnetic,0.87,13.37,,,b,0.117,,-23.882476,0.25114,Co5Fe1S2,ok
MMD-778,FeCo2S,3,P1,triclinic,Ferromagnetic,1.21,18.89,,,c,0.132,,-67.172548,0.222829,Co2Fe1S1,ok
MMD-779,FeCo2S,3,Pm,monoclinic,Ferromagnetic,1.21,18.92,,,a,0.425,,-67.818836,0.222182,Co2Fe1S1,ok
MMD-780,FeCo2S,3,Pm,monoclinic,Ferromagnetic,1.2,18.67,,,a,0.417,,-67.337875,0.222663,Co2Fe1S1,ok
MMD-781,FeCo2S,3,Pc,monoclinic,Ferromagnetic,1.22,19.02,,,b,0.565,,-68.405191,0.221596,Co2Fe1S1,ok
MMD-782,Fe3Co3S2,3,P1,triclinic,Ferromagnetic,1.32,20.76,,,c,0.111,,-79.879668,0.20957,Co3Fe3S2,ok
MMD-783,Fe3Co3S2,3,Pm,monoclinic,Ferromagnetic,1.32,20.82,,,a,0.345,,-84.483489,0.204966,Co3Fe3S2,ok
MMD-784,Fe3Co3S2,3,P2_1/m,monoclinic,Ferromagnetic,1.31,20.58,,,a,0.295,,-82.204372,0.207245,Co3Fe3S2,ok
MMD-785,Fe3Co3S2,3,P1,triclinic,Ferromagnetic,1.33,20.91,,,c,0.454,,-85.743776,0.203706,Co3Fe3S2,ok
MMD-786,Fe3Co3S2,3,P1,triclinic,Ferromagnetic,1.35,21.39,,,c,0.622,,-94.320308,0.195129,Co3Fe3S2,ok
MMD-787,Fe2CoS,3,P2_1,monoclinic,Ferromagnetic,1.46,23.33,,,a,0.684,,-94.717849,0.194064,Co1Fe2S1,ok
MMD-788,Fe2CoS,3,P1,triclinic,Ferromagnetic,1.47,23.48,,,c,0.32,,-94.640416,0.194141,Co1Fe2S1,ok
MMD-789,Fe2CoS,3,Pc,monoclinic,Ferromagnetic,1.47,23.47,,,c,0.527,,-95.506385,0.193275,Co1Fe2S1,ok
MMD-790,Fe2CoS,3,Pm,monoclinic,Ferromagnetic,1.45,23.12,,,a,0.429,,-97.748323,0.191033,Co1Fe2S1,ok
MMD-791,Fe2CoS,3,P1,triclinic,Ferromagnetic,1.46,23.26,,,c,0.494,,-99.39531,0.189386,Co1Fe2S1,ok
MMD-792,Fe2CoS,3,P2_1,monoclinic,Ferromagnetic,1.46,23.32,,,b,0.153,,-99.204422,0.189577,Co1Fe2S1,ok
MMD-793,Fe2CoS,3,Pc,monoclinic,Ferromagnetic,1.45,23.11,,,b,0.518,,-97.730364,0.191051,Co1Fe2S1,ok
MMD-794,Fe5CoS2,3,P1,triclinic,Ferromagnetic,1.57,25.22,,,c,0.183,,-96.951293,0.182706,Co1Fe5S2,ok
MMD-795,Fe5CoS2,3,P1,triclinic,Ferromagnetic,1.57,25.23,,,c,0.245,,-98.619802,0.181038,Co1Fe5S2,ok
MMD-796,Fe5CoS2,3,P1,triclinic,Ferromagnetic,1.56,25.13,,,a,0.177,,-97.628211,0.182029,Co1Fe5S2,ok
MMD-797,Fe5CoS2,3,P1,triclinic,Ferromagnetic,1.57,25.31,,,c,0.197,,-96.848298,0.182809,Co1Fe5S2,ok
MMD-798,Fe3S,2,Pnma,orthorhombic,Ferromagnetic,1.67,27.09,,,a,0.355,,-95.286959,159.104197,Fe3S1,ok
MMD-799,Fe3Co3S2,3,Cm,monoclinic,Ferromagnetic,1.19,40.1,,,b,0.101,,-130.258455,0.159191,Co3Fe3S2,ok
MMD-800,Fe3Co3S2,3,Pm,monoclinic,Ferromagnetic,1.27,21.91,,,c,0.511,,-101.491056,0.187958,Co3Fe3S2,ok
MMD-801,Fe3Co3S2,3,P-1,triclinic,Ferromagnetic,1.21,23.12,,,c,0.461,,-103.062208,0.186387,Co3Fe3S2,ok
MMD-802,Fe3Co3S2,3,P1,triclinic,Ferromagnetic,1.24,23.94,,,c,0.85,,-83.69668,0.205753,Co3Fe3S2,ok
MMD-803,Fe3Co3S2,3,P-1,triclinic,Ferromagnetic,1.21,23.11,,,c,0.451,,-102.937571,0.186512,Co3Fe3S2,ok
MMD-804,Co4Ge,2,C2/m,monoclinic,Ferromagnetic,1.01,19.36,,,b,0.747,,-47.333584,33.169044,Co4Ge1,ok
MMD-805,Co4Ge,2,P2/m,monoclinic,Ferromagnetic,1.03,19.84,,,b,0.569,,-43.26384,37.238787,Co4Ge1,ok
MMD-806,Co4Ge,2,I4/m,tetragonal,Ferromagnetic,1.03,9.93,,,c,1.301,,-37.783954,42.718674,Co4Ge1,ok
MMD-807,Co4Ge,2,Pm,monoclinic,Ferromagnetic,1.07,20.65,,,a,0.276,,-45.406119,35.096509,Co4Ge1,ok
MMD-808,Co5Ge,2,Cmmm,orthorhombic,Ferromagnetic,1.15,13.26,,,c,0.708,,-31.201101,35.884422,Co5Ge1,ok
MMD-809,Co4Ge,2,P2_1/m,monoclinic,Ferromagnetic,1.04,20.13,,,c,0.788,,-42.522581,37.980046,Co4Ge1,ok
MMD-810,Co5Ge,2,Aem2,orthorhombic,Ferromagnetic,1.2,55.19,,,a,0.429,,-44.439048,22.646475,Co5Ge1,ok
MMD-811,Co4Ge,2,P2_1/m,monoclinic,Ferromagnetic,1.07,20.66,,,c,0.988,,-52.509723,27.992905,Co4Ge1,ok
MMD-812,Co5Ge2,2,C2/m,monoclinic,Ferromagnetic,0.64,17.79,,,b,0.989,,-64.707937,50.295817,Co5Ge2,ok
MMD-813,Co5Ge2,2,Imma,orthorhombic,Ferromagnetic,0.54,14.75,,,b,2.558,,-43.097668,71.906086,Co5Ge2,ok
MMD-814,Co5Ge,2,P2/c,monoclinic,Ferromagnetic,1.2,13.82,,,c,0.239,,-54.721967,12.363556,Co5Ge1,ok
MMD-815,Co5Ge,2,Pm,monoclinic,Ferromagnetic,1.2,27.52,,,c,0.528,,-39.642826,27.442697,Co5Ge1,ok
MMD-816,Co5Ge,2,P2_1/m,monoclinic,Ferromagnetic,1.2,13.82,,,a,0.738,,-44.507986,22.577537,Co5Ge1,ok
MMD-817,Fe3B,2,Pnma,orthorhombic,Ferromagnetic,1.72,27.85,,,a,0.54,,115.436459,349.513962,B1Fe3,ok
MMD-818,Fe3B,2,Pnma,orthorhombic,Ferromagnetic,1.76,27.73,,,a,0.764,,-70.841144,163.236359,B1Fe3,ok
MMD-819,Fe3C,2,P6_322,hexagonal,Ferromagnetic,1.52,14.49,,,ab plane,0.327,,860.932726,860.932726,C1Fe3,ok
MMD-820,Fe3C,2,Pnma,orthorhombic,Ferromagnetic,1.85,29.94,,,a,0.52,,495.072315,495.072315,C1Fe3,ok
MMD-821,Fe3C,2,Pnma,orthorhombic,Ferromagnetic,1.59,28.34,,,a,0.887,,545.334407,545.334407,C1Fe3,ok
MMD-822,Fe3C,2,Pnma,orthorhombic,Ferromagnetic,1.82,28.5,,,a,0.667,,352.046408,352.046408,C1Fe3,ok
MMD-823,Fe3C,2,P6_322,hexagonal,Ferromagnetic,1.59,14.26,,,c,0.233,,579.148152,579.148152,C1Fe3,ok
MMD-824,Fe3N,2,P6_322,hexagonal,Ferromagnetic,1.8,17.2,,,c,0.253,,696.949244,764.865922,Fe3N1,ok
MMD-825,Fe3N,2,P312,trigonal,Ferromagnetic,1.83,68.97,,,c,0.692,,669.196903,737.113581,Fe3N1,ok
MMD-826,Fe3N,2,P6_322,hexagonal,Ferromagnetic,1.86,16.62,,,ab plane,0.657,,453.923245,521.839923,Fe3N1,ok
MMD-827,Fe3N,2,P312,trigonal,Ferromagnetic,1.88,59.51,,,b,0.167,,672.536928,740.453606,Fe3N1,ok
MMD-828,Fe3P,2,I-4,tetragonal,Ferromagnetic,1.47,45.56,,,c,0.842,,-353.023587,3.478387,Fe3P1,ok
MMD-829,Co3P,2,I-4,tetragonal,Ferromagnetic,0.77,22.96,,,c,0.875,,-336.77333,50.927466,Co3P1,ok
MMD-830,Fe3P,2,I-4,tetragonal,Ferromagnetic,1.47,45.22,,,ab plane,0.291,,-356.382214,0.11976,Fe3P1,ok
MMD-831,Fe3P,2,Pnma,orthorhombic,Ferromagnetic,1.45,22.77,,,a,0.426,,-279.938338,76.563636,Fe3P1,ok
MMD-832,Co3P,2,I-4,tetragonal,Ferromagnetic,0.78,23.08,,,c,0.704,,-340.953218,46.747578,Co3P1,ok
MMD-833,Co3P,2,Pnma,orthorhombic,Ferromagnetic,0.59,8.76,,,a,1.16,,-291.249326,96.45147,Co3P1,ok
MMD-834,Sc,1,Pm-3m,cubic,Ferromagnetic,0.36,0.82,,,,,,725.88151,725.88151,Sc1,ok
MMD-835,Ni,1,Im-3m,cubic,Ferromagnetic,0.6,1.12,,,,,,103.715435,103.715435,Ni1,ok
MMD-836,Cu,1,I4/mmm,tetragonal,Ferromagnetic,0.0,0.0,,,,,,37.343973,37.343973,Cu1,ok
MMD-837,Ni,1,P-3m1,trigonal,Ferromagnetic,0.23,1.37,,,,,,626.187784,626.187784,Ni1,ok
MMD-838,Co,1,Fm-3m,cubic,Ferromagnetic,1.77,6.64,,,,,,13.634238,13.634238,Co1,ok
MMD-839,Ni,1,P6_3/mmc,hexagonal,Ferromagnetic,0.7,1.3,,,,,,27.00126,27.00126,Ni1,ok
MMD-840,Mn,1,Im-3m,cubic,Ferromagnetic,0.91,1.71,,,,,,149.735807,149.735807,Mn1,ok
MMD-841,Sc,1,I4/mmm,tetragonal,Ferromagnetic,0.01,0.04,,,,,,107.267339,107.267339,Sc1,ok
MMD-842,Zr,1,P6/mmm,hexagonal,Ferromagnetic,0.0,0.0,,,,,,368.90529,368.90529,Zr1,ok
MMD-843,Mn,1,I4_1/amd,tetragonal,Ferromagnetic,1.1,4.52,,,,,,667.992397,667.992397,Mn1,ok
MMD-844,Cu,1,Cmcm,orthorhombic,Ferromagnetic,0.0,0.0,,,,,,144.760022,144.760022,Cu1,ok
MMD-845,Cr,1,Cmcm,orthorhombic,Ferromagnetic,0.0,0.0,,,,,,314.032754,314.032754,Cr1,ok
MMD-846,Sc,1,Im-3m,cubic,Ferromagnetic,0.0,0.01,,,,,,101.395051,101.395051,Sc1,ok
MMD-847,Sc,1,P4/nmm,tetragonal,Ferromagnetic,0.01,0.05,,,,,,112.822784,112.822784,Sc1,ok
MMD-848,Co,1,Fd-3m,cubic,Ferromagnetic,1.76,42.12,,,,,,198.453194,198.453194,Co1,ok
MMD-849,Zr,1,Ibam,orthorhombic,Ferromagnetic,0.0,0.0,,,,,,17.486635,17.486635,Zr1,ok
MMD-850,Fe,1,P6/mmm,hexagonal,Ferromagnetic,2.26,2.49,,,,,,469.938157,469.938157,Fe1,ok
MMD-851,Y,1,P6_3/mmc,hexagonal,Ferromagnetic,0.01,0.06,,,,,,0.0,0.0,Y1,ok
MMD-852,Cu,1,P-3m1,trigonal,Ferromagnetic,0.0,0.0,,,,,,159.273857,159.273857,Cu1,ok
MMD-853,Co,1,P6_3/mmc,hexagonal,Ferromagnetic,1.76,6.57,,,,,,3.474862,3.474862,Co1,ok
MMD-854,Y,1,P6_3/mmc,hexagonal,Ferromagnetic,0.0,0.0,,,,,,9.853554,9.853554,Y1,ok
MMD-855,Y,1,R-3m,trigonal,Ferromagnetic,0.0,0.01,,,,,,4.75464,4.75464,Y1,ok
MMD-856,Zn,1,R-3m,trigonal,Ferromagnetic,0.0,0.0,,,,,,3.799634,3.799634,Zn1,ok
MMD-857,Co,1,P4_2/mnm,tetragonal,Ferromagnetic,1.73,47.23,,,,,,127.368356,127.368356,Co1,ok
MMD-858,Fe,1,P4_2/mnm,tetragonal,Ferromagnetic,2.28,66.47,,,,,,172.139234,172.139234,Fe1,ok
MMD-859,Pt,1,Fm-3m,cubic,Ferromagnetic,0.0,0.0,,,,,,0.0,0.0,Pt1,ok
MMD-860,Mo,1,Im-3m,cubic,Ferromagnetic,0.0,0.0,,,,,,0.0,0.0,Mo1,ok
MMD-861,Zr,1,P6_3/mmc,hexagonal,Ferromagnetic,0.0,0.0,,,,,,0.0,0.0,Zr1,ok
MMD-862,Fe,1,P6_3/mmc,hexagonal,Ferromagnetic,0.0,0.0,,,,,,84.352143,84.352143,Fe1,ok
MMD-863,V,1,Im-3m,cubic,Ferromagnetic,0.0,0.0,,,,,,0.0,0.0,V1,ok
MMD-864,Fe,1,Fm-3m,cubic,Ferromagnetic,2.5,10.4,,,,,,151.044665,151.044665,Fe1,ok
MMD-865,Cr,1,Pm-3n,cubic,Ferromagnetic,0.0,0.0,,,,,,66.232735,66.232735,Cr1,ok
MMD-866,Cu,1,Fm-3m,cubic,Ferromagnetic,0.0,0.0,,,,,,0.0,0.0,Cu1,ok
MMD-867,Mn,1,I-43m,cubic,Ferromagnetic,0.32,17.67,,,,,,0.0,0.0,Mn1,ok
MMD-868,Sc,1,Fm-3m,cubic,Ferromagnetic,0.0,0.0,,,,,,48.914975,48.914975,Sc1,ok
MMD-869,Zr,1,Im-3m,cubic,Ferromagnetic,0.0,0.0,,,,,,83.502943,83.502943,Zr1,ok
MMD-870,Ti,1,P6_3/mmc,hexagonal,Ferromagnetic,0.0,0.0,,,,,,0.0,0.0,Ti1,ok
MMD-871,Mn,1,P4_132,cubic,Ferromagnetic,0.14,2.63,,,,,,57.737057,57.737057,Mn1,ok
MMD-872,Sc,1,I4/mcm,tetragonal,Ferromagnetic,0.0,0.0,,,,,,211.253969,211.253969,Sc1,ok
MMD-873,Sc,1,P6_122,hexagonal,Ferromagnetic,0.0,0.01,,,,,,132.231395,132.231395,Sc1,ok
MMD-874,Co,1,P6_3mc,hexagonal,Ferromagnetic,1.74,77.16,,,,,,119.413467,119.413467,Co1,ok
MMD-875,Sc,1,P6_3/mmc,hexagonal,Ferromagnetic,0.01,0.03,,,,,,0.0,0.0,Sc1,ok
MMD-876,Ti,1,Fm-3m,cubic,Ferromagnetic,0.0,0.0,,,,,,54.439603,54.439603,Ti1,ok
MMD-877,Ti,1,Im-3m,cubic,Ferromagnetic,0.0,0.01,,,,,,104.184219,104.184219,Ti1,ok
MMD-878,Nb,1,Im-3m,cubic,Ferromagnetic,0.0,0.0,,,,,,0.0,0.0,Nb1,ok
MMD-879,Zn,1,P6_3/mmc,hexagonal,Ferromagnetic,0.0,0.0,,,,,,0.0,0.0,Zn1,ok
MMD-880,V,1,Fm-3m,cubic,Ferromagnetic,0.0,0.0,,,,,,241.461106,241.461106,V1,ok
MMD-881,Cr,1,Fm-3m,cubic,Ferromagnetic,0.0,0.0,,,,,,386.982265,386.982265,Cr1,ok
MMD-882,Mn,1,Fm-3m,cubic,Ferromagnetic,0.0,0.0,,,,,,88.237057,88.237057,Mn1,ok
MMD-883,Zr,1,Fm-3m,cubic,Ferromagnetic,0.0,0.0,,,,,,39.352889,39.352889,Zr1,ok
MMD-884,Cr,1,P6_3/mmc,hexagonal,Ferromagnetic,0.0,0.0,,,,,,399.300084,399.300084,Cr1,ok
MMD-885,Y,1,Fm-3m,cubic,Ferromagnetic,0.0,0.0,,,,,,28.588977,28.588977,Y1,ok
MMD-886,Cr,1,Im-3m,cubic,Ferromagnetic,0.0,0.0,,,,,,0.0,0.0,Cr1,ok
MMD-887,Cu,1,P6_3/mmc,hexagonal,Ferromagnetic,0.0,0.0,,,,,,7.102686,7.102686,Cu1,ok
MMD-888,Cu,1,P6_3/mmc,hexagonal,Ferromagnetic,0.0,0.0,,,,,,10.284277,10.284277,Cu1,ok
MMD-889,Cu,1,Im-3m,cubic,Ferromagnetic,0.0,0.0,,,,,,37.369348,37.369348,Cu1,ok
MMD-890,Mn3N2,2,P-3m1,trigonal,Ferromagnetic,0.5,2.02,,,c,0.748,,-76.517437,197.425462,Mn3N2,ok
MMD-891,MnGa,2,P4/mmm,tetragonal,Ferromagnetic,1.09,2.5,,,c,1.501,,-109.522002,0.0,Ga1Mn1,ok
MMD-892,Mn2Ge,2,F-43m,cubic,Ferromagnetic,0.0,0.01,,,,,,147.669302,220.074345,Ge1Mn2,ok
MMD-893,MnN,2,Pm-3m,cubic,Ferromagnetic,1.28,1.78,0.0,0.0,a,0.0,,445.28397,732.233994,Mn1N1,ok
MMD-894,MnN,2,F-43m,cubic,Ferromagnetic,0.66,4.48,-0.003,-0.006,<111>,0.135,,-286.950024,0.0,Mn1N1,ok
MMD-895,MnAs,2,F-43m,cubic,Ferromagnetic,0.91,14.63,-0.002,-0.002,<111>,0.053,,209.11644,450.904837,As1Mn1,ok
MMD-896,MnP,2,F-43m,cubic,Ferromagnetic,0.76,9.0,0.001,0.002,a,0.058,,42.178242,649.474875,Mn1P1,ok
MMD-897,MnB4,2,Immm,orthorhombic,Ferromagnetic,0.18,1.11,,,b,0.507,,-270.584837,16.741012,B4Mn1,ok
MMD-898,Mn3B4,2,Immm,orthorhombic,Ferromagnetic,1.11,10.71,,,a,0.836,,-398.296055,43.425938,B4Mn3,ok
MMD-899,ZrMn2,2,P6_3/mmc,hexagonal,Ferromagnetic,0.34,5.04,,,ab plane,0.679,,-192.707896,0.384492,Mn2Zr1,ok
MMD-900,ZrMn2,2,P6_3/mmc,hexagonal,Ferromagnetic,0.37,11.17,,,ab plane,1.567,,-192.62472,0.467668,Mn2Zr1,ok
MMD-901,MnS2,2,Pnnm,orthorhombic,Ferromagnetic,0.27,1.93,,,b,2.324,,-531.205924,36.989832,Mn1S2,ok
MMD-902,MnSe,2,P6_3/mmc,hexagonal,Ferromagnetic,1.31,8.64,,,ab plane,1.18,,-327.965161,12.33258,Mn1Se1,ok
MMD-903,MnGa4,2,Im-3m,cubic,Ferromagnetic,0.09,1.32,-0.023,-0.02,<111>,1.859,,-155.004547,0.0,Ga4Mn1,ok
MMD-904,MnB4,2,Pnnm,orthorhombic,Ferromagnetic,0.18,1.14,,,c,2.919,,-280.388982,6.936867,B4Mn1,ok
MMD-905,MnGe,2,P2_13,cubic,Ferromagnetic,0.86,8.0,,,,,,-101.843591,0.0,Ge1Mn1,ok
MMD-906,Mn3Ga,2,P6_3/mmc,hexagonal,Ferromagnetic,0.92,7.54,,,ab plane,1.44,,45.944093,100.705094,Ga1Mn3,ok
MMD-907,Mn3Ge,2,P6_3/mmc,hexagonal,Ferromagnetic,1.16,9.67,,,ab plane,1.265,,-32.238094,22.065688,Ge1Mn3,ok
MMD-908,Mn3N4,2,P6_3/m,hexagonal,Ferromagnetic,0.0,0.01,,,,,,-43.451271,202.505893,Mn3N4,ok
MMD-909,Mn3N4,2,Pnma,orthorhombic,Ferromagnetic,0.56,12.6,,,a,0.635,,-126.298919,119.658244,Mn3N4,ok
MMD-910,MnGe2,2,I4/mcm,tetragonal,Ferromagnetic,0.37,5.52,,,ab plane,1.242,,-23.775742,44.119986,Ge2Mn1,ok
MMD-911,MnS2,2,P2_1/c,monoclinic,Ferromagnetic,0.4,7.98,,,c,1.735,,-263.098712,305.097044,Mn1S2,ok
MMD-912,Mn3Ge5,2,P-4n2,tetragonal,Ferromagnetic,0.1,3.97,,,c,5.399,,-64.366747,12.015946,Ge5Mn3,ok
MMD-913,MnAl12,2,Im-3,cubic,Ferromagnetic,0.0,0.0,,,,,,-94.757365,0.0,Al12Mn1,ok
MMD-914,MnB4,2,P2_1/c,monoclinic,Ferromagnetic,0.0,0.0,,,,,,-287.325849,0.0,B4Mn1,ok
MMD-915,Mn5Si3,2,P6_3/mcm,hexagonal,Ferromagnetic,0.01,0.16,,,,,,-243.362824,141.200979,Mn5Si3,ok
MMD-916,MnZn,2,Pm-3m,cubic,Ferromagnetic,1.26,2.91,0.001,0.005,a,0.062,,77.344855,90.067617,Mn1Zn1,ok
MMD-917,MnZn3,2,Pm-3m,cubic,Ferromagnetic,0.57,2.75,0.0,0.0,a,0.039,,-19.084143,0.0,Mn1Zn3,ok
MMD-918,MnPt3,2,Pm-3m,cubic,Ferromagnetic,0.81,4.25,-0.031,-0.082,<111>,0.4,,-349.976434,0.0,Mn1Pt3,ok
MMD-919,Mn2Al3,2,P4_132,cubic,Ferromagnetic,0.0,0.0,,,,,,-238.300348,22.935569,Al3Mn2,ok
MMD-920,Mn3Zn,2,Fm-3m,cubic,Ferromagnetic,1.21,20.54,-0.983,-0.796,<111>,0.827,,204.465762,210.827143,Mn3Zn1,ok
MMD-921,MnGe3,2,Pm-3m,cubic,Ferromagnetic,0.66,3.62,0.001,0.002,a,0.083,,338.417819,389.339614,Ge3Mn1,ok
MMD-922,Zr3Mn,2,Pm-3m,cubic,Ferromagnetic,0.49,3.49,-0.022,-0.043,<111>,0.482,,143.71202,216.121666,Mn1Zr3,ok
MMD-923,Zr3Mn,2,I4/mmm,tetragonal,Ferromagnetic,0.52,7.54,,,c,1.095,,145.460251,217.869896,Mn1Zr3,ok
MMD-924,ZrMn3,2,P6_3/mmc,hexagonal,Ferromagnetic,1.28,12.9,,,ab plane,0.865,,147.702169,292.52146,Mn3Zr1,ok
MMD-925,Mn6C,2,Fd-3m,cubic,Ferromagnetic,0.56,55.3,,,,,,70.807811,120.408247,C1Mn6,ok
MMD-926,Mn5Al8,2,R3m,trigonal,Ferromagnetic,0.01,0.46,,,,,,-183.506392,78.482413,Al8Mn5,ok
MMD-927,Mn8Ga5,2,I-43m,cubic,Ferromagnetic,1.36,82.26,,,,,,119.930186,204.17788,Ga5Mn8,ok
MMD-928,Mn6Ga29,2,P-1,triclinic,Ferromagnetic,0.0,0.01,,,,,,-123.119135,9.741905,Ga29Mn6,ok
MMD-929,Mn5Si2,2,P4_12_12,tetragonal,Ferromagnetic,0.54,30.82,,,,,,-172.529406,161.684274,Mn5Si2,ok
MMD-930,MnAl,2,Pm-3m,cubic,Ferromagnetic,0.85,1.87,0.0,0.003,a,0.066,,-213.654605,42.687543,Al1Mn1,ok
MMD-931,MnZn13,2,C2/m,monoclinic,Ferromagnetic,0.1,3.48,,,,,,-17.960434,0.0,Mn1Zn13,ok
MMD-932,MnZn13,2,C2/m,monoclinic,Ferromagnetic,0.19,7.01,,,,,,73.37219,91.332624,Mn1Zn13,ok
MMD-933,Mn3Ga,2,I4/mmm,tetragonal,Ferromagnetic,1.19,10.0,,,c,1.189,,5.464499,60.2255,Ga1Mn3,ok
MMD-934,Mn4Al9,2,Pnma,orthorhombic,Ferromagnetic,0.35,68.36,,,,,,-223.843913,41.90933,Al9Mn4,ok
MMD-935,ZrMn3,2,P3m1,trigonal,Ferromagnetic,0.45,6.34,,,c,3.524,,-104.527877,40.291414,Mn3Zr1,ok
MMD-936,Ti5Mn7,2,P-3m1,trigonal,Ferromagnetic,0.06,0.85,,,,,,-237.46321,13.989949,Mn7Ti5,ok
MMD-937,MnZn3,2,P-6m2,hexagonal,Ferromagnetic,0.51,2.45,,,ab plane,2.354,,64.173999,83.258142,Mn1Zn3,ok
MMD-938,MnZn,2,P-6m2,hexagonal,Ferromagnetic,1.04,2.37,,,ab plane,1.109,,177.077221,189.799983,Mn1Zn1,ok
MMD-939,MnPt,2,R-3m,trigonal,Ferromagnetic,1.5,10.43,,,ab plane,1.699,,13.239786,355.308117,Mn1Pt1,ok
MMD-940,MnPt2,2,P-3m1,trigonal,Ferromagnetic,1.14,4.54,,,c,2.162,,-194.377841,152.962559,Mn1Pt2,ok
MMD-941,MnZn3,2,R-3m,trigonal,Ferromagnetic,0.6,8.94,,,ab plane,1.916,,94.808866,113.893009,Mn1Zn3,ok
MMD-942,MnGa,2,P-6m2,hexagonal,Ferromagnetic,0.84,1.93,,,c,0.766,,-11.153948,98.368054,Ga1Mn1,ok
MMD-943,Mn3Si,2,P4/mmm,tetragonal,Ferromagnetic,0.3,1.13,,,c,2.605,,-211.366013,102.707618,Mn3Si1,ok
MMD-944,Mn4Cu,2,R-3m,trigonal,Ferromagnetic,0.0,0.01,,,,,,141.143567,141.143567,Cu1Mn4,ok
MMD-945,Mn4B,2,F222,orthorhombic,Ferromagnetic,0.0,0.0,,,,,,-130.491761,104.103154,B1Mn4,ok
MMD-946,Mn2N,2,P-3m1,trigonal,Ferromagnetic,1.77,4.63,,,c,0.621,,-195.879351,69.392131,Mn2N1,ok
MMD-947,Mn4Ga,2,R-3m,trigonal,Ferromagnetic,0.0,0.0,,,,,,122.454962,166.263762,Ga1Mn4,ok
MMD-948,Mn3Ga,2,P-6m2,hexagonal,Ferromagnetic,0.37,1.52,,,c,2.936,,58.715729,113.47673,Ga1Mn3,ok
MMD-949,Mn3Ga,2,R-3m,trigonal,Ferromagnetic,0.33,4.15,,,c,3.121,,116.152215,170.913216,Ga1Mn3,ok
MMD-950,Mn3Ge,2,R-3m,trigonal,Ferromagnetic,0.23,3.0,,,ab plane,3.156,,198.955232,253.259015,Ge1Mn3,ok
MMD-951,Mn23As16,2,P1,triclinic,Ferromagnetic,1.18,57.68,,,,,,-111.275947,83.902978,As16Mn23,ok
MMD-952,Mn2Nb,2,P6_3/mmc,hexagonal,Ferromagnetic,0.15,1.98,,,c,4.722,,-152.592091,0.0,Mn2Nb1,ok
MMD-953,Mn3N2,2,I4/mmm,tetragonal,Ferromagnetic,1.92,16.28,,,ab plane,1.096,,-172.401744,101.541155,Mn3N2,ok
MMD-954,Y6Mn23,2,Fm-3m,cubic,Ferromagnetic,0.34,51.24,,,,,,34.174705,34.174705,Mn23Y6,ok
MMD-955,MnSi,2,P2_13,cubic,Ferromagnetic,0.49,3.89,-0.017,-0.03,<111>,0.398,,-455.053975,0.0,Mn1Si1,ok
MMD-956,MnS2,2,Pa-3,cubic,Ferromagnetic,0.24,4.52,,,,,,-97.101032,471.094724,Mn1S2,ok
MMD-957,Mn3Al10,2,P6_3/mmc,hexagonal,Ferromagnetic,0.15,4.99,,,ab plane,1.946,,-231.217794,7.545672,Al10Mn3,ok
MMD-958,MnPt,2,P4/mmm,tetragonal,Ferromagnetic,1.69,4.4,,,c,2.184,,-342.068331,0.0,Mn1Pt1,ok
MMD-959,MnAl6,2,Cmcm,orthorhombic,Ferromagnetic,0.0,0.0,,,,,,-167.749232,0.0,Al6Mn1,ok
MMD-960,MnS,2,F-43m,cubic,Ferromagnetic,1.1,15.97,-0.001,-0.001,<111>,0.032,,-373.193699,83.656181,Mn1S1,ok
MMD-961,Mn2P,2,P-62m,hexagonal,Ferromagnetic,1.16,10.42,,,ab plane,0.623,,-497.777604,0.0,Mn2P1,ok
MMD-962,TiMn2,2,P6_3/mmc,hexagonal,Ferromagnetic,0.06,0.82,,,,,,-271.530342,0.0,Mn2Ti1,ok
MMD-963,Mn3P,2,I-4,tetragonal,Ferromagnetic,0.27,8.16,,,,,,-352.787716,20.545487,Mn3P1,ok
MMD-964,Mn3Ge,2,Pm-3m,cubic,Ferromagnetic,1.28,5.36,-0.01,-0.032,<111>,0.157,,-20.194669,34.109114,Ge1Mn3,ok
MMD-965,Mn3Si,2,Fm-3m,cubic,Ferromagnetic,0.26,4.07,,,,,,-314.073631,0.0,Mn3Si1,ok
MMD-966,Mn2B,2,I4/mcm,tetragonal,Ferromagnetic,0.0,0.0,,,,,,-390.991525,0.0,B1Mn2,ok
MMD-967,ScMn2,2,P6_3/mmc,hexagonal,Ferromagnetic,0.0,0.0,,,,,,-141.4984,0.0,Mn2Sc1,ok
MMD-968,Mn2Ge,2,P6_3/mmc,hexagonal,Ferromagnetic,1.35,8.94,,,c,1.169,,-19.459636,52.945407,Ge1Mn2,ok
MMD-969,MnS,2,Fm-3m,cubic,Ferromagnetic,1.34,15.44,-0.0,-0.0,<111>,0.009,,-315.416244,141.433636,Mn1S1,ok
MMD-970,ZrMn2,2,Fd-3m,cubic,Ferromagnetic,0.41,12.27,0.006,0.003,a,0.148,,-193.092388,0.0,Mn2Zr1,ok
MMD-971,Mn7C3,2,Pnma,orthorhombic,Ferromagnetic,0.01,0.35,,,,,,-100.495445,0.0,C3Mn7,ok
MMD-972,MnSe2,2,Pa-3,cubic,Ferromagnetic,0.62,12.41,0.055,0.038,a,0.354,,-297.96073,0.0,Mn1Se2,ok
MMD-973,MnAs,2,Pnma,orthorhombic,Ferromagnetic,0.74,7.31,,,a,0.736,,-241.788397,0.0,As1Mn1,ok
MMD-974,YMn12,2,I4/mmm,tetragonal,Ferromagnetic,0.19,5.39,,,,,,2.458424,2.458424,Mn12Y1,ok
MMD-975,Mn5C2,2,C2/c,monoclinic,Ferromagnetic,0.37,8.19,,,b,3.519,,-96.549543,0.0,C2Mn5,ok
MMD-976,MnSe,2,F-43m,cubic,Ferromagnetic,1.1,19.92,-0.005,-0.004,<111>,0.061,,-336.526173,3.771568,Mn1Se1,ok
MMD-977,MnS,2,P6_3mc,hexagonal,Ferromagnetic,1.08,7.9,,,ab plane,0.36,,-272.362299,184.487581,Mn1S1,ok
MMD-978,MnP,2,Pnma,orthorhombic,Ferromagnetic,0.67,5.53,,,a,2.064,,-607.296633,0.0,Mn1P1,ok
MMD-979,Mn3As,2,Cmcm,orthorhombic,Ferromagnetic,0.62,11.01,,,,,,-111.947723,0.0,As1Mn3,ok
MMD-980,Mn4Al11,2,P-1,triclinic,Ferromagnetic,0.06,1.0,,,,,,-267.760944,0.0,Al11Mn4,ok
MMD-981,Mn5As4,2,Cmc2_1,orthorhombic,Ferromagnetic,1.11,51.68,,,a,0.471,,-157.276741,55.658173,As4Mn5,ok
MMD-982,Mn3As2,2,C2/m,monoclinic,Ferromagnetic,1.24,30.78,,,b,0.225,,-126.48342,63.368707,As2Mn3,ok
MMD-983,Mn4Al19,2,Pm-3,cubic,Ferromagnetic,0.0,0.82,,,,,,-180.358216,12.477566,Al19Mn4,ok
MMD-984,Mn3Pt,2,Pm-3m,cubic,Ferromagnetic,2.15,10.87,,,,,,82.797844,253.832009,Mn3Pt1,ok
MMD-985,MnP4,2,P-1,triclinic,Ferromagnetic,0.0,0.0,,,,,,-361.330244,0.357689,Mn1P4,ok
MMD-986,Mn4N,2,Pm-3m,cubic,Ferromagnetic,0.3,1.35,-0.005,-0.014,<111>,0.45,,-162.097499,0.0,Mn4N1,ok
MMD-987,Mn23C6,2,Fm-3m,cubic,Ferromagnetic,0.11,10.48,,,,,,-71.835114,0.0,C6Mn23,ok
MMD-988,MnS,2,Pm-3m,cubic,Ferromagnetic,1.3,3.33,0.0,0.001,a,0.023,,-42.754989,414.094891,Mn1S1,ok
MMD-989,YMn2,2,Fd-3m,cubic,Ferromagnetic,0.22,7.21,,,,,,155.305229,155.305229,Mn2Y1,ok
MMD-990,Mn11Si19,2,P-4n2,tetragonal,Ferromagnetic,0.02,2.2,,,,,,-416.862954,4.723856,Mn11Si19,ok
MMD-991,Mn4Si7,2,Pcca,orthorhombic,Ferromagnetic,0.0,0.0,,,,,,-420.826193,0.0,Mn4Si7,ok
MMD-992,Mn3As2,2,Cmc2_1,orthorhombic,Ferromagnetic,1.23,60.64,,,a,0.698,,-113.517429,76.334698,As2Mn3,ok
MMD-993,MnP4,2,P-1,triclinic,Ferromagnetic,0.0,0.0,,,,,,-361.687933,0.0,Mn1P4,ok
MMD-994,MnP4,2,C2/c,monoclinic,Ferromagnetic,0.0,0.0,,,,,,-359.951444,1.736489,Mn1P4,ok
MMD-995,MnB2,2,P6/mmm,hexagonal,Ferromagnetic,0.92,1.8,,,ab plane,1.663,,-282.414468,94.975798,B2Mn1,ok
MMD-996,MnSe,2,P4/nmm,tetragonal,Ferromagnetic,0.4,2.82,,,c,3.063,,-321.004825,19.292916,Mn1Se1,ok
MMD-997,Mn2Ga5,2,P4/mbm,tetragonal,Ferromagnetic,0.49,9.15,,,ab plane,2.534,,-107.852016,34.157518,Ga5Mn2,ok
MMD-998,Mn5Si2,2,P4_12_12,tetragonal,Ferromagnetic,0.63,35.27,,,,,,-264.250488,69.963192,Mn5Si2,ok
MMD-999,MnAs,2,P6_3/mmc,hexagonal,Ferromagnetic,1.04,5.7,,,ab plane,1.059,,-215.117637,26.67076,As1Mn1,ok
MMD-1000,Mn2As,2,P4/nmm,tetragonal,Ferromagnetic,1.42,10.06,,,ab plane,0.962,,-127.702352,27.525595,As1Mn2,ok
MMD-1001,MnB,2,P4_2/ncm,tetragonal,Ferromagnetic,0.54,8.42,,,ab plane,2.727,,-0.232936,489.737851,B1Mn1,ok
MMD-1002,Mn5Ge3,2,P6_3/mcm,hexagonal,Ferromagnetic,1.42,26.68,,,c,0.404,,-81.455674,0.0,Ge3Mn5,ok
MMD-1003,Mn5Ge2,2,Ibam,orthorhombic,Ferromagnetic,1.22,37.34,,,b,0.152,,6.646504,68.70797,Ge2Mn5,ok
MMD-1004,MnGa,2,R-3m,trigonal,Ferromagnetic,0.97,94.89,,,,,,-62.944076,46.577926,Ga1Mn1,ok
MMD-1005,Mn14Si23,2,Pnnm,orthorhombic,Ferromagnetic,0.49,39.94,,,,,,161.208187,585.73468,Mn14Si23,ok
MMD-1006,Mn11Ge8,2,Pnma,orthorhombic,Ferromagnetic,1.19,104.01,,,c,0.0,,-80.222542,8.74447,Ge8Mn11,ok
MMD-1007,Mn4Si7,2,P-4c2,tetragonal,Ferromagnetic,0.0,0.0,,,,,,-420.526524,0.299669,Mn4Si7,ok
MMD-1008,MnN,2,Fm-3m,cubic,Ferromagnetic,1.94,11.76,0.0,0.001,a,0.018,,-187.248645,99.701379,Mn1N1,ok
MMD-1009,Mn5Ge2,2,P6_3cm,hexagonal,Ferromagnetic,1.07,48.43,,,c,0.204,,-5.31911,56.742356,Ge2Mn5,ok
MMD-1010,Mn15Si26,2,I-42d,tetragonal,Ferromagnetic,0.01,1.22,,,,,,-418.42796,2.954782,Mn15Si26,ok
MMD-1011,MnP2,2,Pnnm,orthorhombic,Ferromagnetic,0.29,2.0,,,a,2.469,,-433.70391,37.143445,Mn1P2,ok
MMD-1012,MnP4,2,C2/c,monoclinic,Ferromagnetic,0.15,7.9,,,,,,-321.791134,39.896799,Mn1P4,ok
MMD-1013,MnP4,2,P2_1/c,monoclinic,Ferromagnetic,0.15,5.87,,,,,,-310.295318,51.392615,Mn1P4,ok
MMD-1014,MnAl,2,P4/mmm,tetragonal,Ferromagnetic,1.02,2.33,,,c,1.354,,-256.342148,0.0,Al1Mn1,ok
MMD-1015,MnB,2,Pnma,orthorhombic,Ferromagnetic,1.29,7.41,,,a,0.553,,-489.970787,0.0,B1Mn1,ok
MMD-1016,Mn3Ge,2,Fm-3m,cubic,Ferromagnetic,0.08,1.36,,,,,,74.062355,128.366138,Ge1Mn3,ok
MMD-1017,Mn4As3,2,C2/m,monoclinic,Ferromagnetic,1.19,42.97,,,b,0.75,,-149.317566,55.373496,As3Mn4,ok
MMD-1018,MnSe,2,Fm-3m,cubic,Ferromagnetic,1.37,18.58,-0.001,-0.001,<111>,0.021,,-323.182944,17.114797,Mn1Se1,ok
MMD-1019,Mn3Al,2,Fm-3m,cubic,Ferromagnetic,0.73,11.76,-0.03,-0.025,<111>,0.245,,-58.536969,69.634105,Al1Mn3,ok
MMD-1020,Mn3Zn,2,I4/mmm,tetragonal,Ferromagnetic,0.88,7.14,,,ab plane,2.061,,212.772314,219.133695,Mn3Zn1,ok
MMD-1021,Mn2S3,2,R-3c,trigonal,Ferromagnetic,0.62,24.19,,,c,0.64,,-548.219856,0.0,Mn2S3,ok
MMD-1022,MnCu3,2,P6_3/mmc,hexagonal,Ferromagnetic,0.91,7.74,,,c,0.108,,95.231152,95.231152,Cu3Mn1,ok
MMD-1023,MnZn3,2,P6_3/mmc,hexagonal,Ferromagnetic,0.65,6.32,,,c,0.604,,-9.562126,9.522017,Mn1Zn3,ok
MMD-1024,Mn3S,2,Pm-3m,cubic,Ferromagnetic,1.37,5.39,-0.001,-0.004,<111>,0.051,,165.906689,394.331629,Mn3S1,ok
MMD-1025,Mn2N,2,Pbcn,orthorhombic,Ferromagnetic,1.59,16.11,,,a,0.704,,-265.271482,0.0,Mn2N1,ok
MMD-1026,MnP,2,P6_3/mmc,hexagonal,Ferromagnetic,0.85,3.76,,,ab plane,0.204,,-451.694841,155.601792,Mn1P1,ok
MMD-1027,MnN,2,P6_3mc,hexagonal,Ferromagnetic,0.82,2.79,,,c,1.256,,-204.562766,82.387258,Mn1N1,ok
MMD-1028,MnSe,2,P6_3mc,hexagonal,Ferromagnetic,1.11,9.98,,,c,0.219,,-340.297741,0.0,Mn1Se1,ok
MMD-1029,Mn3Ga,2,Fm-3m,cubic,Ferromagnetic,0.93,15.96,-0.019,-0.015,<111>,0.15,,57.686832,112.447833,Ga1Mn3,ok
MMD-1030,MnS2,2,I-42d,tetragonal,Ferromagnetic,0.0,0.01,,,,,,-259.628703,308.567053,Mn1S2,ok
MMD-1031,MnN,2,Pm,monoclinic,Ferromagnetic,0.84,2.85,,,a,0.498,,-16.094228,270.855796,Mn1N1,ok
MMD-1032,MnS2,2,R-3m,trigonal,Ferromagnetic,0.48,8.88,,,ab plane,0.802,,-568.195756,0.0,Mn1S2,ok
MMD-1033,MnS2,2,Fd-3m,cubic,Ferromagnetic,0.62,46.84,-1.931,-0.352,<111>,1.072,,-553.506372,14.689384,Mn1S2,ok
MMD-1034,FeP,2,Pnma,orthorhombic,Ferromagnetic,0.21,1.6,,,c,0.696,,-602.444404,0.0,Fe1P1,ok
MMD-1035,FeCo3,2,Pm-3m,cubic,Ferromagnetic,1.95,7.42,0.0,0.0,a,0.0,,10.024374,44.149918,Co3Fe1,ok
MMD-1036,Fe3Ni,2,Fm-3m,cubic,Ferromagnetic,2.17,34.54,0.001,0.001,a,0.017,,24.192788,58.619461,Fe3Ni1,ok
MMD-1037,FeNi3,2,Fm-3m,cubic,Ferromagnetic,1.16,17.83,-0.0,-0.0,<111>,0.015,,26.306944,114.314428,Fe1Ni3,ok
MMD-1038,FeNi3,2,I4/mmm,tetragonal,Ferromagnetic,1.2,9.13,,,ab plane,0.836,,-72.072335,15.935149,Fe1Ni3,ok
MMD-1039,Fe3Ni,2,I4/mmm,tetragonal,Ferromagnetic,2.05,16.36,,,ab plane,0.393,,39.714987,74.14166,Fe3Ni1,ok
MMD-1040,FeB,2,Cmcm,orthorhombic,Ferromagnetic,0.96,5.31,,,c,1.451,,-378.227519,6.349839,B1Fe1,ok
MMD-1041,Cr3Fe,2,Fm-3m,cubic,Ferromagnetic,0.48,7.63,,,,,,109.834522,109.834522,Cr3Fe1,ok
MMD-1042,Cr3Fe,2,Pm-3m,cubic,Ferromagnetic,0.02,0.08,,,,,,243.386857,243.386857,Cr3Fe1,ok
MMD-1043,FeN,2,Fm-3m,cubic,Ferromagnetic,1.54,8.97,-0.005,-0.011,<111>,0.074,,263.289564,396.27921,Fe1N1,ok
MMD-1044,FeN,2,Pm-3m,cubic,Ferromagnetic,1.8,2.6,0.0,0.004,a,0.039,,742.320631,875.310277,Fe1N1,ok
MMD-1045,MnFe,2,P4/mmm,tetragonal,Ferromagnetic,0.52,0.94,,,ab plane,1.664,,87.887368,87.887368,Fe1Mn1,ok
MMD-1046,Cr3Fe,2,I4/mmm,tetragonal,Ferromagnetic,0.14,1.07,,,,,,250.267345,250.267345,Cr3Fe1,ok
MMD-1047,CrFe3,2,Fm-3m,cubic,Ferromagnetic,1.4,21.94,,,,,,52.112986,52.112986,Cr1Fe3,ok
MMD-1048,FeSe,2,P4/nmm,tetragonal,Ferromagnetic,0.78,3.8,,,ab plane,0.474,,250.490336,518.923881,Fe1Se1,ok
MMD-1049,CrFe3,2,Pm-3m,cubic,Ferromagnetic,0.72,2.79,,,,,,36.598211,36.598211,Cr1Fe3,ok
MMD-1050,Fe3S4,2,R3m,trigonal,Ferromagnetic,0.38,10.28,,,,,,-149.532487,367.644854,Fe3S4,ok
MMD-1051,NbFe3,2,Pm-3m,cubic,Ferromagnetic,1.01,4.47,0.0,0.001,a,0.04,,16.890541,132.777652,Fe3Nb1,ok
MMD-1052,FeSe,2,Cmme,orthorhombic,Ferromagnetic,0.79,11.52,,,a,2.575,,341.326581,609.760126,Fe1Se1,ok
MMD-1053,Fe4C,2,I4/m,tetragonal,Ferromagnetic,0.0,0.0,,,,,,242.253978,242.253978,C1Fe4,ok
MMD-1054,Nb2Fe,2,Fd-3m,cubic,Ferromagnetic,0.54,19.12,0.001,0.001,a,0.048,,577.281285,660.284464,Fe1Nb2,ok
MMD-1055,FeNi2,2,Fd-3m,cubic,Ferromagnetic,1.36,32.69,-0.002,-0.001,<111>,0.028,,106.768083,188.390855,Fe1Ni2,ok
MMD-1056,Cr2Fe,2,Fd-3m,cubic,Ferromagnetic,0.57,13.91,,,,,,272.500084,272.500084,Cr2Fe1,ok
MMD-1057,Fe2Ni,2,Fd-3m,cubic,Ferromagnetic,1.61,38.48,-0.002,-0.001,<111>,0.022,,176.220403,222.122633,Fe2Ni1,ok
MMD-1058,NbFe2,2,Fd-3m,cubic,Ferromagnetic,0.73,19.91,0.006,0.003,a,0.088,,-154.516148,0.0,Fe2Nb1,ok
MMD-1059,FeSe,2,Pnma,orthorhombic,Ferromagnetic,0.86,9.49,,,b,2.489,,-82.017954,186.415591,Fe1Se1,ok
MMD-1060,Fe4C,2,P2_1/m,monoclinic,Ferromagnetic,1.75,14.94,,,c,0.224,,101.174938,101.174938,C1Fe4,ok
MMD-1061,GaFe3,2,P6_3/mmc,hexagonal,Ferromagnetic,1.59,13.19,,,ab plane,0.892,,-112.378329,14.528489,Fe3Ga1,ok
MMD-1062,FeSe,2,Pnma,orthorhombic,Ferromagnetic,0.83,8.91,,,b,5.492,,-61.653878,206.779667,Fe1Se1,ok
MMD-1063,FeNi3,2,Pmmn,orthorhombic,Ferromagnetic,1.22,9.28,,,a,0.975,,-71.207064,16.80042,Fe1Ni3,ok
MMD-1064,V3Fe,2,Pm-3n,cubic,Ferromagnetic,0.0,0.0,,,,,,-175.510214,0.0,Fe1V3,ok
MMD-1065,FeB4,2,Pnnm,orthorhombic,Ferromagnetic,0.0,0.0,,,,,,-175.521576,0.0,B4Fe1,ok
MMD-1066,FeN2,2,Pnnm,orthorhombic,Ferromagnetic,0.06,0.22,,,c,20.643,,179.012168,267.671932,Fe1N2,ok
MMD-1067,FeB,2,I4_1/amd,tetragonal,Ferromagnetic,0.99,10.89,,,c,0.85,,-384.577358,0.0,B1Fe1,ok
MMD-1068,Fe7Co,2,Im-3m,cubic,Ferromagnetic,2.3,36.97,0.009,0.007,a,0.042,,-25.359732,0.0,Co1Fe7,ok
MMD-1069,Fe3B,2,P6_322,hexagonal,Ferromagnetic,1.65,12.0,,,c,0.452,,25.500503,259.578006,B1Fe3,ok
MMD-1070,FeSe,2,P6_3/mmc,hexagonal,Ferromagnetic,0.85,4.63,,,ab plane,2.496,,-82.950472,185.483073,Fe1Se1,ok
MMD-1071,ScFe2,2,P6_3/mmc,hexagonal,Ferromagnetic,0.75,11.02,,,c,1.119,,-260.895647,21.576049,Fe2Sc1,ok
MMD-1072,Fe2Mo,2,P6_3/mmc,hexagonal,Ferromagnetic,0.36,4.59,,,ab plane,4.768,,-10.586969,0.0,Fe2Mo1,ok
MMD-1073,FeCo9,2,P4/mmm,tetragonal,Ferromagnetic,1.6,17.93,,,ab plane,0.134,,619.14444,632.794658,Co9Fe1,ok
MMD-1074,FeSe2,2,Pa-3,cubic,Ferromagnetic,0.0,0.0,,,,,,-326.568055,28.785421,Fe1Se2,ok
MMD-1075,Y2Fe17,2,R-3m,trigonal,Ferromagnetic,1.71,112.27,,,ab plane,0.825,,-14.200634,20.876343,Fe17Y2,ok
MMD-1076,YFe5,2,P6/mmm,hexagonal,Ferromagnetic,1.32,9.75,,,ab plane,1.236,,-55.538547,0.0,Fe5Y1,ok
MMD-1077,Zr2Fe,2,I4/mcm,tetragonal,Ferromagnetic,0.0,0.0,,,,,,-157.232106,8.712651,Fe1Zr2,ok
MMD-1078,YFe2,2,I-4,tetragonal,Ferromagnetic,0.78,64.31,,,c,0.121,,-75.516492,1.396388,Fe2Y1,ok
MMD-1079,YFe2,2,I-43m,cubic,Ferromagnetic,0.77,201.32,,,,,,-74.682959,2.229921,Fe2Y1,ok
MMD-1080,YFe2,2,I-43m,cubic,Ferromagnetic,0.77,101.34,,,,,,-75.52285,1.39003,Fe2Y1,ok
MMD-1081,Fe3Pt,2,P4/mmm,tetragonal,Ferromagnetic,1.9,8.58,,,c,0.812,,-79.439669,40.563456,Fe3Pt1,ok
MMD-1082,Fe3B,2,I-4,tetragonal,Ferromagnetic,1.77,47.5,,,ab plane,0.543,,-206.112338,27.965164,B1Fe3,ok
MMD-1083,AlFe3,2,Pm-3m,cubic,Ferromagnetic,1.65,6.88,0.001,0.004,a,0.041,,-201.043674,0.0,Al1Fe3,ok
MMD-1084,Fe3Se,2,Pm-3m,cubic,Ferromagnetic,1.99,7.91,-0.001,-0.003,<111>,0.03,,307.990417,442.207189,Fe3Se1,ok
MMD-1085,Fe3Cu,2,Fm-3m,cubic,Ferromagnetic,1.92,29.17,0.002,0.002,a,0.023,,179.402362,179.402362,Cu1Fe3,ok
MMD-1086,Fe3Cu,2,I4/mmm,tetragonal,Ferromagnetic,1.87,15.16,,,c,0.387,,129.877342,129.877342,Cu1Fe3,ok
MMD-1087,Fe3S,2,P6_3/mmc,hexagonal,Ferromagnetic,1.97,16.61,,,ab plane,0.561,,141.057052,395.448208,Fe3S1,ok
MMD-1088,FeCu3,2,P6_3/mmc,hexagonal,Ferromagnetic,0.67,5.57,,,c,1.37,,172.002732,172.002732,Cu3Fe1,ok
MMD-1089,FeGe3,2,P6_3/mmc,hexagonal,Ferromagnetic,0.41,4.69,,,ab plane,1.438,,423.933714,484.858933,Fe1Ge3,ok
MMD-1090,ScFe3,2,P6_3/mmc,hexagonal,Ferromagnetic,1.38,13.47,,,ab plane,0.624,,22.690345,234.544117,Fe3Sc1,ok
MMD-1091,V3Fe,2,Fm-3m,cubic,Ferromagnetic,0.0,0.0,,,,,,-142.688478,32.821736,Fe1V3,ok
MMD-1092,ZrFe2,2,P6_3/mmc,hexagonal,Ferromagnetic,0.82,24.66,,,ab plane,0.747,,-291.095386,8.243795,Fe2Zr1,ok
MMD-1093,ScFe2,2,P6_3/mmc,hexagonal,Ferromagnetic,0.75,21.74,,,c,0.841,,-274.187469,8.284227,Fe2Sc1,ok
MMD-1094,Ti2Fe,2,Fd-3m,cubic,Ferromagnetic,0.0,0.0,,,,,,-222.515553,58.609412,Fe1Ti2,ok
MMD-1095,YFe3,2,P6_3/mmc,hexagonal,Ferromagnetic,1.06,33.37,,,ab plane,0.938,,-71.481292,0.0,Fe3Y1,ok
MMD-1096,NbFe2,2,P6_3/mmc,hexagonal,Ferromagnetic,0.61,16.28,,,ab plane,1.01,,-146.206614,8.309534,Fe2Nb1,ok
MMD-1097,Fe23C6,2,Fm-3m,cubic,Ferromagnetic,1.89,185.16,,,,,,22.117983,22.117983,C6Fe23,ok
MMD-1098,Al8Fe5,2,I-43m,cubic,Ferromagnetic,0.51,30.28,0.008,0.002,a,0.096,,-279.00743,38.236091,Al8Fe5,ok
MMD-1099,Fe25Mo4,2,I-43m,cubic,Ferromagnetic,1.56,92.94,0.011,0.003,a,0.036,,66.340833,70.721647,Fe25Mo4,ok
MMD-1100,Fe2B7,2,Pbam,orthorhombic,Ferromagnetic,0.11,4.81,,,,,,-192.978973,0.0,B7Fe2,ok
MMD-1101,Y2Fe17,2,P6_3/mmc,hexagonal,Ferromagnetic,1.74,76.63,,,ab plane,0.682,,-14.82041,20.256567,Fe17Y2,ok
MMD-1102,Fe5Si3,2,Ia-3d,cubic,Ferromagnetic,0.86,52.22,,,,,,-209.261874,206.264623,Fe5Si3,ok
MMD-1103,Fe3C,2,I-42m,tetragonal,Ferromagnetic,1.75,44.74,,,c,0.431,,124.729213,124.729213,C1Fe3,ok
MMD-1104,Fe3C,2,C2/m,monoclinic,Ferromagnetic,1.49,38.96,,,b,0.215,,120.706046,120.706046,C1Fe3,ok
MMD-1105,Zn9Fe4,2,I-43m,cubic,Ferromagnetic,0.56,34.97,,,,,,-39.900523,0.0,Fe4Zn9,ok
MMD-1106,FeN,2,P6_3/mmc,hexagonal,Ferromagnetic,1.21,3.37,,,ab plane,2.204,,59.272654,192.2623,Fe1N1,ok
MMD-1107,Fe7Ge4,2,P6_3/mmc,hexagonal,Ferromagnetic,1.11,26.54,,,ab plane,0.562,,-72.11961,38.874175,Fe7Ge4,ok
MMD-1108,Fe13Mo9,2,C2/m,monoclinic,Ferromagnetic,0.33,31.07,,,,,,-9.592864,0.378211,Fe13Mo9,ok
MMD-1109,Al12Fe7,2,P-1,triclinic,Ferromagnetic,0.37,8.21,,,,,,-315.418995,0.0,Al12Fe7,ok
MMD-1110,ZnFe,2,P4/mmm,tetragonal,Ferromagnetic,1.06,2.34,,,ab plane,0.683,,-13.240251,15.576793,Fe1Zn1,ok
MMD-1111,Zn13Fe,2,C2/m,monoclinic,Ferromagnetic,0.11,4.02,,,,,,74.099247,105.282807,Fe1Zn13,ok
MMD-1112,Zn10Fe3,2,Fmm2,orthorhombic,Ferromagnetic,0.39,48.69,,,,,,-35.033585,0.0,Fe3Zn10,ok
MMD-1113,Zn9Fe4,2,Cm,monoclinic,Ferromagnetic,0.61,38.03,,,,,,45.055783,84.956306,Fe4Zn9,ok
MMD-1114,VFe4,2,Fmmm,orthorhombic,Ferromagnetic,1.58,31.74,,,c,0.464,,-49.26875,57.847695,Fe4V1,ok
MMD-1115,VFe,2,Cmmm,orthorhombic,Ferromagnetic,0.6,2.51,,,c,1.385,,-110.245797,44.457088,Fe1V1,ok
MMD-1116,VFe3,2,Cmmm,orthorhombic,Ferromagnetic,1.41,11.46,,,c,0.502,,-60.927175,72.968381,Fe3V1,ok
MMD-1117,Ti4Fe,2,Fmmm,orthorhombic,Ferromagnetic,0.0,0.02,,,,,,2.302758,170.977737,Fe1Ti4,ok
MMD-1118,Nb19Fe20,2,P-3m1,trigonal,Ferromagnetic,0.53,25.69,,,,,,-127.697199,0.0,Fe20Nb19,ok
MMD-1119,MnFe3,2,P-6m2,hexagonal,Ferromagnetic,0.0,0.0,,,,,,56.065444,56.065444,Fe3Mn1,ok
MMD-1120,MnFe4,2,Fmmm,orthorhombic,Ferromagnetic,1.97,38.06,,,a,0.332,,34.476247,34.476247,Fe4Mn1,ok
MMD-1121,Mn7Fe3,2,P2_1,monoclinic,Ferromagnetic,0.01,0.24,,,,,,87.887717,87.887717,Fe3Mn7,ok
MMD-1122,Fe2Pt,2,P-3m1,trigonal,Ferromagnetic,1.73,5.53,,,c,1.669,,113.149128,273.153294,Fe2Pt1,ok
MMD-1123,Fe2Ni,2,P-3m1,trigonal,Ferromagnetic,1.93,5.71,,,c,0.633,,45.559593,91.461824,Fe2Ni1,ok
MMD-1124,Fe2N,2,P-3m1,trigonal,Ferromagnetic,1.57,3.91,,,ab plane,1.488,,82.197952,171.80562,Fe2N1,ok
MMD-1125,Fe3Pt,2,R-3m,trigonal,Ferromagnetic,1.86,25.31,,,c,1.275,,24.41934,144.422465,Fe3Pt1,ok
MMD-1126,Fe3Ni,2,Cmmm,orthorhombic,Ferromagnetic,2.03,16.05,,,b,0.184,,2.399688,36.826361,Fe3Ni1,ok
MMD-1127,GaFe2,2,P-3m1,trigonal,Ferromagnetic,1.44,4.78,,,c,1.514,,95.551119,236.962425,Fe2Ga1,ok
MMD-1128,Fe3Ni,2,R-3m,trigonal,Ferromagnetic,2.09,24.25,,,c,0.626,,88.568254,122.994927,Fe3Ni1,ok
MMD-1129,GaFe2,2,Fmmm,orthorhombic,Ferromagnetic,1.39,18.08,,,c,0.829,,2.237163,143.648469,Fe2Ga1,ok
MMD-1130,GaFe4,2,Fmmm,orthorhombic,Ferromagnetic,1.74,36.27,,,c,0.504,,10.608636,112.134091,Fe4Ga1,ok
MMD-1131,GaFe3,2,Cmmm,orthorhombic,Ferromagnetic,1.61,13.78,,,c,0.619,,4.233388,131.140206,Fe3Ga1,ok
MMD-1132,GaFe,2,P-6m2,hexagonal,Ferromagnetic,0.9,2.04,,,c,2.665,,-45.910581,124.509702,Fe1Ga1,ok
MMD-1133,FeMo2,2,Fmmm,orthorhombic,Ferromagnetic,0.54,8.11,,,a,0.958,,72.528098,78.436714,Fe1Mo2,ok
MMD-1134,FeCu,2,Cmmm,orthorhombic,Ferromagnetic,1.27,5.14,,,c,1.459,,167.150855,167.150855,Cu1Fe1,ok
MMD-1135,FeCu3,2,Cmmm,orthorhombic,Ferromagnetic,0.64,5.26,,,c,1.876,,105.52069,105.52069,Cu3Fe1,ok
MMD-1136,FeNi,2,Cmmm,orthorhombic,Ferromagnetic,1.7,6.56,,,b,0.505,,15.324848,84.178194,Fe1Ni1,ok
MMD-1137,FeNi,2,R-3m,trigonal,Ferromagnetic,1.66,9.65,,,c,0.594,,1.710531,70.563877,Fe1Ni1,ok
MMD-1138,FeCu4,2,R-3m,trigonal,Ferromagnetic,0.5,7.57,,,c,3.157,,65.263876,65.263876,Cu4Fe1,ok
MMD-1139,Fe3Ni2,2,P4/mmm,tetragonal,Ferromagnetic,1.83,17.87,,,c,0.341,,-33.650161,21.432515,Fe3Ni2,ok
MMD-1140,FeCo,2,Cmmm,orthorhombic,Ferromagnetic,2.22,8.75,,,b,0.466,,-21.041181,47.209908,Co1Fe1,ok
MMD-1141,FeNi3,2,R-3m,trigonal,Ferromagnetic,1.17,13.29,,,c,0.568,,-10.562094,77.44539,Fe1Ni3,ok
MMD-1142,FeCo3,2,P4/mmm,tetragonal,Ferromagnetic,1.98,7.28,,,ab plane,0.022,,30.441393,64.566938,Co3Fe1,ok
MMD-1143,Fe3Cu,2,Cmmm,orthorhombic,Ferromagnetic,1.84,14.86,,,c,0.64,,66.110198,66.110198,Cu1Fe3,ok
MMD-1144,Fe4Si,2,Fmmm,orthorhombic,Ferromagnetic,1.76,35.34,,,a,0.362,,-71.595915,184.316609,Fe4Si1,ok
MMD-1145,Fe2Si,2,I4/mmm,tetragonal,Ferromagnetic,0.85,4.73,,,c,1.873,,-260.073613,123.574269,Fe2Si1,ok
MMD-1146,Fe2Si,2,P4/mmm,tetragonal,Ferromagnetic,0.81,4.55,,,c,1.569,,-316.488696,67.159187,Fe2Si1,ok
MMD-1147,Fe3Ge2,2,P-6m2,hexagonal,Ferromagnetic,0.97,5.68,,,ab plane,0.823,,-70.464274,43.424619,Fe3Ge2,ok
MMD-1148,Fe4N,2,R-3m,trigonal,Ferromagnetic,1.58,19.78,,,ab plane,0.456,,155.393661,209.727004,Fe4N1,ok
MMD-1149,Fe3Si,2,P4/mmm,tetragonal,Ferromagnetic,1.32,5.03,,,c,1.26,,-225.635245,94.255409,Fe3Si1,ok
MMD-1150,Fe4Mo,2,I4/mmm,tetragonal,Ferromagnetic,1.66,17.87,,,ab plane,0.702,,175.173768,181.52595,Fe4Mo1,ok
MMD-1151,Fe3Ge2,2,P-3m1,trigonal,Ferromagnetic,0.87,5.1,,,ab plane,0.99,,13.821867,127.71076,Fe3Ge2,ok
MMD-1152,Fe7Ge4,2,P-6m2,hexagonal,Ferromagnetic,1.05,12.85,,,ab plane,0.624,,-57.406357,53.587429,Fe7Ge4,ok
MMD-1153,CrFe,2,Cmmm,orthorhombic,Ferromagnetic,0.94,3.7,,,,,,76.170763,76.170763,Cr1Fe1,ok
MMD-1154,CrFe4,2,Fmmm,orthorhombic,Ferromagnetic,1.71,33.64,,,,,,13.300626,13.300626,Cr1Fe4,ok
MMD-1155,Fe4C,2,P-43m,cubic,Ferromagnetic,1.71,8.3,-0.148,-0.417,<111>,0.426,,478.715316,478.715316,C1Fe4,ok
MMD-1156,Fe3C,2,P6_322,hexagonal,Ferromagnetic,1.69,11.81,,,c,0.458,,16.062974,16.062974,C1Fe3,ok
MMD-1157,VFe,2,Pm-3m,cubic,Ferromagnetic,0.39,0.8,0.0,0.0,a,0.0,,-137.034706,17.668179,Fe1V1,ok
MMD-1158,Y3Fe29,2,C2/m,monoclinic,Ferromagnetic,1.75,127.4,,,,,,-10.538099,20.702333,Fe29Y3,ok
MMD-1159,FeNi3,2,Pm-3m,cubic,Ferromagnetic,1.27,4.82,-0.001,-0.002,<111>,0.039,,-88.007484,0.0,Fe1Ni3,ok
MMD-1160,FeS2,2,Pnnm,orthorhombic,Ferromagnetic,0.0,0.0,,,,,,-528.370715,0.0,Fe1S2,ok
MMD-1161,YFe2,2,Fd-3m,cubic,Ferromagnetic,0.78,25.9,-0.001,-0.001,<111>,0.032,,-76.91288,0.0,Fe2Y1,ok
MMD-1162,Fe3Pt,2,Pm-3m,cubic,Ferromagnetic,1.9,8.49,-0.059,-0.183,<111>,0.255,,-79.64855,40.354574,Fe3Pt1,ok
MMD-1163,FeSi2,2,Cmce,orthorhombic,Ferromagnetic,0.0,0.0,,,,,,-443.771439,0.0,Fe1Si2,ok
MMD-1164,ZrFe2,2,Fd-3m,cubic,Ferromagnetic,0.82,24.71,-0.006,-0.003,<111>,0.07,,-299.339181,0.0,Fe2Zr1,ok
MMD-1165,Zn13Fe,2,C2/m,monoclinic,Ferromagnetic,0.03,1.22,,,,,,-31.18356,0.0,Fe1Zn13,ok
MMD-1166,Zr2Fe,2,Fd-3m,cubic,Ferromagnetic,0.09,13.94,,,,,,-99.887216,66.057542,Fe1Zr2,ok
MMD-1167,Fe12As5,2,R32,trigonal,Ferromagnetic,1.28,70.45,,,,,,-53.732788,53.425231,As5Fe12,ok
MMD-1168,Fe3N,2,P6_322,hexagonal,Ferromagnetic,1.76,12.29,,,ab plane,0.382,,-67.916678,0.0,Fe3N1,ok
MMD-1169,Fe7C3,2,P6_3mc,hexagonal,Ferromagnetic,1.51,23.55,,,c,0.351,,35.804046,35.804046,C3Fe7,ok
MMD-1170,Fe15Co,2,Pm-3m,cubic,Ferromagnetic,2.27,35.93,0.007,0.006,a,0.038,,-14.563796,-1.930734,Co1Fe15,ok
MMD-1171,Fe3P,2,I-4,tetragonal,Ferromagnetic,1.48,45.44,,,c,0.087,,-356.501974,0.0,Fe3P1,ok
MMD-1172,Fe2C,2,Pnnm,orthorhombic,Ferromagnetic,1.32,6.45,,,a,0.854,,6.486676,6.486676,C1Fe2,ok
MMD-1173,Fe2B,2,I4/mcm,tetragonal,Ferromagnetic,1.59,14.76,,,ab plane,0.435,,-312.103337,0.0,B1Fe2,ok
MMD-1174,Fe11Si5,2,Pm-3m,cubic,Ferromagnetic,0.85,12.66,0.0,0.0,a,0.015,,-351.482251,16.226324,Fe11Si5,ok
MMD-1175,GaFe3,2,Pm-3m,cubic,Ferromagnetic,1.66,6.97,0.001,0.003,a,0.035,,-126.906818,0.0,Fe3Ga1,ok
MMD-1176,FeP2,2,Pnnm,orthorhombic,Ferromagnetic,0.0,0.0,,,,,,-544.602625,0.0,Fe1P2,ok
MMD-1177,FeAs2,2,Pnnm,orthorhombic,Ferromagnetic,0.0,0.0,,,,,,-249.842278,0.0,As2Fe1,ok
MMD-1178,FeSe,2,Pm-3m,cubic,Ferromagnetic,0.78,1.9,0.001,0.007,a,0.119,,250.336422,518.769967,Fe1Se1,ok
MMD-1179,AlFe3,2,Fm-3m,cubic,Ferromagnetic,1.47,23.89,-0.004,-0.003,<111>,0.045,,-197.101507,3.942167,Al1Fe3,ok
MMD-1180,FeSe,2,P4/nmm,tetragonal,Ferromagnetic,0.02,0.14,,,,,,-268.433545,0.0,Fe1Se1,ok
MMD-1181,Fe3Ge,2,Pm-3m,cubic,Ferromagnetic,1.56,6.41,0.002,0.005,a,0.053,,-97.250805,4.69577,Fe3Ge1,ok
MMD-1182,Fe2As,2,P4/nmm,tetragonal,Ferromagnetic,0.98,6.56,,,ab plane,0.515,,-51.300753,70.145002,As1Fe2,ok
MMD-1183,Fe2Ge,2,P6_3/mmc,hexagonal,Ferromagnetic,1.24,7.86,,,ab plane,0.864,,-29.721697,78.859499,Fe2Ge1,ok
MMD-1184,Fe3Ge,2,Fm-3m,cubic,Ferromagnetic,1.39,22.71,0.003,0.002,a,0.039,,-101.946575,0.0,Fe3Ge1,ok
MMD-1185,FeSi2,2,P4/mmm,tetragonal,Ferromagnetic,0.0,0.0,,,,,,-383.118462,60.652977,Fe1Si2,ok
MMD-1186,FeB,2,Pnma,orthorhombic,Ferromagnetic,0.85,4.65,,,a,0.334,,-375.741264,8.836094,B1Fe1,ok
MMD-1187,Fe4P,2,Pm-3m,cubic,Ferromagnetic,1.57,9.52,0.002,0.005,a,0.049,,410.991457,696.193036,Fe4P1,ok
MMD-1188,FeCo,2,Pm-3m,cubic,Ferromagnetic,2.29,4.51,0.0,0.002,a,0.021,,-68.251089,0.0,Co1Fe1,ok
MMD-1189,FeS,2,P6_3/mmc,hexagonal,Ferromagnetic,0.09,0.39,,,c,3.498,,-249.117493,259.664818,Fe1S1,ok
MMD-1190,Fe3Ge,2,P6_3/mmc,hexagonal,Ferromagnetic,1.55,12.83,,,ab plane,0.374,,-93.212838,8.733737,Fe3Ge1,ok
MMD-1191,FeGe2,2,I4/mcm,tetragonal,Ferromagnetic,0.33,4.85,,,ab plane,4.208,,-60.766628,20.466998,Fe1Ge2,ok
MMD-1192,FeGe,2,P2_13,cubic,Ferromagnetic,0.48,4.23,-0.001,-0.001,<111>,0.083,,-90.832861,31.017577,Fe1Ge1,ok
MMD-1193,FeS,2,Pnma,orthorhombic,Ferromagnetic,0.0,0.0,,,,,,-285.692114,223.090197,Fe1S1,ok
MMD-1194,Fe2N,2,Pbcn,orthorhombic,Ferromagnetic,1.23,11.93,,,b,0.979,,-31.738821,57.868846,Fe2N1,ok
MMD-1195,Fe3S4,2,Fd-3m,cubic,Ferromagnetic,0.43,31.56,,,,,,-353.528602,163.64874,Fe3S4,ok
MMD-1196,Fe7S8,2,P3_1,trigonal,Ferromagnetic,0.39,20.44,,,,,,-352.612514,160.087478,Fe7S8,ok
MMD-1197,Fe7C3,2,Pnma,orthorhombic,Ferromagnetic,1.53,47.93,,,a,0.374,,20.674378,20.674378,C3Fe7,ok
MMD-1198,Fe3Si,2,Fm-3m,cubic,Ferromagnetic,1.32,19.97,0.002,0.002,a,0.037,,-319.890654,0.0,Fe3Si1,ok
MMD-1199,FeNi,2,P4/mmm,tetragonal,Ferromagnetic,1.69,3.26,,,c,0.367,,-68.853346,0.0,Fe1Ni1,ok
MMD-1200,FeGe,2,P6/mmm,hexagonal,Ferromagnetic,0.53,3.95,,,c,1.426,,-121.850438,0.0,Fe1Ge1,ok
MMD-1201,FeGe,2,C2/m,monoclinic,Ferromagnetic,0.61,11.5,,,a,1.839,,-99.256396,22.594042,Fe1Ge1,ok
MMD-1202,FeS2,2,Pa-3,cubic,Ferromagnetic,0.0,0.0,,,,,,-518.968474,9.402241,Fe1S2,ok
MMD-1203,FePt,2,P4/mmm,tetragonal,Ferromagnetic,1.37,3.31,,,c,3.306,,-240.006249,0.0,Fe1Pt1,ok
MMD-1204,FeS,2,P2_1/c,monoclinic,Ferromagnetic,0.11,2.9,,,,,,-348.660887,160.121424,Fe1S1,ok
MMD-1205,Fe2Si,2,P-3m1,trigonal,Ferromagnetic,0.73,4.07,,,ab plane,1.271,,-379.653294,3.994588,Fe2Si1,ok
MMD-1206,TiFe2,2,P6_3/mmc,hexagonal,Ferromagnetic,0.79,10.39,,,ab plane,0.79,,-294.207979,0.0,Fe2Ti1,ok
MMD-1207,Fe2N,2,P-31m,trigonal,Ferromagnetic,1.22,8.84,,,ab plane,1.116,,-28.275192,61.332475,Fe2N1,ok
MMD-1208,AlFe,2,Pm-3m,cubic,Ferromagnetic,0.35,0.72,-0.004,-0.025,<111>,0.514,,-330.243265,0.0,Al1Fe1,ok
MMD-1209,FeP4,2,P2_1/c,monoclinic,Ferromagnetic,0.0,0.0,,,,,,-377.799826,0.71177,Fe1P4,ok
MMD-1210,FeS,2,P-62c,hexagonal,Ferromagnetic,0.92,27.1,,,ab plane,1.508,,-218.773012,290.009299,Fe1S1,ok
MMD-1211,Fe3Se4,2,C2/m,monoclinic,Ferromagnetic,0.45,8.82,,,,,,-230.582423,75.102521,Fe3Se4,ok
MMD-1212,Fe12N5,2,P-31m,trigonal,Ferromagnetic,1.47,41.75,,,ab plane,0.945,,-51.991181,27.408962,Fe12N5,ok
MMD-1213,Fe5C2,2,C2/c,monoclinic,Ferromagnetic,1.52,33.7,,,a,0.799,,17.089644,17.089644,C2Fe5,ok
MMD-1214,TiFe,2,Pm-3m,cubic,Ferromagnetic,0.0,0.0,,,,,,-421.687447,0.0,Fe1Ti1,ok
MMD-1215,Y6Fe23,2,Fm-3m,cubic,Ferromagnetic,1.33,198.9,,,,,,-51.471425,11.76362,Fe23Y6,ok
MMD-1216,Sc29Fe6,2,Pm-3,cubic,Ferromagnetic,0.0,0.04,,,,,,-42.797343,29.838236,Fe6Sc29,ok
MMD-1217,AlFe2,2,Fd-3m,cubic,Ferromagnetic,1.08,27.88,0.007,0.004,a,0.064,,-110.352165,133.75804,Al1Fe2,ok
MMD-1218,Zr3Fe,2,Cmcm,orthorhombic,Ferromagnetic,0.0,0.09,,,,,,-132.596152,0.0,Fe1Zr3,ok
MMD-1219,FeAs,2,Pnma,orthorhombic,Ferromagnetic,0.23,2.16,,,c,2.68,,-182.168633,0.0,As1Fe1,ok
MMD-1220,Fe5Si3,2,P6_3/mcm,hexagonal,Ferromagnetic,0.98,15.22,,,ab plane,1.8,,-382.975795,32.550702,Fe5Si3,ok
MMD-1221,FeS,2,P4/nmm,tetragonal,Ferromagnetic,0.0,0.0,,,,,,-508.782311,0.0,Fe1S1,ok
MMD-1222,Fe3C,2,Pnma,orthorhombic,Ferromagnetic,1.7,22.23,,,c,0.321,,19.880615,19.880615,C1Fe3,ok
MMD-1223,Fe4N,2,Pm-3m,cubic,Ferromagnetic,1.81,7.69,0.002,0.006,a,0.049,,12.760092,67.093435,Fe4N1,ok
MMD-1224,ScFe2,2,Fd-3m,cubic,Ferromagnetic,0.75,21.86,-0.003,-0.001,<111>,0.052,,-282.471696,0.0,Fe2Sc1,ok
MMD-1225,Ga4Fe3,2,C2/m,monoclinic,Ferromagnetic,0.67,33.22,,,,,,-162.530858,20.321844,Fe3Ga4,ok
MMD-1226,Fe7Se8,2,P3_121,trigonal,Ferromagnetic,0.62,38.74,,,,,,-135.70626,150.111271,Fe7Se8,ok
MMD-1227,Fe23B6,2,Fm-3m,cubic,Ferromagnetic,1.89,193.11,,,,,,-173.113969,20.605344,B6Fe23,ok
MMD-1228,Fe7S8,2,C2/c,monoclinic,Ferromagnetic,0.18,12.33,,,,,,-390.590411,122.109581,Fe7S8,ok
MMD-1229,Fe8N,2,I4/mmm,tetragonal,Ferromagnetic,2.21,38.3,,,c,0.432,,-30.167692,0.017498,Fe8N1,ok
MMD-1230,Fe7S8,2,P3_121,trigonal,Ferromagnetic,0.17,8.53,,,,,,-392.657896,120.042096,Fe7S8,ok
MMD-1231,Fe2Ge,2,P6/mmm,hexagonal,Ferromagnetic,1.48,5.0,,,c,1.122,,226.268029,334.849225,Fe2Ge1,ok
MMD-1232,FeP4,2,C222_1,orthorhombic,Ferromagnetic,0.0,0.0,,,,,,-364.92443,13.587166,Fe1P4,ok
MMD-1233,Fe2B,2,P4/mmm,tetragonal,Ferromagnetic,1.55,4.08,,,c,0.829,,57.91575,370.019087,B1Fe2,ok
MMD-1234,NbFe2,2,P6_3/mmc,hexagonal,Ferromagnetic,0.66,8.83,,,c,1.096,,-147.093479,7.422669,Fe2Nb1,ok
MMD-1235,Fe3Se4,2,P-3m1,trigonal,Ferromagnetic,0.5,5.39,,,c,5.126,,-138.165249,167.519695,Fe3Se4,ok
MMD-1236,FeB2,2,P6/mmm,hexagonal,Ferromagnetic,0.38,0.72,,,c,2.929,,-54.796858,214.821469,B2Fe1,ok
MMD-1237,Fe7Mo6,2,R-3m,trigonal,Ferromagnetic,0.46,19.86,,,ab plane,1.464,,-9.544688,0.0,Fe7Mo6,ok
MMD-1238,Al6Fe,2,Cmcm,orthorhombic,Ferromagnetic,0.0,0.0,,,,,,-194.68747,0.0,Al6Fe1,ok
MMD-1239,FeP4,2,C2/c,monoclinic,Ferromagnetic,0.0,0.0,,,,,,-378.511596,0.0,Fe1P4,ok
MMD-1240,Ga5Fe6,2,C2/m,monoclinic,Ferromagnetic,0.98,48.95,,,b,0.697,,-133.300832,29.207912,Fe6Ga5,ok
MMD-1241,Zr6Fe23,2,Fm-3m,cubic,Ferromagnetic,1.29,176.74,,,,,,-178.603672,7.193061,Fe23Zr6,ok
MMD-1242,Fe3Co,2,P4/mmm,tetragonal,Ferromagnetic,2.34,9.28,,,c,1.024,,-50.53225,0.0,Co1Fe3,ok
MMD-1243,Fe13Ge3,2,Pm-3m,cubic,Ferromagnetic,1.67,26.88,0.001,0.001,a,0.023,,-77.192122,0.0,Fe13Ge3,ok
MMD-1244,Fe9Co7,2,Pm-3m,cubic,Ferromagnetic,2.3,36.58,0.003,0.003,a,0.025,,-68.446918,0.0,Co7Fe9,ok
MMD-1245,Fe11Co5,2,P4/mmm,tetragonal,Ferromagnetic,2.32,37.01,,,c,0.061,,-60.642892,0.0,Co5Fe11,ok
MMD-1246,Fe3C,2,Pnma,orthorhombic,Ferromagnetic,1.6,22.73,,,b,0.24,,83.21207,83.21207,C1Fe3,ok
MMD-1247,FeS2,2,Pcca,orthorhombic,Ferromagnetic,0.57,10.09,,,a,1.618,,-88.142747,440.227968,Fe1S2,ok
MMD-1248,FeS,2,P6_3mc,hexagonal,Ferromagnetic,0.0,0.0,,,,,,-283.259169,225.523142,Fe1S1,ok
MMD-1249,Ga3Fe,2,P4_2/mnm,tetragonal,Ferromagnetic,0.0,0.0,,,,,,-213.933748,0.0,Fe1Ga3,ok
MMD-1250,Fe6Ge5,2,C2/m,monoclinic,Ferromagnetic,0.77,37.41,,,b,1.193,,-87.471834,30.75972,Fe6Ge5,ok
MMD-1251,FeGe2,2,Cmce,orthorhombic,Ferromagnetic,0.0,0.0,,,,,,1.619566,82.853191,Fe1Ge2,ok
MMD-1252,Fe13Co3,2,P4/mmm,tetragonal,Ferromagnetic,2.34,37.38,,,c,0.144,,-37.586052,0.313135,Co3Fe13,ok
MMD-1253,Fe5C2,2,P2/c,monoclinic,Ferromagnetic,1.53,34.09,,,b,0.599,,18.991784,18.991784,C2Fe5,ok
MMD-1254,FePt3,2,Pm-3m,cubic,Ferromagnetic,0.86,4.3,0.073,0.201,a,0.592,,-180.39352,0.0,Fe1Pt3,ok
MMD-1255,GaFe3,2,Fm-3m,cubic,Ferromagnetic,1.52,25.28,-0.003,-0.003,<111>,0.038,,-87.735625,39.171193,Fe3Ga1,ok
MMD-1256,Fe8N3,2,C2,monoclinic,Ferromagnetic,1.59,89.03,,,,,,-55.857022,17.97538,Fe8N3,ok
MMD-1257,Fe3N,2,P312,trigonal,Ferromagnetic,1.74,48.19,,,ab plane,0.504,,-64.212735,3.703943,Fe3N1,ok
MMD-1258,Fe2S,2,Cm,monoclinic,Ferromagnetic,1.21,54.19,,,,,,-46.541765,292.646443,Fe2S1,ok
MMD-1259,Fe7S12,2,Pc,monoclinic,Ferromagnetic,0.0,0.0,,,,,,-286.848334,237.398506,Fe7S12,ok
MMD-1260,Fe2N,2,P2_12_12,orthorhombic,Ferromagnetic,1.2,17.39,,,c,1.049,,-31.393119,58.214548,Fe2N1,ok
MMD-1261,Fe24N11,2,C2/c,monoclinic,Ferromagnetic,1.34,153.56,,,,,,-34.621308,50.028419,Fe24N11,ok
MMD-1262,Fe3Se4,2,P-1,triclinic,Ferromagnetic,0.56,5.31,,,,,,193.432036,499.11698,Fe3Se4,ok
MMD-1263,Fe7S8,2,P2_1/c,monoclinic,Ferromagnetic,0.13,4.38,,,,,,-353.646692,159.053299,Fe7S8,ok
MMD-1264,FeN,2,F-43m,cubic,Ferromagnetic,0.0,0.0,,,,,,-132.989646,0.0,Fe1N1,ok
MMD-1265,Fe3S4,2,R-3m,trigonal,Ferromagnetic,0.15,4.04,,,,,,-308.951336,208.226006,Fe3S4,ok
MMD-1266,FeSe2,2,Pnnm,orthorhombic,Ferromagnetic,0.0,0.0,,,,,,-355.353476,0.0,Fe1Se2,ok
MMD-1267,Fe2P,2,P-62m,hexagonal,Ferromagnetic,1.03,8.88,,,c,1.541,,-460.519785,0.0,Fe2P1,ok
MMD-1268,FeS,2,P-3m1,trigonal,Ferromagnetic,0.42,1.87,,,ab plane,4.247,,-247.094087,261.688224,Fe1S1,ok
MMD-1269,FeS2,2,P2/c,monoclinic,Ferromagnetic,0.57,10.26,,,b,0.369,,-87.650935,440.71978,Fe1S2,ok
MMD-1270,Fe3S4,2,C2/m,monoclinic,Ferromagnetic,0.0,0.0,,,,,,-340.788572,176.38877,Fe3S4,ok
MMD-1271,Fe4S5,2,P4/n,tetragonal,Ferromagnetic,0.0,0.0,,,,,,-451.74031,63.571469,Fe4S5,ok
MMD-1272,Fe7S8,2,P2_1/c,monoclinic,Ferromagnetic,0.15,4.97,,,,,,-356.001168,156.698824,Fe7S8,ok
MMD-1273,Fe2S,2,Cm,monoclinic,Ferromagnetic,1.1,49.04,,,,,,-17.332186,321.856021,Fe2S1,ok
MMD-1274,VFe3,2,Fm-3m,cubic,Ferromagnetic,1.23,19.81,0.002,0.002,a,0.038,,-133.895556,0.0,Fe3V1,ok
MMD-1275,FeSi,2,P2_13,cubic,Ferromagnetic,0.0,0.0,,,,,,-511.162339,0.0,Fe1Si1,ok
MMD-1276,Fe2S3,2,R-3c,trigonal,Ferromagnetic,0.29,10.56,,,,,,-407.753988,112.781366,Fe2S3,ok
MMD-1277,Fe7Se3,2,Pnma,orthorhombic,Ferromagnetic,1.44,69.72,,,c,0.099,,103.256236,264.316363,Fe7Se3,ok
MMD-1278,Fe3B,2,Pnma,orthorhombic,Ferromagnetic,1.8,24.24,,,b,0.245,,-217.695202,16.3823,B1Fe3,ok
MMD-1279,Al3Fe,2,P6_3/mmc,hexagonal,Ferromagnetic,0.08,0.77,,,ab plane,5.641,,-155.337433,96.697511,Al3Fe1,ok
MMD-1280,Fe3Mo,2,P6_3/mmc,hexagonal,Ferromagnetic,0.31,2.53,,,c,1.053,,64.35855,72.298776,Fe3Mo1,ok
MMD-1281,AlFe,2,P6/mmm,hexagonal,Ferromagnetic,0.98,2.34,,,c,2.549,,485.272869,815.516134,Al1Fe1,ok
MMD-1282,AlFe2,2,P6/mmm,hexagonal,Ferromagnetic,1.38,4.49,,,ab plane,0.462,,-143.007653,101.102551,Al1Fe2,ok
MMD-1283,Fe3Ni,2,Pm-3m,cubic,Ferromagnetic,2.06,8.16,0.0,0.001,a,0.017,,42.329101,76.755774,Fe3Ni1,ok
MMD-1284,NbFe3,2,Fm-3m,cubic,Ferromagnetic,1.16,20.65,0.005,0.004,a,0.059,,-68.427921,47.45919,Fe3Nb1,ok
MMD-1285,NbFe3,2,I4/mmm,tetragonal,Ferromagnetic,1.24,11.26,,,c,0.492,,9.197266,125.084377,Fe3Nb1,ok
MMD-1286,Nb3Fe,2,Fm-3m,cubic,Ferromagnetic,0.0,0.03,,,,,,10.933294,73.185678,Fe1Nb3,ok
MMD-1287,Nb3Fe,2,I4/mmm,tetragonal,Ferromagnetic,0.19,2.2,,,c,115.834,,193.331351,255.583735,Fe1Nb3,ok
MMD-1288,Nb3Fe,2,Pm-3m,cubic,Ferromagnetic,0.43,2.44,,,,,,264.427613,326.679997,Fe1Nb3,ok
MMD-1289,MnFe3,2,P4/mmm,tetragonal,Ferromagnetic,1.89,7.38,,,c,0.157,,50.083834,50.083834,Fe3Mn1,ok
MMD-1290,Mn3Fe,2,Pmmm,orthorhombic,Ferromagnetic,0.41,1.57,,,a,4.948,,115.706801,115.706801,Fe1Mn3,ok
MMD-1291,FeS2,2,I-42d,tetragonal,Ferromagnetic,0.0,0.01,,,,,,-170.340926,358.029789,Fe1S2,ok
MMD-1292,FeS2,2,R-3m,trigonal,Ferromagnetic,0.33,5.41,,,ab plane,3.474,,-324.201948,204.168767,Fe1S2,ok
MMD-1293,FeS2,2,Fd-3m,cubic,Ferromagnetic,0.43,29.52,,,,,,-284.124709,244.246006,Fe1S2,ok
MMD-1294,FeS2,2,R-3m,trigonal,Ferromagnetic,0.42,21.86,,,ab plane,1.793,,-283.710323,244.660392,Fe1S2,ok
MMD-1295,CoNi,2,Pm-3m,cubic,Ferromagnetic,1.24,2.35,0.0,0.003,a,0.049,,155.646963,172.235418,Co1Ni1,ok
MMD-1296,CoMo,2,Pm-3m,cubic,Ferromagnetic,0.9,2.09,0.0,0.002,a,0.061,,254.419515,296.188866,Co1Mo1,ok
MMD-1297,Co3Mo,2,Pm-3m,cubic,Ferromagnetic,0.17,0.69,-0.0,-0.001,<111>,0.193,,-8.076854,54.577173,Co3Mo1,ok
MMD-1298,Co3Ni,2,Pm-3m,cubic,Ferromagnetic,1.53,5.68,0.0,0.0,a,0.0,,-1.432408,23.450274,Co3Ni1,ok
MMD-1299,CoN,2,Pm-3m,cubic,Ferromagnetic,0.87,1.2,-0.001,-0.011,<111>,0.134,,990.72976,990.72976,Co1N1,ok
MMD-1300,CoN,2,Fm-3m,cubic,Ferromagnetic,0.15,0.21,0.002,0.006,a,0.573,,472.804027,472.804027,Co1N1,ok
MMD-1301,MnCo,2,Pm-3m,cubic,Ferromagnetic,2.15,3.96,0.002,0.013,a,0.06,,29.434424,39.248533,Co1Mn1,ok
MMD-1302,NbCo,2,Pm-3m,cubic,Ferromagnetic,0.71,1.76,0.0,0.002,a,0.075,,-48.11564,124.575125,Co1Nb1,ok
MMD-1303,NbCo3,2,Pm-3m,cubic,Ferromagnetic,0.0,0.0,,,,,,-166.700795,11.61272,Co3Nb1,ok
MMD-1304,AlCo3,2,Pm-3m,cubic,Ferromagnetic,0.99,3.89,-0.006,-0.021,<111>,0.163,,-178.081198,119.004908,Al1Co3,ok
MMD-1305,CoAs2,2,Pnnm,orthorhombic,Ferromagnetic,0.0,0.0,,,,,,-287.502719,19.842893,As2Co1,ok
MMD-1306,CoGe,2,P2_13,cubic,Ferromagnetic,0.0,0.0,,,,,,-186.894035,14.362534,Co1Ge1,ok
MMD-1307,Zr3Co,2,P6_3/mmc,hexagonal,Ferromagnetic,0.0,0.01,,,,,,112.530296,331.049139,Co1Zr3,ok
MMD-1308,Co2As,2,P-62m,hexagonal,Ferromagnetic,0.36,3.39,,,c,3.114,,-82.706057,92.437168,As1Co2,ok
MMD-1309,Co3Si,2,P6_3/mmc,hexagonal,Ferromagnetic,0.77,5.63,,,ab plane,2.397,,-266.090689,71.821472,Co3Si1,ok
MMD-1310,TiCo3,2,P6_3/mmc,hexagonal,Ferromagnetic,0.68,5.51,,,ab plane,2.098,,-221.177865,34.874844,Co3Ti1,ok
MMD-1311,AlCo3,2,P6_3/mmc,hexagonal,Ferromagnetic,0.97,7.56,,,ab plane,0.23,,-199.064503,98.021603,Al1Co3,ok
MMD-1312,Co2Si3,2,P-4c2,tetragonal,Ferromagnetic,0.0,0.02,,,,,,-326.851534,201.445593,Co2Si3,ok
MMD-1313,Y3Co,2,Pnma,orthorhombic,Ferromagnetic,0.0,0.01,,,,,,-137.96383,0.0,Co1Y3,ok
MMD-1314,GaCo,2,Pm-3m,cubic,Ferromagnetic,0.04,0.09,-0.023,-0.156,<111>,91.229,,-235.858466,0.0,Co1Ga1,ok
MMD-1315,Co3Mo,2,P6_3/mmc,hexagonal,Ferromagnetic,0.23,1.86,,,c,0.785,,-62.654027,0.0,Co3Mo1,ok
MMD-1316,CoS,2,P4/nmm,tetragonal,Ferromagnetic,0.15,0.9,,,c,6.807,,-424.661261,51.291713,Co1S1,ok
MMD-1317,Co3Se4,2,C2/m,monoclinic,Ferromagnetic,0.08,1.52,,,,,,-260.478334,18.560563,Co3Se4,ok
MMD-1318,Co2Mo3,2,P2_1/m,monoclinic,Ferromagnetic,0.0,0.03,,,,,,197.619473,231.034954,Co2Mo3,ok
MMD-1319,Co3Se,2,Pm-3m,cubic,Ferromagnetic,0.16,0.64,-0.0,-0.001,<111>,0.218,,288.678452,424.973162,Co3Se1,ok
MMD-1320,CoMo3,2,Fm-3m,cubic,Ferromagnetic,0.41,8.15,0.005,0.003,a,0.158,,196.249067,217.133743,Co1Mo3,ok
MMD-1321,Co2S3,2,R-3c,trigonal,Ferromagnetic,0.0,0.0,,,,,,-428.742825,0.0,Co2S3,ok
MMD-1322,Co3S,2,P6_3/mmc,hexagonal,Ferromagnetic,1.26,9.77,,,c,0.79,,252.507685,510.4672,Co3S1,ok
MMD-1323,CoNi3,2,Pm-3m,cubic,Ferromagnetic,1.0,3.72,-0.0,-0.001,<111>,0.036,,12.284961,20.579188,Co1Ni3,ok
MMD-1324,Co3Cu,2,I4/mmm,tetragonal,Ferromagnetic,1.34,10.27,,,c,0.552,,119.356224,119.356224,Co3Cu1,ok
MMD-1325,CoNi3,2,P6_3/mmc,hexagonal,Ferromagnetic,1.01,7.59,,,c,1.074,,14.311734,22.605961,Co1Ni3,ok
MMD-1326,Co3Ni,2,P6_3/mmc,hexagonal,Ferromagnetic,1.52,11.29,,,ab plane,0.046,,-24.882682,0.0,Co3Ni1,ok
MMD-1327,GaCo3,2,I4/mmm,tetragonal,Ferromagnetic,0.98,7.54,,,ab plane,1.602,,-59.917419,58.011814,Co3Ga1,ok
MMD-1328,GaCo3,2,P6_3/mmc,hexagonal,Ferromagnetic,1.01,7.95,,,ab plane,0.332,,-67.417357,50.511876,Co3Ga1,ok
MMD-1329,Mn3Co,2,P6_3/mmc,hexagonal,Ferromagnetic,0.0,0.0,,,,,,-14.721164,0.0,Co1Mn3,ok
MMD-1330,MnCo3,2,P6_3/mmc,hexagonal,Ferromagnetic,0.59,4.18,,,ab plane,3.411,,75.34797,80.255024,Co3Mn1,ok
MMD-1331,ZnCo3,2,I4/mmm,tetragonal,Ferromagnetic,1.16,9.11,,,c,0.441,,53.215056,78.140026,Co3Zn1,ok
MMD-1332,ZnCo,2,P-6m2,hexagonal,Ferromagnetic,0.66,1.4,,,ab plane,1.321,,41.197107,91.047047,Co1Zn1,ok
MMD-1333,Zn3Co,2,P6_3/mmc,hexagonal,Ferromagnetic,0.0,0.0,,,,,,-35.457441,39.317469,Co1Zn3,ok
MMD-1334,ZrCo3,2,P6_3/mmc,hexagonal,Ferromagnetic,0.6,5.43,,,ab plane,1.627,,-149.868911,118.048247,Co3Zr1,ok
MMD-1335,Y2Co7,2,R-3m,trigonal,Ferromagnetic,0.8,53.07,,,,,,-143.401579,3.984363,Co7Y2,ok
MMD-1336,Y3Co,2,P2_1,monoclinic,Ferromagnetic,0.0,0.01,,,,,,-136.235439,1.728391,Co1Y3,ok
MMD-1337,NbCo2,2,P6_3/mmc,hexagonal,Ferromagnetic,0.2,5.16,,,ab plane,0.795,,-168.798584,12.532962,Co2Nb1,ok
MMD-1338,Ti2Co,2,Fd-3m,cubic,Ferromagnetic,0.0,0.0,,,,,,-286.46004,0.0,Co1Ti2,ok
MMD-1339,TiCo2,2,P6_3/mmc,hexagonal,Ferromagnetic,0.25,6.28,,,,,,-317.472099,0.0,Co2Ti1,ok
MMD-1340,Zr2Co,2,Fd-3m,cubic,Ferromagnetic,0.0,0.02,,,,,,-203.297709,63.587802,Co1Zr2,ok
MMD-1341,Zn11Co2,2,I-43m,cubic,Ferromagnetic,0.02,1.54,,,,,,-84.361436,0.0,Co2Zn11,ok
MMD-1342,YCo3,2,P6_3/mmc,hexagonal,Ferromagnetic,0.71,21.0,,,,,,-159.147029,0.916924,Co3Y1,ok
MMD-1343,Co5B16,2,Pmma,orthorhombic,Ferromagnetic,0.0,0.0,,,,,,-168.6624,25.950461,B16Co5,ok
MMD-1344,Al13Co4,2,Pmn2_1,orthorhombic,Ferromagnetic,0.0,0.0,,,,,,-381.983818,9.679509,Al13Co4,ok
MMD-1345,Co3N,2,P6_322,hexagonal,Ferromagnetic,0.87,5.82,,,,,,69.668004,69.668004,Co3N1,ok
MMD-1346,Co4N,2,Pm-3m,cubic,Ferromagnetic,1.43,6.32,-0.002,-0.008,<111>,0.069,,75.046361,75.046361,Co4N1,ok
MMD-1347,Zn17Co3,2,P6_2,hexagonal,Ferromagnetic,0.04,3.03,,,,,,-74.030936,9.552117,Co3Zn17,ok
MMD-1348,Co3P,2,I-4,tetragonal,Ferromagnetic,0.78,23.11,,,ab plane,0.688,,-340.668914,47.031882,Co3P1,ok
MMD-1349,Al19Co6,2,C2/m,monoclinic,Ferromagnetic,0.0,0.0,,,,,,-386.347581,11.074418,Al19Co6,ok
MMD-1350,ZnCo2,2,P-3m1,trigonal,Ferromagnetic,1.0,3.06,,,c,1.368,,24.34477,57.578063,Co2Zn1,ok
MMD-1351,Zn53Co7,2,P2,monoclinic,Ferromagnetic,0.0,0.0,,,,,,-76.837068,0.0,Co7Zn53,ok
MMD-1352,Y4Co3,2,P-3,trigonal,Ferromagnetic,0.01,0.33,,,,,,-136.166131,37.064705,Co3Y4,ok
MMD-1353,NbCo3,2,P-3m1,trigonal,Ferromagnetic,0.5,12.89,,,,,,-101.243477,77.070038,Co3Nb1,ok
MMD-1354,GaCo4,2,R-3m,trigonal,Ferromagnetic,1.24,18.57,,,c,0.671,,59.105725,153.449112,Co4Ga1,ok
MMD-1355,CoPt,2,R-3m,trigonal,Ferromagnetic,0.93,6.55,,,c,3.957,,-15.971981,64.403828,Co1Pt1,ok
MMD-1356,CoMo,2,P-6m2,hexagonal,Ferromagnetic,0.2,0.46,,,c,3.734,,201.5928,243.362151,Co1Mo1,ok
MMD-1357,Co4Ge,2,R-3m,trigonal,Ferromagnetic,1.2,18.13,,,ab plane,1.029,,145.695164,226.197792,Co4Ge1,ok
MMD-1358,Co4Ge,2,P4/mmm,tetragonal,Ferromagnetic,1.22,7.26,,,c,0.137,,770.167397,850.670025,Co4Ge1,ok
MMD-1359,CoNi,2,Cmmm,orthorhombic,Ferromagnetic,1.28,4.75,,,c,1.475,,105.399548,121.988003,Co1Ni1,ok
MMD-1360,CoNi,2,R-3m,trigonal,Ferromagnetic,1.26,7.01,,,c,0.988,,6.013561,22.602015,Co1Ni1,ok
MMD-1361,CoPt3,2,R-3m,trigonal,Ferromagnetic,0.56,8.52,,,c,4.766,,-43.560429,10.614951,Co1Pt3,ok
MMD-1362,Co7Ge4,2,P-6m2,hexagonal,Ferromagnetic,0.32,3.7,,,c,1.877,,-84.969155,61.399259,Co7Ge4,ok
MMD-1363,Co4B,2,Pm,monoclinic,Ferromagnetic,1.27,15.97,,,a,0.848,,-112.19143,51.283373,B1Co4,ok
MMD-1364,Co3Pt,2,P-6m2,hexagonal,Ferromagnetic,1.28,5.47,,,c,1.598,,36.207115,127.453555,Co3Pt1,ok
MMD-1365,Co3Ge2,2,P-6m2,hexagonal,Ferromagnetic,0.39,2.17,,,ab plane,3.088,,-94.677087,66.328169,Co3Ge2,ok
MMD-1366,Co3Pt,2,R-3m,trigonal,Ferromagnetic,1.28,16.43,,,c,1.205,,49.991117,141.237557,Co3Pt1,ok
MMD-1367,Co3Ni,2,P-6m2,hexagonal,Ferromagnetic,1.49,5.65,,,c,0.37,,-2.8107,22.071982,Co3Ni1,ok
MMD-1368,AlCo4,2,R-3m,trigonal,Ferromagnetic,1.2,17.79,,,c,0.68,,-29.88502,207.783865,Al1Co4,ok
MMD-1369,CoPt2,2,Pa-3,cubic,Ferromagnetic,0.69,11.64,,,,,,535.12819,598.037047,Co1Pt2,ok
MMD-1370,CoS,2,P6_3/mmc,hexagonal,Ferromagnetic,0.0,0.0,,,,,,-281.425214,194.527761,Co1S1,ok
MMD-1371,YCo2,2,Fd-3m,cubic,Ferromagnetic,0.47,14.95,-0.011,-0.005,<111>,0.165,,-178.974769,0.0,Co2Y1,ok
MMD-1372,Co2P,2,P-62m,hexagonal,Ferromagnetic,0.39,3.23,,,c,2.671,,-496.455643,20.478752,Co2P1,ok
MMD-1373,CoP2,2,P2_1/c,monoclinic,Ferromagnetic,0.0,0.0,,,,,,-550.381238,0.0,Co1P2,ok
MMD-1374,Co9S8,2,Fm-3m,cubic,Ferromagnetic,0.0,0.0,,,,,,-485.570852,0.0,Co9S8,ok
MMD-1375,CoAs,2,P6_3/mmc,hexagonal,Ferromagnetic,0.0,0.0,,,,,,-234.155571,28.559266,As1Co1,ok
MMD-1376,Co5As2,2,P6_3cm,hexagonal,Ferromagnetic,0.63,26.78,,,c,1.854,,-60.548287,89.574477,As2Co5,ok
MMD-1377,Al9Co2,2,P2_1/c,monoclinic,Ferromagnetic,0.0,0.0,,,,,,-326.223887,0.0,Al9Co2,ok
MMD-1378,Co2Ge,2,P6_3/mmc,hexagonal,Ferromagnetic,0.0,0.0,,,,,,-72.185586,61.98546,Co2Ge1,ok
MMD-1379,Co2As,2,P-62m,hexagonal,Ferromagnetic,0.28,10.41,,,,,,-93.635584,81.507641,As1Co2,ok
MMD-1380,CoP3,2,Im-3,cubic,Ferromagnetic,0.0,0.0,,,,,,-514.659965,0.0,Co1P3,ok
MMD-1381,Al5Co2,2,P6_3/mmc,hexagonal,Ferromagnetic,0.0,0.0,,,,,,-453.363372,0.0,Al5Co2,ok
MMD-1382,Co2Si,2,Pnma,orthorhombic,Ferromagnetic,0.25,2.74,,,b,1.611,,-450.549547,0.0,Co2Si1,ok
MMD-1383,Co3B,2,Pnma,orthorhombic,Ferromagnetic,1.11,14.31,,,a,0.971,,-192.485975,11.857529,B1Co3,ok
MMD-1384,Co3Se4,2,Fd-3m,cubic,Ferromagnetic,0.06,4.57,,,,,,-279.038897,0.0,Co3Se4,ok
MMD-1385,Ga3Co,2,P4_2/mnm,tetragonal,Ferromagnetic,0.0,0.0,,,,,,-242.507427,0.0,Co1Ga3,ok
MMD-1386,CoS2,2,Pa-3,cubic,Ferromagnetic,0.28,3.99,-0.073,-0.07,<111>,1.066,,-367.644416,0.0,Co1S2,ok
MMD-1387,CoB,2,Pnma,orthorhombic,Ferromagnetic,0.0,0.0,,,,,,-408.687008,0.0,B1Co1,ok
MMD-1388,CoSe2,2,Pnnm,orthorhombic,Ferromagnetic,0.13,1.14,,,a,0.942,,-293.923559,0.0,Co1Se2,ok
MMD-1389,Co3C,2,Pnma,orthorhombic,Ferromagnetic,0.99,12.52,,,b,0.486,,86.926919,86.926919,C1Co3,ok
MMD-1390,CoGe,2,C2/m,monoclinic,Ferromagnetic,0.0,0.0,,,,,,-201.256569,0.0,Co1Ge1,ok
MMD-1391,ScCo,2,Pm-3m,cubic,Ferromagnetic,0.0,0.01,,,,,,-347.107938,0.0,Co1Sc1,ok
MMD-1392,Co2P,2,Pnma,orthorhombic,Ferromagnetic,0.14,1.5,,,c,1.987,,-516.934395,0.0,Co2P1,ok
MMD-1393,Co2As,2,P-6m2,hexagonal,Ferromagnetic,0.52,1.65,,,c,1.462,,94.946304,270.089529,As1Co2,ok
MMD-1394,CoP,2,Pnma,orthorhombic,Ferromagnetic,0.0,0.0,,,,,,-588.234117,0.0,Co1P1,ok
MMD-1395,CoSe2,2,Pa-3,cubic,Ferromagnetic,0.18,3.11,-0.565,-0.454,<111>,4.076,,-277.281362,16.642197,Co1Se2,ok
MMD-1396,Co2C,2,Pnnm,orthorhombic,Ferromagnetic,0.04,0.17,,,c,18.773,,48.966642,48.966642,C1Co2,ok
MMD-1397,Co2N,2,Pnnm,orthorhombic,Ferromagnetic,0.0,0.01,,,,,,64.647642,64.647642,Co2N1,ok
MMD-1398,Co5Ge7,2,I4mm,tetragonal,Ferromagnetic,0.18,5.77,,,c,3.33,,406.237982,576.856073,Co5Ge7,ok
MMD-1399,Co9Se8,2,Fm-3m,cubic,Ferromagnetic,0.0,0.0,,,,,,-256.554747,0.0,Co9Se8,ok
MMD-1400,CoSi,2,Pm-3m,cubic,Ferromagnetic,0.34,0.63,-0.001,-0.006,<111>,0.269,,-408.132938,202.362661,Co1Si1,ok
MMD-1401,CoN3,2,Im-3,cubic,Ferromagnetic,0.0,0.0,,,,,,606.706735,606.706735,Co1N3,ok
MMD-1402,ZrCo,2,Pm-3m,cubic,Ferromagnetic,0.33,0.91,0.001,0.003,a,0.197,,-301.319758,0.0,Co1Zr1,ok
MMD-1403,CoSi2,2,Fm-3m,cubic,Ferromagnetic,0.0,0.0,,,,,,-473.498145,0.0,Co1Si2,ok
MMD-1404,ScCo2,2,Fd-3m,cubic,Ferromagnetic,0.51,14.25,-0.002,-0.001,<111>,0.065,,-352.349766,0.0,Co2Sc1,ok
MMD-1405,YCo3,2,R-3m,trigonal,Ferromagnetic,0.71,32.25,,,c,1.859,,-160.063953,0.0,Co3Y1,ok
MMD-1406,CoAs2,2,P2_1/c,monoclinic,Ferromagnetic,0.0,0.0,,,,,,-307.345612,0.0,As2Co1,ok
MMD-1407,Sc3Co,2,Pnma,orthorhombic,Ferromagnetic,0.0,0.04,,,,,,-213.235767,0.0,Co1Sc3,ok
MMD-1408,YCo5,2,P6/mmm,hexagonal,Ferromagnetic,1.01,7.18,,,c,1.847,,-106.608471,15.421449,Co5Y1,ok
MMD-1409,AlCo,2,Pm-3m,cubic,Ferromagnetic,0.0,0.0,,,,,,-594.172212,0.0,Al1Co1,ok
MMD-1410,CoGe2,2,Cmce,orthorhombic,Ferromagnetic,0.0,0.0,,,,,,-139.979614,0.0,Co1Ge2,ok
MMD-1411,Sc2Co,2,I4/mcm,tetragonal,Ferromagnetic,0.0,0.01,,,,,,-249.228408,8.631416,Co1Sc2,ok
MMD-1412,Ti2Co,2,Fd-3m,cubic,Ferromagnetic,0.29,8.88,,,,,,443.22684,729.68688,Co1Ti2,ok
MMD-1413,Zn13Co,2,C2/m,monoclinic,Ferromagnetic,0.0,0.0,,,,,,-54.253341,0.0,Co1Zn13,ok
MMD-1414,Zr6Co23,2,Fm-3m,cubic,Ferromagnetic,0.83,108.33,,,,,,-236.673306,0.0,Co23Zr6,ok
MMD-1415,Zr3Co,2,Cmcm,orthorhombic,Ferromagnetic,0.0,0.02,,,,,,-218.518843,0.0,Co1Zr3,ok
MMD-1416,Al13Co4,2,Pnnm,orthorhombic,Ferromagnetic,0.0,0.0,,,,,,-383.112778,8.55055,Al13Co4,ok
MMD-1417,CoSe,2,P6_3/mmc,hexagonal,Ferromagnetic,0.0,0.01,,,,,,-122.250128,140.862496,Co1Se1,ok
MMD-1418,CoN,2,F-43m,cubic,Ferromagnetic,0.0,0.0,,,,,,86.209508,86.209508,Co1N1,ok
MMD-1419,CoAs3,2,Im-3,cubic,Ferromagnetic,0.0,0.0,,,,,,-292.167803,0.0,As3Co1,ok
MMD-1420,Co2B,2,I4/mcm,tetragonal,Ferromagnetic,0.93,8.33,,,ab plane,1.255,,-257.594016,14.863989,B1Co2,ok
MMD-1421,Co7Mo6,2,R-3m,trigonal,Ferromagnetic,0.14,6.14,,,ab plane,6.137,,-39.06156,5.920818,Co7Mo6,ok
MMD-1422,NbCo3,2,P6_3mc,hexagonal,Ferromagnetic,0.57,14.51,,,ab plane,0.743,,-114.426182,63.887333,Co3Nb1,ok
MMD-1423,Y2Co17,2,P6_3/mmc,hexagonal,Ferromagnetic,1.24,51.82,,,c,0.312,,-94.004843,0.0,Co17Y2,ok
MMD-1424,Y8Co5,2,P2_1/c,monoclinic,Ferromagnetic,0.0,0.02,,,,,,-160.549215,0.0,Co5Y8,ok
MMD-1425,CoAs,2,Pnma,orthorhombic,Ferromagnetic,0.06,0.53,,,b,7.576,,-262.714837,0.0,As1Co1,ok
MMD-1426,CoSe,2,P4/nmm,tetragonal,Ferromagnetic,0.1,0.67,,,ab plane,19.887,,-260.592274,2.52035,Co1Se1,ok
MMD-1427,TiCo3,2,Pm-3m,cubic,Ferromagnetic,0.67,2.68,-0.001,-0.002,<111>,0.081,,-256.052709,0.0,Co3Ti1,ok
MMD-1428,Y3Co2,2,Pnnm,orthorhombic,Ferromagnetic,0.0,0.15,,,,,,-154.366701,10.621081,Co2Y3,ok
MMD-1429,Zr2Co,2,I4/mcm,tetragonal,Ferromagnetic,0.0,0.0,,,,,,-266.885511,0.0,Co1Zr2,ok
MMD-1430,Co23B6,2,Fm-3m,cubic,Ferromagnetic,1.19,115.59,,,,,,-157.060125,12.05174,B6Co23,ok
MMD-1431,NbCo2,2,Fd-3m,cubic,Ferromagnetic,0.15,3.97,,,,,,-168.473708,12.857837,Co2Nb1,ok
MMD-1432,Co2S3,2,I4_1/amd,tetragonal,Ferromagnetic,0.0,0.0,,,,,,-408.955455,19.78737,Co2S3,ok
MMD-1433,Co27Se32,2,P-1,triclinic,Ferromagnetic,0.1,7.5,,,,,,-214.933416,57.626997,Co27Se32,ok
MMD-1434,Co17Se20,2,P-1,triclinic,Ferromagnetic,0.09,8.57,,,,,,-212.646016,59.505844,Co17Se20,ok
MMD-1435,TiCo2,2,Fd-3m,cubic,Ferromagnetic,0.26,6.49,,,,,,-314.299986,3.172113,Co2Ti1,ok
MMD-1436,Nb6Co7,2,R-3m,trigonal,Ferromagnetic,0.11,5.08,,,,,,-185.97467,0.0,Co7Nb6,ok
MMD-1437,CoSi,2,P2_13,cubic,Ferromagnetic,0.0,0.0,,,,,,-610.495599,0.0,Co1Si1,ok
MMD-1438,YCo,2,Cmcm,orthorhombic,Ferromagnetic,0.1,1.36,,,b,5.107,,-183.963945,9.874524,Co1Y1,ok
MMD-1439,TiCo,2,Pm-3m,cubic,Ferromagnetic,0.38,0.86,-0.0,-0.002,<111>,0.147,,-394.15019,0.0,Co1Ti1,ok
MMD-1440,CoS2,2,Pbca,orthorhombic,Ferromagnetic,0.28,3.99,,,b,0.576,,-365.582744,2.061672,Co1S2,ok
MMD-1441,Co3Pt,2,P6_3/mmc,hexagonal,Ferromagnetic,1.35,11.33,,,ab plane,1.185,,-91.24644,0.0,Co3Pt1,ok
MMD-1442,YCo,2,R-3m,trigonal,Ferromagnetic,0.05,1.23,,,,,,-193.838469,0.0,Co1Y1,ok
MMD-1443,CoPt3,2,Pm-3m,cubic,Ferromagnetic,0.59,3.0,0.03,0.08,a,0.561,,-54.17538,0.0,Co1Pt3,ok
MMD-1444,ZrCo2,2,Fd-3m,cubic,Ferromagnetic,0.12,3.44,,,,,,-328.241759,0.0,Co2Zr1,ok
MMD-1445,Co3S4,2,Fd-3m,cubic,Ferromagnetic,0.0,0.08,,,,,,-452.595272,0.0,Co3S4,ok
MMD-1446,CoPt,2,P4/mmm,tetragonal,Ferromagnetic,0.98,2.29,,,c,2.417,,-80.375809,0.0,Co1Pt1,ok
MMD-1447,ZnCo3,2,Fm-3m,cubic,Ferromagnetic,1.15,18.19,-0.003,-0.002,<111>,0.047,,58.665823,83.590792,Co3Zn1,ok
MMD-1448,Zn3Co,2,I4/mmm,tetragonal,Ferromagnetic,0.2,1.77,,,ab plane,8.305,,-26.928503,47.846406,Co1Zn3,ok
MMD-1449,NbCo3,2,P6_3/mmc,hexagonal,Ferromagnetic,0.0,0.02,,,,,,-178.313515,0.0,Co3Nb1,ok
MMD-1450,Zn3Co,2,Pm-3m,cubic,Ferromagnetic,0.08,0.36,0.0,0.001,a,0.355,,-37.605168,37.169741,Co1Zn3,ok
MMD-1451,MnCo3,2,Pm-3m,cubic,Ferromagnetic,0.04,0.16,,,,,,34.801436,39.708491,Co3Mn1,ok
MMD-1452,CoS2,2,R-3m,trigonal,Ferromagnetic,0.03,0.54,,,,,,-262.31293,105.331486,Co1S2,ok
MMD-1453,CoS2,2,Fd-3m,cubic,Ferromagnetic,0.0,0.0,,,,,,-282.114561,85.529855,Co1S2,ok
MMD-1454,CoSe2,2,Fd-3m,cubic,Ferromagnetic,0.0,0.0,,,,,,-264.08387,29.839689,Co1Se2,ok
MMD-1455,NiN,2,Pm-3m,cubic,Ferromagnetic,0.0,0.0,,,,,,1135.099299,1100.646844,N1Ni1,ok
MMD-1456,NiN,2,Fm-3m,cubic,Ferromagnetic,0.0,0.0,,,,,,632.095294,597.642839,N1Ni1,ok
MMD-1457,YNi2,2,Fd-3m,cubic,Ferromagnetic,0.0,0.0,,,,,,-425.268654,4.162381,Ni2Y1,ok
MMD-1458,AlNi2,2,P-3m1,trigonal,Ferromagnetic,0.0,0.0,,,,,,-493.06787,26.618174,Al1Ni2,ok
MMD-1459,TiNi,2,P2_1/m,monoclinic,Ferromagnetic,0.0,0.0,,,,,,-404.509128,0.609977,Ni1Ti1,ok
MMD-1460,Ni3S4,2,Fd-3m,cubic,Ferromagnetic,0.0,0.0,,,,,,-383.585413,0.0,Ni3S4,ok
MMD-1461,Al3Ni2,2,P-3m1,trigonal,Ferromagnetic,0.0,0.0,,,,,,-614.334607,0.0,Al3Ni2,ok
MMD-1462,TiNi,2,Cmcm,orthorhombic,Ferromagnetic,0.0,0.0,,,,,,-405.119105,0.0,Ni1Ti1,ok
MMD-1463,TiNi,2,P4/nmm,tetragonal,Ferromagnetic,0.0,0.0,,,,,,-329.938497,75.180608,Ni1Ti1,ok
MMD-1464,NiSe2,2,Pnnm,orthorhombic,Ferromagnetic,0.0,0.0,,,,,,-238.979343,0.0,Ni1Se2,ok
MMD-1465,NbNi2,2,Fd-3m,cubic,Ferromagnetic,0.22,5.87,-0.005,-0.003,<111>,0.295,,-198.050811,84.385374,Nb1Ni2,ok
MMD-1466,Ni4N3,2,Pm-3m,cubic,Ferromagnetic,0.0,0.0,,,,,,422.980639,383.606405,N3Ni4,ok
MMD-1467,NiS2,2,I4/mmm,tetragonal,Ferromagnetic,0.0,0.01,,,,,,322.508243,620.852453,Ni1S2,ok
MMD-1468,Ni4N,2,Pm-3m,cubic,Ferromagnetic,0.35,1.56,-0.005,-0.015,<111>,0.41,,108.053435,66.710489,N1Ni4,ok
MMD-1469,SiNi,2,P2_13,cubic,Ferromagnetic,0.0,0.0,,,,,,-400.1318,92.67043,Ni1Si1,ok
MMD-1470,Ga5Ni,2,I4/mcm,tetragonal,Ferromagnetic,0.0,0.0,,,,,,-166.806761,5.702445,Ga5Ni1,ok
MMD-1471,NiGe,2,Pnma,orthorhombic,Ferromagnetic,0.0,0.0,,,,,,-298.489942,0.0,Ge1Ni1,ok
MMD-1472,Ni3Pt,2,I4/mmm,tetragonal,Ferromagnetic,0.59,4.85,,,c,1.003,,-65.125554,2.458516,Ni3Pt1,ok
MMD-1473,Ni11As8,2,C2/c,monoclinic,Ferromagnetic,0.0,0.0,,,,,,-282.10393,0.0,As8Ni11,ok
MMD-1474,NiP,2,Cmc2_1,orthorhombic,Ferromagnetic,0.0,0.0,,,,,,-415.840414,38.012956,Ni1P1,ok
MMD-1475,NiS2,2,Pnma,orthorhombic,Ferromagnetic,0.0,0.01,,,,,,-204.741476,93.602734,Ni1S2,ok
MMD-1476,NiB12,2,Fm-3m,cubic,Ferromagnetic,0.19,6.52,0.333,0.131,a,2.196,,259.037687,296.980811,B12Ni1,ok
MMD-1477,Nb6Ni7,2,R-3m,trigonal,Ferromagnetic,0.0,0.02,,,,,,-230.462487,8.007269,Nb6Ni7,ok
MMD-1478,Y3Ni,2,Pnma,orthorhombic,Ferromagnetic,0.0,0.03,,,,,,-242.541688,0.0,Ni1Y3,ok
MMD-1479,SiNi2,2,Pnma,orthorhombic,Ferromagnetic,0.0,0.0,,,,,,-543.749295,0.0,Ni2Si1,ok
MMD-1480,Ni3Se4,2,Fd-3m,cubic,Ferromagnetic,0.0,0.01,,,,,,-304.263899,0.0,Ni3Se4,ok
MMD-1481,Ga3Ni2,2,P-3m1,trigonal,Ferromagnetic,0.0,0.0,,,,,,-388.820763,0.0,Ga3Ni2,ok
MMD-1482,Ga3Ni5,2,Cmmm,orthorhombic,Ferromagnetic,0.0,0.0,,,,,,-350.867282,0.0,Ga3Ni5,ok
MMD-1483,MnNi,2,Pm-3m,cubic,Ferromagnetic,0.0,0.01,,,,,,464.208445,534.589919,Mn1Ni1,ok
MMD-1484,MnNi3,2,Pm-3m,cubic,Ferromagnetic,1.24,4.82,0.0,0.0,a,0.0,,-105.572211,0.0,Mn1Ni3,ok
MMD-1485,Ni3Mo,2,Pmmn,orthorhombic,Ferromagnetic,0.0,0.0,,,,,,-101.851216,0.0,Mo1Ni3,ok
MMD-1486,Ni4Mo,2,I4/m,tetragonal,Ferromagnetic,0.0,0.0,,,,,,-89.039578,0.0,Mo1Ni4,ok
MMD-1487,NbNi3,2,I4/mmm,tetragonal,Ferromagnetic,0.0,0.0,,,,,,-302.772727,8.241636,Nb1Ni3,ok
MMD-1488,ScNi,2,Pm-3m,cubic,Ferromagnetic,0.0,0.0,,,,,,-507.062398,0.0,Ni1Sc1,ok
MMD-1489,Zn11Ni2,2,I-43m,cubic,Ferromagnetic,0.0,0.0,,,,,,-152.400049,0.0,Ni2Zn11,ok
MMD-1490,NiS2,2,P2_1/c,monoclinic,Ferromagnetic,0.0,0.0,,,,,,-257.005573,41.338637,Ni1S2,ok
MMD-1491,AlNi3,2,P6_3/mmc,hexagonal,Ferromagnetic,0.14,1.05,,,ab plane,1.792,,-420.438613,12.017983,Al1Ni3,ok
MMD-1492,GaNi3,2,I4/mmm,tetragonal,Ferromagnetic,0.0,0.03,,,,,,-255.795536,17.653447,Ga1Ni3,ok
MMD-1493,CuNi3,2,I4/mmm,tetragonal,Ferromagnetic,0.42,3.17,,,ab plane,1.89,,35.864761,35.864761,Cu1Ni3,ok
MMD-1494,GaNi3,2,P6_3/mmc,hexagonal,Ferromagnetic,0.14,1.13,,,ab plane,1.588,,-267.829216,5.619767,Ga1Ni3,ok
MMD-1495,CuNi,2,P-6m2,hexagonal,Ferromagnetic,0.0,0.0,,,,,,33.104199,33.104199,Cu1Ni1,ok
MMD-1496,NiPt3,2,Pm-3m,cubic,Ferromagnetic,0.24,1.18,-0.002,-0.005,<111>,0.406,,-59.355819,0.0,Ni1Pt3,ok
MMD-1497,NiGe3,2,Pm-3m,cubic,Ferromagnetic,0.0,0.0,,,,,,283.686481,432.931452,Ge3Ni1,ok
MMD-1498,Ni3Se,2,P6_3/mmc,hexagonal,Ferromagnetic,0.21,1.74,,,c,2.967,,128.772106,285.498159,Ni3Se1,ok
MMD-1499,ScNi3,2,Pm-3m,cubic,Ferromagnetic,0.11,0.47,0.001,0.002,a,0.4,,-400.814636,20.849152,Ni3Sc1,ok
MMD-1500,ScNi3,2,P6_3/mmc,hexagonal,Ferromagnetic,0.09,0.79,,,ab plane,1.906,,-387.468584,34.195204,Ni3Sc1,ok
MMD-1501,Ti3Ni,2,P6_3/mmc,hexagonal,Ferromagnetic,0.0,0.0,,,,,,-83.522297,132.948899,Ni1Ti3,ok
MMD-1502,Zn3Ni,2,P6_3/mmc,hexagonal,Ferromagnetic,0.0,0.0,,,,,,-161.070042,18.044567,Ni1Zn3,ok
MMD-1503,Zr2Ni7,2,C2/m,monoclinic,Ferromagnetic,0.0,0.0,,,,,,-435.404388,2.993481,Ni7Zr2,ok
MMD-1504,Zr3Ni,2,P6_3/mmc,hexagonal,Ferromagnetic,0.0,0.0,,,,,,13.629187,265.600186,Ni1Zr3,ok
MMD-1505,TiNi,2,I4/mmm,tetragonal,Ferromagnetic,0.08,3.06,,,,,,-368.754369,36.364736,Ni1Ti1,ok
MMD-1506,NbNi2,2,P6_3/mmc,hexagonal,Ferromagnetic,0.0,0.06,,,,,,-203.548749,78.887435,Nb1Ni2,ok
MMD-1507,Zr6Ni23,2,Fm-3m,cubic,Ferromagnetic,0.01,1.3,,,,,,-364.036326,44.127207,Ni23Zr6,ok
MMD-1508,NiP,2,Cmc2_1,orthorhombic,Ferromagnetic,0.0,0.01,,,,,,-432.311549,21.541822,Ni1P1,ok
MMD-1509,Y2Ni17,2,P6_3/mmc,hexagonal,Ferromagnetic,0.35,14.1,,,c,1.696,,-192.056507,11.4278,Ni17Y2,ok
MMD-1510,Sc2Ni7,2,P6_3/mmc,hexagonal,Ferromagnetic,0.1,4.08,,,c,1.92,,-387.42058,0.0,Ni7Sc2,ok
MMD-1511,NiP,2,Pnma,orthorhombic,Ferromagnetic,0.0,0.0,,,,,,-428.135522,25.717848,Ni1P1,ok
MMD-1512,Ni5Ge2,2,P6_3cm,hexagonal,Ferromagnetic,0.0,0.0,,,,,,-264.824348,19.058778,Ge2Ni5,ok
MMD-1513,Y15Ni32,2,F-43m,cubic,Ferromagnetic,0.0,0.07,,,,,,-428.663936,0.0,Ni32Y15,ok
MMD-1514,Y2Ni7,2,P6_3/mmc,hexagonal,Ferromagnetic,0.11,4.67,,,c,1.846,,-378.456552,1.337332,Ni7Y2,ok
MMD-1515,Zn22Ni3,2,C2/m,monoclinic,Ferromagnetic,0.0,0.0,,,,,,-123.743243,0.0,Ni3Zn22,ok
MMD-1516,Y4Ni,2,Fd-3m,cubic,Ferromagnetic,0.03,3.22,,,,,,241.585449,435.618799,Ni1Y4,ok
MMD-1517,Si9Ni25,2,P-3,trigonal,Ferromagnetic,0.0,0.0,,,,,,-458.738403,10.768354,Ni25Si9,ok
MMD-1518,ZnNi4,2,R-3m,trigonal,Ferromagnetic,0.38,5.43,,,ab plane,2.251,,-32.951736,66.47725,Ni4Zn1,ok
MMD-1519,TiNi,2,P6mm,hexagonal,Ferromagnetic,0.0,0.0,,,,,,-101.107041,304.012064,Ni1Ti1,ok
MMD-1520,SiNi3,2,R-3m,trigonal,Ferromagnetic,0.09,1.05,,,ab plane,6.45,,-159.662067,294.637137,Ni3Si1,ok
MMD-1521,Ni7Ge4,2,P-6m2,hexagonal,Ferromagnetic,0.0,0.0,,,,,,-251.461722,45.677926,Ge4Ni7,ok
MMD-1522,NiPt,2,R-3m,trigonal,Ferromagnetic,0.44,3.07,,,c,4.673,,-44.003487,46.718912,Ni1Pt1,ok
MMD-1523,Ni4Ge,2,R-3m,trigonal,Ferromagnetic,0.32,4.87,,,ab plane,0.519,,82.672546,304.918322,Ge1Ni4,ok
MMD-1524,Ni3S2,2,R3m,trigonal,Ferromagnetic,0.0,0.0,,,,,,-187.737784,174.070056,Ni3S2,ok
MMD-1525,NbNi,2,R-3m,trigonal,Ferromagnetic,0.01,1.15,,,,,,-225.279827,0.0,Nb1Ni1,ok
MMD-1526,MnNi,2,R-3m,trigonal,Ferromagnetic,0.54,3.02,,,ab plane,1.246,,109.394352,179.775826,Mn1Ni1,ok
MMD-1527,MnNi,2,Cmmm,orthorhombic,Ferromagnetic,1.97,8.26,,,a,0.449,,63.912152,134.293626,Mn1Ni1,ok
MMD-1528,GaNi2,2,P-3m1,trigonal,Ferromagnetic,0.0,0.0,,,,,,-84.805949,240.255233,Ga1Ni2,ok
MMD-1529,Ga21Ni5,2,Fmm2,orthorhombic,Ferromagnetic,0.0,0.0,,,,,,2.821271,201.870355,Ga21Ni5,ok
MMD-1530,CuNi,2,R-3m,trigonal,Ferromagnetic,0.0,0.0,,,,,,20.388017,20.388017,Cu1Ni1,ok
MMD-1531,CuNi3,2,Cmmm,orthorhombic,Ferromagnetic,0.38,2.85,,,b,1.202,,96.396793,96.396793,Cu1Ni3,ok
MMD-1532,CuNi,2,Cmmm,orthorhombic,Ferromagnetic,0.01,0.04,,,,,,70.945358,70.945358,Cu1Ni1,ok
MMD-1533,Cu3Ni,2,Cmmm,orthorhombic,Ferromagnetic,0.0,0.0,,,,,,55.335011,55.335011,Cu3Ni1,ok
MMD-1534,Al4Ni15,2,P4/mmm,tetragonal,Ferromagnetic,0.26,4.93,,,c,0.469,,-273.68142,90.492556,Al4Ni15,ok
MMD-1535,AlNi,2,C2/m,monoclinic,Ferromagnetic,0.0,0.0,,,,,,-409.975558,244.900389,Al1Ni1,ok
MMD-1536,Al2Ni3,2,P4/mmm,tetragonal,Ferromagnetic,0.01,0.09,,,,,,-507.073786,74.542018,Al2Ni3,ok
MMD-1537,Ni3Pt,2,Pm-3m,cubic,Ferromagnetic,0.59,2.47,-0.001,-0.003,<111>,0.114,,-67.58407,0.0,Ni3Pt1,ok
MMD-1538,NiN,2,F-43m,cubic,Ferromagnetic,0.0,0.0,,,,,,439.689148,405.236693,N1Ni1,ok
MMD-1539,YNi,2,Pnma,orthorhombic,Ferromagnetic,0.0,0.0,,,,,,-438.444448,0.0,Ni1Y1,ok
MMD-1540,NiB,2,Cmcm,orthorhombic,Ferromagnetic,0.0,0.0,,,,,,-243.656414,2.973893,B1Ni1,ok
MMD-1541,TiNi3,2,P6_3/mmc,hexagonal,Ferromagnetic,0.0,0.0,,,,,,-481.632936,0.0,Ni3Ti1,ok
MMD-1542,Ni5Ge3,2,C2/c,monoclinic,Ferromagnetic,0.0,0.0,,,,,,-299.072891,0.0,Ge3Ni5,ok
MMD-1543,NbNi3,2,Pmmn,orthorhombic,Ferromagnetic,0.0,0.0,,,,,,-311.014363,0.0,Nb1Ni3,ok
MMD-1544,ZnNi,2,Pm-3m,cubic,Ferromagnetic,0.0,0.0,,,,,,-234.374305,14.19816,Ni1Zn1,ok
MMD-1545,AlNi,2,Pm-3m,cubic,Ferromagnetic,0.0,0.0,,,,,,-654.875947,0.0,Al1Ni1,ok
MMD-1546,NiS,2,R3m,trigonal,Ferromagnetic,0.0,0.0,,,,,,-362.959578,15.964596,Ni1S1,ok
MMD-1547,NiSe,2,R3m,trigonal,Ferromagnetic,0.0,0.0,,,,,,-278.084922,0.0,Ni1Se1,ok
MMD-1548,Ni2Ge,2,P6_3/mmc,hexagonal,Ferromagnetic,0.0,0.0,,,,,,-259.514147,32.470187,Ge1Ni2,ok
MMD-1549,Al3Ni5,2,Cmmm,orthorhombic,Ferromagnetic,0.0,0.0,,,,,,-563.300768,0.0,Al3Ni5,ok
MMD-1550,Al4Ni3,2,Ia-3d,cubic,Ferromagnetic,0.0,0.0,,,,,,-628.718041,0.0,Al4Ni3,ok
MMD-1551,Ga7Ni3,2,Im-3m,cubic,Ferromagnetic,0.0,0.0,,,,,,-310.516571,0.0,Ga7Ni3,ok
MMD-1552,Ni2Ge,2,Pnma,orthorhombic,Ferromagnetic,0.0,0.0,,,,,,-287.723536,4.260798,Ge1Ni2,ok
MMD-1553,MnNi,2,P4/mmm,tetragonal,Ferromagnetic,0.0,0.0,,,,,,455.163647,525.545121,Mn1Ni1,ok
MMD-1554,Ti2Ni,2,Fd-3m,cubic,Ferromagnetic,0.0,0.01,,,,,,-288.628261,0.0,Ni1Ti2,ok
MMD-1555,Ni5P4,2,P6_3mc,hexagonal,Ferromagnetic,0.0,0.0,,,,,,-475.823947,0.0,Ni5P4,ok
MMD-1556,GaNi,2,Pm-3m,cubic,Ferromagnetic,0.0,0.0,,,,,,-334.911976,42.851326,Ga1Ni1,ok
MMD-1557,NiAs2,2,Pnnm,orthorhombic,Ferromagnetic,0.0,0.0,,,,,,-246.850362,0.0,As2Ni1,ok
MMD-1558,Ni3N,2,P6_322,hexagonal,Ferromagnetic,0.0,0.0,,,,,,51.678683,0.0,N1Ni3,ok
MMD-1559,Ni3Se2,2,R32,trigonal,Ferromagnetic,0.0,0.0,,,,,,-250.761686,0.0,Ni3Se2,ok
MMD-1560,Ni3B,2,Pnma,orthorhombic,Ferromagnetic,0.0,0.0,,,,,,-259.334401,0.0,B1Ni3,ok
MMD-1561,Ni4N,2,Pm-3m,cubic,Ferromagnetic,0.77,5.03,0.003,0.007,a,0.121,,2073.306731,2031.963784,N1Ni4,ok
MMD-1562,NiSe2,2,Pa-3,cubic,Ferromagnetic,0.0,0.0,,,,,,-231.143537,7.835806,Ni1Se2,ok
MMD-1563,Ni23B6,2,Fm-3m,cubic,Ferromagnetic,0.1,9.94,,,,,,-189.489914,25.131659,B6Ni23,ok
MMD-1564,Ni3Ge,2,Pm-3m,cubic,Ferromagnetic,0.0,0.0,,,,,,-277.80722,0.0,Ge1Ni3,ok
MMD-1565,Ni2P,2,P-62m,hexagonal,Ferromagnetic,0.0,0.0,,,,,,-469.371351,0.321257,Ni2P1,ok
MMD-1566,YNi5,2,P6/mmm,hexagonal,Ferromagnetic,0.21,1.48,,,c,2.653,,-322.183486,0.0,Ni5Y1,ok
MMD-1567,Ga9Ni13,2,C2/m,monoclinic,Ferromagnetic,0.0,0.0,,,,,,-367.711064,0.0,Ga9Ni13,ok
MMD-1568,NiAs2,2,Pa-3,cubic,Ferromagnetic,0.0,0.0,,,,,,-234.113499,12.736863,As2Ni1,ok
MMD-1569,ZrNi2,2,Fd-3m,cubic,Ferromagnetic,0.0,0.01,,,,,,-429.376697,45.249849,Ni2Zr1,ok
MMD-1570,NiP2,2,Pa-3,cubic,Ferromagnetic,0.0,0.0,,,,,,-387.941641,0.0,Ni1P2,ok
MMD-1571,NiS2,2,Pa-3,cubic,Ferromagnetic,0.0,0.0,,,,,,-245.302347,53.041863,Ni1S2,ok
MMD-1572,Si2Ni,2,Fm-3m,cubic,Ferromagnetic,0.0,0.0,,,,,,-359.664083,0.0,Ni1Si2,ok
MMD-1573,Ni3P,2,I-4,tetragonal,Ferromagnetic,0.0,0.0,,,,,,-431.743884,0.0,Ni3P1,ok
MMD-1574,NiP3,2,Im-3,cubic,Ferromagnetic,0.0,0.01,,,,,,-311.66983,0.0,Ni1P3,ok
MMD-1575,NiAs,2,P6_3/mmc,hexagonal,Ferromagnetic,0.0,0.0,,,,,,79.973987,350.131602,As1Ni1,ok
MMD-1576,ZrNi5,2,F-43m,cubic,Ferromagnetic,0.07,1.75,,,,,,-328.110396,0.688006,Ni5Zr1,ok
MMD-1577,Ni2B,2,I4/mcm,tetragonal,Ferromagnetic,0.0,0.0,,,,,,-290.32628,0.0,B1Ni2,ok
MMD-1578,AlNi3,2,Pm-3m,cubic,Ferromagnetic,0.19,0.72,0.001,0.004,a,0.409,,-432.456596,0.0,Al1Ni3,ok
MMD-1579,TiNi,2,P-3,trigonal,Ferromagnetic,0.03,0.6,,,,,,-378.337502,26.781603,Ni1Ti1,ok
MMD-1580,Zr2Ni7,2,C2/m,monoclinic,Ferromagnetic,0.0,0.0,,,,,,-438.397869,0.0,Ni7Zr2,ok
MMD-1581,Si12Ni31,2,P321,trigonal,Ferromagnetic,0.0,0.0,,,,,,-484.360645,0.0,Ni31Si12,ok
MMD-1582,NiP,2,Pbca,orthorhombic,Ferromagnetic,0.0,0.0,,,,,,-437.088609,16.764762,Ni1P1,ok
MMD-1583,Ni12P5,2,I4/m,tetragonal,Ferromagnetic,0.0,0.0,,,,,,-467.528606,0.0,Ni12P5,ok
MMD-1584,Ni17S18,2,R-3m,trigonal,Ferromagnetic,0.0,0.01,,,,,,-285.915506,93.940916,Ni17S18,ok
MMD-1585,Ni11As8,2,P4_12_12,tetragonal,Ferromagnetic,0.0,0.0,,,,,,-281.197893,0.0,As8Ni11,ok
MMD-1586,Si2Ni3,2,Cmcm,orthorhombic,Ferromagnetic,0.0,0.0,,,,,,-520.193638,3.176831,Ni3Si2,ok
MMD-1587,NiGe2,2,Cmce,orthorhombic,Ferromagnetic,0.0,0.0,,,,,,-160.479226,38.514069,Ge2Ni1,ok
MMD-1588,Ni19Ge12,2,C2,monoclinic,Ferromagnetic,0.0,0.0,,,,,,-298.275869,0.740607,Ge12Ni19,ok
MMD-1589,Zr8Ni21,2,P-1,triclinic,Ferromagnetic,0.0,0.0,,,,,,-450.474222,23.323724,Ni21Zr8,ok
MMD-1590,Ga4Ni3,2,Ia-3d,cubic,Ferromagnetic,0.0,0.0,,,,,,-372.62836,13.033129,Ga4Ni3,ok
MMD-1591,Zr9Ni11,2,I4/m,tetragonal,Ferromagnetic,0.0,0.0,,,,,,-400.126164,76.182437,Ni11Zr9,ok
MMD-1592,Zr2Ni,2,I4/mcm,tetragonal,Ferromagnetic,0.0,0.01,,,,,,-335.961332,0.0,Ni1Zr2,ok
MMD-1593,SiNi,2,Pnma,orthorhombic,Ferromagnetic,0.0,0.0,,,,,,-492.80223,0.0,Ni1Si1,ok
MMD-1594,Ni3S2,2,R32,trigonal,Ferromagnetic,0.0,0.0,,,,,,-361.80784,0.0,Ni3S2,ok
MMD-1595,ZnNi,2,P4/mmm,tetragonal,Ferromagnetic,0.0,0.0,,,,,,-248.572465,0.0,Ni1Zn1,ok
MMD-1596,ZrNi3,2,P6_3/mmc,hexagonal,Ferromagnetic,0.0,0.0,,,,,,-473.425077,0.0,Ni3Zr1,ok
MMD-1597,NiP2,2,C2/c,monoclinic,Ferromagnetic,0.0,0.0,,,,,,-363.794619,24.147022,Ni1P2,ok
MMD-1598,NiAs2,2,Pbca,orthorhombic,Ferromagnetic,0.0,0.0,,,,,,-247.047695,0.0,As2Ni1,ok
MMD-1599,SiNi2,2,P6_3/mmc,hexagonal,Ferromagnetic,0.0,0.0,,,,,,-495.359024,48.390271,Ni2Si1,ok
MMD-1600,ZrNi,2,Cmcm,orthorhombic,Ferromagnetic,0.0,0.0,,,,,,-477.029482,0.0,Ni1Zr1,ok
MMD-1601,Ti3Ni4,2,R-3,trigonal,Ferromagnetic,0.0,0.0,,,,,,-417.392539,9.587661,Ni4Ti3,ok
MMD-1602,ZnNi,2,F-43m,cubic,Ferromagnetic,0.0,0.0,,,,,,851.680459,1100.252924,Ni1Zn1,ok
MMD-1603,Ni6Se5,2,Pca2_1,orthorhombic,Ferromagnetic,0.0,0.03,,,,,,-249.603336,16.061933,Ni6Se5,ok
MMD-1604,YNi3,2,R-3m,trigonal,Ferromagnetic,0.05,2.4,,,,,,-400.574728,0.0,Ni3Y1,ok
MMD-1605,Ni4B3,2,C2/c,monoclinic,Ferromagnetic,0.0,0.0,,,,,,-278.765788,3.09742,B3Ni4,ok
MMD-1606,ScNi5,2,P6/mmm,hexagonal,Ferromagnetic,0.21,1.37,,,c,2.758,,-281.216463,9.348972,Ni5Sc1,ok
MMD-1607,GaNi2,2,P6_3/mmc,hexagonal,Ferromagnetic,0.0,0.0,,,,,,-301.271321,23.789861,Ga1Ni2,ok
MMD-1608,TiNi,2,Pm-3m,cubic,Ferromagnetic,0.0,0.0,,,,,,-360.901465,44.21764,Ni1Ti1,ok
MMD-1609,NiSe,2,P4/nmm,tetragonal,Ferromagnetic,0.05,0.29,,,,,,-224.375091,53.709831,Ni1Se1,ok
MMD-1610,Ni3Se4,2,C2/m,monoclinic,Ferromagnetic,0.0,0.0,,,,,,-274.31881,29.945089,Ni3Se4,ok
MMD-1611,Y2Ni7,2,R-3m,trigonal,Ferromagnetic,0.11,7.06,,,,,,-379.793884,0.0,Ni7Y2,ok
MMD-1612,Y3Ni2,2,P4_12_12,tetragonal,Ferromagnetic,0.0,0.04,,,,,,-361.377629,0.0,Ni2Y3,ok
MMD-1613,NiAs,2,P6_3/mmc,hexagonal,Ferromagnetic,0.0,0.0,,,,,,-263.401635,6.75598,As1Ni1,ok
MMD-1614,NiS,2,P6_3/mmc,hexagonal,Ferromagnetic,0.0,0.0,,,,,,-270.289289,108.634886,Ni1S1,ok
MMD-1615,TiNi,2,P31m,trigonal,Ferromagnetic,0.07,1.49,,,,,,-381.811045,23.30806,Ni1Ti1,ok
MMD-1616,TiNi,2,Pmma,orthorhombic,Ferromagnetic,0.0,0.0,,,,,,-385.507101,19.612004,Ni1Ti1,ok
MMD-1617,Al3Ni,2,Pnma,orthorhombic,Ferromagnetic,0.0,0.0,,,,,,-406.921265,0.0,Al3Ni1,ok
MMD-1618,Zr7Ni10,2,Cmce,orthorhombic,Ferromagnetic,0.0,0.06,,,,,,-468.680742,7.076597,Ni10Zr7,ok
MMD-1619,Ni4B3,2,Pnma,orthorhombic,Ferromagnetic,0.0,0.0,,,,,,-281.863208,0.0,B3Ni4,ok
MMD-1620,TiNi,2,P-1,triclinic,Ferromagnetic,0.0,0.04,,,,,,-385.565277,19.553828,Ni1Ti1,ok
MMD-1621,NiSe,2,P6_3/mmc,hexagonal,Ferromagnetic,0.0,0.0,,,,,,-225.077791,53.007131,Ni1Se1,ok
MMD-1622,Nb5Ni,2,Fd-3m,cubic,Ferromagnetic,0.0,0.12,,,,,,127.418612,202.511888,Nb5Ni1,ok
MMD-1623,AlNi3,2,Fm-3m,cubic,Ferromagnetic,0.0,0.0,,,,,,-370.147159,62.309437,Al1Ni3,ok
MMD-1624,Zr7Ni10,2,Pbca,orthorhombic,Ferromagnetic,0.0,0.02,,,,,,-466.755103,9.002236,Ni10Zr7,ok
MMD-1625,Ni19Se20,2,P-1,triclinic,Ferromagnetic,0.0,0.0,,,,,,-236.280555,46.503158,Ni19Se20,ok
MMD-1626,Ni3C,2,R-3c,trigonal,Ferromagnetic,0.0,0.0,,,,,,34.418232,34.418232,C1Ni3,ok
MMD-1627,Ni9S10,2,P-1,triclinic,Ferromagnetic,0.0,0.0,,,,,,-288.128822,92.512651,Ni9S10,ok
MMD-1628,NiP4,2,P2_1/c,monoclinic,Ferromagnetic,0.0,0.0,,,,,,-171.21236,78.123504,Ni1P4,ok
MMD-1629,NiP4,2,C2/c,monoclinic,Ferromagnetic,0.0,0.01,,,,,,-164.281046,85.054818,Ni1P4,ok
MMD-1630,Ni2Mo,2,Immm,orthorhombic,Ferromagnetic,0.0,0.0,,,,,,-88.341515,2.192899,Mo1Ni2,ok
MMD-1631,GaNi3,2,Pm-3m,cubic,Ferromagnetic,0.2,0.79,0.001,0.004,a,0.353,,-273.448983,0.0,Ga1Ni3,ok
MMD-1632,SiNi3,2,Pm-3m,cubic,Ferromagnetic,0.0,0.0,,,,,,-454.299204,0.0,Ni3Si1,ok
MMD-1633,NiS2,2,Fm-3m,cubic,Ferromagnetic,0.16,2.51,0.005,0.004,a,0.488,,197.10361,495.44782,Ni1S2,ok
MMD-1634,NiS2,2,Pnnm,orthorhombic,Ferromagnetic,0.0,0.0,,,,,,-242.89068,55.45353,Ni1S2,ok
MMD-1635,NiS2,2,P6/mmm,hexagonal,Ferromagnetic,0.0,0.0,,,,,,846.939246,1145.283457,Ni1S2,ok
MMD-1636,Ni2S,2,I4/mmm,tetragonal,Ferromagnetic,0.0,0.0,,,,,,80.517773,382.024306,Ni2S1,ok
MMD-1637,NiS2,2,P6_3/mmc,hexagonal,Ferromagnetic,0.0,0.0,,,,,,-63.350996,234.993214,Ni1S2,ok
MMD-1638,NiS2,2,P4/nmm,tetragonal,Ferromagnetic,0.0,0.0,,,,,,95.314164,393.658375,Ni1S2,ok
MMD-1639,ScNi2,2,Fd-3m,cubic,Ferromagnetic,0.0,0.0,,,,,,-524.393412,0.0,Ni2Sc1,ok
MMD-1640,NiS2,2,Pbcn,orthorhombic,Ferromagnetic,0.0,0.0,,,,,,-169.077887,129.266324,Ni1S2,ok
MMD-1641,Ni3S2,2,Cmcm,orthorhombic,Ferromagnetic,0.0,0.0,,,,,,-229.450423,132.357417,Ni3S2,ok
MMD-1642,NiS2,2,P2_1/c,monoclinic,Ferromagnetic,0.0,0.0,,,,,,-239.061945,59.282265,Ni1S2,ok
MMD-1643,Sc2Ni,2,Fd-3m,cubic,Ferromagnetic,0.0,0.02,,,,,,-358.524005,0.0,Ni1Sc2,ok
MMD-1644,Ni5As2,2,P6_3cm,hexagonal,Ferromagnetic,0.0,0.0,,,,,,-202.833963,0.0,As2Ni5,ok
MMD-1645,NiPt,2,P4/mmm,tetragonal,Ferromagnetic,0.48,1.11,,,c,6.153,,-90.722399,0.0,Ni1Pt1,ok
MMD-1646,ZnNi3,2,Pm-3m,cubic,Ferromagnetic,0.33,1.29,0.0,0.001,a,0.109,,-109.312139,14.974093,Ni3Zn1,ok
MMD-1647,ZnNi3,2,I4/mmm,tetragonal,Ferromagnetic,0.3,2.37,,,c,2.216,,-113.355856,10.930377,Ni3Zn1,ok
MMD-1648,Zn3Ni,2,I4/mmm,tetragonal,Ferromagnetic,0.0,0.0,,,,,,-163.007562,16.107047,Ni1Zn3,ok
MMD-1649,NiN,2,P6_3mc,hexagonal,Ferromagnetic,0.0,0.0,,,,,,460.973973,426.521518,N1Ni1,ok
MMD-1650,NiGe3,2,I4/mmm,tetragonal,Ferromagnetic,0.0,0.0,,,,,,265.31297,414.557941,Ge3Ni1,ok
MMD-1651,Ni3S,2,I4/mmm,tetragonal,Ferromagnetic,0.27,2.07,,,ab plane,2.957,,160.949096,387.078996,Ni3S1,ok
MMD-1652,Ni3S,2,P6_3/mmc,hexagonal,Ferromagnetic,0.37,2.85,,,c,2.377,,152.074795,378.204695,Ni3S1,ok
MMD-1653,Ni9S8,2,C222,orthorhombic,Ferromagnetic,0.0,0.03,,,,,,-377.004841,0.0,Ni9S8,ok
MMD-1654,Ni3As,2,P6_3/mmc,hexagonal,Ferromagnetic,0.0,0.0,,,,,,-100.89503,76.584688,As1Ni3,ok
MMD-1655,Ti3Ni,2,Pm-3m,cubic,Ferromagnetic,0.0,0.0,,,,,,-89.320264,127.150932,Ni1Ti3,ok
MMD-1656,TiNi,2,P4/mmm,tetragonal,Ferromagnetic,0.0,0.01,,,,,,-336.94931,68.169795,Ni1Ti1,ok
MMD-1657,NbNi3,2,Pm-3m,cubic,Ferromagnetic,0.1,0.43,-0.002,-0.006,<111>,1.249,,-156.625162,154.389201,Nb1Ni3,ok
MMD-1658,SiNi,2,Pmmn,orthorhombic,Ferromagnetic,0.0,0.0,,,,,,-453.252398,39.549832,Ni1Si1,ok
MMD-1659,NbNi3,2,Fm-3m,cubic,Ferromagnetic,0.0,0.01,,,,,,-140.883154,170.131209,Nb1Ni3,ok
MMD-1660,Nb3Ni,2,I4/mmm,tetragonal,Ferromagnetic,0.0,0.0,,,,,,84.956219,197.596132,Nb3Ni1,ok
MMD-1661,Nb3Ni,2,Fm-3m,cubic,Ferromagnetic,0.0,0.0,,,,,,19.647269,132.287182,Nb3Ni1,ok
MMD-1662,Nb3Ni,2,Pm-3m,cubic,Ferromagnetic,0.0,0.0,,,,,,91.151642,203.791556,Nb3Ni1,ok
MMD-1663,NiS2,2,Fd-3m,cubic,Ferromagnetic,0.0,0.0,,,,,,-228.992406,69.351804,Ni1S2,ok
MMD-1664,NiS2,2,R-3m,trigonal,Ferromagnetic,0.0,0.0,,,,,,-236.568013,61.776197,Ni1S2,ok
MMD-1665,ZrB6,2,Pm-3m,cubic,Ferromagnetic,0.0,0.0,,,,,,-25.729312,411.258392,B6Zr1,ok
MMD-1666,ZrN2,2,P-3m1,trigonal,Ferromagnetic,0.0,0.0,,,,,,72.302799,1275.411523,N2Zr1,ok
MMD-1667,ZrN,2,Pm-3m,cubic,Ferromagnetic,0.0,0.0,,,,,,-844.592195,901.408085,N1Zr1,ok
MMD-1668,ZrC,2,Pm-3m,cubic,Ferromagnetic,0.0,0.0,,,,,,307.042621,1226.769726,C1Zr1,ok
MMD-1669,ZrN,2,F-43m,cubic,Ferromagnetic,0.0,0.0,,,,,,-1413.466564,332.533716,N1Zr1,ok
MMD-1670,ZrC,2,F-43m,cubic,Ferromagnetic,0.0,0.0,,,,,,-302.360151,617.366954,C1Zr1,ok
MMD-1671,ZrB,2,P-6m2,hexagonal,Ferromagnetic,0.0,0.0,,,,,,-430.502948,334.225534,B1Zr1,ok
MMD-1672,ZrN,2,P-3m1,trigonal,Ferromagnetic,0.0,0.0,,,,,,-1692.575441,53.424839,N1Zr1,ok
MMD-1673,ZrB,2,P6_3/mmc,hexagonal,Ferromagnetic,0.0,0.0,,,,,,-430.43179,334.296692,B1Zr1,ok
MMD-1674,Zr2N,2,P4_2/mnm,tetragonal,Ferromagnetic,0.0,0.0,,,,,,-1252.74002,0.0,N1Zr2,ok
MMD-1675,ZrC,2,P6_3/mmc,hexagonal,Ferromagnetic,0.0,0.0,,,,,,-751.098111,168.628994,C1Zr1,ok
MMD-1676,ZrN,2,P6_3/mmc,hexagonal,Ferromagnetic,0.0,0.0,,,,,,-1392.398392,353.601888,N1Zr1,ok
MMD-1677,ZrN2,2,I4/mmm,tetragonal,Ferromagnetic,0.0,0.0,,,,,,-290.60918,912.499544,N2Zr1,ok
MMD-1678,ZrB12,2,Fm-3m,cubic,Ferromagnetic,0.0,0.0,,,,,,-220.981584,14.319487,B12Zr1,ok
MMD-1679,ZrN,2,P6_3/mmc,hexagonal,Ferromagnetic,0.0,0.0,,,,,,-1695.216852,50.783428,N1Zr1,ok
MMD-1680,Zr3N4,2,I-43d,cubic,Ferromagnetic,0.0,0.0,,,,,,-1496.437827,50.416247,N4Zr3,ok
MMD-1681,ZrN2,2,Pmmn,orthorhombic,Ferromagnetic,0.0,0.0,,,,,,-787.301064,415.80766,N2Zr1,ok
MMD-1682,Zr3N,2,Pm-3m,cubic,Ferromagnetic,0.0,0.0,,,,,,639.330823,1578.885838,N1Zr3,ok
MMD-1683,Zr3C,2,P6_3/mmc,hexagonal,Ferromagnetic,0.0,0.0,,,,,,677.839256,1158.284149,C1Zr3,ok
MMD-1684,ZrN,2,P6_3mc,hexagonal,Ferromagnetic,0.0,0.0,,,,,,-1288.052401,457.947879,N1Zr1,ok
MMD-1685,ZrN,2,Fm-3m,cubic,Ferromagnetic,0.0,0.0,,,,,,-1746.00028,0.0,N1Zr1,ok
MMD-1686,ZrB2,2,P6/mmm,hexagonal,Ferromagnetic,0.0,0.0,,,,,,-1019.637976,0.0,B2Zr1,ok
MMD-1687,Zr3N4,2,Pnma,orthorhombic,Ferromagnetic,0.0,0.0,,,,,,-1546.854074,0.0,N4Zr3,ok
MMD-1688,ZrC,2,Fm-3m,cubic,Ferromagnetic,0.0,0.0,,,,,,-919.727105,0.0,C1Zr1,ok
MMD-1689,ZrB,2,Fm-3m,cubic,Ferromagnetic,0.0,0.0,,,,,,-396.504396,368.224086,B1Zr1,ok
MMD-1690,Zr10C9,2,C2/c,monoclinic,Ferromagnetic,0.0,0.0,,,,,,-910.316638,0.0,C9Zr10,ok
MMD-1691,Zr3N4,2,R-3m,trigonal,Ferromagnetic,0.0,0.0,,,,,,-1498.733885,48.120189,N4Zr3,ok
MMD-1692,Zr3N4,2,Fd-3m,cubic,Ferromagnetic,0.0,0.0,,,,,,-1510.131044,36.72303,N4Zr3,ok
MMD-1693,Zr3N2,2,R-3c,trigonal,Ferromagnetic,0.0,0.0,,,,,,-1431.455711,18.588413,N2Zr3,ok
MMD-1694,Nb4CoSi,3,P4/mcc,tetragonal,Ferromagnetic,0.0,0.0,,,,,,-368.739947,,Co1Nb4Si1,ok
MMD-1695,Al(CoSi)2,3,P-3m1,trigonal,Ferromagnetic,0.0,0.0,,,,,,-533.753706,,Al1Co2Si2,ok
MMD-1696,AlCo3C,3,Pm-3m,cubic,Ferromagnetic,0.0,0.0,,,,,,-257.15939,,C1Al1Co3,ok
MMD-1697,Co2B4Mo,3,Immm,orthorhombic,Ferromagnetic,0.0,0.0,,,,,,-415.006828,,B4Co2Mo1,ok
MMD-1698,VCoB3,3,Cmcm,orthorhombic,Ferromagnetic,0.0,0.0,,,,,,-622.939396,0.0,B3Co1V1,ok
MMD-1699,ZrCo3B2,3,P6/mmm,hexagonal,Ferromagnetic,0.0,0.01,,,,,,-581.619646,,B2Co3Zr1,ok
MMD-1700,Zr9CoMo4,3,P6_3/mmc,hexagonal,Ferromagnetic,0.0,0.01,,,,,,-129.109755,0.0,Co1Mo4Zr9,ok
MMD-1701,CrCo2Si,3,Fm-3m,cubic,Ferromagnetic,1.04,16.0,,,,,,-321.949281,,Co2Cr1Si1,ok
MMD-1702,CrCo2As,3,Fm-3m,cubic,Ferromagnetic,1.2,19.94,,,,,,33.096166,,As1Co2Cr1,ok
MMD-1703,Co2MoS4,3,I-4,tetragonal,Ferromagnetic,0.03,0.77,,,,,,-308.289894,,Co2Mo1S4,ok
MMD-1704,ScCoSi,3,Cmcm,orthorhombic,Ferromagnetic,0.18,2.93,,,,,,-104.402636,,Co1Sc1Si1,ok
MMD-1705,TiGa5Co,3,P4/mmm,tetragonal,Ferromagnetic,0.0,0.0,,,,,,-314.783025,,Co1Ga5Ti1,ok
MMD-1706,ScGa5Co,3,P4/mmm,tetragonal,Ferromagnetic,0.0,0.0,,,,,,-432.292288,0.0,Co1Ga5Sc1,ok
MMD-1707,Ti2CoS4,3,C2/m,monoclinic,Ferromagnetic,0.09,1.78,,,,,,-1148.64579,,Co1S4Ti2,ok
MMD-1708,V(CoSe2)2,3,C2/m,monoclinic,Ferromagnetic,0.11,2.21,,,,,,-412.1201,,Co2Se4V1,ok
MMD-1709,Ti2CoSe4,3,C2/m,monoclinic,Ferromagnetic,0.11,2.4,,,,,,-911.182919,,Co1Se4Ti2,ok
MMD-1710,Nb2CoS4,3,P-3m1,trigonal,Ferromagnetic,0.0,0.01,,,,,,-566.190962,,Co1Nb2S4,ok
MMD-1711,ZrGa5Co,3,P4/mmm,tetragonal,Ferromagnetic,0.0,0.0,,,,,,-402.419176,0.0,Co1Ga5Zr1,ok
MMD-1712,YGa5Co,3,P4/mmm,tetragonal,Ferromagnetic,0.0,0.0,,,,,,-454.225716,0.0,Co1Ga5Y1,ok
MMD-1713,CoMoP2,3,P6_3/mmc,hexagonal,Ferromagnetic,0.0,0.0,,,,,,-634.427425,0.0,Co1Mo1P2,ok
MMD-1714,ScCo3C,3,Pm-3m,cubic,Ferromagnetic,0.0,0.0,,,,,,-323.706964,0.0,C1Co3Sc1,ok
MMD-1715,ZnCo3C,3,Pm-3m,cubic,Ferromagnetic,0.24,1.08,,,,,,-49.992961,,C1Co3Zn1,ok
MMD-1716,Zr(CoGe)6,3,P6/mmm,hexagonal,Ferromagnetic,0.0,0.0,,,,,,-319.752553,,Co6Ge6Zr1,ok
MMD-1717,Nb2Co3Si,3,P6_3/mmc,hexagonal,Ferromagnetic,0.0,0.02,,,,,,-473.115587,0.0,Co3Nb2Si1,ok
MMD-1718,CoPSe,3,Pbca,orthorhombic,Ferromagnetic,0.0,0.0,,,,,,-470.61398,0.0,Co1P1Se1,ok
MMD-1719,CrCoGe,3,P6_3/mmc,hexagonal,Ferromagnetic,0.75,4.77,,,,,,-77.838006,,Co1Cr1Ge1,ok
MMD-1720,YCo4B,3,P6/mmm,hexagonal,Ferromagnetic,0.58,7.4,,,,,,-302.283924,,B1Co4Y1,ok
MMD-1721,Ti2AlCo,3,F-43m,cubic,Ferromagnetic,0.4,8.0,,,,,,-262.23542,,Al1Co1Ti2,ok
MMD-1722,Co(BMo)2,3,Immm,orthorhombic,Ferromagnetic,0.0,0.0,,,,,,-506.219262,0.0,B2Co1Mo2,ok
MMD-1723,V2CoS4,3,C2/m,monoclinic,Ferromagnetic,0.0,0.0,,,,,,-823.479657,,Co1S4V2,ok
MMD-1724,Co(SiSe2)2,3,C2/m,monoclinic,Ferromagnetic,0.01,0.23,,,,,,-92.741045,,Co1Se4Si2,ok
MMD-1725,Cr2CoSe4,3,C2/m,monoclinic,Ferromagnetic,0.64,14.03,,,,,,-417.24042,,Co1Cr2Se4,ok
MMD-1726,V2CoSe4,3,C2/m,monoclinic,Ferromagnetic,0.07,1.33,,,,,,-573.363962,,Co1Se4V2,ok
MMD-1727,YCoGe2,3,Cmcm,orthorhombic,Ferromagnetic,0.0,0.0,,,,,,-632.885581,,Co1Ge2Y1,ok
MMD-1728,YCoSi2,3,Cmcm,orthorhombic,Ferromagnetic,0.0,0.0,,,,,,-791.16313,,Co1Si2Y1,ok
MMD-1729,ZrGaCo,3,P-62m,hexagonal,Ferromagnetic,0.0,0.02,,,,,,-552.254256,0.0,Co1Ga1Zr1,ok
MMD-1730,AlCrCo2,3,Fm-3m,cubic,Ferromagnetic,0.75,12.0,,,,,,-247.44707,,Al1Co2Cr1,ok
MMD-1731,Nb4CoS8,3,P6_3/mmc,hexagonal,Ferromagnetic,0.05,1.83,,,,,,-1047.477139,0.0,Co1Nb4S8,ok
MMD-1732,ScCoGe,3,Pnma,orthorhombic,Ferromagnetic,0.0,0.0,,,,,,-720.024381,0.0,Co1Ge1Sc1,ok
MMD-1733,NbCoSi,3,Pnma,orthorhombic,Ferromagnetic,0.0,0.0,,,,,,-742.104822,0.0,Co1Nb1Si1,ok
MMD-1734,CrCoSi,3,Pnma,orthorhombic,Ferromagnetic,0.34,4.12,,,,,,-367.987472,,Co1Cr1Si1,ok
MMD-1735,YCoGe,3,Pnma,orthorhombic,Ferromagnetic,0.0,0.0,,,,,,-656.158897,0.0,Co1Ge1Y1,ok
MMD-1736,NbCoAs,3,Pnma,orthorhombic,Ferromagnetic,0.0,0.01,,,,,,-508.349833,0.0,As1Co1Nb1,ok
MMD-1737,VCoP,3,Pnma,orthorhombic,Ferromagnetic,0.08,0.97,,,,,,-840.374107,0.0,Co1P1V1,ok
MMD-1738,Zr4CoP,3,P4/mcc,tetragonal,Ferromagnetic,0.0,0.0,,,,,,-633.837922,,Co1P1Zr4,ok
MMD-1739,TiCoP,3,Pnma,orthorhombic,Ferromagnetic,0.0,0.0,,,,,,-1147.952464,0.0,Co1P1Ti1,ok
MMD-1740,ZrCoSi,3,Pnma,orthorhombic,Ferromagnetic,0.0,0.0,,,,,,-870.684515,0.0,Co1Si1Zr1,ok
MMD-1741,YGaCo,3,Pnma,orthorhombic,Ferromagnetic,0.0,0.01,,,,,,-454.779978,0.0,Co1Ga1Y1,ok
MMD-1742,ScCoSi,3,Pnma,orthorhombic,Ferromagnetic,0.0,0.0,,,,,,-843.870492,0.0,Co1Sc1Si1,ok
MMD-1743,Y2Ga8Co,3,P4/mmm,tetragonal,Ferromagnetic,0.0,0.0,,,,,,-479.579502,,Co1Ga8Y2,ok
MMD-1744,ZrCoGe,3,Pnma,orthorhombic,Ferromagnetic,0.0,0.0,,,,,,-708.737285,0.0,Co1Ge1Zr1,ok
MMD-1745,ScCoP,3,Pnma,orthorhombic,Ferromagnetic,0.0,0.01,,,,,,-1146.425859,0.0,Co1P1Sc1,ok
MMD-1746,Ti4CoS8,3,C2/m,monoclinic,Ferromagnetic,0.07,2.63,,,,,,-1232.673573,,Co1S8Ti4,ok
MMD-1747,CoGeAs2,3,I-42d,tetragonal,Ferromagnetic,0.0,0.03,,,,,,44.608402,,As2Co1Ge1,ok
MMD-1748,Y2(Al3Co)3,3,Cmcm,orthorhombic,Ferromagnetic,0.0,0.01,,,,,,-561.929511,0.0,Al9Co3Y2,ok
MMD-1749,ZrZnCo2,3,Fm-3m,cubic,Ferromagnetic,0.0,0.0,,,,,,-273.162294,,Co2Zn1Zr1,ok
MMD-1750,AlGaCo2,3,Fm-3m,cubic,Ferromagnetic,0.0,0.0,,,,,,-413.57998,,Al1Co2Ga1,ok
MMD-1751,CrCo2Ge,3,Fm-3m,cubic,Ferromagnetic,0.99,16.0,,,,,,-113.59279,,Co2Cr1Ge1,ok
MMD-1752,Nb3CoSe6,3,P6_322,hexagonal,Ferromagnetic,0.13,4.29,,,,,,-777.048255,,Co1Nb3Se6,ok
MMD-1753,Sc2CoCu,3,Fm-3m,cubic,Ferromagnetic,0.02,0.49,,,,,,-299.76159,,Co1Cu1Sc2,ok
MMD-1754,Ti2CoMo,3,Fm-3m,cubic,Ferromagnetic,0.0,0.0,,,,,,-248.141088,0.0,Co1Mo1Ti2,ok
MMD-1755,VZnCo2,3,Fm-3m,cubic,Ferromagnetic,0.25,4.08,,,,,,-153.864948,,Co2V1Zn1,ok
MMD-1756,ZnGaCo2,3,Fm-3m,cubic,Ferromagnetic,0.0,0.0,,,,,,-143.792997,0.0,Co2Ga1Zn1,ok
MMD-1757,ZrScCo2,3,Fm-3m,cubic,Ferromagnetic,0.2,4.34,-0.003,-0.002,<111>,0.242,,-352.950753,0.0,Co2Sc1Zr1,ok
MMD-1758,ZrGaCo2,3,Fm-3m,cubic,Ferromagnetic,0.21,4.01,0.002,0.001,a,0.198,,-432.67751,0.0,Co2Ga1Zr1,ok
MMD-1759,Y(Co2B)6,3,R-3m,trigonal,Ferromagnetic,0.43,20.83,,,,,,-362.622955,0.0,B6Co12Y1,ok
MMD-1760,Y2Co3Si5,3,C2/c,monoclinic,Ferromagnetic,0.03,1.44,,,,,,-777.420575,0.0,Co3Si5Y2,ok
MMD-1761,Zr3Co2Si3,3,Cmcm,orthorhombic,Ferromagnetic,0.0,0.09,,,,,,-883.846655,,Co2Si3Zr3,ok
MMD-1762,Sc2Co3Si5,3,C2/c,monoclinic,Ferromagnetic,0.02,0.99,,,,,,-741.128337,0.0,Co3Sc2Si5,ok
MMD-1763,Sc2Co3Si5,3,Ibam,orthorhombic,Ferromagnetic,0.0,0.17,,,,,,-726.744884,,Co3Sc2Si5,ok
MMD-1764,Sc2Co12P7,3,P-6,hexagonal,Ferromagnetic,0.23,4.94,,,,,,-806.438373,0.0,Co12P7Sc2,ok
MMD-1765,YCo9Si2,3,I4_1/amd,tetragonal,Ferromagnetic,0.76,37.97,,,,,,-317.062437,,Co9Si2Y1,ok
MMD-1766,Y4Ga16Co3,3,P4/mmm,tetragonal,Ferromagnetic,0.0,0.0,,,,,,-503.363949,0.0,Co3Ga16Y4,ok
MMD-1767,Sc4Co4Ge7,3,I4/mmm,tetragonal,Ferromagnetic,0.0,0.01,,,,,,-620.700898,0.0,Co4Ge7Sc4,ok
MMD-1768,Nb2(Co7B2)3,3,Fm-3m,cubic,Ferromagnetic,0.78,77.31,,,,,,-277.59221,0.0,B6Co21Nb2,ok
MMD-1769,Ti6Al16Co7,3,Fm-3m,cubic,Ferromagnetic,0.04,5.72,,,,,,-512.459431,,Al16Co7Ti6,ok
MMD-1770,Sc6Co16Si7,3,Fm-3m,cubic,Ferromagnetic,0.17,21.36,,,,,,-641.753262,0.0,Co16Sc6Si7,ok
MMD-1771,Zr4Co2N,3,Fd-3m,cubic,Ferromagnetic,0.0,0.03,,,,,,-731.333456,0.0,Co2N1Zr4,ok
MMD-1772,Nb4CoSe8,3,P6_3/mmc,hexagonal,Ferromagnetic,0.06,2.77,,,,,,-810.652909,0.0,Co1Nb4Se8,ok
MMD-1773,Sc2(Co7B2)3,3,Fm-3m,cubic,Ferromagnetic,0.88,88.41,,,,,,-270.632596,,B6Co21Sc2,ok
MMD-1774,YCo9Si4,3,I4/mcm,tetragonal,Ferromagnetic,0.34,20.07,,,,,,-489.651579,,Co9Si4Y1,ok
MMD-1775,Ti3(Co10B3)2,3,Fm-3m,cubic,Ferromagnetic,0.63,62.52,,,,,,-352.28008,0.0,B6Co20Ti3,ok
MMD-1776,Ti4Co4Si7,3,I4/mmm,tetragonal,Ferromagnetic,0.0,0.01,,,,,,-763.173017,0.0,Co4Si7Ti4,ok
MMD-1777,Nb4Co2C,3,Fd-3m,cubic,Ferromagnetic,0.16,21.68,,,,,,-326.522554,,C1Co2Nb4,ok
MMD-1778,Ti2(Co7B2)3,3,Fm-3m,cubic,Ferromagnetic,0.81,79.9,,,,,,-304.751924,0.0,B6Co21Ti2,ok
MMD-1779,Co6Mo6C,3,Fd-3m,cubic,Ferromagnetic,0.07,7.28,,,,,,-77.002451,,C1Co6Mo6,ok
MMD-1780,Nb4Co2N,3,Fd-3m,cubic,Ferromagnetic,0.06,8.56,,,,,,-509.389594,0.0,Co2N1Nb4,ok
MMD-1781,V2(Co7B2)3,3,Fm-3m,cubic,Ferromagnetic,0.77,75.0,,,,,,-257.219285,0.0,B6Co21V2,ok
MMD-1782,V4Co2N,3,Fd-3m,cubic,Ferromagnetic,0.26,28.22,,,,,,-529.050964,0.0,Co2N1V4,ok
MMD-1783,Zr4Co4Si7,3,I4/mmm,tetragonal,Ferromagnetic,0.0,0.0,,,,,,-830.57031,0.0,Co4Si7Zr4,ok
MMD-1784,Ti6Ga16Co7,3,Fm-3m,cubic,Ferromagnetic,0.0,0.29,,,,,,-354.926891,,Co7Ga16Ti6,ok
MMD-1785,Ga2(Co7B2)3,3,Fm-3m,cubic,Ferromagnetic,0.88,86.88,,,,,,-205.030138,,B6Co21Ga2,ok
MMD-1786,Co3Mo3C,3,Fd-3m,cubic,Ferromagnetic,0.42,48.35,,,,,,-64.908083,,C1Co3Mo3,ok
MMD-1787,Zr6Al16Co7,3,Fm-3m,cubic,Ferromagnetic,0.05,7.17,,,,,,-576.671673,0.0,Al16Co7Zr6,ok
MMD-1788,Zr(Zn10Co)2,3,Fd-3m,cubic,Ferromagnetic,0.0,0.04,,,,,,-166.653771,0.0,Co2Zn20Zr1,ok
MMD-1789,Nb13Co40Si31,3,P6/mmm,hexagonal,Ferromagnetic,0.0,0.03,,,,,,-592.692708,,Co40Nb13Si31,ok
MMD-1790,Y2Ga2Co15,3,P6_3/mmc,hexagonal,Ferromagnetic,0.99,42.05,,,,,,-108.200607,,Co15Ga2Y2,ok
MMD-1791,Y2Co14Cu3,3,P6_3/mmc,hexagonal,Ferromagnetic,0.98,40.99,,,,,,-22.152468,,Co14Cu3Y2,ok
MMD-1792,Y2Co14B,3,P4_2/mnm,tetragonal,Ferromagnetic,1.0,74.08,,,,,,-169.314378,0.0,B1Co14Y2,ok
MMD-1793,Nb2Co4P3,3,P-62m,hexagonal,Ferromagnetic,0.19,7.16,,,,,,-784.67211,,Co4Nb2P3,ok
MMD-1794,Y3Co4Ge13,3,Pm-3n,cubic,Ferromagnetic,0.0,0.0,,,,,,-409.743367,0.0,Co4Ge13Y3,ok
MMD-1795,Y2Al2Co15,3,P6_3/mmc,hexagonal,Ferromagnetic,0.95,40.63,,,,,,-155.60944,,Al2Co15Y2,ok
MMD-1796,ZrGa2Co,3,I4mm,tetragonal,Ferromagnetic,0.0,0.02,,,,,,-528.844584,0.0,Co1Ga2Zr1,ok
MMD-1797,TiCoGe2,3,Pbam,orthorhombic,Ferromagnetic,0.0,0.01,,,,,,-466.772799,0.0,Co1Ge2Ti1,ok
MMD-1798,YCo3P2,3,Pmmn,orthorhombic,Ferromagnetic,0.11,4.62,,,,,,-937.914175,0.0,Co3P2Y1,ok
MMD-1799,Y2Al3Co14,3,P6_3/mmc,hexagonal,Ferromagnetic,0.83,35.2,,,,,,-206.744462,,Al3Co14Y2,ok
MMD-1800,Sc2CoGe2,3,C2/m,monoclinic,Ferromagnetic,0.0,0.0,,,,,,-751.884411,,Co1Ge2Sc2,ok
MMD-1801,Y2CoSi2,3,C2/m,monoclinic,Ferromagnetic,0.01,0.3,,,,,,-780.166682,,Co1Si2Y2,ok
MMD-1802,CrCoAs,3,P-62m,hexagonal,Ferromagnetic,0.95,9.51,,,,,,-145.716185,,As1Co1Cr1,ok
MMD-1803,Sc2Ga8Co,3,P4/mmm,tetragonal,Ferromagnetic,0.0,0.0,,,,,,-454.185032,,Co1Ga8Sc2,ok
MMD-1804,CoMoP2,3,P6_3/mmc,hexagonal,Ferromagnetic,0.0,0.0,,,,,,-495.92111,,Co1Mo1P2,ok
MMD-1805,Zr9(CoP2)2,3,P4/mbm,tetragonal,Ferromagnetic,0.0,0.07,,,,,,-974.56105,0.0,Co2P4Zr9,ok
MMD-1806,YCoB4,3,Pbam,orthorhombic,Ferromagnetic,0.0,0.0,,,,,,-598.496782,0.0,B4Co1Y1,ok
MMD-1807,Y3Co2Si3,3,Cmcm,orthorhombic,Ferromagnetic,0.07,3.71,,,,,,-753.815237,,Co2Si3Y3,ok
MMD-1808,Y5(Co2Ge5)2,3,P4/mbm,tetragonal,Ferromagnetic,0.0,0.0,,,,,,-663.458727,0.0,Co4Ge10Y5,ok
MMD-1809,VCoAs,3,Pnma,orthorhombic,Ferromagnetic,0.26,3.51,,,,,,-403.287219,0.0,As1Co1V1,ok
MMD-1810,Ti3CoS6,3,P6_322,hexagonal,Ferromagnetic,0.0,0.02,,,,,,-1153.953928,,Co1S6Ti3,ok
MMD-1811,Ti6Co16Ge7,3,Fm-3m,cubic,Ferromagnetic,0.0,0.06,,,,,,-375.48147,,Co16Ge7Ti6,ok
MMD-1812,Ti20(CoB2)3,3,Fm-3m,cubic,Ferromagnetic,0.3,42.36,,,,,,-208.423417,,B6Co3Ti20,ok
MMD-1813,ScCo2Ge,3,Fm-3m,cubic,Ferromagnetic,0.22,4.06,,,,,,-447.716061,,Co2Ge1Sc1,ok
MMD-1814,Nb3Co5B2,3,P4/mbm,tetragonal,Ferromagnetic,0.0,0.08,,,,,,-335.956622,,B2Co5Nb3,ok
MMD-1815,Nb2Co2Si3,3,I4/mmm,tetragonal,Ferromagnetic,0.0,0.0,,,,,,-567.127302,,Co2Nb2Si3,ok
MMD-1816,Al3Co3Si4,3,Im-3m,cubic,Ferromagnetic,0.0,0.0,,,,,,-455.394388,0.0,Al3Co3Si4,ok
MMD-1817,Al20(CoB2)3,3,Fm-3m,cubic,Ferromagnetic,0.0,0.04,,,,,,101.176287,,Al20B6Co3,ok
MMD-1818,Al11(CoSi)6,3,P2_1/c,monoclinic,Ferromagnetic,0.0,0.0,,,,,,-428.291983,0.0,Al11Co6Si6,ok
MMD-1819,ZrTiCo4,3,F-43m,cubic,Ferromagnetic,0.27,7.18,,,,,,-318.113829,,Co4Ti1Zr1,ok
MMD-1820,ZrNbCo4,3,F-43m,cubic,Ferromagnetic,0.16,4.33,,,,,,-230.751799,,Co4Nb1Zr1,ok
MMD-1821,ZrCo4Si,3,F-43m,cubic,Ferromagnetic,0.5,12.98,,,,,,-220.47271,,Co4Si1Zr1,ok
MMD-1822,ZrCoSi,3,Amm2,orthorhombic,Ferromagnetic,0.0,0.0,,,,,,-619.370099,,Co1Si1Zr1,ok
MMD-1823,ZrAlCo4,3,F-43m,cubic,Ferromagnetic,0.46,12.28,,,,,,-338.713794,,Al1Co4Zr1,ok
MMD-1824,Zr8Co3Cu,3,C222,orthorhombic,Ferromagnetic,0.0,0.01,,,,,,-222.46781,,Co3Cu1Zr8,ok
MMD-1825,ZrAlCo,3,Amm2,orthorhombic,Ferromagnetic,0.0,0.0,,,,,,-485.364804,,Al1Co1Zr1,ok
MMD-1826,Zr2CoMo3,3,R-3m,trigonal,Ferromagnetic,0.0,0.04,,,,,,-130.464589,,Co1Mo3Zr2,ok
MMD-1827,Zn3CoS4,3,P-4m2,tetragonal,Ferromagnetic,0.22,2.93,,,,,,-630.41846,,Co1S4Zn3,ok
MMD-1828,Zr2Al3Co,3,R-3m,trigonal,Ferromagnetic,0.0,0.04,,,,,,-526.614658,,Al3Co1Zr2,ok
MMD-1829,Zr2Co3Mo,3,R-3m,trigonal,Ferromagnetic,0.0,0.0,,,,,,-257.599205,,Co3Mo1Zr2,ok
MMD-1830,Zr2CoS4,3,Cm,monoclinic,Ferromagnetic,0.08,1.91,,,c,13.144,,-1324.762217,,Co1S4Zr2,ok
MMD-1831,Zn4CoSe5,3,Cm,monoclinic,Ferromagnetic,0.15,5.99,,,,,,-552.506146,,Co1Se5Zn4,ok
MMD-1832,Zr3CoSe6,3,R-3,trigonal,Ferromagnetic,0.09,4.97,,,,,,-1152.624656,,Co1Se6Zr3,ok
MMD-1833,Zr5Co19P12,3,P-62m,hexagonal,Ferromagnetic,0.22,8.44,,,,,,-894.842431,0.0,Co19P12Zr5,ok
MMD-1834,Zr2Ga3Co,3,Cm,monoclinic,Ferromagnetic,0.0,0.02,,,,,,-512.585036,,Co1Ga3Zr2,ok
MMD-1835,Zr2Co3Mo,3,P6_3/mmc,hexagonal,Ferromagnetic,0.0,0.0,,,,,,-270.800302,,Co3Mo1Zr2,ok
MMD-1836,Zr3AlCo8,3,R3m,trigonal,Ferromagnetic,0.08,3.5,,,,,,-327.485482,,Al1Co8Zr3,ok
MMD-1837,Zr2GaCo3,3,P6_3/mmc,hexagonal,Ferromagnetic,0.0,0.0,,,,,,-426.162016,,Co3Ga1Zr2,ok
MMD-1838,YZr2Co9,3,R3m,trigonal,Ferromagnetic,0.65,27.3,,,,,,-204.039065,,Co9Y1Zr2,ok
MMD-1839,YCoC,3,P4/mmm,tetragonal,Ferromagnetic,0.0,0.0,,,,,,-327.251054,,C1Co1Y1,ok
MMD-1840,YCo4Ge,3,Cmmm,orthorhombic,Ferromagnetic,0.56,8.07,,,,,,-239.969275,,Co4Ge1Y1,ok
MMD-1841,YAlCo4,3,P-6m2,hexagonal,Ferromagnetic,0.61,4.46,,,,,,-252.037508,,Al1Co4Y1,ok
MMD-1842,Y2Co3Si,3,R-3m,trigonal,Ferromagnetic,0.0,0.0,,,,,,-409.511415,,Co3Si1Y2,ok
MMD-1843,Zr3Co8Si,3,R3m,trigonal,Ferromagnetic,0.38,15.63,,,,,,-291.545551,,Co8Si1Zr3,ok
MMD-1844,Y2AlCo3,3,R-3m,trigonal,Ferromagnetic,0.04,1.08,,,,,,-277.887889,,Al1Co3Y2,ok
MMD-1845,Y2(CoCu)5,3,Pmmm,orthorhombic,Ferromagnetic,0.39,5.78,,,,,,-58.955907,,Co5Cu5Y2,ok
MMD-1846,Y5Co19P12,3,P-62m,hexagonal,Ferromagnetic,0.19,7.63,,,,,,-889.490149,0.0,Co19P12Y5,ok
MMD-1847,VCrCo,3,Amm2,orthorhombic,Ferromagnetic,0.0,0.02,,,,,,-45.708366,,Co1Cr1V1,ok
MMD-1848,VCoSi,3,Amm2,orthorhombic,Ferromagnetic,0.03,0.65,,,,,,-412.704618,,Co1Si1V1,ok
MMD-1849,TiAlCo2,3,P4/mmm,tetragonal,Ferromagnetic,0.23,1.0,,,,,,-527.156724,,Al1Co2Ti1,ok
MMD-1850,Y10Ga3Co7,3,Pmc2_1,orthorhombic,Ferromagnetic,0.08,5.65,,,,,,-345.003145,0.0,Co7Ga3Y10,ok
MMD-1851,Ti2Co3Si,3,P6_3/mmc,hexagonal,Ferromagnetic,0.0,0.0,,,,,,-611.940746,0.0,Co3Si1Ti2,ok
MMD-1852,Ti3CoS6,3,R-3,trigonal,Ferromagnetic,0.08,3.28,,,,,,-1210.070606,,Co1S6Ti3,ok
MMD-1853,Ti5CoSe10,3,P-1,triclinic,Ferromagnetic,0.05,1.38,,,,,,-1036.846947,,Co1Se10Ti5,ok
MMD-1854,Sc4CoSi7,3,Pmm2,orthorhombic,Ferromagnetic,0.0,0.0,,,,,,-469.991701,,Co1Sc4Si7,ok
MMD-1855,ScAlCo,3,Amm2,orthorhombic,Ferromagnetic,0.05,1.72,,,,,,-477.175176,,Al1Co1Sc1,ok
MMD-1856,Sc2AlCo3,3,R-3m,trigonal,Ferromagnetic,0.1,2.13,,,,,,-419.689782,,Al1Co3Sc2,ok
MMD-1857,NbAlCo4,3,P-3m1,trigonal,Ferromagnetic,0.32,4.02,,,,,,-210.31801,,Al1Co4Nb1,ok
MMD-1858,NbVCo,3,Amm2,orthorhombic,Ferromagnetic,0.0,0.01,,,,,,-172.27585,0.0,Co1Nb1V1,ok
MMD-1859,Nb2GaCo3,3,P6_3/mmc,hexagonal,Ferromagnetic,0.0,0.01,,,,,,-254.032121,,Co3Ga1Nb2,ok
MMD-1860,Nb2Co3Ge,3,P6_3/mmc,hexagonal,Ferromagnetic,0.0,0.01,,,,,,-322.123032,0.0,Co3Ge1Nb2,ok
MMD-1861,Nb3Co8Si,3,P3m1,trigonal,Ferromagnetic,0.23,2.99,,,,,,-161.64482,,Co8Nb3Si1,ok
MMD-1862,Nb3Co8Si,3,R3m,trigonal,Ferromagnetic,0.18,6.76,,,,,,-156.666238,,Co8Nb3Si1,ok
MMD-1863,Nb4Co3Si7,3,F222,orthorhombic,Ferromagnetic,0.0,0.06,,,,,,-466.166652,,Co3Nb4Si7,ok
MMD-1864,Ga3Co4Ge,3,R3,trigonal,Ferromagnetic,0.28,7.18,,,,,,-195.098908,,Co4Ga3Ge1,ok
MMD-1865,Ga2Co6C,3,P4/mmm,tetragonal,Ferromagnetic,0.5,4.18,,,,,,-92.919418,,C1Co6Ga2,ok
MMD-1866,GaCo4Ge3,3,R3,trigonal,Ferromagnetic,0.13,3.37,,,,,,-204.934902,,Co4Ga1Ge3,ok
MMD-1867,CoPS,3,P2_13,cubic,Ferromagnetic,0.0,0.0,,,,,,-569.442431,0.0,Co1P1S1,ok
MMD-1868,CoAsSe,3,P2/m,monoclinic,Ferromagnetic,0.0,0.0,,,,,,-310.700219,,As1Co1Se1,ok
MMD-1869,CoPSe,3,P2_13,cubic,Ferromagnetic,0.0,0.0,,,,,,-437.996406,,Co1P1Se1,ok
MMD-1870,CoSeS,3,P2_13,cubic,Ferromagnetic,0.23,3.56,,,,,,-307.711198,,Co1S1Se1,ok
MMD-1871,CoAsSe,3,P2_13,cubic,Ferromagnetic,0.0,0.0,,,,,,-351.845386,,As1Co1Se1,ok
MMD-1872,Co5CuS8,3,F-43m,cubic,Ferromagnetic,0.0,0.02,,,,,,-441.636068,,Co5Cu1S8,ok
MMD-1873,Co3SiMo2,3,P6_3/mmc,hexagonal,Ferromagnetic,0.0,0.01,,,,,,-314.379336,0.0,Co3Mo2Si1,ok
MMD-1874,CoCuS4,3,P2_1/c,monoclinic,Ferromagnetic,0.05,0.72,,,,,,-236.534017,,Co1Cu1S4,ok
MMD-1875,CoSiMo,3,Amm2,orthorhombic,Ferromagnetic,0.0,0.0,,,,,,-357.940989,,Co1Mo1Si1,ok
MMD-1876,CoMo4N5,3,Amm2,orthorhombic,Ferromagnetic,0.01,0.17,,,,,,-159.218738,,Co1Mo4N5,ok
MMD-1877,Co3SiGe2,3,P1,triclinic,Ferromagnetic,0.0,0.0,,,,,,-306.107388,,Co3Ge2Si1,ok
MMD-1878,CrCoB,3,Fmmm,orthorhombic,Ferromagnetic,0.41,7.67,,,,,,-288.023805,,B1Co1Cr1,ok
MMD-1879,CrCoSi2,3,P2_1,monoclinic,Ferromagnetic,0.14,1.14,,,,,,-412.789166,,Co1Cr1Si2,ok
MMD-1880,CoGeMo,3,Amm2,orthorhombic,Ferromagnetic,0.0,0.01,,,,,,55.681072,,Co1Ge1Mo1,ok
MMD-1881,Cr2CoP3,3,Pm,monoclinic,Ferromagnetic,0.24,5.84,,,,,,-549.780577,,Co1Cr2P3,ok
MMD-1882,Co2SiGe,3,P2_1,monoclinic,Ferromagnetic,0.0,0.0,,,,,,-372.412227,,Co2Ge1Si1,ok
MMD-1883,Co2PS3,3,P2_1,monoclinic,Ferromagnetic,0.14,1.93,,,,,,-453.54289,,Co2P1S3,ok
MMD-1884,Co2(GeS)3,3,C2/m,monoclinic,Ferromagnetic,0.0,0.0,,,,,,-173.273067,,Co2Ge3S3,ok
MMD-1885,Co12Ge4C,3,P4/mmm,tetragonal,Ferromagnetic,0.49,8.0,,,,,,-38.570235,,C1Co12Ge4,ok
MMD-1886,Al6CoCu3,3,P3m1,trigonal,Ferromagnetic,0.0,0.0,,,,,,-304.062857,,Al6Co1Cu3,ok
MMD-1887,AlGaCo2,3,P4/mmm,tetragonal,Ferromagnetic,0.0,0.01,,,,,,-416.073148,0.0,Al1Co2Ga1,ok
MMD-1888,AlVCo,3,Amm2,orthorhombic,Ferromagnetic,0.0,0.01,,,,,,-125.365329,,Al1Co1V1,ok
MMD-1889,Co5(SiN3)2,3,P-4b2,tetragonal,Ferromagnetic,0.6,28.03,,,,,,226.19207,,Co5N6Si2,ok
MMD-1890,AlCoN2,3,I-42d,tetragonal,Ferromagnetic,0.11,1.56,,,,,,-367.391758,,Al1Co1N2,ok
MMD-1891,GaCo2N3,3,C2/c,monoclinic,Ferromagnetic,0.0,0.0,,,,,,450.078007,,Co2Ga1N3,ok
MMD-1892,CoCN,3,R3m,trigonal,Ferromagnetic,0.0,0.0,,,,,,312.066533,,C1Co1N1,ok
MMD-1893,Ti(CoN)4,3,P-1,triclinic,Ferromagnetic,0.0,0.0,,,,,,-75.491793,,Co4N4Ti1,ok
MMD-1894,Co(CN)2,3,P-43m,cubic,Ferromagnetic,0.37,6.0,,,,,,404.807059,,C2Co1N2,ok
MMD-1895,GaCoN2,3,Pna2_1,orthorhombic,Ferromagnetic,0.12,1.74,,,,,,146.793564,,Co1Ga1N2,ok
MMD-1896,Co3Si6N11,3,P4bm,tetragonal,Ferromagnetic,0.42,16.04,,,,,,-183.767251,,Co3N11Si6,ok
MMD-1897,Co(CN)2,3,Cmce,orthorhombic,Ferromagnetic,0.14,8.0,,,,,,318.416684,,C2Co1N2,ok
MMD-1898,Nb5CoN9,3,P2_1/c,monoclinic,Ferromagnetic,0.0,0.01,,,,,,-538.603032,,Co1N9Nb5,ok
MMD-1899,CrCo2N3,3,Cmce,orthorhombic,Ferromagnetic,0.02,1.07,,,,,,221.512925,,Co2Cr1N3,ok
MMD-1900,Cr(CoN)3,3,P6_3/mmc,hexagonal,Ferromagnetic,0.0,0.01,,,,,,79.643229,,Co3Cr1N3,ok
MMD-1901,VCoN2,3,P6_3/mmc,hexagonal,Ferromagnetic,0.0,0.01,,,,,,-282.363854,,Co1N2V1,ok
MMD-1902,Ga2CoN3,3,Cmc2_1,orthorhombic,Ferromagnetic,0.36,8.49,,,,,,1.393995,,Co1Ga2N3,ok
MMD-1903,Co7GeN6,3,Pbcn,orthorhombic,Ferromagnetic,0.08,4.18,,,,,,298.226754,,Co7Ge1N6,ok
MMD-1904,Co(CN)2,3,P-1,triclinic,Ferromagnetic,0.14,4.0,,,,,,318.959969,,C2Co1N2,ok
MMD-1905,ZnCoN2,3,Pna2_1,orthorhombic,Ferromagnetic,0.0,0.0,,,,,,268.005682,,Co1N2Zn1,ok
MMD-1906,TiCoN2,3,P6_3/mmc,hexagonal,Ferromagnetic,0.0,0.01,,,,,,-528.03186,,Co1N2Ti1,ok
MMD-1907,V(CoN)4,3,P-1,triclinic,Ferromagnetic,0.0,0.0,,,,,,10.760106,,Co4N4V1,ok
MMD-1908,VCo2N3,3,Cmc2_1,orthorhombic,Ferromagnetic,0.0,0.02,,,,,,-198.966146,,Co2N3V1,ok
MMD-1909,Zr(CoN)4,3,P-1,triclinic,Ferromagnetic,0.0,0.01,,,,,,-142.038678,,Co4N4Zr1,ok
MMD-1910,Co4CN4,3,Pnma,orthorhombic,Ferromagnetic,0.03,0.66,,,,,,332.092075,,C1Co4N4,ok
MMD-1911,CoC2N3,3,C2/c,monoclinic,Ferromagnetic,0.26,16.0,,,,,,441.149318,,C2Co1N3,ok
MMD-1912,Sc2Co3N4,3,C2/c,monoclinic,Ferromagnetic,0.0,0.0,,,,,,-540.355999,,Co3N4Sc2,ok
MMD-1913,CoGeN2,3,Pna2_1,orthorhombic,Ferromagnetic,0.76,11.97,,,,,,210.417057,,Co1Ge1N2,ok
MMD-1914,Co(C4N3)2,3,Pmna,orthorhombic,Ferromagnetic,0.06,2.0,,,,,,388.824484,,C8Co1N6,ok
MMD-1915,Cr2Co3N4,3,C2/c,monoclinic,Ferromagnetic,0.0,0.0,,,,,,-31.05015,,Co3Cr2N4,ok
MMD-1916,CoGeN2,3,P6_3/mmc,hexagonal,Ferromagnetic,0.0,0.0,,,,,,643.325252,,Co1Ge1N2,ok
MMD-1917,Co11(CN5)2,3,P4_2/mnm,tetragonal,Ferromagnetic,0.12,4.41,,,,,,378.787344,,C2Co11N10,ok
MMD-1918,CoSi7N10,3,Pc,monoclinic,Ferromagnetic,0.16,6.0,,,,,,-774.645847,,Co1N10Si7,ok
MMD-1919,Co(C4N3)2,3,Cm,monoclinic,Ferromagnetic,0.05,6.0,,,,,,384.435643,,C8Co1N6,ok
MMD-1920,CoMoN3,3,P-1,triclinic,Ferromagnetic,0.02,0.72,,,,,,298.686463,,Co1Mo1N3,ok
MMD-1921,CrCo2N3,3,Cmc2_1,orthorhombic,Ferromagnetic,0.0,0.02,,,,,,-66.590831,,Co2Cr1N3,ok
MMD-1922,Co2CuN2,3,R-3m,trigonal,Ferromagnetic,0.02,0.28,,,,,,245.559805,,Co2Cu1N2,ok
MMD-1923,AlCoN2,3,Pna2_1,orthorhombic,Ferromagnetic,0.04,0.54,,,,,,-336.157858,,Al1Co1N2,ok
MMD-1924,Al2CoN3,3,Cmc2_1,orthorhombic,Ferromagnetic,0.39,8.48,,,,,,-638.533636,,Al2Co1N3,ok
MMD-1925,Co2Ge5N8,3,Pbca,orthorhombic,Ferromagnetic,0.23,31.99,,,,,,282.564805,,Co2Ge5N8,ok
MMD-1926,V2Co3N4,3,C2/c,monoclinic,Ferromagnetic,0.0,0.07,,,,,,-247.724932,,Co3N4V2,ok
MMD-1927,Co4GeN4,3,Pnna,orthorhombic,Ferromagnetic,0.0,0.0,,,,,,340.310047,,Co4Ge1N4,ok
MMD-1928,ZrCoN2,3,Pnma,orthorhombic,Ferromagnetic,0.23,3.73,,,b,2.857,,-672.51879,,Co1N2Zr1,ok
MMD-1929,CoSi2N3,3,Cmc2_1,orthorhombic,Ferromagnetic,0.39,8.0,,,,,,-581.801768,,Co1N3Si2,ok
MMD-1930,Co2(CN2)3,3,C2/m,monoclinic,Ferromagnetic,0.0,0.0,,,,,,342.461418,,C3Co2N6,ok
MMD-1931,Co2CuN2,3,Pmmn,orthorhombic,Ferromagnetic,0.01,0.04,,,,,,387.761879,,Co2Cu1N2,ok
MMD-1932,CoGeN2,3,Pbca,orthorhombic,Ferromagnetic,0.0,0.0,,,,,,243.982395,,Co1Ge1N2,ok
MMD-1933,Y2Co3N4,3,C2/c,monoclinic,Ferromagnetic,0.01,0.19,,,,,,-486.285708,,Co3N4Y2,ok
MMD-1934,TiCoN2,3,Pnma,orthorhombic,Ferromagnetic,0.24,3.27,,,,,,-702.219319,,Co1N2Ti1,ok
MMD-1935,Co2(CN2)3,3,R-3c,trigonal,Ferromagnetic,0.0,0.0,,,,,,216.567099,,C3Co2N6,ok
MMD-1936,CoGe7N10,3,Pc,monoclinic,Ferromagnetic,0.05,2.02,,,,,,216.288634,,Co1Ge7N10,ok
MMD-1937,CoC2N3,3,P3_121,trigonal,Ferromagnetic,0.39,6.01,,,,,,516.903435,,C2Co1N3,ok
MMD-1938,Co3Ge6N11,3,P4bm,tetragonal,Ferromagnetic,0.19,7.33,,,,,,655.304588,,Co3Ge6N11,ok
MMD-1939,Co(C2N3)3,3,Cmcm,orthorhombic,Ferromagnetic,0.16,14.97,,,,,,480.545988,,C6Co1N9,ok
MMD-1940,Zr(CoN)2,3,P-3m1,trigonal,Ferromagnetic,0.27,1.2,,,c,2.39,,-467.786483,,Co2N2Zr1,ok
MMD-1941,Zn5CoN4,3,Pmmn,orthorhombic,Ferromagnetic,0.29,5.87,,,,,,282.93413,,Co1N4Zn5,ok
MMD-1942,Co7SiN6,3,Pbcn,orthorhombic,Ferromagnetic,0.0,0.02,,,,,,152.177429,,Co7N6Si1,ok
MMD-1943,Co5CuN4,3,Pmmn,orthorhombic,Ferromagnetic,0.0,0.0,,,,,,258.641996,,Co5Cu1N4,ok
MMD-1944,Co5(GeN3)2,3,C2/c,monoclinic,Ferromagnetic,0.0,0.23,,,,,,437.615019,,Co5Ge2N6,ok
MMD-1945,CrCoN2,3,P6_3/mmc,hexagonal,Ferromagnetic,0.0,0.0,,,,,,6.14663,,Co1Cr1N2,ok
MMD-1946,Zr6Al2Co,3,P-62m,hexagonal,Ferromagnetic,0.0,0.02,,,,,,-349.678584,0.0,Al2Co1Zr6,ok
MMD-1947,TiCoSi,3,P-62m,hexagonal,Ferromagnetic,0.0,0.02,,,,,,-791.206172,,Co1Si1Ti1,ok
MMD-1948,Nb2Co12P7,3,P-6,hexagonal,Ferromagnetic,0.2,4.08,,,,,,-651.746922,0.0,Co12Nb2P7,ok
MMD-1949,CoAsS,3,P2_13,cubic,Ferromagnetic,0.0,0.0,,,,,,-443.577767,,As1Co1S1,ok
MMD-1950,YAl2Co,3,Cmcm,orthorhombic,Ferromagnetic,0.0,0.0,,,,,,-538.846189,0.0,Al2Co1Y1,ok
MMD-1951,Al12Co4Cu,3,C2/m,monoclinic,Ferromagnetic,0.0,0.03,,,,,,-410.872082,0.0,Al12Co4Cu1,ok
MMD-1952,Al7CoCu2,3,P4/mnc,tetragonal,Ferromagnetic,0.0,0.0,,,,,,-275.990356,,Al7Co1Cu2,ok
MMD-1953,Zr2Co4P3,3,P-62m,hexagonal,Ferromagnetic,0.05,1.87,,,,,,-1034.947329,0.0,Co4P3Zr2,ok
MMD-1954,Zr4Co7Ge6,3,Im-3m,cubic,Ferromagnetic,0.0,0.01,,,,,,-604.352813,0.0,Co7Ge6Zr4,ok
MMD-1955,Co2CuGe2,3,Pmma,orthorhombic,Ferromagnetic,0.1,1.09,,,,,,-167.2194,0.0,Co2Cu1Ge2,ok
MMD-1956,ZnCo2Ge,3,Fm-3m,cubic,Ferromagnetic,0.09,1.39,,,,,,-117.077771,0.0,Co2Ge1Zn1,ok
MMD-1957,TiGaCo2,3,Fm-3m,cubic,Ferromagnetic,0.23,4.0,,,,,,-503.878281,0.0,Co2Ga1Ti1,ok
MMD-1958,VCo2Si,3,Fm-3m,cubic,Ferromagnetic,0.75,11.82,,,,,,-435.801566,,Co2Si1V1,ok
MMD-1959,Y2Co3Si5,3,Ibam,orthorhombic,Ferromagnetic,0.02,1.27,,,,,,-773.914938,,Co3Si5Y2,ok
MMD-1960,NbCoB2,3,Pnma,orthorhombic,Ferromagnetic,0.0,0.0,,,,,,-640.667951,,B2Co1Nb1,ok
MMD-1961,Cr2CoS4,3,Fd-3m,cubic,Ferromagnetic,0.75,60.6,,,,,,-566.122625,,Co1Cr2S4,ok
MMD-1962,TiCoSi,3,Pnma,orthorhombic,Ferromagnetic,0.0,0.01,,,,,,-817.953006,0.0,Co1Si1Ti1,ok
MMD-1963,CoBMo,3,Pnma,orthorhombic,Ferromagnetic,0.0,0.0,,,,,,-456.059387,0.0,B1Co1Mo1,ok
MMD-1964,VCoSi,3,Pnma,orthorhombic,Ferromagnetic,0.0,0.0,,,,,,-602.577224,0.0,Co1Si1V1,ok
MMD-1965,YCoC,3,P4_2/mmc,tetragonal,Ferromagnetic,0.1,0.82,,,,,,-382.526455,0.0,C1Co1Y1,ok
MMD-1966,Nb4CoP,3,P4/mcc,tetragonal,Ferromagnetic,0.0,0.01,,,,,,-457.389442,,Co1Nb4P1,ok
MMD-1967,NbCoP,3,Pnma,orthorhombic,Ferromagnetic,0.0,0.0,,,,,,-903.896558,0.0,Co1Nb1P1,ok
MMD-1968,Y3GaCo3,3,Cmcm,orthorhombic,Ferromagnetic,0.09,4.12,,,,,,-333.224653,0.0,Co3Ga1Y3,ok
MMD-1969,ScCoGe2,3,Pbam,orthorhombic,Ferromagnetic,0.0,0.01,,,,,,-580.129125,,Co1Ge2Sc1,ok
MMD-1970,Y4GaCo4,3,C2/m,monoclinic,Ferromagnetic,0.05,1.46,,,,,,-301.373787,0.0,Co4Ga1Y4,ok
MMD-1971,Co3Mo3N,3,Fd-3m,cubic,Ferromagnetic,0.54,62.6,,,,,,-166.549261,,Co3Mo3N1,ok
MMD-1972,Zr6Ga2Co,3,P-62m,hexagonal,Ferromagnetic,0.0,0.02,,,,,,-416.199066,0.0,Co1Ga2Zr6,ok
MMD-1973,Zr4Co4Ge7,3,I4/mmm,tetragonal,Ferromagnetic,0.0,0.0,,,,,,-616.634118,0.0,Co4Ge7Zr4,ok
MMD-1974,CoMoP,3,Pnma,orthorhombic,Ferromagnetic,0.0,0.0,,,,,,-621.238855,0.0,Co1Mo1P1,ok
MMD-1975,Co(C2N3)2,3,Pnnm,orthorhombic,Ferromagnetic,0.22,6.0,,,,,,346.156541,,C4Co1N6,ok
MMD-1976,TiCoGe,3,P-62m,hexagonal,Ferromagnetic,0.07,0.74,,,,,,-592.063169,0.0,Co1Ge1Ti1,ok
MMD-1977,VGaCo2,3,Fm-3m,cubic,Ferromagnetic,0.49,7.99,,,,,,-295.756752,0.0,Co2Ga1V1,ok
MMD-1978,Sc2Co3Si,3,P6_3/mmc,hexagonal,Ferromagnetic,0.0,0.0,,,,,,-610.170361,0.0,Co3Sc2Si1,ok
MMD-1979,Zr6CoAs2,3,P-62m,hexagonal,Ferromagnetic,0.0,0.0,,,,,,-743.35784,0.0,As2Co1Zr6,ok
MMD-1980,Zr2CoP,3,P2_1/m,monoclinic,Ferromagnetic,0.0,0.0,,,,,,-956.547333,0.0,Co1P1Zr2,ok
MMD-1981,Co(SiP)3,3,P2_1,monoclinic,Ferromagnetic,0.0,0.0,,,,,,-326.585732,0.0,Co1P3Si3,ok
MMD-1982,Co2(GeS)3,3,R-3,trigonal,Ferromagnetic,0.0,0.0,,,,,,-430.340971,0.0,Co2Ge3S3,ok
MMD-1983,YGa2Co3,3,P6/mmm,hexagonal,Ferromagnetic,0.14,3.26,,,,,,-349.200117,0.0,Co3Ga2Y1,ok
MMD-1984,Sc3Co2Ge3,3,Cmcm,orthorhombic,Ferromagnetic,0.0,0.0,,,,,,-733.819173,,Co2Ge3Sc3,ok
MMD-1985,Y(CoB)2,3,I4/mmm,tetragonal,Ferromagnetic,0.0,0.0,,,,,,-582.826632,0.0,B2Co2Y1,ok
MMD-1986,TiCo2Si,3,Fm-3m,cubic,Ferromagnetic,0.49,7.99,,,,,,-665.214706,0.0,Co2Si1Ti1,ok
MMD-1987,CoAsS,3,P2_1/c,monoclinic,Ferromagnetic,0.0,0.0,,,,,,-249.848393,,As1Co1S1,ok
MMD-1988,ZrAlCo2,3,Fm-3m,cubic,Ferromagnetic,0.21,4.0,0.0,0.0,a,0.076,,-522.958872,0.0,Al1Co2Zr1,ok
MMD-1989,Co2CuS4,3,Fd-3m,cubic,Ferromagnetic,0.0,0.0,,,,,,-438.434989,0.0,Co2Cu1S4,ok
MMD-1990,Zr2CoSi2,3,C2/m,monoclinic,Ferromagnetic,0.0,0.0,,,,,,-906.922036,0.0,Co1Si2Zr2,ok
MMD-1991,Sc(CoSi)2,3,I4/mmm,tetragonal,Ferromagnetic,0.0,0.0,,,,,,-790.087761,0.0,Co2Sc1Si2,ok
MMD-1992,Ga2CoS4,3,I-4,tetragonal,Ferromagnetic,0.24,6.0,,,,,,-528.327232,,Co1Ga2S4,ok
MMD-1993,Nb3Co4B7,3,Cmcm,orthorhombic,Ferromagnetic,0.0,0.13,,,,,,-618.001372,0.0,B7Co4Nb3,ok
MMD-1994,YCoC2,3,Amm2,orthorhombic,Ferromagnetic,0.0,0.0,,,,,,-423.723012,0.0,C2Co1Y1,ok
MMD-1995,NbGaCo2,3,Fm-3m,cubic,Ferromagnetic,0.44,8.0,,,,,,-315.936574,0.0,Co2Ga1Nb1,ok
MMD-1996,TiCo2Ge,3,Fm-3m,cubic,Ferromagnetic,0.47,8.0,,,,,,-493.693675,0.0,Co2Ge1Ti1,ok
MMD-1997,CoAsS,3,Pca2_1,orthorhombic,Ferromagnetic,0.0,0.0,,,,,,-447.280513,0.0,As1Co1S1,ok
MMD-1998,Y(CoGe)2,3,I4/mmm,tetragonal,Ferromagnetic,0.0,0.01,,,,,,-606.203011,0.0,Co2Ge2Y1,ok
MMD-1999,ScCo3B2,3,P6/mmm,hexagonal,Ferromagnetic,0.0,0.0,,,,,,-558.395725,0.0,B2Co3Sc1,ok
MMD-2000,AlVCo2,3,Fm-3m,cubic,Ferromagnetic,0.49,7.97,,,,,,-426.139589,0.0,Al1Co2V1,ok
MMD-2001,YCo3B2,3,P6/mmm,hexagonal,Ferromagnetic,0.0,0.0,,,,,,-498.699208,0.0,B2Co3Y1,ok
MMD-2002,Ti3Co5B2,3,P4/mbm,tetragonal,Ferromagnetic,0.0,0.0,,,,,,-564.224356,0.0,B2Co5Ti3,ok
MMD-2003,Y4CoB13,3,P4/mnc,tetragonal,Ferromagnetic,0.0,0.0,,,,,,-482.67421,,B13Co1Y4,ok
MMD-2004,YCo5P3,3,Pnma,orthorhombic,Ferromagnetic,0.14,5.41,,,,,,-841.019705,0.0,Co5P3Y1,ok
MMD-2005,CoAsSe,3,Pbca,orthorhombic,Ferromagnetic,0.0,0.0,,,,,,-362.656413,0.0,As1Co1Se1,ok
MMD-2006,Al3(Co10B3)2,3,Fm-3m,cubic,Ferromagnetic,0.74,72.6,,,,,,-294.284862,,Al3B6Co20,ok
MMD-2007,Co2Mo4C,3,Fd-3m,cubic,Ferromagnetic,0.12,15.18,,,,,,-96.767944,,C1Co2Mo4,ok
MMD-2008,Nb3Co3C,3,Fd-3m,cubic,Ferromagnetic,0.18,22.76,,,,,,-316.262512,,C1Co3Nb3,ok
MMD-2009,Nb3Co2Si,3,Fd-3m,cubic,Ferromagnetic,0.0,0.22,,,,,,-393.004223,,Co2Nb3Si1,ok
MMD-2010,Nb9Co4Ge,3,I4/mcm,tetragonal,Ferromagnetic,0.0,0.04,,,,,,-201.294271,,Co4Ge1Nb9,ok
MMD-2011,Sc3CoC4,3,Immm,orthorhombic,Ferromagnetic,0.0,0.0,,,,,,-528.022489,0.0,C4Co1Sc3,ok
MMD-2012,Co2(GeSe)3,3,R-3,trigonal,Ferromagnetic,0.0,0.0,,,,,,-353.976969,0.0,Co2Ge3Se3,ok
MMD-2013,Y(CoSi)2,3,I4/mmm,tetragonal,Ferromagnetic,0.0,0.0,,,,,,-832.339079,0.0,Co2Si2Y1,ok
MMD-2014,NbAlCo2,3,Fm-3m,cubic,Ferromagnetic,0.44,8.0,,,,,,-433.004965,0.0,Al1Co2Nb1,ok
MMD-2015,TiAlCo2,3,Fm-3m,cubic,Ferromagnetic,0.23,3.98,,,,,,-614.521687,0.0,Al1Co2Ti1,ok
MMD-2016,Zr2(Co7B2)3,3,Fm-3m,cubic,Ferromagnetic,0.8,81.22,,,,,,-289.613818,,B6Co21Zr2,ok
MMD-2017,Zr2(Co7B2)3,3,Fm-3m,cubic,Ferromagnetic,0.8,20.25,,,,,,-289.656451,,B6Co21Zr2,ok
MMD-2018,Nb6Co16Si7,3,Fm-3m,cubic,Ferromagnetic,0.0,0.17,,,,,,-560.777949,0.0,Co16Nb6Si7,ok
MMD-2019,Co2Mo3N,3,P4_132,cubic,Ferromagnetic,0.32,8.15,,,,,,-190.353443,0.0,Co2Mo3N1,ok
MMD-2020,Sc5(Co2Si5)2,3,P4/mbm,tetragonal,Ferromagnetic,0.0,0.0,,,,,,-742.496215,0.0,Co4Sc5Si10,ok
MMD-2021,Cr2(Co7B2)3,3,Fm-3m,cubic,Ferromagnetic,0.83,80.51,,,,,,-183.324906,,B6Co21Cr2,ok
MMD-2022,Co21(B3Mo)2,3,Fm-3m,cubic,Ferromagnetic,0.76,75.01,,,,,,-225.253302,0.0,B6Co21Mo2,ok
MMD-2023,CoAsS,3,Pmn2_1,orthorhombic,Ferromagnetic,0.0,0.0,,,,,,-447.083071,,As1Co1S1,ok
MMD-2024,CoCN2,3,P6_3/mmc,hexagonal,Ferromagnetic,0.49,3.34,,,,,,326.309364,,C1Co1N2,ok
MMD-2025,CrGaCo2,3,Fm-3m,cubic,Ferromagnetic,0.75,12.11,,,,,,-102.849934,,Co2Cr1Ga1,ok
MMD-2026,Zr(CoSi)2,3,I4/mmm,tetragonal,Ferromagnetic,0.0,0.0,,,,,,-814.065141,0.0,Co2Si2Zr1,ok
MMD-2027,Nb6Co16Ge7,3,Fm-3m,cubic,Ferromagnetic,0.01,1.22,,,,,,-297.526192,0.0,Co16Ge7Nb6,ok
MMD-2028,Y5GaCo5,3,Cmcm,orthorhombic,Ferromagnetic,0.0,0.06,,,,,,-280.676336,0.0,Co5Ga1Y5,ok
MMD-2029,CoAsS,3,Pca2_1,orthorhombic,Ferromagnetic,0.0,0.0,,,,,,-148.791693,,As1Co1S1,ok
MMD-2030,ScCoC2,3,P4/nmm,tetragonal,Ferromagnetic,0.0,0.0,,,,,,-397.652076,0.0,C2Co1Sc1,ok
MMD-2031,ZrCo3B2,3,R-3m,trigonal,Ferromagnetic,0.0,0.0,,,,,,-591.147151,0.0,B2Co3Zr1,ok
MMD-2032,NbCrCo,3,F-43m,cubic,Ferromagnetic,0.7,11.93,,,,,,818.948659,,Co1Cr1Nb1,ok
MMD-2033,Co2Mo4N,3,Fd-3m,cubic,Ferromagnetic,0.02,2.82,,,,,,-170.001947,0.0,Co2Mo4N1,ok
MMD-2034,Zr6Co16Ge7,3,Fm-3m,cubic,Ferromagnetic,0.0,0.08,,,,,,-468.493673,,Co16Ge7Zr6,ok
MMD-2035,Zr6Co16Si7,3,Fm-3m,cubic,Ferromagnetic,0.1,12.76,,,,,,-674.934867,0.0,Co16Si7Zr6,ok
MMD-2036,Co(Mo3Se4)4,3,P1,triclinic,Ferromagnetic,0.03,1.6,,,,,,-494.585719,,Co1Mo12Se16,ok
MMD-2037,Ti7Co3N10,3,Imm2,orthorhombic,Ferromagnetic,0.18,5.72,,,,,,-966.821219,,Co3N10Ti7,ok
MMD-2038,Cr2CoSe4,3,P-1,triclinic,Ferromagnetic,0.43,5.17,,,,,,724.045726,,Co1Cr2Se4,ok
MMD-2039,CoPS3,3,C2/m,monoclinic,Ferromagnetic,0.12,3.99,,,,,,-227.52867,,Co1P1S3,ok
MMD-2040,Nb3CoS6,3,P6_322,hexagonal,Ferromagnetic,0.04,1.02,,,,,,-1028.364582,0.0,Co1Nb3S6,ok
MMD-2041,Co(MoS2)2,3,C2/m,monoclinic,Ferromagnetic,0.02,0.3,,,,,,-624.757067,,Co1Mo2S4,ok
MMD-2042,ZrCoP,3,Pnma,orthorhombic,Ferromagnetic,0.0,0.0,,,,,,-1166.59267,0.0,Co1P1Zr1,ok
MMD-2043,ScAlCo2,3,Fm-3m,cubic,Ferromagnetic,0.0,0.0,,,,,,-500.088643,0.0,Al1Co2Sc1,ok
MMD-2044,NbZnCo2,3,Fm-3m,cubic,Ferromagnetic,0.23,4.04,,,,,,-181.067224,0.0,Co2Nb1Zn1,ok
MMD-2045,VCo2Ge,3,Fm-3m,cubic,Ferromagnetic,0.72,11.91,,,,,,-231.199186,0.0,Co2Ge1V1,ok
MMD-2046,TiZnCo2,3,Fm-3m,cubic,Ferromagnetic,0.0,0.0,,,,,,-344.70842,0.0,Co2Ti1Zn1,ok
MMD-2047,Ti2Co12P7,3,P-6,hexagonal,Ferromagnetic,0.27,5.53,,,,,,-721.83355,0.0,Co12P7Ti2,ok
MMD-2048,ScGaCo2,3,Fm-3m,cubic,Ferromagnetic,0.0,0.0,,,,,,-415.475399,0.0,Co2Ga1Sc1,ok
MMD-2049,ZrCoAs,3,F-43m,cubic,Ferromagnetic,0.24,4.92,0.404,0.272,a,2.494,,-32.05591,,As1Co1Zr1,ok
MMD-2050,TiCoAs,3,F-43m,cubic,Ferromagnetic,0.24,4.13,,,,,,-122.875477,,As1Co1Ti1,ok
MMD-2051,Zr2Co12P7,3,P-6,hexagonal,Ferromagnetic,0.25,5.24,,,,,,-792.667234,0.0,Co12P7Zr2,ok
MMD-2052,Nb4Co4Si7,3,I4/mmm,tetragonal,Ferromagnetic,0.0,0.0,,,,,,-692.41667,0.0,Co4Nb4Si7,ok
MMD-2053,Sc3Co2Si3,3,Cmcm,orthorhombic,Ferromagnetic,0.0,0.01,,,,,,-836.291183,,Co2Sc3Si3,ok
MMD-2054,Sc2CoSi2,3,C2/m,monoclinic,Ferromagnetic,0.0,0.01,,,,,,-842.477393,0.0,Co1Sc2Si2,ok
MMD-2055,Ti2GaCo,3,F-43m,cubic,Ferromagnetic,0.41,8.0,,,,,,-259.062953,,Co1Ga1Ti2,ok
MMD-2056,Ti2CoSi,3,F-43m,cubic,Ferromagnetic,0.64,11.97,,,,,,-354.272036,,Co1Si1Ti2,ok
MMD-2057,Ti2CoGe,3,F-43m,cubic,Ferromagnetic,0.61,11.98,,,,,,-262.068784,,Co1Ge1Ti2,ok
MMD-2058,Zn(CoS2)4,3,R-3m,trigonal,Ferromagnetic,0.0,0.01,,,,,,-328.633351,,Co4S8Zn1,ok
MMD-2059,Zn(CoS2)4,3,R-3m,trigonal,Ferromagnetic,0.0,0.01,,,,,,-335.304676,,Co4S8Zn1,ok
MMD-2060,ZnCo2S5,3,Pmmn,orthorhombic,Ferromagnetic,0.0,0.0,,,,,,-258.877946,,Co2S5Zn1,ok
MMD-2061,Zn(CoN)2,3,P-4m2,tetragonal,Ferromagnetic,0.0,0.01,,,,,,459.293084,,Co2N2Zn1,ok
MMD-2062,Al(CoS2)2,3,Fd-3m,cubic,Ferromagnetic,0.01,1.0,,,,,,-575.183212,,Al1Co2S4,ok
MMD-2063,Y(CoS2)2,3,I4_1/amd,tetragonal,Ferromagnetic,0.09,3.98,,,,,,-715.19901,,Co2S4Y1,ok
MMD-2064,Y(CoS2)2,3,Imma,orthorhombic,Ferromagnetic,0.09,4.0,,,,,,-849.216185,,Co2S4Y1,ok
MMD-2065,Zn2CoN2,3,C2/m,monoclinic,Ferromagnetic,0.18,3.86,,,,,,233.497357,,Co1N2Zn2,ok
MMD-2066,Zn(CoS2)2,3,Fd-3m,cubic,Ferromagnetic,0.0,0.0,,,,,,-526.83165,,Co2S4Zn1,ok
MMD-2067,CrFe2Si,3,Fm-3m,cubic,Ferromagnetic,0.53,8.0,,,,,,-266.888544,,Cr1Fe2Si1,ok
MMD-2068,Fe2SiS4,3,P-3m1,trigonal,Ferromagnetic,0.0,0.0,,,,,,-379.664075,,Fe2S4Si1,ok
MMD-2069,Fe2SiS4,3,P2/m,monoclinic,Ferromagnetic,0.0,0.06,,,,,,-283.779756,,Fe2S4Si1,ok
MMD-2070,V2FeSe4,3,C2/m,monoclinic,Ferromagnetic,0.27,5.61,,,,,,-572.147564,,Fe1Se4V2,ok
MMD-2071,Al2FeS4,3,R3m,trigonal,Ferromagnetic,0.28,9.81,,,c,3.125,,-762.443227,,Al2Fe1S4,ok
MMD-2072,ZnFe3C,3,Pm-3m,cubic,Ferromagnetic,0.89,4.1,0.002,0.005,a,0.092,,-19.762211,,C1Fe3Zn1,ok
MMD-2073,Al(FeS2)2,3,Imma,orthorhombic,Ferromagnetic,0.5,19.93,,,,,,-491.763289,,Al1Fe2S4,ok
MMD-2074,Al2FeS4,3,R-3m,trigonal,Ferromagnetic,0.0,0.0,,,,,,-789.23721,,Al2Fe1S4,ok
MMD-2075,Ga2FeSe4,3,P-42m,tetragonal,Ferromagnetic,0.27,4.0,,,ab plane,13.91,,-445.530752,,Fe1Ga2Se4,ok
MMD-2076,V(FeSe2)2,3,C2/m,monoclinic,Ferromagnetic,0.58,12.45,,,,,,-377.641993,,Fe2Se4V1,ok
MMD-2077,Cr2FeS4,3,C2/m,monoclinic,Ferromagnetic,0.35,5.85,,,,,,-581.822221,,Cr2Fe1S4,ok
MMD-2078,Fe(BMo)2,3,P4/mbm,tetragonal,Ferromagnetic,0.41,3.71,,,,,,-453.118772,0.0,B2Fe1Mo2,ok
MMD-2079,FeCu3S4,3,I-42m,tetragonal,Ferromagnetic,0.25,5.93,,,,,,-295.575788,,Cu3Fe1S4,ok
MMD-2080,Ga2Fe2S5,3,P-3m1,trigonal,Ferromagnetic,0.5,7.34,,,c,2.414,,-415.03102,,Fe2Ga2S5,ok
MMD-2081,ScFeC2,3,P4/nmm,tetragonal,Ferromagnetic,0.26,1.82,,,,,,-331.349765,,C2Fe1Sc1,ok
MMD-2082,TiFeP,3,P-62m,hexagonal,Ferromagnetic,0.0,0.0,,,,,,-1039.14307,,Fe1P1Ti1,ok
MMD-2083,Zr6Ga2Fe,3,P-62m,hexagonal,Ferromagnetic,0.0,0.01,,,,,,-381.341973,0.0,Fe1Ga2Zr6,ok
MMD-2084,NbFeB,3,P-62m,hexagonal,Ferromagnetic,0.14,1.21,,,,,,-570.730668,0.0,B1Fe1Nb1,ok
MMD-2085,Nb2FeB2,3,P4/mbm,tetragonal,Ferromagnetic,0.3,2.92,,,,,,-618.174703,,B2Fe1Nb2,ok
MMD-2086,Ti2FeSi,3,F-43m,cubic,Ferromagnetic,0.43,7.97,,,,,,-363.841495,,Fe1Si1Ti2,ok
MMD-2087,VFeAs,3,P-62m,hexagonal,Ferromagnetic,0.4,3.98,,,,,,-312.646998,,As1Fe1V1,ok
MMD-2088,YFeGe2,3,Cmcm,orthorhombic,Ferromagnetic,0.16,4.05,,,,,,-470.064188,,Fe1Ge2Y1,ok
MMD-2089,TiFeAs,3,P-62m,hexagonal,Ferromagnetic,0.33,3.54,,,,,,-663.535355,0.0,As1Fe1Ti1,ok
MMD-2090,Fe11MoC4,3,P1,triclinic,Ferromagnetic,1.38,18.55,,,,,,27.309837,,C4Fe11Mo1,ok
MMD-2091,Fe2SiS4,3,Fd-3m,cubic,Ferromagnetic,0.71,58.77,,,,,,-315.348685,,Fe2S4Si1,ok
MMD-2092,FeCuS2,3,R3m,trigonal,Ferromagnetic,0.19,2.92,,,,,,-271.061826,,Cu1Fe1S2,ok
MMD-2093,Fe65(BN)6,3,Pm,monoclinic,Ferromagnetic,1.95,151.41,,,,,,-49.228445,,B6Fe65N6,ok
MMD-2094,TiFeP,3,Pnma,orthorhombic,Ferromagnetic,0.0,0.0,,,,,,-1068.928914,0.0,Fe1P1Ti1,ok
MMD-2095,FeAsSe,3,P2_1/c,monoclinic,Ferromagnetic,0.0,0.0,,,,,,-314.369415,0.0,As1Fe1Se1,ok
MMD-2096,FePS,3,P2_1/c,monoclinic,Ferromagnetic,0.0,0.0,,,,,,-544.776521,0.0,Fe1P1S1,ok
MMD-2097,ZrFeSi,3,Pnma,orthorhombic,Ferromagnetic,0.0,0.0,,,,,,-772.286913,0.0,Fe1Si1Zr1,ok
MMD-2098,FeMoP,3,Pnma,orthorhombic,Ferromagnetic,0.0,0.02,,,,,,-599.803006,0.0,Fe1Mo1P1,ok
MMD-2099,NbFeSi,3,Cmcm,orthorhombic,Ferromagnetic,0.22,3.16,,,,,,-581.220606,,Fe1Nb1Si1,ok
MMD-2100,NbFeP,3,Pnma,orthorhombic,Ferromagnetic,0.0,0.0,,,,,,-900.074059,0.0,Fe1Nb1P1,ok
MMD-2101,FePSe,3,P2_1/c,monoclinic,Ferromagnetic,0.0,0.0,,,,,,-376.995534,,Fe1P1Se1,ok
MMD-2102,Zr6Al2Fe,3,P-62m,hexagonal,Ferromagnetic,0.0,0.01,,,,,,-313.676889,,Al2Fe1Zr6,ok
MMD-2103,Zr(GaFe)6,3,Immm,orthorhombic,Ferromagnetic,0.7,21.81,,,,,,-298.833099,0.0,Fe6Ga6Zr1,ok
MMD-2104,Fe(Mo3S4)2,3,R-3,trigonal,Ferromagnetic,0.15,10.59,,,,,,-592.959859,,Fe1Mo6S8,ok
MMD-2105,Fe(Mo3Se4)2,3,R-3,trigonal,Ferromagnetic,0.14,10.73,,,,,,-400.828581,,Fe1Mo6Se8,ok
MMD-2106,Y(Fe2Si)2,3,P4_2/mnm,tetragonal,Ferromagnetic,0.47,7.68,,,,,,-465.106151,,Fe4Si2Y1,ok
MMD-2107,Sc(Fe2Si)2,3,P4_2/mnm,tetragonal,Ferromagnetic,0.51,7.88,,,,,,-492.554543,,Fe4Sc1Si2,ok
MMD-2108,Zr(Fe2P)2,3,P4_2/mnm,tetragonal,Ferromagnetic,0.71,10.53,,,,,,-711.891825,,Fe4P2Zr1,ok
MMD-2109,Zr3Fe2Si3,3,Cmcm,orthorhombic,Ferromagnetic,0.0,0.02,,,,,,-803.487649,,Fe2Si3Zr3,ok
MMD-2110,Y4Ga12Fe,3,Im-3m,cubic,Ferromagnetic,0.04,2.15,,,,,,-531.593147,,Fe1Ga12Y4,ok
MMD-2111,Sc(GaFe)6,3,Immm,orthorhombic,Ferromagnetic,0.69,21.52,,,,,,-309.322319,0.0,Fe6Ga6Sc1,ok
MMD-2112,AlFe2Ge,3,Fm-3m,cubic,Ferromagnetic,0.07,1.14,0.063,0.054,a,6.259,,-205.105171,,Al1Fe2Ge1,ok
MMD-2113,MnV2Fe,3,Fm-3m,cubic,Ferromagnetic,0.14,2.32,,,,,,-199.439601,,Fe1Mn1V2,ok
MMD-2114,Y2Ga2Fe15,3,R-3m,trigonal,Ferromagnetic,1.31,87.21,,,,,,-61.282089,,Fe15Ga2Y2,ok
MMD-2115,Nb3FeSe6,3,P6_322,hexagonal,Ferromagnetic,0.2,6.82,,,,,,-775.632024,,Fe1Nb3Se6,ok
MMD-2116,Al3Fe2Si,3,Fd-3m,cubic,Ferromagnetic,0.0,0.45,,,,,,-400.941746,0.0,Al3Fe2Si1,ok
MMD-2117,Y2Fe17C3,3,R-3m,trigonal,Ferromagnetic,1.49,103.35,,,,,,-105.734076,0.0,C3Fe17Y2,ok
MMD-2118,Nb4Fe4Si7,3,I4/mmm,tetragonal,Ferromagnetic,0.1,6.74,,,,,,-618.5442,0.0,Fe4Nb4Si7,ok
MMD-2119,Ti2FeSe4,3,P-3m1,trigonal,Ferromagnetic,0.2,9.19,,,,,,-888.972197,,Fe1Se4Ti2,ok
MMD-2120,Zr6Fe16Si7,3,Fm-3m,cubic,Ferromagnetic,0.16,20.98,,,,,,-557.26495,0.0,Fe16Si7Zr6,ok
MMD-2121,Zr4Fe2N,3,Fd-3m,cubic,Ferromagnetic,0.11,17.5,,,,,,-646.677082,,Fe2N1Zr4,ok
MMD-2122,V3Fe3C,3,Fd-3m,cubic,Ferromagnetic,0.09,9.26,,,,,,-258.999171,,C1Fe3V3,ok
MMD-2123,Nb4FeSe8,3,P6_3/mmc,hexagonal,Ferromagnetic,0.15,6.85,,,,,,-809.974466,0.0,Fe1Nb4Se8,ok
MMD-2124,Nb4FeS8,3,P6_3/mmc,hexagonal,Ferromagnetic,0.0,0.0,,,,,,-1057.823201,0.0,Fe1Nb4S8,ok
MMD-2125,Zr3Fe3C,3,Fd-3m,cubic,Ferromagnetic,0.28,39.57,,,,,,-365.683539,,C1Fe3Zr3,ok
MMD-2126,Zr9FeMo4,3,P6_3/mmc,hexagonal,Ferromagnetic,0.0,0.01,,,,,,-96.080285,,Fe1Mo4Zr9,ok
MMD-2127,Nb2FeS4,3,Pnma,orthorhombic,Ferromagnetic,0.39,15.95,,,,,,-620.403136,,Fe1Nb2S4,ok
MMD-2128,NbFeSi2,3,Pbam,orthorhombic,Ferromagnetic,0.0,0.02,,,,,,-604.317333,0.0,Fe1Nb1Si2,ok
MMD-2129,Y2Al3Fe14,3,P6_3/mmc,hexagonal,Ferromagnetic,1.27,56.56,,,,,,-130.030821,,Al3Fe14Y2,ok
MMD-2130,Y2Fe3Si5,3,P4/mnc,tetragonal,Ferromagnetic,0.0,0.0,,,,,,-700.687529,0.0,Fe3Si5Y2,ok
MMD-2131,ScFeSi2,3,Pbam,orthorhombic,Ferromagnetic,0.0,0.01,,,,,,-683.101113,,Fe1Sc1Si2,ok
MMD-2132,TiFeGe2,3,Pbam,orthorhombic,Ferromagnetic,0.03,1.89,,,,,,-421.958308,0.0,Fe1Ge2Ti1,ok
MMD-2133,ZrFeSi2,3,Cmce,orthorhombic,Ferromagnetic,0.08,9.18,,,,,,-718.77709,,Fe1Si2Zr1,ok
MMD-2134,Y2Ga3Fe14,3,P6_3/mmc,hexagonal,Ferromagnetic,1.29,58.06,,,,,,-103.315497,,Fe14Ga3Y2,ok
MMD-2135,ScFeGe2,3,Pbam,orthorhombic,Ferromagnetic,0.18,11.86,,,,,,-535.268621,0.0,Fe1Ge2Sc1,ok
MMD-2136,Y2FeSi2,3,C2/m,monoclinic,Ferromagnetic,0.0,0.02,,,,,,-722.03958,0.0,Fe1Si2Y2,ok
MMD-2137,CrFeAs,3,P-62m,hexagonal,Ferromagnetic,0.62,6.23,,,,,,-82.917505,,As1Cr1Fe1,ok
MMD-2138,CrFe3N,3,Pm-3m,cubic,Ferromagnetic,1.72,8.16,,,,,,175.977307,,Cr1Fe3N1,ok
MMD-2139,AlFe3B,3,Pm-3m,cubic,Ferromagnetic,0.86,4.12,0.002,0.005,a,0.097,,-150.350711,,Al1B1Fe3,ok
MMD-2140,AlFe3N,3,Pm-3m,cubic,Ferromagnetic,0.0,0.01,,,,,,-248.191356,,Al1Fe3N1,ok
MMD-2141,TiFe3N,3,Pm-3m,cubic,Ferromagnetic,0.37,1.64,,,,,,-268.832945,,Fe3N1Ti1,ok
MMD-2142,ZrFeAs,3,Pnma,orthorhombic,Ferromagnetic,0.06,1.01,,,,,,-764.126199,0.0,As1Fe1Zr1,ok
MMD-2143,Zr6FeS2,3,Pnnm,orthorhombic,Ferromagnetic,0.0,0.0,,,,,,-820.607402,,Fe1S2Zr6,ok
MMD-2144,YFeB4,3,Pbam,orthorhombic,Ferromagnetic,0.0,0.0,,,,,,-620.447906,0.0,B4Fe1Y1,ok
MMD-2145,Y(FeB)2,3,I4/mmm,tetragonal,Ferromagnetic,0.24,2.53,,,,,,-450.798892,0.0,B2Fe2Y1,ok
MMD-2146,Y(AlFe2)4,3,I4/mmm,tetragonal,Ferromagnetic,1.0,30.63,,,c,0.828,,-238.02416,,Al4Fe8Y1,ok
MMD-2147,Y2Fe17N3,3,P6_3/mmc,hexagonal,Ferromagnetic,1.67,78.05,,,ab plane,0.657,,-233.741646,,Fe17N3Y2,ok
MMD-2148,Y2Fe17C3,3,P6_3/mmc,hexagonal,Ferromagnetic,1.5,69.34,,,,,,-107.22363,,C3Fe17Y2,ok
MMD-2149,Y3Fe2Si3,3,Cmcm,orthorhombic,Ferromagnetic,0.0,0.01,,,,,,-679.119421,,Fe2Si3Y3,ok
MMD-2150,Y2Cr2Fe15,3,P6_3/mmc,hexagonal,Ferromagnetic,1.19,51.75,,,,,,-3.367522,,Cr2Fe15Y2,ok
MMD-2151,Y(Fe2Ge)2,3,Pnnm,orthorhombic,Ferromagnetic,0.91,16.25,,,,,,-327.168124,,Fe4Ge2Y1,ok
MMD-2152,Y(Fe2Ge)2,3,P4_2/mnm,tetragonal,Ferromagnetic,0.89,15.99,,,,,,-296.296742,,Fe4Ge2Y1,ok
MMD-2153,Y2Fe14C,3,P4_2/mnm,tetragonal,Ferromagnetic,1.56,118.86,,,,,,-83.721112,0.0,C1Fe14Y2,ok
MMD-2154,Ti4FeSe8,3,C2/m,monoclinic,Ferromagnetic,0.11,5.07,,,,,,-1019.304456,,Fe1Se8Ti4,ok
MMD-2155,Ti6Al16Fe7,3,Fm-3m,cubic,Ferromagnetic,0.15,21.72,,,,,,-378.980713,,Al16Fe7Ti6,ok
MMD-2156,TiFeGe,3,Ima2,orthorhombic,Ferromagnetic,0.03,1.14,,,,,,-541.472834,0.0,Fe1Ge1Ti1,ok
MMD-2157,NbFeSi,3,Pnma,orthorhombic,Ferromagnetic,0.21,3.01,,,,,,-615.766714,0.0,Fe1Nb1Si1,ok
MMD-2158,NbFeSe5,3,P2_1/m,monoclinic,Ferromagnetic,0.16,4.33,,,,,,-474.794112,,Fe1Nb1Se5,ok
MMD-2159,GaFe3N,3,Pm-3m,cubic,Ferromagnetic,1.07,4.78,0.001,0.002,a,0.048,,-144.588325,,Fe3Ga1N1,ok
MMD-2160,Fe5SiC,3,Cmc2_1,orthorhombic,Ferromagnetic,1.48,74.3,,,,,,-177.644336,,C1Fe5Si1,ok
MMD-2161,ZrNbFe4,3,F-43m,cubic,Ferromagnetic,0.8,23.13,,,,,,-207.454062,,Fe4Nb1Zr1,ok
MMD-2162,ZrFe4Si,3,F-43m,cubic,Ferromagnetic,0.99,25.53,,,,,,-201.95652,,Fe4Si1Zr1,ok
MMD-2163,ZrNbFe4,3,P-3m1,trigonal,Ferromagnetic,0.82,11.93,,,,,,-201.940924,,Fe4Nb1Zr1,ok
MMD-2164,ZrTiFe4,3,P-3m1,trigonal,Ferromagnetic,0.82,11.64,,,,,,-281.341522,,Fe4Ti1Zr1,ok
MMD-2165,ZrCrFe,3,Amm2,orthorhombic,Ferromagnetic,0.28,8.5,,,,,,-148.398226,,Cr1Fe1Zr1,ok
MMD-2166,ZrAlFe4,3,F-43m,cubic,Ferromagnetic,0.88,23.41,,,,,,-305.298416,,Al1Fe4Zr1,ok
MMD-2167,Zr4FeSe8,3,C2/m,monoclinic,Ferromagnetic,0.11,5.89,,,,,,-1197.756869,,Fe1Se8Zr4,ok
MMD-2168,Zn2FeS3,3,P3m1,trigonal,Ferromagnetic,0.38,3.95,,,c,2.618,,-582.812104,,Fe1S3Zn2,ok
MMD-2169,ZnFeS2,3,R3m,trigonal,Ferromagnetic,0.57,11.74,,,c,2.33,,-467.743336,,Fe1S2Zn1,ok
MMD-2170,Zr2V3Fe,3,R-3m,trigonal,Ferromagnetic,0.0,0.01,,,,,,-144.829744,,Fe1V3Zr2,ok
MMD-2171,Zn3FeS4,3,R3m,trigonal,Ferromagnetic,0.29,11.85,,,,,,-641.973639,,Fe1S4Zn3,ok
MMD-2172,Zn4FeS5,3,R3m,trigonal,Ferromagnetic,0.23,11.88,,,,,,-677.430138,,Fe1S5Zn4,ok
MMD-2173,Zn2FeS3,3,Imm2,orthorhombic,Ferromagnetic,0.39,8.0,,,,,,-586.867703,,Fe1S3Zn2,ok
MMD-2174,Zn4FeSe5,3,R3m,trigonal,Ferromagnetic,0.2,11.8,,,,,,-555.631023,,Fe1Se5Zn4,ok
MMD-2175,Zr2AlFe3,3,R-3m,trigonal,Ferromagnetic,0.47,10.9,,,,,,-387.001438,,Al1Fe3Zr2,ok
MMD-2176,Zr2AlFe3,3,P6_3/mmc,hexagonal,Ferromagnetic,0.45,6.96,,,,,,-402.867543,0.0,Al1Fe3Zr2,ok
MMD-2177,Zn2FeS3,3,R3,trigonal,Ferromagnetic,0.39,24.0,,,,,,-584.959828,,Fe1S3Zn2,ok
MMD-2178,Zr2CrFe3,3,P6_3/mmc,hexagonal,Ferromagnetic,0.46,6.79,,,,,,-205.111993,,Cr1Fe3Zr2,ok
MMD-2179,Zr2CrFe3,3,Amm2,orthorhombic,Ferromagnetic,0.54,16.45,,,,,,-213.240656,,Cr1Fe3Zr2,ok
MMD-2180,Zr3AlFe8,3,R3m,trigonal,Ferromagnetic,0.86,37.32,,,,,,-307.081713,0.0,Al1Fe8Zr3,ok
MMD-2181,Zr(AlFe)6,3,Immm,orthorhombic,Ferromagnetic,0.66,20.05,,,,,,-405.749269,0.0,Al6Fe6Zr1,ok
MMD-2182,Zr3Fe8Si,3,R3m,trigonal,Ferromagnetic,0.92,39.52,,,,,,-265.340689,,Fe8Si1Zr3,ok
MMD-2183,Zr2Cr3Fe,3,Amm2,orthorhombic,Ferromagnetic,0.11,3.47,,,,,,-87.148522,,Cr3Fe1Zr2,ok
MMD-2184,Zr3(V2Fe)2,3,P-1,triclinic,Ferromagnetic,0.03,0.83,,,,,,-167.541247,,Fe2V4Zr3,ok
MMD-2185,YAlFe,3,Imma,orthorhombic,Ferromagnetic,0.35,6.54,,,,,,-305.226929,,Al1Fe1Y1,ok
MMD-2186,YScFe4,3,F-43m,cubic,Ferromagnetic,0.76,23.46,,,,,,-166.385749,,Fe4Sc1Y1,ok
MMD-2187,YFeCu,3,Imma,orthorhombic,Ferromagnetic,0.31,5.21,,,,,,-53.025177,,Cu1Fe1Y1,ok
MMD-2188,Y2AlFe3,3,R-3m,trigonal,Ferromagnetic,0.47,12.31,,,,,,-180.074138,,Al1Fe3Y2,ok
MMD-2189,Y2Al3Fe,3,R-3m,trigonal,Ferromagnetic,0.2,5.77,,,,,,-414.727224,,Al3Fe1Y2,ok
MMD-2190,Y2Fe4Si9,3,P-3m1,trigonal,Ferromagnetic,0.0,0.0,,,,,,-345.281958,,Fe4Si9Y2,ok
MMD-2191,Y2Fe17C2,3,C2/m,monoclinic,Ferromagnetic,1.57,72.04,,,,,,-81.814074,,C2Fe17Y2,ok
MMD-2192,Y4FeS7,3,Cm,monoclinic,Ferromagnetic,0.18,8.0,,,,,,-1741.442005,,Fe1S7Y4,ok
MMD-2193,Y(Fe5Si)2,3,Immm,orthorhombic,Ferromagnetic,1.43,40.49,,,,,,-251.545614,,Fe10Si2Y1,ok
MMD-2194,Y4Fe34C3,3,P-1,triclinic,Ferromagnetic,1.61,73.33,,,,,,-66.473858,,C3Fe34Y4,ok
MMD-2195,Y2Fe17C,3,C2/m,monoclinic,Ferromagnetic,1.66,74.63,,,,,,-50.990238,,C1Fe17Y2,ok
MMD-2196,VFe3Si4,3,R3,trigonal,Ferromagnetic,0.0,0.01,,,,,,-451.22867,,Fe3Si4V1,ok
MMD-2197,VCrFe2,3,Cmm2,orthorhombic,Ferromagnetic,0.9,7.28,,,,,,-36.010257,,Cr1Fe2V1,ok
MMD-2198,Y2Fe17C,3,Amm2,orthorhombic,Ferromagnetic,1.66,150.46,,,,,,-51.254738,,C1Fe17Y2,ok
MMD-2199,V5Fe5Si6,3,Amm2,orthorhombic,Ferromagnetic,0.4,13.35,,,,,,-474.832378,,Fe5Si6V5,ok
MMD-2200,Y4Fe29Si5,3,P-1,triclinic,Ferromagnetic,1.3,56.5,,,,,,-125.026975,,Fe29Si5Y4,ok
MMD-2201,V3FeS6,3,R-3,trigonal,Ferromagnetic,0.01,0.23,,,,,,-834.192717,,Fe1S6V3,ok
MMD-2202,V9Ga4Fe3,3,Pm,monoclinic,Ferromagnetic,0.0,0.02,,,,,,-216.426193,0.0,Fe3Ga4V9,ok
MMD-2203,V2Cr2Fe,3,Fmm2,orthorhombic,Ferromagnetic,0.28,5.94,,,,,,-27.650449,,Cr2Fe1V2,ok
MMD-2204,V2FeSi,3,Ama2,orthorhombic,Ferromagnetic,0.0,0.0,,,,,,-474.84649,0.0,Fe1Si1V2,ok
MMD-2205,V2FeSe4,3,Cm,monoclinic,Ferromagnetic,0.45,9.83,,,,,,-551.586241,,Fe1Se4V2,ok
MMD-2206,V(FeS2)2,3,Cm,monoclinic,Ferromagnetic,0.16,2.64,,,,,,-630.334491,,Fe2S4V1,ok
MMD-2207,V2GaFe,3,Cmm2,orthorhombic,Ferromagnetic,0.37,3.32,,,,,,-82.746883,,Fe1Ga1V2,ok
MMD-2208,V(FeSe2)2,3,Cm,monoclinic,Ferromagnetic,0.4,8.26,,,,,,-403.480791,,Fe2Se4V1,ok
MMD-2209,TiNbFe4,3,P-3m1,trigonal,Ferromagnetic,0.6,7.87,,,,,,-214.128752,,Fe4Nb1Ti1,ok
MMD-2210,V11FeB8,3,P2/m,monoclinic,Ferromagnetic,0.09,1.5,,,,,,-705.280796,,B8Fe1V11,ok
MMD-2211,V2FeGe,3,Ama2,orthorhombic,Ferromagnetic,0.0,0.0,,,,,,-295.616189,0.0,Fe1Ge1V2,ok
MMD-2212,Ti2FeCu,3,P4/mmm,tetragonal,Ferromagnetic,0.0,0.0,,,,,,-222.360999,,Cu1Fe1Ti2,ok
MMD-2213,Ti4Fe2P3,3,Amm2,orthorhombic,Ferromagnetic,0.0,0.01,,,,,,-1028.77044,,Fe2P3Ti4,ok
MMD-2214,Ti3FeS6,3,R-3,trigonal,Ferromagnetic,0.0,0.01,,,,,,-1208.657722,,Fe1S6Ti3,ok
MMD-2215,Ti3Fe5P4,3,Pm,monoclinic,Ferromagnetic,0.0,0.0,,,,,,-916.762822,0.0,Fe5P4Ti3,ok
MMD-2216,Ti(FeSe2)2,3,Cm,monoclinic,Ferromagnetic,0.37,7.86,,,,,,-558.306485,,Fe2Se4Ti1,ok
MMD-2217,Sc4FeSi7,3,Pmm2,orthorhombic,Ferromagnetic,0.06,1.09,,,,,,-452.940958,,Fe1Sc4Si7,ok
MMD-2218,Sc2Fe3Si,3,Amm2,orthorhombic,Ferromagnetic,0.48,14.13,,,,,,-445.48474,,Fe3Sc2Si1,ok
MMD-2219,Sc(AlFe)6,3,Immm,orthorhombic,Ferromagnetic,0.64,19.61,,,,,,-402.067504,0.0,Al6Fe6Sc1,ok
MMD-2220,Sc(Fe5Si)2,3,Immm,orthorhombic,Ferromagnetic,1.46,40.07,,,,,,-255.85477,,Fe10Sc1Si2,ok
MMD-2221,Sc3(Ga4Fe5)4,3,Cm,monoclinic,Ferromagnetic,0.8,74.64,,,,,,-263.559346,,Fe20Ga16Sc3,ok
MMD-2222,Sc(TiFe3)2,3,P3m1,trigonal,Ferromagnetic,0.81,33.37,,,,,,-281.474317,,Fe6Sc1Ti2,ok
MMD-2223,NbAlFe4,3,P-3m1,trigonal,Ferromagnetic,0.81,10.69,,,,,,-181.40524,,Al1Fe4Nb1,ok
MMD-2224,Nb4Fe3Si5,3,Amm2,orthorhombic,Ferromagnetic,0.21,5.69,,,,,,-570.955372,,Fe3Nb4Si5,ok
MMD-2225,NbFe4Si,3,P-3m1,trigonal,Ferromagnetic,0.83,10.63,,,,,,-85.4634,,Fe4Nb1Si1,ok
MMD-2226,Nb4FeS8,3,C2/m,monoclinic,Ferromagnetic,0.0,0.0,,,,,,-1034.94361,,Fe1Nb4S8,ok
MMD-2227,Nb3AlFe8,3,P3m1,trigonal,Ferromagnetic,0.68,9.01,,,,,,-190.418591,,Al1Fe8Nb3,ok
MMD-2228,Nb3FeSe10,3,Pm,monoclinic,Ferromagnetic,0.0,0.0,,,,,,-631.530226,,Fe1Nb3Se10,ok
MMD-2229,Nb2FeS4,3,P-3m1,trigonal,Ferromagnetic,0.0,0.0,,,,,,-907.180456,,Fe1Nb2S4,ok
MMD-2230,Nb3Fe8Si,3,P3m1,trigonal,Ferromagnetic,0.75,9.88,,,,,,-149.857193,,Fe8Nb3Si1,ok
MMD-2231,Fe2CuS3,3,P3m1,trigonal,Ferromagnetic,0.68,6.29,,,c,1.046,,-234.930988,,Cu1Fe2S3,ok
MMD-2232,Fe2AsP,3,Pmc2_1,orthorhombic,Ferromagnetic,0.22,1.87,,,a,1.983,,-355.202814,,As1Fe2P1,ok
MMD-2233,Fe23(BC)3,3,R3m,trigonal,Ferromagnetic,1.91,143.45,,,,,,-79.058562,,C3B3Fe23,ok
MMD-2234,FeSiMo,3,Amm2,orthorhombic,Ferromagnetic,0.27,7.03,,,,,,-310.325025,,Fe1Mo1Si1,ok
MMD-2235,FeSiMo,3,Amm2,orthorhombic,Ferromagnetic,0.22,5.76,,,,,,-327.130519,,Fe1Mo1Si1,ok
MMD-2236,GaFe7N2,3,Fm-3m,cubic,Ferromagnetic,1.27,44.22,-0.01,-0.004,<111>,0.056,,-61.929034,,Fe7Ga1N2,ok
MMD-2237,Ga2Fe6C,3,P4/mmm,tetragonal,Ferromagnetic,1.18,10.3,,,ab plane,0.319,,-98.947106,,C1Fe6Ga2,ok
MMD-2238,FeCuS2,3,P-4m2,tetragonal,Ferromagnetic,0.43,2.59,,,,,,-120.930591,,Cu1Fe1S2,ok
MMD-2239,FeCu3S8,3,R-3,trigonal,Ferromagnetic,0.0,0.0,,,,,,-197.239677,,Cu3Fe1S8,ok
MMD-2240,Fe2CuS3,3,P1,triclinic,Ferromagnetic,0.2,5.67,,,,,,-261.97124,,Cu1Fe2S3,ok
MMD-2241,FeMo3As4,3,Pm,monoclinic,Ferromagnetic,0.27,2.97,,,,,,-181.930534,,As4Fe1Mo3,ok
MMD-2242,Fe3Mo5N8,3,C2/m,monoclinic,Ferromagnetic,0.59,15.73,,,,,,-270.784715,,Fe3Mo5N8,ok
MMD-2243,Fe6BC,3,Pmc2_1,orthorhombic,Ferromagnetic,1.76,23.31,,,c,0.262,,-90.684294,,C1B1Fe6,ok
MMD-2244,Fe6Ge2N,3,P4/mmm,tetragonal,Ferromagnetic,1.03,8.92,,,,,,-46.439179,,Fe6Ge2N1,ok
MMD-2245,Fe3CuAs2,3,P-4m2,tetragonal,Ferromagnetic,0.97,6.65,,,c,0.791,,62.293021,,As2Cu1Fe3,ok
MMD-2246,Fe2SeS,3,P-6m2,hexagonal,Ferromagnetic,0.78,3.84,,,c,1.751,,-113.356113,,Fe2S1Se1,ok
MMD-2247,Fe12Ge3As2,3,R32,trigonal,Ferromagnetic,1.36,75.76,,,,,,-47.978398,,As2Fe12Ge3,ok
MMD-2248,Fe3(Se2S)2,3,Pm,monoclinic,Ferromagnetic,0.0,0.0,,,,,,-383.600162,,Fe3S2Se4,ok
MMD-2249,GaFe19N5,3,P4/m,tetragonal,Ferromagnetic,1.88,42.69,,,ab plane,0.319,,-55.126793,,Fe19Ga1N5,ok
MMD-2250,Fe9BP2,3,P1,triclinic,Ferromagnetic,1.58,69.62,,,,,,-298.346637,,B1Fe9P2,ok
MMD-2251,Fe4Mo2N,3,I-4m2,tetragonal,Ferromagnetic,0.92,51.08,,,,,,-74.753885,,Fe4Mo2N1,ok
MMD-2252,Fe(Mo3Se4)2,3,P1,triclinic,Ferromagnetic,0.14,3.86,,,,,,-474.476916,,Fe1Mo6Se8,ok
MMD-2253,Cr(FeAs3)2,3,P2/m,monoclinic,Ferromagnetic,0.16,4.0,,,,,,-191.756211,,As6Cr1Fe2,ok
MMD-2254,CrFe3As2,3,P-4m2,tetragonal,Ferromagnetic,1.19,8.34,,,,,,-22.063532,,As2Cr1Fe3,ok
MMD-2255,CrFe3B2,3,Fmm2,orthorhombic,Ferromagnetic,0.96,17.9,,,,,,-293.871943,,B2Cr1Fe3,ok
MMD-2256,CrGaFe2,3,Cmm2,orthorhombic,Ferromagnetic,0.99,8.37,,,,,,78.267257,,Cr1Fe2Ga1,ok
MMD-2257,CrFeAs4,3,P2/m,monoclinic,Ferromagnetic,0.24,2.0,,,,,,-168.361119,,As4Cr1Fe1,ok
MMD-2258,CrFeS2,3,P-3m1,trigonal,Ferromagnetic,0.21,0.91,,,,,,-369.955667,,Cr1Fe1S2,ok
MMD-2259,CrFeP2,3,Pmc2_1,orthorhombic,Ferromagnetic,0.48,3.9,,,,,,-561.834467,,Cr1Fe1P2,ok
MMD-2260,CrFeSi2,3,P2_1,monoclinic,Ferromagnetic,0.3,2.35,,,,,,-387.3928,,Cr1Fe1Si2,ok
MMD-2261,CrFeAs2,3,Pmn2_1,orthorhombic,Ferromagnetic,0.62,6.19,,,,,,-186.952704,0.0,As2Cr1Fe1,ok
MMD-2262,CrFeB2,3,Pmc2_1,orthorhombic,Ferromagnetic,0.73,4.16,,,,,,-423.797617,,B2Cr1Fe1,ok
MMD-2263,CrFeS4,3,Imma,orthorhombic,Ferromagnetic,0.3,11.48,,,,,,-239.742695,,Cr1Fe1S4,ok
MMD-2264,Cr9FeB6,3,I4/m,tetragonal,Ferromagnetic,0.08,2.12,,,,,,-419.565957,,B6Cr9Fe1,ok
MMD-2265,CrFeGe2,3,P2_1,monoclinic,Ferromagnetic,0.45,4.07,,,,,,-29.843814,,Cr1Fe1Ge2,ok
MMD-2266,Fe46(BC3)3,3,P1,triclinic,Ferromagnetic,1.91,95.33,,,,,,-29.947889,,C9B3Fe46,ok
MMD-2267,Cr12Fe3S20,3,P-1,triclinic,Ferromagnetic,0.46,19.95,,,,,,-604.482067,,Cr12Fe3S20,ok
MMD-2268,Cr23Ga26Fe3,3,P1,triclinic,Ferromagnetic,0.14,9.0,,,,,,-0.769071,,Cr23Fe3Ga26,ok
MMD-2269,Al3FeSi2,3,I4cm,tetragonal,Ferromagnetic,0.0,0.0,,,,,,-233.959598,,Al3Fe1Si2,ok
MMD-2270,Al37(Fe6Cu)2,3,Cm,monoclinic,Ferromagnetic,0.0,0.13,,,,,,-326.062689,0.0,Al37Cu2Fe12,ok
MMD-2271,AlVFe2,3,F-43m,cubic,Ferromagnetic,0.82,14.02,0.092,0.074,a,0.375,,-143.75195,,Al1Fe2V1,ok
MMD-2272,AlVFe2,3,P4/mmm,tetragonal,Ferromagnetic,0.0,0.0,,,,,,-385.996226,,Al1Fe2V1,ok
MMD-2273,AlCrFe2,3,P4/mmm,tetragonal,Ferromagnetic,0.25,0.98,,,,,,-167.735457,,Al1Cr1Fe2,ok
MMD-2274,Al53Fe17Si12,3,P-1,triclinic,Ferromagnetic,0.0,0.01,,,,,,-310.876563,0.0,Al53Fe17Si12,ok
MMD-2275,Al79(Fe13Si9)2,3,P-1,triclinic,Ferromagnetic,0.0,0.03,,,,,,-314.997842,0.0,Al79Fe26Si18,ok
MMD-2276,Fe7GeN6,3,Pbcn,orthorhombic,Ferromagnetic,0.15,6.89,,,,,,181.751143,,Fe7Ge1N6,ok
MMD-2277,Ga2FeN3,3,Cmc2_1,orthorhombic,Ferromagnetic,0.79,19.3,,,b,1.136,,-83.12276,,Fe1Ga2N3,ok
MMD-2278,YFeN2,3,Pbca,orthorhombic,Ferromagnetic,0.0,0.36,,,,,,-632.827836,,Fe1N2Y1,ok
MMD-2279,Al2FeN3,3,Cmc2_1,orthorhombic,Ferromagnetic,0.87,19.81,,,b,0.997,,-742.281651,,Al2Fe1N3,ok
MMD-2280,Fe4Se3N2,3,Pnma,orthorhombic,Ferromagnetic,0.21,8.73,,,,,,-15.739856,,Fe4N2Se3,ok
MMD-2281,GaFeN2,3,Pbca,orthorhombic,Ferromagnetic,0.41,26.18,,,,,,83.749961,,Fe1Ga1N2,ok
MMD-2282,GaFe2N3,3,Cmc2_1,orthorhombic,Ferromagnetic,0.0,0.01,,,,,,63.361161,,Fe2Ga1N3,ok
MMD-2283,CrFe2N3,3,C2/c,monoclinic,Ferromagnetic,0.26,9.71,,,,,,29.741207,,Cr1Fe2N3,ok
MMD-2284,CrFe2N3,3,Cmc2_1,orthorhombic,Ferromagnetic,0.2,3.83,,,,,,-157.122654,,Cr1Fe2N3,ok
MMD-2285,Cr2Fe9N8,3,C2/m,monoclinic,Ferromagnetic,0.48,14.72,,,,,,99.244179,,Cr2Fe9N8,ok
MMD-2286,FeC2N3,3,C2/c,monoclinic,Ferromagnetic,0.71,31.97,,,,,,393.927065,,C2Fe1N3,ok
MMD-2287,FeSiN2,3,P2_1/c,monoclinic,Ferromagnetic,0.55,7.18,,,,,,-208.101452,,Fe1N2Si1,ok
MMD-2288,TiFeN2,3,Pnma,orthorhombic,Ferromagnetic,0.39,5.45,,,,,,-773.439163,,Fe1N2Ti1,ok
MMD-2289,Fe5(GeN3)2,3,C2/c,monoclinic,Ferromagnetic,0.0,0.08,,,,,,210.97252,,Fe5Ge2N6,ok
MMD-2290,AlFeN2,3,I-42d,tetragonal,Ferromagnetic,0.0,0.05,,,,,,-447.530742,,Al1Fe1N2,ok
MMD-2291,AlFeN2,3,Pna2_1,orthorhombic,Ferromagnetic,0.01,0.18,,,,,,-418.719261,,Al1Fe1N2,ok
MMD-2292,FeGe7N10,3,Pc,monoclinic,Ferromagnetic,0.18,8.0,,,,,,196.733524,,Fe1Ge7N10,ok
MMD-2293,Fe2(CN2)3,3,R32,trigonal,Ferromagnetic,0.18,5.25,,,,,,383.215522,,C3Fe2N6,ok
MMD-2294,CrFeN2,3,Pbca,orthorhombic,Ferromagnetic,0.02,1.02,,,,,,-64.630595,,Cr1Fe1N2,ok
MMD-2295,Zr(FeN)4,3,P-1,triclinic,Ferromagnetic,0.51,8.04,,,,,,-197.715077,,Fe4N4Zr1,ok
MMD-2296,Fe2(CN2)3,3,R-3c,trigonal,Ferromagnetic,0.21,12.0,,,,,,208.427782,,C3Fe2N6,ok
MMD-2297,V(FeN)4,3,P-1,triclinic,Ferromagnetic,0.81,11.63,,,,,,-99.834704,,Fe4N4V1,ok
MMD-2298,Fe3SiN4,3,Pmn2_1,orthorhombic,Ferromagnetic,0.23,3.52,,,,,,-64.583146,,Fe3N4Si1,ok
MMD-2299,Fe(C2N3)3,3,Cmcm,orthorhombic,Ferromagnetic,0.2,20.0,,,,,,393.935477,,C6Fe1N9,ok
MMD-2300,Fe4CN4,3,Pnma,orthorhombic,Ferromagnetic,0.76,20.0,,,,,,204.282862,,C1Fe4N4,ok
MMD-2301,Y2FeN3,3,C2/c,monoclinic,Ferromagnetic,0.14,7.11,,,,,,-1077.385138,,Fe1N3Y2,ok
MMD-2302,Cr2Fe3N4,3,C2/c,monoclinic,Ferromagnetic,0.47,13.57,,,,,,-62.61432,,Cr2Fe3N4,ok
MMD-2303,Fe10CuN8,3,C2/m,monoclinic,Ferromagnetic,0.79,24.85,,,,,,193.496273,,Cu1Fe10N8,ok
MMD-2304,Zr(FeN)2,3,P-3m1,trigonal,Ferromagnetic,0.0,0.0,,,,,,-546.159288,,Fe2N2Zr1,ok
MMD-2305,Zn3(FeN2)2,3,C2/c,monoclinic,Ferromagnetic,0.0,0.01,,,,,,304.62459,,Fe2N4Zn3,ok
MMD-2306,VFeN2,3,P6_3/mmc,hexagonal,Ferromagnetic,0.95,5.63,,,,,,-363.537093,,Fe1N2V1,ok
MMD-2307,GaFeN2,3,I-42d,tetragonal,Ferromagnetic,0.09,1.27,,,,,,46.409629,,Fe1Ga1N2,ok
MMD-2308,CrFeN2,3,P6_3/mmc,hexagonal,Ferromagnetic,0.76,4.32,,,,,,-73.485559,,Cr1Fe1N2,ok
MMD-2309,FeSi2N3,3,Cmc2_1,orthorhombic,Ferromagnetic,0.58,12.0,,,a,1.908,,-548.624591,,Fe1N3Si2,ok
MMD-2310,GaFeN2,3,Pna2_1,orthorhombic,Ferromagnetic,0.0,0.01,,,,,,63.704506,,Fe1Ga1N2,ok
MMD-2311,FeGeN2,3,Pbca,orthorhombic,Ferromagnetic,0.52,32.2,,,,,,218.453768,,Fe1Ge1N2,ok
MMD-2312,AlFeN2,3,Pbca,orthorhombic,Ferromagnetic,0.45,26.64,,,,,,-404.528826,,Al1Fe1N2,ok
MMD-2313,TiFeN2,3,P6_3/mmc,hexagonal,Ferromagnetic,0.05,0.3,,,,,,-610.786625,,Fe1N2Ti1,ok
MMD-2314,Cr(FeN)3,3,P6_3/mmc,hexagonal,Ferromagnetic,0.98,12.51,,,,,,-36.043598,,Cr1Fe3N3,ok
MMD-2315,Zn8Fe3N8,3,C2/m,monoclinic,Ferromagnetic,0.41,19.16,,,,,,204.346543,,Fe3N8Zn8,ok
MMD-2316,FeSiN2,3,Pbca,orthorhombic,Ferromagnetic,1.09,63.88,,,,,,-418.582362,,Fe1N2Si1,ok
MMD-2317,FeSi7N10,3,Pc,monoclinic,Ferromagnetic,0.21,8.0,,,,,,-804.333322,,Fe1N10Si7,ok
MMD-2318,Fe2CuN2,3,P-3m1,trigonal,Ferromagnetic,0.0,0.0,,,,,,102.772873,,Cu1Fe2N2,ok
MMD-2319,Fe3SiN4,3,Pnma,orthorhombic,Ferromagnetic,0.0,0.02,,,,,,-142.277513,,Fe3N4Si1,ok
MMD-2320,Cr8Fe3N8,3,C2/m,monoclinic,Ferromagnetic,0.48,14.69,,,,,,-185.839211,,Cr8Fe3N8,ok
MMD-2321,ZrFeN2,3,Pnma,orthorhombic,Ferromagnetic,0.74,12.69,,,,,,-765.851094,,Fe1N2Zr1,ok
MMD-2322,AlFe2N3,3,Cmc2_1,orthorhombic,Ferromagnetic,0.0,0.01,,,,,,-264.777342,,Al1Fe2N3,ok
MMD-2323,VFe2N3,3,Cmc2_1,orthorhombic,Ferromagnetic,0.0,0.0,,,,,,-272.1623,,Fe2N3V1,ok
MMD-2324,FeGeN2,3,P2_1/c,monoclinic,Ferromagnetic,0.95,16.0,,,a,0.575,,189.143627,,Fe1Ge1N2,ok
MMD-2325,V8Fe3N8,3,C2/m,monoclinic,Ferromagnetic,0.02,0.63,,,,,,-709.295317,,Fe3N8V8,ok
MMD-2326,Zn3FeN3,3,P6_3/m,hexagonal,Ferromagnetic,0.4,6.97,,,,,,181.06795,,Fe1N3Zn3,ok
MMD-2327,Fe4Se3N2,3,Pnnm,orthorhombic,Ferromagnetic,0.14,2.82,,,,,,129.056406,,Fe4N2Se3,ok
MMD-2328,Y2Fe3N4,3,C2/c,monoclinic,Ferromagnetic,0.12,4.53,,,,,,-629.017143,,Fe3N4Y2,ok
MMD-2329,Fe4Se3N2,3,C2/m,monoclinic,Ferromagnetic,0.07,1.48,,,,,,-12.986119,,Fe4N2Se3,ok
MMD-2330,Zn5FeN4,3,Pmmn,orthorhombic,Ferromagnetic,0.0,0.0,,,,,,268.261294,,Fe1N4Zn5,ok
MMD-2331,Fe2CuN2,3,I4/mmm,tetragonal,Ferromagnetic,0.0,0.0,,,,,,129.371159,,Cu1Fe2N2,ok
MMD-2332,Al(FeS2)2,3,Imma,orthorhombic,Ferromagnetic,0.5,19.93,,,c,4.356,,-491.767229,,Al1Fe2S4,ok
MMD-2333,Y3FeB7,3,Cmcm,orthorhombic,Ferromagnetic,0.0,0.02,,,,,,-607.601612,0.0,B7Fe1Y3,ok
MMD-2334,Fe2B4Mo,3,Immm,orthorhombic,Ferromagnetic,0.28,2.84,,,,,,-403.168168,,B4Fe2Mo1,ok
MMD-2335,Ti3FeS6,3,P-31c,trigonal,Ferromagnetic,0.2,6.14,,,,,,-1143.339571,,Fe1S6Ti3,ok
MMD-2336,Zr2Fe3Si,3,P6_3/mmc,hexagonal,Ferromagnetic,0.53,7.9,,,,,,-549.949072,0.0,Fe3Si1Zr2,ok
MMD-2337,AlCrFe2,3,Fm-3m,cubic,Ferromagnetic,0.04,0.6,,,,,,-159.023073,,Al1Cr1Fe2,ok
MMD-2338,Y(Al5Fe)2,3,Cmcm,orthorhombic,Ferromagnetic,0.0,0.0,,,,,,-359.121967,0.0,Al10Fe2Y1,ok
MMD-2339,Zr4Fe4Si7,3,I4/mmm,tetragonal,Ferromagnetic,0.18,13.4,,,,,,-760.000272,0.0,Fe4Si7Zr4,ok
MMD-2340,Sc(FeGe)6,3,P6/mmm,hexagonal,Ferromagnetic,0.69,10.7,,,c,1.847,,-276.768238,0.0,Fe6Ge6Sc1,ok
MMD-2341,Zr(Fe2Si)2,3,P4_2/mnm,tetragonal,Ferromagnetic,0.48,7.32,,,,,,-512.705304,,Fe4Si2Zr1,ok
MMD-2342,Nb(FeGe)6,3,P6/mmm,hexagonal,Ferromagnetic,0.78,11.81,,,c,1.488,,-163.168937,,Fe6Ge6Nb1,ok
MMD-2343,Sc2FeS4,3,Fd-3m,cubic,Ferromagnetic,0.32,32.0,,,,,,-1423.119847,,Fe1S4Sc2,ok
MMD-2344,Ga2FeS4,3,P-3m1,trigonal,Ferromagnetic,0.32,3.99,,,ab plane,8.482,,-519.117641,,Fe1Ga2S4,ok
MMD-2345,ZrFeP,3,Pnma,orthorhombic,Ferromagnetic,0.0,0.01,,,,,,-1077.558828,0.0,Fe1P1Zr1,ok
MMD-2346,Cr2FeS4,3,Fd-3m,cubic,Ferromagnetic,0.91,78.23,,,,,,-584.936184,,Cr2Fe1S4,ok
MMD-2347,Zr2Fe3Ge,3,P6_3/mmc,hexagonal,Ferromagnetic,0.53,8.13,,,,,,-465.271708,0.0,Fe3Ge1Zr2,ok
MMD-2348,Fe2GeS4,3,Pnma,orthorhombic,Ferromagnetic,0.0,0.0,,,,,,-294.620845,,Fe2Ge1S4,ok
MMD-2349,Y(FeGe)2,3,I4/mmm,tetragonal,Ferromagnetic,0.22,3.12,,,,,,-463.676242,0.0,Fe2Ge2Y1,ok
MMD-2350,Fe2CuGe2,3,Pmma,orthorhombic,Ferromagnetic,0.48,5.54,,,,,,-78.416493,,Cu1Fe2Ge2,ok
MMD-2351,CrFeP,3,Pnma,orthorhombic,Ferromagnetic,0.33,3.82,,,,,,-563.303244,0.0,Cr1Fe1P1,ok
MMD-2352,Sc2Fe3Si5,3,P4/mnc,tetragonal,Ferromagnetic,0.0,0.0,,,,,,-692.4076,0.0,Fe3Sc2Si5,ok
MMD-2353,TiFeSi2,3,Pbam,orthorhombic,Ferromagnetic,0.0,0.0,,,,,,-684.487557,0.0,Fe1Si2Ti1,ok
MMD-2354,Nb3(Fe10B3)2,3,Fm-3m,cubic,Ferromagnetic,1.28,135.07,,,,,,-274.253737,,B6Fe20Nb3,ok
MMD-2355,VGaFe2,3,Fm-3m,cubic,Ferromagnetic,0.0,0.0,,,,,,-287.471136,0.0,Fe2Ga1V1,ok
MMD-2356,Ti(FeGe)6,3,P6/mmm,hexagonal,Ferromagnetic,0.73,11.01,,,c,1.537,,-208.344628,,Fe6Ge6Ti1,ok
MMD-2357,Nb4FeSi,3,P4/mcc,tetragonal,Ferromagnetic,0.0,0.0,,,,,,-308.669409,,Fe1Nb4Si1,ok
MMD-2358,Nb3FeS6,3,P6_322,hexagonal,Ferromagnetic,0.23,7.06,,,,,,-1029.58415,,Fe1Nb3S6,ok
MMD-2359,ScFeSi,3,Pnma,orthorhombic,Ferromagnetic,0.01,0.1,,,,,,-688.579658,0.0,Fe1Sc1Si1,ok
MMD-2360,AlFe3C,3,Pm-3m,cubic,Ferromagnetic,0.68,3.09,-0.002,-0.006,<111>,0.125,,-190.648688,0.0,C1Al1Fe3,ok
MMD-2361,FeMo3S4,3,P-1,triclinic,Ferromagnetic,0.32,7.54,,,,,,-564.750124,,Fe1Mo3S4,ok
MMD-2362,Fe2MoP12,3,Pbcn,orthorhombic,Ferromagnetic,0.0,0.0,,,,,,-379.560832,0.0,Fe2Mo1P12,ok
MMD-2363,Y3(Fe31B7)2,3,Im-3m,cubic,Ferromagnetic,1.83,279.72,,,,,,76.796558,,B14Fe62Y3,ok
MMD-2364,Al3Fe2Si3,3,P2_1/c,monoclinic,Ferromagnetic,0.0,0.0,,,,,,-354.113766,,Al3Fe2Si3,ok
MMD-2365,Al2(FeSi)3,3,P-1,triclinic,Ferromagnetic,0.0,0.0,,,,,,-479.737909,0.0,Al2Fe3Si3,ok
MMD-2366,Al2Fe3Si4,3,Cmcm,orthorhombic,Ferromagnetic,0.0,0.0,,,,,,-430.630757,,Al2Fe3Si4,ok
MMD-2367,FePSe3,3,R-3,trigonal,Ferromagnetic,0.36,23.5,,,,,,-110.848658,,Fe1P1Se3,ok
MMD-2368,Ti4FeS8,3,C2/m,monoclinic,Ferromagnetic,0.0,0.0,,,,,,-1229.868099,,Fe1S8Ti4,ok
MMD-2369,ScFeSi2,3,Cmce,orthorhombic,Ferromagnetic,0.13,15.62,,,,,,-681.101675,,Fe1Sc1Si2,ok
MMD-2370,CrGaFe2,3,Fm-3m,cubic,Ferromagnetic,0.07,1.04,,,,,,2.299508,,Cr1Fe2Ga1,ok
MMD-2371,TiAlFe2,3,Fm-3m,cubic,Ferromagnetic,0.22,3.73,,,,,,-457.511943,0.0,Al1Fe2Ti1,ok
MMD-2372,Sc3FeC4,3,Immm,orthorhombic,Ferromagnetic,0.07,1.15,,,,,,-511.647765,0.0,C4Fe1Sc3,ok
MMD-2373,FeCuS2,3,I-42d,tetragonal,Ferromagnetic,0.54,13.1,,,,,,-279.55136,,Cu1Fe1S2,ok
MMD-2374,Sc2FeSi2,3,C2/m,monoclinic,Ferromagnetic,0.0,0.01,,,,,,-779.386613,0.0,Fe1Sc2Si2,ok
MMD-2375,Sc(Al2Fe)4,3,I4/mmm,tetragonal,Ferromagnetic,0.33,10.58,,,ab plane,2.8,,-427.840426,0.0,Al8Fe4Sc1,ok
MMD-2376,Al(FeB)2,3,Cmmm,orthorhombic,Ferromagnetic,0.67,5.29,,,a,1.768,,-403.126859,0.0,Al1B2Fe2,ok
MMD-2377,VFe2Si,3,Fm-3m,cubic,Ferromagnetic,0.21,3.23,,,,,,-483.459876,0.0,Fe2Si1V1,ok
MMD-2378,Y(Al2Fe)4,3,I4/mmm,tetragonal,Ferromagnetic,0.34,11.13,,,ab plane,2.653,,-436.198721,0.0,Al8Fe4Y1,ok
MMD-2379,Al7FeCu2,3,P4/mnc,tetragonal,Ferromagnetic,0.0,0.0,,,,,,-253.268503,0.0,Al7Cu2Fe1,ok
MMD-2380,Sc3Fe2Si3,3,Cmcm,orthorhombic,Ferromagnetic,0.0,0.0,,,,,,-755.685957,0.0,Fe2Sc3Si3,ok
MMD-2381,Al3FeSi2,3,Pbcn,orthorhombic,Ferromagnetic,0.0,0.0,,,,,,-256.174395,0.0,Al3Fe1Si2,ok
MMD-2382,FeCuSe2,3,P-42m,tetragonal,Ferromagnetic,0.49,7.03,,,,,,-139.582787,,Cu1Fe1Se2,ok
MMD-2383,Sc(FeSi)2,3,Pbcm,orthorhombic,Ferromagnetic,0.18,4.06,,,,,,-686.172125,0.0,Fe2Sc1Si2,ok
MMD-2384,Ti2FeSe4,3,C2/m,monoclinic,Ferromagnetic,0.2,4.67,,,,,,-903.501442,,Fe1Se4Ti2,ok
MMD-2385,Sc(Fe2P)2,3,P4_2/mnm,tetragonal,Ferromagnetic,0.54,7.89,,,,,,-710.623288,0.0,Fe4P2Sc1,ok
MMD-2386,Y(FeSi)2,3,I4/mmm,tetragonal,Ferromagnetic,0.0,0.0,,,,,,-684.264137,0.0,Fe2Si2Y1,ok
MMD-2387,Fe3(CuS5)2,3,P1,triclinic,Ferromagnetic,0.0,0.06,,,,,,-316.298665,,Cu2Fe3S10,ok
MMD-2388,Fe4Cu2S7,3,Pmma,orthorhombic,Ferromagnetic,0.0,0.0,,,,,,-221.180552,,Cu2Fe4S7,ok
MMD-2389,Zr2Fe12P7,3,P-6,hexagonal,Ferromagnetic,0.04,0.94,,,,,,-743.735326,0.0,Fe12P7Zr2,ok
MMD-2390,Nb6Fe16Si7,3,Fm-3m,cubic,Ferromagnetic,0.14,17.12,,,,,,-446.975722,0.0,Fe16Nb6Si7,ok
MMD-2391,Y2Fe14B,3,P4_2/mnm,tetragonal,Ferromagnetic,1.57,122.53,,,,,,-114.467244,0.0,B1Fe14Y2,ok
MMD-2392,V2FeS4,3,C2/m,monoclinic,Ferromagnetic,0.16,2.77,,,,,,-825.876272,,Fe1S4V2,ok
MMD-2393,FeAsS,3,P2_1/c,monoclinic,Ferromagnetic,0.0,0.0,,,,,,-449.052689,0.0,As1Fe1S1,ok
MMD-2394,FeCN2,3,P6_3/mmc,hexagonal,Ferromagnetic,1.1,7.94,,,ab plane,0.917,,209.813806,,C1Fe1N2,ok
MMD-2395,Cr(FeSe2)2,3,C2/m,monoclinic,Ferromagnetic,0.68,14.47,,,,,,-297.924369,,Cr1Fe2Se4,ok
MMD-2396,Zr(FeSi)2,3,I4/mmm,tetragonal,Ferromagnetic,0.0,0.01,,,,,,-664.693371,,Fe2Si2Zr1,ok
MMD-2397,Fe11Mo6C5,3,C2/m,monoclinic,Ferromagnetic,0.57,23.07,,,,,,-41.229668,,C5Fe11Mo6,ok
MMD-2398,Cr2FeSe4,3,C2/m,monoclinic,Ferromagnetic,0.78,17.85,,,,,,-403.415134,,Cr2Fe1Se4,ok
MMD-2399,AlVFe2,3,Fm-3m,cubic,Ferromagnetic,0.0,0.0,,,,,,-431.504988,0.0,Al1Fe2V1,ok
MMD-2400,FePS3,3,C2/m,monoclinic,Ferromagnetic,0.43,15.86,,,c,2.023,,-247.790455,,Fe1P1S3,ok
MMD-2401,Fe2CuS3,3,Pnma,orthorhombic,Ferromagnetic,0.63,23.27,,,,,,-63.346654,,Cu1Fe2S3,ok
MMD-2402,Fe2CuS3,3,Pnma,orthorhombic,Ferromagnetic,0.55,20.37,,,,,,-259.115103,,Cu1Fe2S3,ok
MMD-2403,Ga2Fe2S5,3,R-3m,trigonal,Ferromagnetic,0.5,22.29,,,c,1.394,,-411.252854,,Fe2Ga2S5,ok
MMD-2404,Ga2Fe2S5,3,P6_3/mmc,hexagonal,Ferromagnetic,0.48,14.09,,,c,2.433,,-435.958741,,Fe2Ga2S5,ok
MMD-2405,Fe2SiS4,3,Pnma,orthorhombic,Ferromagnetic,0.64,27.09,,,,,,-342.87107,,Fe2S4Si1,ok
MMD-2406,Y2FeB,3,F-43m,cubic,Ferromagnetic,0.17,4.0,,,,,,635.271769,,B1Fe1Y2,ok
MMD-2407,TiGaFe2,3,Fm-3m,cubic,Ferromagnetic,0.21,3.51,,,,,,-355.492017,0.0,Fe2Ga1Ti1,ok
MMD-2408,FeCuS2,3,P-4m2,tetragonal,Ferromagnetic,0.56,3.45,,,,,,-277.370154,,Cu1Fe1S2,ok
MMD-2409,FeSiGe,3,Cmce,orthorhombic,Ferromagnetic,0.0,0.0,,,,,,-188.157797,,Fe1Ge1Si1,ok
MMD-2410,FeSiGe,3,Cmce,orthorhombic,Ferromagnetic,0.0,0.0,,,,,,-171.516008,,Fe1Ge1Si1,ok
MMD-2411,Fe21(MoC3)2,3,Fm-3m,cubic,Ferromagnetic,1.4,139.09,,,,,,-10.541184,,C6Fe21Mo2,ok
MMD-2412,AlFe2Mo,3,Fm-3m,cubic,Ferromagnetic,0.19,3.32,,,,,,-186.676463,,Al1Fe2Mo1,ok
MMD-2413,Fe(CuS)2,3,F-43m,cubic,Ferromagnetic,0.52,56.19,,,,,,-136.001752,,Cu2Fe1S2,ok
MMD-2414,Fe(CuS)2,3,F-43m,cubic,Ferromagnetic,0.51,55.35,,,,,,-99.076022,,Cu2Fe1S2,ok
MMD-2415,Cr(FeSe2)2,3,P1,triclinic,Ferromagnetic,0.52,6.52,,,,,,-117.654772,,Cr1Fe2Se4,ok
MMD-2416,V(FeSe2)2,3,P1,triclinic,Ferromagnetic,0.5,5.63,,,,,,-140.91671,,Fe2Se4V1,ok
MMD-2417,FeCu5S4,3,Pm,monoclinic,Ferromagnetic,0.3,4.18,,,,,,-162.033077,,Cu5Fe1S4,ok
MMD-2418,Ti(FeSe2)2,3,P-1,triclinic,Ferromagnetic,0.16,1.94,,,,,,-505.528945,,Fe2Se4Ti1,ok
MMD-2419,Sc22Fe7S40,3,P1,triclinic,Ferromagnetic,0.2,24.2,,,,,,-1247.53218,,Fe7S40Sc22,ok
MMD-2420,Fe(Mo3Se4)2,3,P-1,triclinic,Ferromagnetic,0.15,8.09,,,,,,-469.914317,,Fe1Mo6Se8,ok
MMD-2421,Fe2GeSe4,3,Pnma,orthorhombic,Ferromagnetic,0.28,13.7,,,,,,-137.828653,,Fe2Ge1Se4,ok
MMD-2422,FeCuS2,3,P3m1,trigonal,Ferromagnetic,0.56,3.75,,,c,2.291,,-228.365756,,Cu1Fe1S2,ok
MMD-2423,Fe(PS3)2,3,C2,monoclinic,Ferromagnetic,0.11,4.0,,,,,,-172.865193,,Fe1P2S6,ok
MMD-2424,FeCu5S4,3,R3m,trigonal,Ferromagnetic,0.27,11.3,,,,,,-137.68692,,Cu5Fe1S4,ok
MMD-2425,NbFeB,3,P-6m2,hexagonal,Ferromagnetic,0.0,0.0,,,,,,-158.771191,,B1Fe1Nb1,ok
MMD-2426,TiFeSi,3,Ima2,orthorhombic,Ferromagnetic,0.04,1.73,,,,,,-737.238517,0.0,Fe1Si1Ti1,ok
MMD-2427,NbAlFe2,3,Fm-3m,cubic,Ferromagnetic,0.0,0.0,,,,,,-394.611636,0.0,Al1Fe2Nb1,ok
MMD-2428,V2CrFe,3,Fm-3m,cubic,Ferromagnetic,0.0,0.0,,,,,,-165.935228,0.0,Cr1Fe1V2,ok
MMD-2429,TiFe2Si,3,Fm-3m,cubic,Ferromagnetic,0.0,0.0,,,,,,-688.728672,0.0,Fe2Si1Ti1,ok
MMD-2430,TiFe2Ge,3,Fm-3m,cubic,Ferromagnetic,0.0,0.0,,,,,,-472.177664,0.0,Fe2Ge1Ti1,ok
MMD-2431,AlFe2Si,3,Fm-3m,cubic,Ferromagnetic,0.0,0.01,,,,,,-461.835716,0.0,Al1Fe2Si1,ok
MMD-2432,Fe(SiP)4,3,P1,triclinic,Ferromagnetic,0.0,0.0,,,,,,-288.718497,0.0,Fe1P4Si4,ok
MMD-2433,ScFeGe,3,P-62m,hexagonal,Ferromagnetic,0.43,5.37,,,,,,-558.174213,0.0,Fe1Ge1Sc1,ok
MMD-2434,ZrFeSe,3,F-43m,cubic,Ferromagnetic,0.0,0.0,,,,,,-551.571102,,Fe1Se1Zr1,ok
MMD-2435,VFeSe,3,F-43m,cubic,Ferromagnetic,0.0,0.0,,,,,,-128.729722,,Fe1Se1V1,ok
MMD-2436,TiFeSe,3,F-43m,cubic,Ferromagnetic,0.0,0.0,,,,,,-578.636445,,Fe1Se1Ti1,ok
MMD-2437,NbGaFe2,3,Fm-3m,cubic,Ferromagnetic,0.0,0.0,,,,,,-266.613641,0.0,Fe2Ga1Nb1,ok
MMD-2438,Zr(FeGe)6,3,P6/mmm,hexagonal,Ferromagnetic,0.71,10.95,,,c,1.615,,-255.464019,0.0,Fe6Ge6Zr1,ok
MMD-2439,Fe5B2P,3,I4/mcm,tetragonal,Ferromagnetic,1.29,34.04,,,c,0.602,,-390.918866,0.0,B2Fe5P1,ok
MMD-2440,Ti2FeS4,3,C2/m,monoclinic,Ferromagnetic,0.22,4.38,,,,,,-1142.9309,,Fe1S4Ti2,ok
MMD-2441,VFe11C4,3,Pm,monoclinic,Ferromagnetic,1.4,18.69,,,,,,213.122721,,C4Fe11V1,ok
MMD-2442,Fe11MoC4,3,Pmm2,orthorhombic,Ferromagnetic,1.38,19.54,,,,,,148.028145,,C4Fe11Mo1,ok
MMD-2443,TiFe2As,3,Fm-3m,cubic,Ferromagnetic,0.24,4.01,,,,,,-319.406458,,As1Fe2Ti1,ok
MMD-2444,Ti2GaFe,3,F-43m,cubic,Ferromagnetic,0.0,0.0,,,,,,-212.429706,,Fe1Ga1Ti2,ok
MMD-2445,Ti2AlFe,3,F-43m,cubic,Ferromagnetic,0.0,0.02,,,,,,-211.326479,,Al1Fe1Ti2,ok
MMD-2446,Zn(FeS2)2,3,Fd-3m,cubic,Ferromagnetic,0.21,16.0,,,,,,-466.760055,,Fe2S4Zn1,ok
MMD-2447,Zn(FeS2)4,3,R-3m,trigonal,Ferromagnetic,0.37,22.49,,,,,,-344.04915,,Fe4S8Zn1,ok
MMD-2448,Zn(FeS2)4,3,R-3m,trigonal,Ferromagnetic,0.37,21.21,,,,,,-303.869282,,Fe4S8Zn1,ok
MMD-2449,ZnFe2S5,3,Pmmn,orthorhombic,Ferromagnetic,0.17,4.25,,,,,,-182.719734,,Fe2S5Zn1,ok
MMD-2450,Zn2FeN2,3,C2/m,monoclinic,Ferromagnetic,0.37,7.86,,,,,,189.331805,,Fe1N2Zn2,ok
MMD-2451,Zn(FeN)2,3,P-4m2,tetragonal,Ferromagnetic,0.61,3.2,,,ab plane,2.628,,477.707284,,Fe2N2Zn1,ok
MMD-2452,GaCo2Ni,3,Fm-3m,cubic,Ferromagnetic,0.71,11.14,0.005,0.004,a,0.108,,-82.520288,,Co2Ga1Ni1,ok
MMD-2453,MnCoSe,3,F-43m,cubic,Ferromagnetic,1.04,15.96,-0.002,-0.001,<111>,0.041,,-35.364922,,Co1Mn1Se1,ok
MMD-2454,MnCoS,3,F-43m,cubic,Ferromagnetic,1.16,15.99,0.0,0.0,a,0.016,,-41.703213,,Co1Mn1S1,ok
MMD-2455,Mn2CoAs,3,F-43m,cubic,Ferromagnetic,0.98,16.0,-0.002,-0.001,<111>,0.044,,-43.70258,,As1Co1Mn2,ok
MMD-2456,MnGaFe2,3,Fm-3m,cubic,Ferromagnetic,0.0,0.01,,,,,,115.516579,,Fe2Ga1Mn1,ok
MMD-2457,GaCo2Ni,3,I4/mmm,tetragonal,Ferromagnetic,0.76,5.99,,,ab plane,1.352,,-111.898609,,Co2Ga1Ni1,ok
MMD-2458,MnFe2Ge,3,Fm-3m,cubic,Ferromagnetic,0.76,12.08,-0.002,-0.002,<111>,0.064,,-102.506311,,Fe2Ge1Mn1,ok
MMD-2459,GaFeNi2,3,Fm-3m,cubic,Ferromagnetic,0.8,13.04,-0.002,-0.001,<111>,0.053,,-195.407717,,Fe1Ga1Ni2,ok
MMD-2460,FeNiGe,3,P6_3/mmc,hexagonal,Ferromagnetic,0.5,3.08,,,c,0.655,,-56.515742,,Fe1Ge1Ni1,ok
MMD-2461,FeCoGe,3,P6_3/mmc,hexagonal,Ferromagnetic,0.92,5.69,,,ab plane,0.746,,-100.601453,,Co1Fe1Ge1,ok
MMD-2462,Co2NiSe4,3,C2/m,monoclinic,Ferromagnetic,0.0,0.01,,,,,,-275.953059,,Co2Ni1Se4,ok
MMD-2463,Fe(CoSe2)2,3,C2/m,monoclinic,Ferromagnetic,0.23,4.61,,,,,,-266.053571,,Co2Fe1Se4,ok
MMD-2464,Co(NiSe2)2,3,C2/m,monoclinic,Ferromagnetic,0.0,0.01,,,,,,-266.494211,,Co1Ni2Se4,ok
MMD-2465,Fe(NiSe2)2,3,C2/m,monoclinic,Ferromagnetic,0.17,3.47,,,,,,-258.618143,,Fe1Ni2Se4,ok
MMD-2466,MnCoN2,3,R3m,trigonal,Ferromagnetic,0.0,0.0,,,,,,-157.754809,0.0,Co1Mn1N2,ok
MMD-2467,MnCoSi,3,P6_3/mmc,hexagonal,Ferromagnetic,0.91,5.39,,,c,1.541,,-37.662717,,Co1Mn1Si1,ok
MMD-2468,MnNiGe,3,F-43m,cubic,Ferromagnetic,0.81,12.12,0.001,0.001,a,0.051,,-136.977501,,Ge1Mn1Ni1,ok
MMD-2469,MnSiNi,3,F-43m,cubic,Ferromagnetic,0.86,12.0,-0.0,-0.0,<111>,0.015,,-241.798433,,Mn1Ni1Si1,ok
MMD-2470,MnNiP,3,F-43m,cubic,Ferromagnetic,1.24,15.98,0.0,0.0,a,0.019,,-232.504047,,Mn1Ni1P1,ok
MMD-2471,GaFeNi2,3,P4/mmm,tetragonal,Ferromagnetic,0.76,3.1,,,c,1.463,,-187.030917,,Fe1Ga1Ni2,ok
MMD-2472,MnGaFe2,3,P4/mmm,tetragonal,Ferromagnetic,1.57,6.68,,,ab plane,0.756,,-64.59367,,Fe2Ga1Mn1,ok
MMD-2473,MnGaNi2,3,P4/mmm,tetragonal,Ferromagnetic,1.01,4.25,,,ab plane,0.669,,-247.375842,,Ga1Mn1Ni2,ok
MMD-2474,YMnNi4,3,F-43m,cubic,Ferromagnetic,0.76,21.79,0.001,0.0,a,0.029,,-265.417755,,Mn1Ni4Y1,ok
MMD-2475,Fe2CoSe4,3,C2/m,monoclinic,Ferromagnetic,0.38,7.57,,,,,,-245.126508,,Co1Fe2Se4,ok
MMD-2476,CoNiAs,3,P-62m,hexagonal,Ferromagnetic,0.0,0.01,,,,,,-122.972822,,As1Co1Ni1,ok
MMD-2477,MnNiAs,3,P-62m,hexagonal,Ferromagnetic,0.98,10.18,,,c,0.73,,-223.893956,0.0,As1Mn1Ni1,ok
MMD-2478,FeNiP,3,P-62m,hexagonal,Ferromagnetic,0.44,3.75,,,ab plane,2.3,,-466.093345,,Fe1Ni1P1,ok
MMD-2479,FeNiAs,3,Amm2,orthorhombic,Ferromagnetic,0.53,10.21,,,a,1.683,,-100.374223,,As1Fe1Ni1,ok
MMD-2480,AlFeCo2,3,Fm-3m,cubic,Ferromagnetic,1.25,19.98,0.001,0.001,a,0.029,,-360.781275,0.0,Al1Co2Fe1,ok
MMD-2481,Mn2FeGe5,3,P-4n2,tetragonal,Ferromagnetic,0.0,0.0,,,,,,-72.787121,,Fe1Ge5Mn2,ok
MMD-2482,FeCoP,3,Pnma,orthorhombic,Ferromagnetic,0.72,8.14,,,c,1.315,,-551.635484,0.0,Co1Fe1P1,ok
MMD-2483,FeSiNi,3,Pnma,orthorhombic,Ferromagnetic,0.54,6.21,,,b,0.842,,-416.820109,,Fe1Ni1Si1,ok
MMD-2484,Fe2NiB,3,Pnma,orthorhombic,Ferromagnetic,1.28,17.02,,,a,0.639,,-209.85314,,B1Fe2Ni1,ok
MMD-2485,Fe2NiB,3,I-4,tetragonal,Ferromagnetic,1.3,33.84,,,ab plane,0.347,,-203.190995,,B1Fe2Ni1,ok
MMD-2486,MnZnNi2,3,Fm-3m,cubic,Ferromagnetic,1.09,17.98,0.001,0.001,a,0.029,,-154.764716,,Mn1Ni2Zn1,ok
MMD-2487,Sc2CoNi,3,Fm-3m,cubic,Ferromagnetic,0.08,1.79,,,,,,-418.262042,,Co1Ni1Sc2,ok
MMD-2488,Ti2FeCo,3,Fm-3m,cubic,Ferromagnetic,0.2,3.56,,,,,,-405.487148,,Co1Fe1Ti2,ok
MMD-2489,Mn3Ga4Ni9,3,P4/mmm,tetragonal,Ferromagnetic,0.8,13.08,,,ab plane,1.181,,-262.324057,,Ga4Mn3Ni9,ok
MMD-2490,Mn3Ga4Ni9,3,Pm-3m,cubic,Ferromagnetic,0.79,13.09,0.001,0.001,a,0.047,,-257.373955,,Ga4Mn3Ni9,ok
MMD-2491,Fe2NiC,3,Pnma,orthorhombic,Ferromagnetic,1.2,15.55,,,c,0.327,,46.369765,,C1Fe2Ni1,ok
MMD-2492,Mn2(Ni7B2)3,3,Fm-3m,cubic,Ferromagnetic,0.41,39.19,,,,,,-236.277753,,B6Mn2Ni21,ok
MMD-2493,Mn3(Co10B3)2,3,Fm-3m,cubic,Ferromagnetic,1.1,104.32,,,,,,-165.152108,,B6Co20Mn3,ok
MMD-2494,Fe3(Ni10B3)2,3,Fm-3m,cubic,Ferromagnetic,0.52,51.44,,,,,,-230.126357,,B6Fe3Ni20,ok
MMD-2495,Y6Mn14Fe9,3,Fm-3m,cubic,Ferromagnetic,0.01,0.78,,,,,,119.742301,,Fe9Mn14Y6,ok
MMD-2496,Mn2(Co7B2)3,3,Fm-3m,cubic,Ferromagnetic,1.11,106.34,,,,,,-174.711545,,B6Co21Mn2,ok
MMD-2497,Mn3(Ni10B3)2,3,Fm-3m,cubic,Ferromagnetic,0.54,52.52,,,,,,-253.109303,,B6Mn3Ni20,ok
MMD-2498,Mn6Ni16Ge7,3,Fm-3m,cubic,Ferromagnetic,0.0,0.09,,,,,,-105.229612,,Ge7Mn6Ni16,ok
MMD-2499,MnFe2P,3,Fm-3m,cubic,Ferromagnetic,1.09,16.01,-0.004,-0.004,<111>,0.064,,-235.781452,,Fe2Mn1P1,ok
MMD-2500,Mn2GaNi,3,Fm-3m,cubic,Ferromagnetic,1.58,28.74,0.0,0.0,a,0.01,,-36.910354,,Ga1Mn2Ni1,ok
MMD-2501,CoNiP,3,P-62m,hexagonal,Ferromagnetic,0.0,0.0,,,,,,-476.10138,,Co1Ni1P1,ok
MMD-2502,FeNiGe,3,P6_3/mmc,hexagonal,Ferromagnetic,0.75,4.67,,,c,1.074,,-147.156643,,Fe1Ge1Ni1,ok
MMD-2503,MnGa2Ni,3,Fm-3m,cubic,Ferromagnetic,0.67,12.29,,,,,,-138.005648,,Ga2Mn1Ni1,ok
MMD-2504,FeCoGe,3,P6_3/mmc,hexagonal,Ferromagnetic,0.74,4.57,,,c,1.436,,49.923803,,Co1Fe1Ge1,ok
MMD-2505,Fe2CoSi,3,Fm-3m,cubic,Ferromagnetic,1.19,17.86,0.004,0.004,a,0.06,,-222.823772,,Co1Fe2Si1,ok
MMD-2506,Fe2CoSi,3,F-43m,cubic,Ferromagnetic,1.31,19.88,0.004,0.004,a,0.052,,-367.630674,0.0,Co1Fe2Si1,ok
MMD-2507,Fe2SiNi,3,F-43m,cubic,Ferromagnetic,1.24,19.1,-0.0,-0.0,<111>,0.017,,-302.141032,,Fe2Ni1Si1,ok
MMD-2508,Mn3SiNi,3,P2_13,cubic,Ferromagnetic,0.77,14.75,0.01,0.007,a,0.12,,-199.853271,,Mn3Ni1Si1,ok
MMD-2509,MnCo3C,3,Pm-3m,cubic,Ferromagnetic,1.4,6.34,0.067,0.202,a,0.36,,25.470151,,C1Co3Mn1,ok
MMD-2510,MnGaFe2,3,I4/mmm,tetragonal,Ferromagnetic,1.05,8.52,,,c,0.501,,-20.548125,,Fe2Ga1Mn1,ok
MMD-2511,Fe3CoN,3,Pm-3m,cubic,Ferromagnetic,1.77,7.55,-0.001,-0.002,<111>,0.027,,15.876124,,Co1Fe3N1,ok
MMD-2512,Fe3SiNi,3,P2_13,cubic,Ferromagnetic,1.43,28.06,-0.026,-0.018,<111>,0.107,,-259.008486,,Fe3Ni1Si1,ok
MMD-2513,AlCo2Ni,3,Fm-3m,cubic,Ferromagnetic,0.68,10.68,0.011,0.01,a,0.165,,-213.977813,,Al1Co2Ni1,ok
MMD-2514,AlCo2Ni,3,I4/mmm,tetragonal,Ferromagnetic,0.75,5.81,,,ab plane,1.368,,-243.000047,,Al1Co2Ni1,ok
MMD-2515,ZrMnNi,3,Imma,orthorhombic,Ferromagnetic,0.57,8.72,,,a,1.282,,-282.293974,,Mn1Ni1Zr1,ok
MMD-2516,ZrFeCo,3,Imma,orthorhombic,Ferromagnetic,0.58,8.55,,,c,2.094,,-309.63267,,Co1Fe1Zr1,ok
MMD-2517,ZrCoNi,3,Imma,orthorhombic,Ferromagnetic,0.0,0.04,,,,,,-375.058604,,Co1Ni1Zr1,ok
MMD-2518,ZrMnFe,3,Amm2,orthorhombic,Ferromagnetic,0.57,17.13,,,b,0.634,,-233.350048,,Fe1Mn1Zr1,ok
MMD-2519,ZrMnNi,3,Amm2,orthorhombic,Ferromagnetic,0.12,3.52,,,,,,-297.426449,,Mn1Ni1Zr1,ok
MMD-2520,ZrMnFe,3,Amm2,orthorhombic,Ferromagnetic,0.58,17.12,,,a,1.557,,-231.867826,,Fe1Mn1Zr1,ok
MMD-2521,Zr5Co4Ni,3,P4/mmm,tetragonal,Ferromagnetic,0.23,3.25,,,c,0.85,,-306.677968,,Co4Ni1Zr5,ok
MMD-2522,Zr4FeNi,3,I422,tetragonal,Ferromagnetic,0.03,0.52,,,,,,-234.631827,,Fe1Ni1Zr4,ok
MMD-2523,Zr4FeCo,3,I422,tetragonal,Ferromagnetic,0.0,0.0,,,,,,-214.465572,,Co1Fe1Zr4,ok
MMD-2524,Zr4CoNi,3,I422,tetragonal,Ferromagnetic,0.0,0.0,,,,,,-296.498102,,Co1Ni1Zr4,ok
MMD-2525,Zr2MnFe3,3,R-3m,trigonal,Ferromagnetic,0.79,17.97,,,c,0.486,,-269.47793,,Fe3Mn1Zr2,ok
MMD-2526,Zr2FeCo3,3,R-3m,trigonal,Ferromagnetic,0.43,9.54,,,ab plane,3.004,,-321.56112,0.0,Co3Fe1Zr2,ok
MMD-2527,Zr2CoNi,3,Amm2,orthorhombic,Ferromagnetic,0.0,0.01,,,,,,-413.469468,0.0,Co1Ni1Zr2,ok
MMD-2528,Zr3MnCo8,3,R3m,trigonal,Ferromagnetic,0.73,29.64,,,,,,-252.104762,,Co8Mn1Zr3,ok
MMD-2529,Zr3(MnNi2)2,3,P-1,triclinic,Ferromagnetic,0.36,8.22,,,,,,-341.438123,,Mn2Ni4Zr3,ok
MMD-2530,YMnFe,3,Imma,orthorhombic,Ferromagnetic,0.72,11.96,,,b,0.873,,44.3986,,Fe1Mn1Y1,ok
MMD-2531,YCo3Ni2,3,P6/mmm,hexagonal,Ferromagnetic,0.7,4.9,,,c,2.526,,-188.806945,,Co3Ni2Y1,ok
MMD-2532,YMnCo,3,Imma,orthorhombic,Ferromagnetic,0.8,13.74,,,b,0.798,,-64.832177,,Co1Mn1Y1,ok
MMD-2533,YCoNi,3,Imma,orthorhombic,Ferromagnetic,0.23,3.54,,,b,1.217,,-284.452749,,Co1Ni1Y1,ok
MMD-2534,YFeCo,3,Imma,orthorhombic,Ferromagnetic,0.7,11.46,,,b,0.787,,-150.429211,0.0,Co1Fe1Y1,ok
MMD-2535,YFeNi4,3,P-6m2,hexagonal,Ferromagnetic,0.56,4.02,,,ab plane,1.69,,-247.680215,,Fe1Ni4Y1,ok
MMD-2536,YFeNi,3,Imma,orthorhombic,Ferromagnetic,0.5,8.2,,,c,2.069,,-220.173753,,Fe1Ni1Y1,ok
MMD-2537,Y2Mn3Co,3,R-3m,trigonal,Ferromagnetic,0.75,18.82,,,ab plane,1.419,,45.160965,,Co1Mn3Y2,ok
MMD-2538,Y2Mn3Fe,3,R-3m,trigonal,Ferromagnetic,0.0,0.03,,,,,,204.60193,,Fe1Mn3Y2,ok
MMD-2539,Y2(CoNi)5,3,Pmmm,orthorhombic,Ferromagnetic,0.64,9.05,,,a,3.313,,-172.371226,,Co5Ni5Y2,ok
MMD-2540,TiCoNi2,3,Amm2,orthorhombic,Ferromagnetic,0.2,6.45,,,,,,-389.379653,,Co1Ni2Ti1,ok
MMD-2541,Ti2CoNi,3,P4/mmm,tetragonal,Ferromagnetic,0.17,0.77,,,c,7.422,,-369.65993,,Co1Ni1Ti2,ok
MMD-2542,Ti2CoNi,3,Imm2,orthorhombic,Ferromagnetic,0.0,0.01,,,,,,-303.51468,,Co1Ni1Ti2,ok
MMD-2543,Ti4Co5Ni,3,P4/mmm,tetragonal,Ferromagnetic,0.29,3.2,,,ab plane,1.709,,-294.280706,,Co5Ni1Ti4,ok
MMD-2544,Ti4CoNi,3,F-43m,cubic,Ferromagnetic,0.0,0.01,,,,,,-297.174615,0.0,Co1Ni1Ti4,ok
MMD-2545,Ti4FeNi,3,F-43m,cubic,Ferromagnetic,0.0,0.01,,,,,,-271.103211,,Fe1Ni1Ti4,ok
MMD-2546,Nb2FeCo3,3,P6_3/mmc,hexagonal,Ferromagnetic,0.38,4.95,,,ab plane,3.206,,-177.769117,0.0,Co3Fe1Nb2,ok
MMD-2547,MnNiP2,3,Pmc2_1,orthorhombic,Ferromagnetic,0.17,1.35,,,c,2.285,,-524.043995,,Mn1Ni1P2,ok
MMD-2548,MnNiSe2,3,P-3m1,trigonal,Ferromagnetic,0.57,3.0,,,c,1.287,,-221.189662,,Mn1Ni1Se2,ok
MMD-2549,Mn5Fe5Si6,3,Amm2,orthorhombic,Ferromagnetic,0.78,24.81,,,b,1.07,,-334.790846,,Fe5Mn5Si6,ok
MMD-2550,Mn5Fe5Si6,3,Amm2,orthorhombic,Ferromagnetic,1.23,39.86,,,a,1.21,,-365.777117,,Fe5Mn5Si6,ok
MMD-2551,Mn2SiNi,3,I-4m2,tetragonal,Ferromagnetic,0.01,0.09,,,,,,-205.093371,,Mn2Ni1Si1,ok
MMD-2552,MnSi2Ni,3,P2_1,monoclinic,Ferromagnetic,0.25,1.99,,,a,1.026,,-469.287929,,Mn1Ni1Si2,ok
MMD-2553,MnSiNi2,3,P4/mmm,tetragonal,Ferromagnetic,0.98,3.96,,,ab plane,1.166,,-262.345266,,Mn1Ni2Si1,ok
MMD-2554,MnFeSi4,3,P4/mmm,tetragonal,Ferromagnetic,0.08,0.5,,,,,,-347.123044,,Fe1Mn1Si4,ok
MMD-2555,MnFeSi2,3,P2_1,monoclinic,Ferromagnetic,0.25,1.91,,,b,1.167,,-473.390133,,Fe1Mn1Si2,ok
MMD-2556,MnAlFe2,3,F-43m,cubic,Ferromagnetic,1.66,27.98,0.003,0.002,a,0.033,,-128.603208,,Al1Fe2Mn1,ok
MMD-2557,MnFeP2,3,Pmc2_1,orthorhombic,Ferromagnetic,0.45,3.58,,,a,2.41,,-593.056613,,Fe1Mn1P2,ok
MMD-2558,MnCo2Si,3,P4/mmm,tetragonal,Ferromagnetic,1.31,5.09,,,c,0.504,,-326.603219,,Co2Mn1Si1,ok
MMD-2559,MnFe3Si8,3,P4/mmm,tetragonal,Ferromagnetic,0.03,0.37,,,,,,-364.636651,,Fe3Mn1Si8,ok
MMD-2560,MnAl2Co,3,P4/mmm,tetragonal,Ferromagnetic,0.43,1.82,,,c,2.326,,-421.510714,,Al2Co1Mn1,ok
MMD-2561,MnFeB,3,Fmmm,orthorhombic,Ferromagnetic,1.21,22.45,,,b,0.518,,-318.136883,,B1Fe1Mn1,ok
MMD-2562,MnAl2Ni,3,P4/mmm,tetragonal,Ferromagnetic,0.5,2.16,,,c,2.569,,-458.799074,0.0,Al2Mn1Ni1,ok
MMD-2563,MnFePt2,3,P4/mmm,tetragonal,Ferromagnetic,1.5,6.78,,,c,1.415,,-155.302609,,Fe1Mn1Pt2,ok
MMD-2564,MnCoB,3,Fmmm,orthorhombic,Ferromagnetic,0.99,18.15,,,a,1.304,,-310.554636,,B1Co1Mn1,ok
MMD-2565,MnCoSi2,3,P2_1,monoclinic,Ferromagnetic,0.04,0.28,,,,,,-500.689409,,Co1Mn1Si2,ok
MMD-2566,MnCoB2,3,Pmc2_1,orthorhombic,Ferromagnetic,0.72,3.93,,,c,0.734,,-393.325328,,B2Co1Mn1,ok
MMD-2567,MnCoSe2,3,R-3m,trigonal,Ferromagnetic,1.0,17.8,,,ab plane,0.576,,-123.608561,,Co1Mn1Se2,ok
MMD-2568,MnCoPt2,3,P4/mmm,tetragonal,Ferromagnetic,1.35,6.49,,,c,2.502,,-180.170325,,Co1Mn1Pt2,ok
MMD-2569,MnFe4Si3,3,Amm2,orthorhombic,Ferromagnetic,1.07,33.71,,,b,1.462,,-375.150092,,Fe4Mn1Si3,ok
MMD-2570,Mn3CoAs2,3,P-4m2,tetragonal,Ferromagnetic,1.18,8.47,,,ab plane,0.974,,-127.973419,0.0,As2Co1Mn3,ok
MMD-2571,MnFe3P2,3,Pm,monoclinic,Ferromagnetic,1.2,21.06,,,b,0.036,,-494.358064,0.0,Fe3Mn1P2,ok
MMD-2572,MnAlNi6,3,P4/mmm,tetragonal,Ferromagnetic,0.65,4.91,,,ab plane,0.641,,-252.759095,,Al1Mn1Ni6,ok
MMD-2573,Mn3FeP4,3,Pm,monoclinic,Ferromagnetic,0.56,4.5,,,b,1.762,,-595.858131,,Fe1Mn3P4,ok
MMD-2574,MnCoSe2,3,P-3m1,trigonal,Ferromagnetic,0.46,2.32,,,ab plane,2.495,,-158.575687,,Co1Mn1Se2,ok
MMD-2575,Mn3Fe3Si2,3,R3m,trigonal,Ferromagnetic,0.68,15.42,,,ab plane,0.312,,-266.096145,,Fe3Mn3Si2,ok
MMD-2576,Mn3FeAs4,3,Pm,monoclinic,Ferromagnetic,0.58,5.63,,,b,2.9,,-221.704051,,As4Fe1Mn3,ok
MMD-2577,Mn3NiP2,3,Pmc2_1,orthorhombic,Ferromagnetic,1.07,12.75,,,a,1.474,,-517.419371,0.0,Mn3Ni1P2,ok
MMD-2578,Mn4FeS5,3,R-3m,trigonal,Ferromagnetic,1.49,62.61,,,c,0.364,,-390.933312,,Fe1Mn4S5,ok
MMD-2579,Mn4Si3Ni5,3,Amm2,orthorhombic,Ferromagnetic,1.2,29.87,,,b,0.307,,-307.373576,,Mn4Ni5Si3,ok
MMD-2580,Mn3Fe9P4,3,P1,triclinic,Ferromagnetic,1.32,20.34,,,,,,-332.33118,,Fe9Mn3P4,ok
MMD-2581,Mn5Fe5C4,3,P1,triclinic,Ferromagnetic,0.72,8.01,,,,,,-25.156384,,C4Fe5Mn5,ok
MMD-2582,Mn4CoS5,3,R-3m,trigonal,Ferromagnetic,1.43,58.21,,,c,0.078,,-393.02122,,Co1Mn4S5,ok
MMD-2583,Mn4FeC2,3,C2,monoclinic,Ferromagnetic,0.6,13.27,,,b,0.886,,-56.723727,,C2Fe1Mn4,ok
MMD-2584,Mn3Fe9C4,3,P1,triclinic,Ferromagnetic,1.31,16.96,,,,,,13.097029,,C4Fe9Mn3,ok
MMD-2585,Mn2FeSe3,3,P-3m1,trigonal,Ferromagnetic,1.3,10.27,,,c,1.063,,-33.269867,,Fe1Mn2Se3,ok
MMD-2586,Mn2GaNi,3,I-4m2,tetragonal,Ferromagnetic,0.0,0.0,,,,,,58.430628,,Ga1Mn2Ni1,ok
MMD-2587,Mn3Fe3Ge2,3,P-6m2,hexagonal,Ferromagnetic,1.29,10.6,,,ab plane,1.044,,-56.426792,,Fe3Ge2Mn3,ok
MMD-2588,MnGa2Ni9,3,P4/mmm,tetragonal,Ferromagnetic,0.46,5.42,,,c,0.773,,-217.328718,0.0,Ga2Mn1Ni9,ok
MMD-2589,Mn3(Co2Ge3)2,3,Cmm2,orthorhombic,Ferromagnetic,0.59,17.7,,,c,1.21,,-130.463409,,Co4Ge6Mn3,ok
MMD-2590,Mn4Co11Ge5,3,R-3m,trigonal,Ferromagnetic,1.19,71.83,,,,,,-196.73606,,Co11Ge5Mn4,ok
MMD-2591,Mn4FeGe3,3,P-31m,trigonal,Ferromagnetic,1.4,25.95,,,ab plane,0.479,,-91.786598,,Fe1Ge3Mn4,ok
MMD-2592,Mn4NiSe5,3,Immm,orthorhombic,Ferromagnetic,0.92,26.76,,,c,1.495,,-80.536796,,Mn4Ni1Se5,ok
MMD-2593,Mn4FeS5,3,C2/m,monoclinic,Ferromagnetic,1.5,41.13,,,b,0.312,,-398.327867,,Fe1Mn4S5,ok
MMD-2594,Fe2NiP,3,I-4,tetragonal,Ferromagnetic,1.08,33.31,,,ab plane,0.81,,-338.772072,,Fe2Ni1P1,ok
MMD-2595,Fe2CoSe4,3,Cm,monoclinic,Ferromagnetic,0.28,5.62,,,,,,-233.872553,,Co1Fe2Se4,ok
MMD-2596,Fe2NiSe4,3,Cm,monoclinic,Ferromagnetic,0.28,5.64,,,,,,-238.775484,,Fe2Ni1Se4,ok
MMD-2597,Fe(NiAs)2,3,Imm2,orthorhombic,Ferromagnetic,0.24,8.89,,,,,,-128.621158,,As2Fe1Ni2,ok
MMD-2598,Fe3NiAs8,3,P2/m,monoclinic,Ferromagnetic,0.05,0.88,,,,,,-247.106024,,As8Fe3Ni1,ok
MMD-2599,Fe3NiAs4,3,Pm,monoclinic,Ferromagnetic,0.0,0.0,,,,,,-213.888316,0.0,As4Fe3Ni1,ok
MMD-2600,Fe3NiP4,3,Pm,monoclinic,Ferromagnetic,0.0,0.0,,,,,,-570.482301,0.0,Fe3Ni1P4,ok
MMD-2601,GaCo2Ni,3,P4/mmm,tetragonal,Ferromagnetic,0.68,2.67,,,ab plane,1.332,,-18.728033,,Co2Ga1Ni1,ok
MMD-2602,Ga2CoNi,3,P4/mmm,tetragonal,Ferromagnetic,0.16,0.68,,,c,2.017,,-280.261416,,Co1Ga2Ni1,ok
MMD-2603,Fe3Ni3P2,3,C2,monoclinic,Ferromagnetic,0.84,25.58,,,a,0.793,,-385.619358,,Fe3Ni3P2,ok
MMD-2604,Ga2FeCo,3,P4/mmm,tetragonal,Ferromagnetic,0.09,0.38,,,ab plane,7.678,,-140.954049,,Co1Fe1Ga2,ok
MMD-2605,FeNiSe4,3,P2_1/c,monoclinic,Ferromagnetic,0.09,1.51,,,,,,-266.643394,,Fe1Ni1Se4,ok
MMD-2606,Fe3Ni3B2,3,P2_1,monoclinic,Ferromagnetic,1.06,14.11,,,a,0.933,,-213.183986,,B2Fe3Ni3,ok
MMD-2607,FeNiS4,3,P2_1/c,monoclinic,Ferromagnetic,0.18,2.59,,,,,,-362.933159,,Fe1Ni1S4,ok
MMD-2608,GaFe2Co,3,F-43m,cubic,Ferromagnetic,1.31,21.0,0.003,0.002,a,0.042,,-137.712159,,Co1Fe2Ga1,ok
MMD-2609,FeNiS2,3,P-3m1,trigonal,Ferromagnetic,0.26,1.17,,,c,6.836,,-256.552974,,Fe1Ni1S2,ok
MMD-2610,Fe3Ni3Pt2,3,Pmmm,orthorhombic,Ferromagnetic,1.33,11.11,,,b,1.358,,-152.187935,,Fe3Ni3Pt2,ok
MMD-2611,FeNiPt6,3,P4/mmm,tetragonal,Ferromagnetic,0.52,5.33,,,ab plane,2.323,,-142.072148,0.0,Fe1Ni1Pt6,ok
MMD-2612,FeNiAs4,3,P2/m,monoclinic,Ferromagnetic,0.08,0.62,,,,,,-246.150802,,As4Fe1Ni1,ok
MMD-2613,FeNiB,3,Fmmm,orthorhombic,Ferromagnetic,0.82,15.02,,,b,0.403,,-256.295454,,B1Fe1Ni1,ok
MMD-2614,FeCoSe2,3,P-3m1,trigonal,Ferromagnetic,0.25,1.25,,,c,5.496,,-65.928211,,Co1Fe1Se2,ok
MMD-2615,FeNiPt2,3,P4/mmm,tetragonal,Ferromagnetic,0.91,4.14,,,c,5.353,,-146.965574,,Fe1Ni1Pt2,ok
MMD-2616,FeCoS2,3,P-3m1,trigonal,Ferromagnetic,0.0,0.0,,,,,,-267.750329,,Co1Fe1S2,ok
MMD-2617,FeCoAs4,3,P2/m,monoclinic,Ferromagnetic,0.06,0.48,,,,,,-267.02351,,As4Co1Fe1,ok
MMD-2618,FeCuNi,3,P3m1,trigonal,Ferromagnetic,1.08,3.02,,,c,1.656,,70.92368,,Cu1Fe1Ni1,ok
MMD-2619,FeCo3S8,3,R-3,trigonal,Ferromagnetic,0.21,8.97,,,,,,-401.296467,,Co3Fe1S8,ok
MMD-2620,FeCoSi2,3,P2_1,monoclinic,Ferromagnetic,0.27,2.03,,,c,2.053,,-557.526126,,Co1Fe1Si2,ok
MMD-2621,FeCoB,3,Fmmm,orthorhombic,Ferromagnetic,1.3,23.85,,,a,0.62,,-287.675402,,B1Co1Fe1,ok
MMD-2622,FeNiP6,3,C2/m,monoclinic,Ferromagnetic,0.0,0.0,,,,,,-418.445761,0.0,Fe1Ni1P6,ok
MMD-2623,FeCoPt2,3,P4/mmm,tetragonal,Ferromagnetic,1.22,5.46,,,c,3.07,,-115.638076,,Co1Fe1Pt2,ok
MMD-2624,FeCoB2,3,Pmc2_1,orthorhombic,Ferromagnetic,0.4,2.15,,,c,1.342,,-376.728443,,B2Co1Fe1,ok
MMD-2625,FeCoS4,3,P2_1/c,monoclinic,Ferromagnetic,0.14,1.91,,,c,3.074,,-436.101268,,Co1Fe1S4,ok
MMD-2626,FeCoPt2,3,R3m,trigonal,Ferromagnetic,1.09,15.07,,,ab plane,1.021,,-7.826429,,Co1Fe1Pt2,ok
MMD-2627,Fe7Ni5P4,3,P1,triclinic,Ferromagnetic,0.93,14.19,,,,,,-384.873022,,Fe7Ni5P4,ok
MMD-2628,Fe3Ni3Ge2,3,R3m,trigonal,Ferromagnetic,0.85,20.59,,,c,0.999,,-70.432106,,Fe3Ge2Ni3,ok
MMD-2629,FeNiS2,3,Imm2,orthorhombic,Ferromagnetic,0.38,24.0,,,,,,-171.426106,,Fe1Ni1S2,ok
MMD-2630,FeNi2Ge,3,P4/mmm,tetragonal,Ferromagnetic,0.61,2.39,,,c,1.928,,-154.991559,,Fe1Ge1Ni2,ok
MMD-2631,Ga2FeNi9,3,P4/mmm,tetragonal,Ferromagnetic,0.53,6.11,,,ab plane,0.101,,-208.433411,,Fe1Ga2Ni9,ok
MMD-2632,Fe(CoSe2)2,3,Cm,monoclinic,Ferromagnetic,0.18,3.45,,,,,,-242.445922,,Co2Fe1Se4,ok
MMD-2633,Fe3Co3B2,3,P2_1,monoclinic,Ferromagnetic,1.55,20.62,,,a,0.504,,-230.603483,,B2Co3Fe3,ok
MMD-2634,Fe3Si2Ni3,3,Pmmm,orthorhombic,Ferromagnetic,0.85,6.46,,,c,1.155,,-321.770213,,Fe3Ni3Si2,ok
MMD-2635,Fe3Co3Si2,3,R3m,trigonal,Ferromagnetic,1.41,32.06,,,c,0.149,,-374.251911,0.0,Co3Fe3Si2,ok
MMD-2636,Fe4NiSe10,3,P2/m,monoclinic,Ferromagnetic,0.0,0.02,,,,,,-322.142194,,Fe4Ni1Se10,ok
MMD-2637,Fe5Ni4P3,3,P1,triclinic,Ferromagnetic,0.9,40.62,,,,,,-383.6399,,Fe5Ni4P3,ok
MMD-2638,Fe3Co3Ge2,3,R3m,trigonal,Ferromagnetic,1.24,29.99,,,c,0.4,,-30.238493,,Co3Fe3Ge2,ok
MMD-2639,Fe4Ni5P3,3,P1,triclinic,Ferromagnetic,0.77,35.18,,,,,,-390.921095,,Fe4Ni5P3,ok
MMD-2640,FeNi35S32,3,I222,orthorhombic,Ferromagnetic,0.01,1.12,,,,,,-377.524554,,Fe1Ni35S32,ok
MMD-2641,CoNiPt2,3,P4/mmm,tetragonal,Ferromagnetic,0.73,3.31,,,c,4.587,,-89.94946,,Co1Ni1Pt2,ok
MMD-2642,CoSi4Ni,3,R-3m,trigonal,Ferromagnetic,0.0,0.0,,,,,,-449.747442,0.0,Co1Ni1Si4,ok
MMD-2643,CoNiAs2,3,P-3m1,trigonal,Ferromagnetic,0.0,0.0,,,,,,-244.642504,,As2Co1Ni1,ok
MMD-2644,CoSi4Ni3,3,Pm,monoclinic,Ferromagnetic,0.0,0.0,,,,,,-523.416262,0.0,Co1Ni3Si4,ok
MMD-2645,CoNiSe2,3,P-3m1,trigonal,Ferromagnetic,0.0,0.0,,,,,,-178.731743,,Co1Ni1Se2,ok
MMD-2646,CoNiGe,3,P6_3/mmc,hexagonal,Ferromagnetic,0.15,0.89,,,c,3.169,,-161.86148,,Co1Ge1Ni1,ok
MMD-2647,Co5NiS8,3,F-43m,cubic,Ferromagnetic,0.01,0.66,,,,,,-468.189997,0.0,Co5Ni1S8,ok
MMD-2648,CoNiGe,3,P6_3/mmc,hexagonal,Ferromagnetic,0.0,0.0,,,,,,-171.622254,,Co1Ge1Ni1,ok
MMD-2649,CoNiP,3,P-62m,hexagonal,Ferromagnetic,0.0,0.0,,,,,,-566.418859,0.0,Co1Ni1P1,ok
MMD-2650,CoNiS4,3,P2_1/c,monoclinic,Ferromagnetic,0.06,0.89,,,,,,-296.877485,,Co1Ni1S4,ok
MMD-2651,CoNi5S8,3,F-43m,cubic,Ferromagnetic,0.0,0.02,,,,,,-386.35203,,Co1Ni5S8,ok
MMD-2652,CoNiSe4,3,P2_1/c,monoclinic,Ferromagnetic,0.0,0.01,,,,,,-255.054863,,Co1Ni1Se4,ok
MMD-2653,CoNiPt2,3,R3m,trigonal,Ferromagnetic,0.66,9.38,,,c,3.327,,3.426675,,Co1Ni1Pt2,ok
MMD-2654,Co7NiP4,3,Pm,monoclinic,Ferromagnetic,0.0,0.01,,,,,,-528.774812,0.0,Co7Ni1P4,ok
MMD-2655,Co3Ni3S8,3,R-3m,trigonal,Ferromagnetic,0.0,0.0,,,,,,-414.120193,,Co3Ni3S8,ok
MMD-2656,Co(NiS2)2,3,P2/m,monoclinic,Ferromagnetic,0.0,0.0,,,,,,-334.068779,,Co1Ni2S4,ok
MMD-2657,Co(NiSe2)2,3,Cm,monoclinic,Ferromagnetic,0.0,0.0,,,,,,-277.653042,,Co1Ni2Se4,ok
MMD-2658,Co3Ni9P4,3,P1,triclinic,Ferromagnetic,0.26,3.82,,,,,,-384.760426,,Co3Ni9P4,ok
MMD-2659,Al5FeNi,3,Amm2,orthorhombic,Ferromagnetic,0.0,0.0,,,,,,-382.06725,0.0,Al5Fe1Ni1,ok
MMD-2660,Al9Co2Ni,3,Immm,orthorhombic,Ferromagnetic,0.0,0.0,,,,,,-397.140373,,Al9Co2Ni1,ok
MMD-2661,Al2FeCo,3,P4/mmm,tetragonal,Ferromagnetic,0.13,0.51,,,ab plane,2.789,,-467.096266,0.0,Al2Co1Fe1,ok
MMD-2662,Al2FeNi,3,P4/mmm,tetragonal,Ferromagnetic,0.0,0.0,,,,,,-522.115608,0.0,Al2Fe1Ni1,ok
MMD-2663,Al2CoNi,3,P4/mmm,tetragonal,Ferromagnetic,0.12,0.47,,,ab plane,2.5,,-614.028472,,Al2Co1Ni1,ok
MMD-2664,AlCoNi6,3,P4/mmm,tetragonal,Ferromagnetic,0.62,4.64,,,c,0.814,,-202.000035,,Al1Co1Ni6,ok
MMD-2665,Mn3Co8N9,3,P2_1/c,monoclinic,Ferromagnetic,0.07,4.88,,,,,,176.261796,,Co8Mn3N9,ok
MMD-2666,Mn5NiN4,3,Pmmn,orthorhombic,Ferromagnetic,0.75,13.47,,,c,2.063,,-101.051804,,Mn5N4Ni1,ok
MMD-2667,Mn3Ni8N9,3,P2_1/c,monoclinic,Ferromagnetic,0.0,0.1,,,,,,245.673955,,Mn3N9Ni8,ok
MMD-2668,MnNi5N4,3,Pmmn,orthorhombic,Ferromagnetic,0.0,0.07,,,,,,130.188682,,Mn1N4Ni5,ok
MMD-2669,Mn2NiN2,3,P-3m1,trigonal,Ferromagnetic,0.0,0.02,,,,,,73.985012,,Mn2N2Ni1,ok
MMD-2670,Mn(NiN)3,3,P6_3/m,hexagonal,Ferromagnetic,0.0,0.0,,,,,,147.464569,,Mn1N3Ni3,ok
MMD-2671,Fe2CoN2,3,I4/mmm,tetragonal,Ferromagnetic,1.54,12.34,,,c,0.136,,137.757127,,Co1Fe2N2,ok
MMD-2672,Fe(CoN)2,3,P-3m1,trigonal,Ferromagnetic,0.41,1.56,,,c,2.603,,263.119163,,Co2Fe1N2,ok
MMD-2673,Fe(NiN)3,3,P6_3/mmc,hexagonal,Ferromagnetic,0.18,2.37,,,c,3.885,,269.975942,,Fe1N3Ni3,ok
MMD-2674,Mn(CoN)2,3,P-3m1,trigonal,Ferromagnetic,0.91,3.63,,,c,1.617,,95.575494,,Co2Mn1N2,ok
MMD-2675,Mn(CoN)2,3,Pmmn,orthorhombic,Ferromagnetic,0.67,5.3,,,b,0.875,,191.384248,,Co2Mn1N2,ok
MMD-2676,Mn(Fe5N4)2,3,C2/m,monoclinic,Ferromagnetic,0.72,21.51,,,,,,115.796257,,Fe10Mn1N8,ok
MMD-2677,Co2NiN2,3,R-3m,trigonal,Ferromagnetic,0.0,0.0,,,,,,152.627972,,Co2N2Ni1,ok
MMD-2678,Mn3(FeN2)2,3,C2/c,monoclinic,Ferromagnetic,0.12,3.53,,,,,,-116.038518,,Fe2Mn3N4,ok
MMD-2679,Mn2CoN2,3,C2/m,monoclinic,Ferromagnetic,0.33,2.78,,,c,3.155,,-17.770278,,Co1Mn2N2,ok
MMD-2680,MnNiN2,3,P6_3/mmc,hexagonal,Ferromagnetic,0.0,0.0,,,,,,-3.774567,,Mn1N2Ni1,ok
MMD-2681,Fe10NiN8,3,C2/m,monoclinic,Ferromagnetic,0.68,20.57,,,,,,167.39203,,Fe10N8Ni1,ok
MMD-2682,Mn(NiN)2,3,P-3m1,trigonal,Ferromagnetic,0.2,0.75,,,c,6.447,,222.82449,,Mn1N2Ni2,ok
MMD-2683,Mn(NiN)2,3,Pnma,orthorhombic,Ferromagnetic,0.0,0.04,,,,,,175.167077,,Mn1N2Ni2,ok
MMD-2684,Co2NiN2,3,I4/mmm,tetragonal,Ferromagnetic,0.0,0.0,,,,,,238.684686,,Co2N2Ni1,ok
MMD-2685,Mn2FeN2,3,P-3m1,trigonal,Ferromagnetic,0.38,1.54,,,c,1.803,,53.06867,,Fe1Mn2N2,ok
MMD-2686,Mn2FeN2,3,Cmc2_1,orthorhombic,Ferromagnetic,0.6,10.82,,,a,2.13,,1.74584,,Fe1Mn2N2,ok
MMD-2687,Mn(CoN)3,3,P2_1/m,monoclinic,Ferromagnetic,0.24,2.73,,,,,,158.611729,,Co3Mn1N3,ok
MMD-2688,Mn10CoN8,3,Immm,orthorhombic,Ferromagnetic,1.04,36.33,,,,,,-157.640493,,Co1Mn10N8,ok
MMD-2689,CoNiN,3,P-6m2,hexagonal,Ferromagnetic,0.0,0.0,,,,,,154.129519,,Co1N1Ni1,ok
MMD-2690,Fe(CoN)3,3,P6_3/mmc,hexagonal,Ferromagnetic,0.0,0.0,,,,,,209.554991,,Co3Fe1N3,ok
MMD-2691,Mn(CoN)4,3,P-1,triclinic,Ferromagnetic,0.02,0.27,,,,,,174.770513,,Co4Mn1N4,ok
MMD-2692,Mn2Fe9N8,3,C2/m,monoclinic,Ferromagnetic,0.76,24.2,,,,,,123.049787,,Fe9Mn2N8,ok
MMD-2693,Mn3(CoN)8,3,C2/m,monoclinic,Ferromagnetic,0.27,8.07,,,,,,157.595654,,Co8Mn3N8,ok
MMD-2694,Fe2Ni3N4,3,C2/c,monoclinic,Ferromagnetic,0.0,0.03,,,,,,276.900202,,Fe2N4Ni3,ok
MMD-2695,Mn3CoN3,3,Cmcm,orthorhombic,Ferromagnetic,0.99,24.61,,,,,,-81.083228,,Co1Mn3N3,ok
MMD-2696,Fe2Co3N4,3,C2/c,monoclinic,Ferromagnetic,0.0,0.01,,,,,,196.013389,,Co3Fe2N4,ok
MMD-2697,Fe2Co9N8,3,C2/m,monoclinic,Ferromagnetic,0.12,3.84,,,,,,264.07808,,Co9Fe2N8,ok
MMD-2698,CoNi5N4,3,Pmmn,orthorhombic,Ferromagnetic,0.0,0.0,,,,,,262.534546,,Co1N4Ni5,ok
MMD-2699,Mn2NiN2,3,Cmc2_1,orthorhombic,Ferromagnetic,0.66,12.41,,,c,2.078,,-18.50404,,Mn2N2Ni1,ok
MMD-2700,Fe3(CoN)8,3,C2/m,monoclinic,Ferromagnetic,0.13,3.83,,,,,,238.56852,,Co8Fe3N8,ok
MMD-2701,Fe2CoN2,3,C2/m,monoclinic,Ferromagnetic,0.37,2.84,,,c,2.809,,260.743172,,Co1Fe2N2,ok
MMD-2702,Mn8Fe3N8,3,C2/m,monoclinic,Ferromagnetic,1.74,53.25,,,c,0.601,,-151.715753,,Fe3Mn8N8,ok
MMD-2703,Fe2Ni9N8,3,C2/m,monoclinic,Ferromagnetic,0.03,1.23,,,,,,312.360148,,Fe2N8Ni9,ok
MMD-2704,FeCo5N4,3,Pmmn,orthorhombic,Ferromagnetic,0.0,0.0,,,,,,139.988666,,Co5Fe1N4,ok
MMD-2705,Co5NiN4,3,Pmmn,orthorhombic,Ferromagnetic,0.0,0.0,,,,,,225.449333,,Co5N4Ni1,ok
MMD-2706,Mn2CoN2,3,I4/mmm,tetragonal,Ferromagnetic,1.61,13.07,,,ab plane,0.331,,-173.108065,,Co1Mn2N2,ok
MMD-2707,Mn2NiN2,3,Pmmn,orthorhombic,Ferromagnetic,1.38,11.19,,,c,0.574,,-180.519906,,Mn2N2Ni1,ok
MMD-2708,Mn3Fe3N5,3,P-1,triclinic,Ferromagnetic,0.41,7.52,,,,,,1202.911347,,Fe3Mn3N5,ok
MMD-2709,Mn2CoN2,3,Cmc2_1,orthorhombic,Ferromagnetic,0.47,8.77,,,,,,88.182287,,Co1Mn2N2,ok
MMD-2710,Mn3(FeN)8,3,C2/m,monoclinic,Ferromagnetic,0.9,29.57,,,,,,49.57177,,Fe8Mn3N8,ok
MMD-2711,FeNi5N4,3,Pmmn,orthorhombic,Ferromagnetic,0.0,0.01,,,,,,210.758769,,Fe1N4Ni5,ok
MMD-2712,Mn3(FeN2)2,3,Pnna,orthorhombic,Ferromagnetic,0.02,0.68,,,,,,28.358115,,Fe2Mn3N4,ok
MMD-2713,Fe(CoN)2,3,I4/mmm,tetragonal,Ferromagnetic,0.81,6.3,,,ab plane,1.07,,239.439775,,Co2Fe1N2,ok
MMD-2714,Mn10FeN8,3,Immm,orthorhombic,Ferromagnetic,1.1,38.61,,,b,0.77,,-156.456046,,Fe1Mn10N8,ok
MMD-2715,Mn10CoN9,3,P2_1/c,monoclinic,Ferromagnetic,0.01,0.7,,,,,,10.800014,,Co1Mn10N9,ok
MMD-2716,Fe2NiN2,3,Pmmn,orthorhombic,Ferromagnetic,0.47,3.68,,,a,1.805,,152.109808,,Fe2N2Ni1,ok
MMD-2717,Fe10CoN8,3,C2/m,monoclinic,Ferromagnetic,0.68,21.48,,,,,,170.11887,,Co1Fe10N8,ok
MMD-2718,Fe(Co5N4)2,3,C2/m,monoclinic,Ferromagnetic,0.08,2.27,,,,,,269.641823,,Co10Fe1N8,ok
MMD-2719,Co(NiN)2,3,I4/mmm,tetragonal,Ferromagnetic,0.19,1.45,,,c,11.046,,383.159791,,Co1N2Ni2,ok
MMD-2720,Mn2Co9N8,3,C2/m,monoclinic,Ferromagnetic,0.06,1.89,,,,,,203.085729,,Co9Mn2N8,ok
MMD-2721,Fe5NiN4,3,Pmmn,orthorhombic,Ferromagnetic,0.0,0.01,,,,,,130.192977,,Fe5N4Ni1,ok
MMD-2722,Fe5CoN4,3,Pmmn,orthorhombic,Ferromagnetic,0.08,1.22,,,,,,99.192329,,Co1Fe5N4,ok
MMD-2723,Mn3FeN3,3,P6_3/mmc,hexagonal,Ferromagnetic,1.06,13.69,,,,,,-168.66792,,Fe1Mn3N3,ok
MMD-2724,MnCo5N4,3,Pmmn,orthorhombic,Ferromagnetic,0.0,0.0,,,,,,78.910636,,Co5Mn1N4,ok
MMD-2725,Mn(FeN)2,3,P-3m1,trigonal,Ferromagnetic,0.7,2.75,,,ab plane,0.849,,28.916108,,Fe2Mn1N2,ok
MMD-2726,Mn2FeN2,3,Pmmn,orthorhombic,Ferromagnetic,1.39,11.08,,,c,0.907,,-156.813375,,Fe1Mn2N2,ok
MMD-2727,MnFe5N4,3,Pmmn,orthorhombic,Ferromagnetic,0.02,0.28,,,,,,16.190726,,Fe5Mn1N4,ok
MMD-2728,Mn5CoN4,3,Pmmn,orthorhombic,Ferromagnetic,0.15,2.42,,,,,,-46.818783,,Co1Mn5N4,ok
MMD-2729,Mn5FeN4,3,Pmmn,orthorhombic,Ferromagnetic,0.86,14.01,,,b,0.816,,-102.535057,,Fe1Mn5N4,ok
MMD-2730,Mn2AlCo,3,F-43m,cubic,Ferromagnetic,0.49,8.0,0.0,0.0,a,0.035,,-263.088688,,Al1Co1Mn2,ok
MMD-2731,Mn2CoSi,3,F-43m,cubic,Ferromagnetic,0.79,12.0,-0.033,-0.029,<111>,0.244,,-355.898363,,Co1Mn2Si1,ok
MMD-2732,FeNiPt2,3,P4/mmm,tetragonal,Ferromagnetic,1.01,4.79,,,c,1.655,,-212.558892,0.0,Fe1Ni1Pt2,ok
MMD-2733,MnCoSi,3,Pnma,orthorhombic,Ferromagnetic,1.13,13.91,,,a,0.525,,-443.320404,,Co1Mn1Si1,ok
MMD-2734,MnCo2Ge,3,Fm-3m,cubic,Ferromagnetic,1.23,20.0,0.003,0.003,a,0.049,,-234.116908,0.0,Co2Ge1Mn1,ok
MMD-2735,MnNiGe,3,Pnma,orthorhombic,Ferromagnetic,0.88,11.93,,,a,1.035,,-239.656919,0.0,Ge1Mn1Ni1,ok
MMD-2736,Mn2GaCo,3,F-43m,cubic,Ferromagnetic,1.07,18.82,-0.327,-0.256,<111>,0.529,,33.114247,,Co1Ga1Mn2,ok
MMD-2737,MnGaNi2,3,Fm-3m,cubic,Ferromagnetic,0.99,16.42,0.0,0.0,a,0.021,,-266.510252,,Ga1Mn1Ni2,ok
MMD-2738,MnCoP,3,Pnma,orthorhombic,Ferromagnetic,1.02,11.91,,,a,0.899,,-632.182709,0.0,Co1Mn1P1,ok
MMD-2739,Mn3NiN,3,Pm-3m,cubic,Ferromagnetic,1.82,8.84,-0.0,-0.001,<111>,0.021,,-124.433705,,Mn3N1Ni1,ok
MMD-2740,Mn2Co2C,3,P4/mmm,tetragonal,Ferromagnetic,0.02,0.07,,,,,,321.730917,,C1Co2Mn2,ok
MMD-2741,GaCo2Ni,3,P4/mmm,tetragonal,Ferromagnetic,0.76,3.02,,,ab plane,0.516,,-110.122588,,Co2Ga1Ni1,ok
MMD-2742,MnCoGe,3,P6_3/mmc,hexagonal,Ferromagnetic,0.97,6.23,,,c,0.756,,-165.435569,,Co1Ge1Mn1,ok
MMD-2743,MnSiNi,3,Pnma,orthorhombic,Ferromagnetic,0.91,11.18,,,a,1.002,,-480.306853,0.0,Mn1Ni1Si1,ok
MMD-2744,MnNiGe,3,P6_3/mmc,hexagonal,Ferromagnetic,0.9,5.93,,,c,0.524,,-210.572751,,Ge1Mn1Ni1,ok
MMD-2745,MnGaCo2,3,Fm-3m,cubic,Ferromagnetic,1.03,16.45,0.005,0.004,a,0.072,,-210.770309,0.0,Co2Ga1Mn1,ok
MMD-2746,MnCoGe,3,Pnma,orthorhombic,Ferromagnetic,1.11,14.89,,,a,0.475,,-177.887426,,Co1Ge1Mn1,ok
MMD-2747,Mn6Ni16As7,3,Fm-3m,cubic,Ferromagnetic,0.79,98.85,,,,,,-180.531301,,As7Mn6Ni16,ok
MMD-2748,Mn3(Ni10P3)2,3,Fm-3m,cubic,Ferromagnetic,0.5,56.99,,,,,,-362.969686,,Mn3Ni20P6,ok
MMD-2749,MnNi2Ge,3,Fm-3m,cubic,Ferromagnetic,0.95,15.91,0.001,0.001,a,0.028,,-205.266183,,Ge1Mn1Ni2,ok
MMD-2750,Mn2CoGe,3,F-43m,cubic,Ferromagnetic,0.74,12.0,0.003,0.002,a,0.073,,-135.560506,,Co1Ge1Mn2,ok
MMD-2751,Mn6Si7Ni16,3,Fm-3m,cubic,Ferromagnetic,0.77,90.3,,,,,,-424.988416,0.0,Mn6Ni16Si7,ok
MMD-2752,FeCo2Ge,3,Fm-3m,cubic,Ferromagnetic,1.39,22.37,-0.007,-0.006,<111>,0.061,,-156.256473,0.0,Co2Fe1Ge1,ok
MMD-2753,Mn6Ni16P7,3,Fm-3m,cubic,Ferromagnetic,0.85,96.33,,,,,,-412.842416,,Mn6Ni16P7,ok
MMD-2754,Co2NiS4,3,Fd-3m,cubic,Ferromagnetic,0.0,0.01,,,,,,-481.825766,0.0,Co2Ni1S4,ok
MMD-2755,Mn2Co3Ge,3,P6_3/mmc,hexagonal,Ferromagnetic,1.71,22.27,,,c,0.362,,-24.053525,,Co3Ge1Mn2,ok
MMD-2756,Fe2CoGe,3,Fm-3m,cubic,Ferromagnetic,1.34,21.53,0.007,0.006,a,0.065,,-9.980512,,Co1Fe2Ge1,ok
MMD-2757,Mn6Al31Ni2,3,Cmcm,orthorhombic,Ferromagnetic,0.02,3.82,,,,,,-218.925892,,Al31Mn6Ni2,ok
MMD-2758,GaFeCo2,3,Fm-3m,cubic,Ferromagnetic,1.26,20.1,-0.001,-0.001,<111>,0.031,,-214.284562,0.0,Co2Fe1Ga1,ok
MMD-2759,MnAlFe2,3,Fm-3m,cubic,Ferromagnetic,0.51,8.07,0.762,0.667,a,1.787,,-187.630917,0.0,Al1Fe2Mn1,ok
MMD-2760,AlFe2Ni,3,Fm-3m,cubic,Ferromagnetic,1.1,17.81,0.002,0.001,a,0.038,,-96.851189,,Al1Fe2Ni1,ok
MMD-2761,MnAlCo2,3,Fm-3m,cubic,Ferromagnetic,1.01,16.1,0.004,0.003,a,0.064,,-354.169557,0.0,Al1Co2Mn1,ok
MMD-2762,MnFeAs,3,P-62m,hexagonal,Ferromagnetic,1.27,12.82,,,ab plane,0.373,,-169.78386,0.0,As1Fe1Mn1,ok
MMD-2763,MnCo2Si,3,Fm-3m,cubic,Ferromagnetic,1.3,20.0,-0.0,-0.0,<111>,0.013,,-437.562209,0.0,Co2Mn1Si1,ok
MMD-2764,MnAlNi2,3,Fm-3m,cubic,Ferromagnetic,1.0,16.58,0.0,0.0,a,0.017,,-395.266016,0.0,Al1Mn1Ni2,ok
MMD-2765,Fe(NiS2)2,3,Fd-3m,cubic,Ferromagnetic,0.04,2.78,,,,,,-382.384054,,Fe1Ni2S4,ok
MMD-2766,MnFeAs,3,P4/nmm,tetragonal,Ferromagnetic,1.15,8.05,,,ab plane,0.803,,-112.399107,,As1Fe1Mn1,ok
MMD-2767,FeCo2Si,3,Fm-3m,cubic,Ferromagnetic,1.42,21.73,-0.008,-0.008,<111>,0.068,,-358.532831,,Co2Fe1Si1,ok
MMD-2768,MnFe2Si,3,Fm-3m,cubic,Ferromagnetic,0.8,12.01,0.01,0.009,a,0.136,,-334.510571,0.0,Fe2Mn1Si1,ok
MMD-2769,MnSiNi,3,P6_3/mmc,hexagonal,Ferromagnetic,0.72,4.25,,,c,0.808,,-244.230804,,Mn1Ni1Si1,ok
MMD-2770,Fe3NiN,3,Pm-3m,cubic,Ferromagnetic,1.74,8.01,-0.001,-0.003,<111>,0.037,,-53.460346,,Fe3N1Ni1,ok
MMD-2771,Fe2NiP,3,I-4,tetragonal,Ferromagnetic,1.0,30.04,,,c,0.372,,-382.502177,,Fe2Ni1P1,ok
MMD-2772,MnNiGe,3,P6_3/mmc,hexagonal,Ferromagnetic,1.08,7.42,,,c,1.142,,87.123117,,Ge1Mn1Ni1,ok
MMD-2773,MnGaNi2,3,I4/mmm,tetragonal,Ferromagnetic,1.0,8.3,,,ab plane,1.407,,-274.07281,0.0,Ga1Mn1Ni2,ok
MMD-2774,MnGaNi2,3,Pnnm,orthorhombic,Ferromagnetic,1.01,58.49,,,,,,-270.271978,,Ga1Mn1Ni2,ok
MMD-2775,GaFe2Ni,3,Fm-3m,cubic,Ferromagnetic,1.2,19.82,0.005,0.004,a,0.061,,-7.765972,,Fe2Ga1Ni1,ok
MMD-2776,MnGa2Co,3,Fm-3m,cubic,Ferromagnetic,0.42,7.07,-0.003,-0.003,<111>,0.142,,-62.643838,,Co1Ga2Mn1,ok
MMD-2777,FeNiN,3,P4/mmm,tetragonal,Ferromagnetic,0.96,2.41,,,ab plane,1.876,,26.381792,,Fe1N1Ni1,ok
MMD-2778,FeNiMo,3,F-43m,cubic,Ferromagnetic,0.2,2.96,0.001,0.001,a,0.156,,553.511668,,Fe1Mo1Ni1,ok
MMD-2779,GaFe2Co,3,Fm-3m,cubic,Ferromagnetic,1.49,24.58,0.006,0.005,a,0.053,,-38.87964,,Co1Fe2Ga1,ok
MMD-2780,Mn3SiNi2,3,Fd-3m,cubic,Ferromagnetic,1.67,173.9,,,,,,-178.59017,,Mn3Ni2Si1,ok
MMD-2781,Co(NiS2)2,3,Fd-3m,cubic,Ferromagnetic,0.0,0.02,,,,,,-391.012932,,Co1Ni2S4,ok
MMD-2782,Co(NiS2)2,3,Imma,orthorhombic,Ferromagnetic,0.0,0.0,,,,,,-442.387372,0.0,Co1Ni2S4,ok
MMD-2783,Co(NiS2)2,3,Fdd2,orthorhombic,Ferromagnetic,0.0,0.03,,,,,,-324.980271,,Co1Ni2S4,ok
MMD-2784,FeCoAs,3,Pmm2,orthorhombic,Ferromagnetic,0.69,13.25,,,c,1.075,,-100.173281,,As1Co1Fe1,ok
MMD-2785,Fe2CoSe4,3,P1,triclinic,Ferromagnetic,0.34,3.36,,,,,,-20.401676,,Co1Fe2Se4,ok
MMD-2786,Fe2NiSe4,3,P1,triclinic,Ferromagnetic,0.33,3.23,,,,,,-244.970713,,Fe2Ni1Se4,ok
MMD-2787,Ti2MnFe,3,Fm-3m,cubic,Ferromagnetic,0.11,1.94,,,,,,-335.511279,0.0,Fe1Mn1Ti2,ok
MMD-2788,Al2FeCo,3,Fm-3m,cubic,Ferromagnetic,0.0,0.02,,,,,,-468.215888,,Al2Co1Fe1,ok
MMD-2789,Ti2MnCo,3,Fm-3m,cubic,Ferromagnetic,0.0,0.01,,,,,,-379.260211,0.0,Co1Mn1Ti2,ok
MMD-2790,TiMnCo2,3,Fm-3m,cubic,Ferromagnetic,1.16,19.81,0.006,0.005,a,0.067,,-278.648909,0.0,Co2Mn1Ti1,ok
MMD-2791,Ti2MnNi,3,Fm-3m,cubic,Ferromagnetic,0.0,0.0,,,,,,-335.220635,0.0,Mn1Ni1Ti2,ok
MMD-2792,Al2FeNi,3,Fm-3m,cubic,Ferromagnetic,0.06,1.05,-0.009,-0.008,<111>,1.49,,-500.138653,,Al2Fe1Ni1,ok
MMD-2793,MnCoSi,3,F-43m,cubic,Ferromagnetic,0.62,8.0,0.001,0.001,a,0.049,,-205.52236,,Co1Mn1Si1,ok
MMD-2794,MnNiP,3,P-62m,hexagonal,Ferromagnetic,0.8,7.02,,,c,0.054,,-536.268968,0.0,Mn1Ni1P1,ok
MMD-2795,Y(Mn2Fe)4,3,I4/mmm,tetragonal,Ferromagnetic,0.01,0.18,,,,,,98.025637,,Fe4Mn8Y1,ok
MMD-2796,MnSiNi2,3,Fm-3m,cubic,Ferromagnetic,0.98,15.47,0.001,0.001,a,0.038,,-351.16882,,Mn1Ni2Si1,ok
MMD-2797,Mn2SiNi,3,F-43m,cubic,Ferromagnetic,0.97,15.1,0.097,0.086,a,0.339,,-269.943511,,Mn2Ni1Si1,ok
MMD-2798,Ti2MnGe,3,F-43m,cubic,Ferromagnetic,0.0,0.0,,,,,,-236.360471,,Ge1Mn1Ti2,ok
MMD-2799,MnCuAs,3,P4/nmm,tetragonal,Ferromagnetic,0.96,7.2,,,,,,4.168431,,As1Cu1Mn1,ok
MMD-2800,MnGaGe,3,P4/nmm,tetragonal,Ferromagnetic,0.54,4.26,,,,,,-94.762246,,Ga1Ge1Mn1,ok
MMD-2801,Mn(NbS2)3,3,P6_322,hexagonal,Ferromagnetic,0.27,8.39,,,,,,-1101.300035,0.0,Mn1Nb3S6,ok
MMD-2802,Mn(CrSe2)2,3,C2/m,monoclinic,Ferromagnetic,0.87,21.66,,,,,,-502.361667,0.0,Cr2Mn1Se4,ok
MMD-2803,Mn(NbS2)2,3,P-3m1,trigonal,Ferromagnetic,0.22,2.43,,,,,,-619.310534,,Mn1Nb2S4,ok
MMD-2804,Mn(AlS2)2,3,R3m,trigonal,Ferromagnetic,0.38,13.86,,,,,,-838.749321,,Al2Mn1S4,ok
MMD-2805,MnZn2N3,3,Cmc2_1,orthorhombic,Ferromagnetic,0.32,7.61,,,,,,-25.388898,0.0,Mn1N3Zn2,ok
MMD-2806,Ti2MnGa,3,F-43m,cubic,Ferromagnetic,0.0,0.0,,,,,,-168.598796,,Ga1Mn1Ti2,ok
MMD-2807,Mn2CuGe,3,F-43m,cubic,Ferromagnetic,0.87,15.82,,,,,,155.173056,,Cu1Ge1Mn2,ok
MMD-2808,Mn(CrS2)2,3,C2/m,monoclinic,Ferromagnetic,0.69,12.92,,,,,,-628.989114,,Cr2Mn1S4,ok
MMD-2809,Mn(GaSe2)2,3,I-42m,tetragonal,Ferromagnetic,0.32,10.0,,,,,,-539.601362,,Ga2Mn1Se4,ok
MMD-2810,Mn2B4Mo,3,Immm,orthorhombic,Ferromagnetic,0.68,6.98,,,,,,-466.17312,,B4Mn2Mo1,ok
MMD-2811,Mn(GaS2)2,3,R3m,trigonal,Ferromagnetic,0.01,0.3,,,,,,-364.498971,,Ga2Mn1S4,ok
MMD-2812,Mn2Ga2S5,3,P-3m1,trigonal,Ferromagnetic,0.61,9.6,,,,,,-591.843885,,Ga2Mn2S5,ok
MMD-2813,ScMnGe,3,P-62m,hexagonal,Ferromagnetic,0.51,6.41,,,,,,-557.798295,0.0,Ge1Mn1Sc1,ok
MMD-2814,TiMnAs,3,P-62m,hexagonal,Ferromagnetic,0.71,8.72,,,,,,-380.843083,,As1Mn1Ti1,ok
MMD-2815,Mn2AlV,3,Fm-3m,cubic,Ferromagnetic,0.47,7.99,,,,,,-308.420508,0.0,Al1Mn2V1,ok
MMD-2816,Y(MnAl2)4,3,I4/mmm,tetragonal,Ferromagnetic,0.34,11.02,,,,,,-319.308905,0.0,Al8Mn4Y1,ok
MMD-2817,Mn(BMo)2,3,P4/mbm,tetragonal,Ferromagnetic,0.49,4.43,,,,,,-470.005274,,B2Mn1Mo2,ok
MMD-2818,Mn2ZnSe4,3,Fd-3m,cubic,Ferromagnetic,0.6,62.69,,,,,,-488.11912,0.0,Mn2Se4Zn1,ok
MMD-2819,Mn2ZnS4,3,Fd-3m,cubic,Ferromagnetic,0.69,61.95,,,,,,-602.715578,,Mn2S4Zn1,ok
MMD-2820,Mn(AlS2)2,3,Fd-3m,cubic,Ferromagnetic,0.44,40.0,,,,,,-960.435881,0.0,Al2Mn1S4,ok
MMD-2821,Mn(Mo3Se4)2,3,R-3,trigonal,Ferromagnetic,0.17,12.97,,,,,,-456.934943,,Mn1Mo6Se8,ok
MMD-2822,Mn3V2Si3,3,P6_3/mcm,hexagonal,Ferromagnetic,0.75,13.43,,,,,,-348.025983,,Mn3Si3V2,ok
MMD-2823,Mn2CrSi,3,Fm-3m,cubic,Ferromagnetic,0.0,0.01,,,,,,-315.867502,,Cr1Mn2Si1,ok
MMD-2824,Mn2NbGa,3,Fm-3m,cubic,Ferromagnetic,0.43,7.99,,,,,,-160.785873,,Ga1Mn2Nb1,ok
MMD-2825,Mn(NbSe2)3,3,P6_322,hexagonal,Ferromagnetic,0.24,8.04,,,,,,-795.479328,,Mn1Nb3Se6,ok
MMD-2826,Sc2Mn12P7,3,P-6,hexagonal,Ferromagnetic,0.85,18.91,,,,,,-707.106028,0.0,Mn12P7Sc2,ok
MMD-2827,Zr3(MnGa3)2,3,Pmmn,orthorhombic,Ferromagnetic,0.24,7.65,,,,,,-460.692445,0.0,Ga6Mn2Zr3,ok
MMD-2828,YMnB4,3,Pbam,orthorhombic,Ferromagnetic,0.19,3.73,,,,,,-656.026079,0.0,B4Mn1Y1,ok
MMD-2829,Y3MnB7,3,Cmcm,orthorhombic,Ferromagnetic,0.02,0.67,,,,,,-618.422957,0.0,B7Mn1Y3,ok
MMD-2830,Mn5SiC,3,Cmc2_1,orthorhombic,Ferromagnetic,0.8,40.36,,,,,,-187.042842,,C1Mn5Si1,ok
MMD-2831,Mn20(MoC2)3,3,Fm-3m,cubic,Ferromagnetic,0.61,61.21,,,,,,-90.89318,,C6Mn20Mo3,ok
MMD-2832,Mn(NbSe2)4,3,P6_3/mmc,hexagonal,Ferromagnetic,0.16,7.92,,,,,,-865.697177,0.0,Mn1Nb4Se8,ok
MMD-2833,Mn(NbS2)2,3,Pnma,orthorhombic,Ferromagnetic,0.45,18.43,,,,,,-742.483067,,Mn1Nb2S4,ok
MMD-2834,Zr2Mn4P3,3,P-62m,hexagonal,Ferromagnetic,0.65,27.56,,,,,,-872.84584,0.0,Mn4P3Zr2,ok
MMD-2835,Mn8Si8Mo3,3,Pnma,orthorhombic,Ferromagnetic,0.43,34.59,,,,,,-413.643083,0.0,Mn8Mo3Si8,ok
MMD-2836,Y10Mn13C18,3,I-43m,cubic,Ferromagnetic,0.11,10.05,,,,,,-378.389433,0.0,C18Mn13Y10,ok
MMD-2837,ZrMnSi2,3,Pbam,orthorhombic,Ferromagnetic,0.21,12.88,,,,,,-692.646382,,Mn1Si2Zr1,ok
MMD-2838,Y2Mn3Si5,3,P4/mnc,tetragonal,Ferromagnetic,0.18,9.28,,,,,,-624.455068,0.0,Mn3Si5Y2,ok
MMD-2839,TiMnGe2,3,Pbam,orthorhombic,Ferromagnetic,0.29,17.52,,,,,,-414.897774,0.0,Ge2Mn1Ti1,ok
MMD-2840,ScMnSi2,3,Pbam,orthorhombic,Ferromagnetic,0.15,9.15,,,,,,-650.249043,0.0,Mn1Sc1Si2,ok
MMD-2841,Mn3GeN,3,I4/mcm,tetragonal,Ferromagnetic,1.11,21.28,,,,,,-193.290595,,Ge1Mn3N1,ok
MMD-2842,TiMnAs,3,P-62m,hexagonal,Ferromagnetic,0.18,1.96,,,,,,-634.83237,0.0,As1Mn1Ti1,ok
MMD-2843,MnGeAs2,3,I-42d,tetragonal,Ferromagnetic,0.55,18.25,,,,,,58.836242,,As2Ge1Mn1,ok
MMD-2844,MnSiAs2,3,I-42d,tetragonal,Ferromagnetic,0.13,3.98,,,,,,329.913352,,As2Mn1Si1,ok
MMD-2845,MnGeP2,3,I-42d,tetragonal,Ferromagnetic,0.49,13.4,,,,,,-20.143205,,Ge1Mn1P2,ok
MMD-2846,Mn3AsN,3,Pm-3m,cubic,Ferromagnetic,0.92,4.4,,,,,,-89.255343,,As1Mn3N1,ok
MMD-2847,TiMnP,3,P-62m,hexagonal,Ferromagnetic,0.17,1.63,,,,,,-1013.570424,0.0,Mn1P1Ti1,ok
MMD-2848,Mn3AlN,3,Pm-3m,cubic,Ferromagnetic,0.62,2.83,,,,,,-359.462159,,Al1Mn3N1,ok
MMD-2849,MnSiP2,3,I-42d,tetragonal,Ferromagnetic,0.7,19.27,,,,,,-100.908103,,Mn1P2Si1,ok
MMD-2850,Y2MnC4,3,Ibam,orthorhombic,Ferromagnetic,0.11,3.44,,,,,,-348.128801,,C4Mn1Y2,ok
MMD-2851,Sc2Mn3Si,3,P6_3/mmc,hexagonal,Ferromagnetic,0.0,0.0,,,,,,-386.700979,0.0,Mn3Sc2Si1,ok
MMD-2852,Mn6Mo6P7,3,P-6,hexagonal,Ferromagnetic,0.58,12.59,,,,,,-498.64824,,Mn6Mo6P7,ok
MMD-2853,Mn8(Al9Zn)3,3,Cmcm,orthorhombic,Ferromagnetic,0.14,27.45,,,,,,-159.472348,,Al27Mn8Zn3,ok
MMD-2854,Mn6Al31Cu2,3,Cmcm,orthorhombic,Ferromagnetic,0.0,0.03,,,,,,-160.785614,,Al31Cu2Mn6,ok
MMD-2855,ZrTiMn4,3,P-3m1,trigonal,Ferromagnetic,0.28,3.98,,,,,,-220.165945,,Mn4Ti1Zr1,ok
MMD-2856,ZrMnCr,3,Amm2,orthorhombic,Ferromagnetic,0.11,3.29,,,,,,-121.478631,,Cr1Mn1Zr1,ok
MMD-2857,Zr3TiMn8,3,P3m1,trigonal,Ferromagnetic,0.31,4.5,,,,,,-203.275449,,Mn8Ti1Zr3,ok
MMD-2858,Zr3Mn8Al,3,P3m1,trigonal,Ferromagnetic,0.2,2.9,,,,,,-207.912351,0.0,Al1Mn8Zr3,ok
MMD-2859,Zr3Mn8Si,3,P3m1,trigonal,Ferromagnetic,0.14,1.94,,,,,,-177.774802,,Mn8Si1Zr3,ok
MMD-2860,YMnAl,3,Imma,orthorhombic,Ferromagnetic,0.54,10.78,,,,,,-235.241756,,Al1Mn1Y1,ok
MMD-2861,ZrMnGa,3,Amm2,orthorhombic,Ferromagnetic,0.13,4.1,,,,,,-354.797298,,Ga1Mn1Zr1,ok
MMD-2862,Y2MnS4,3,Cmc2_1,orthorhombic,Ferromagnetic,0.38,19.98,,,,,,-1632.504952,,Mn1S4Y2,ok
MMD-2863,Y4MnS7,3,Cm,monoclinic,Ferromagnetic,0.22,10.0,,,,,,-1821.488971,,Mn1S7Y4,ok
MMD-2864,TiMnSi4,3,P2,monoclinic,Ferromagnetic,0.05,0.93,,,,,,-397.057044,,Mn1Si4Ti1,ok
MMD-2865,TiMnCr,3,Amm2,orthorhombic,Ferromagnetic,0.0,0.04,,,,,,-194.536971,0.0,Cr1Mn1Ti1,ok
MMD-2866,Ti5MnS10,3,P-3m1,trigonal,Ferromagnetic,0.13,3.35,,,,,,-1227.402771,,Mn1S10Ti5,ok
MMD-2867,Ti2Mn3V,3,Amm2,orthorhombic,Ferromagnetic,0.0,0.02,,,,,,-238.551987,,Mn3Ti2V1,ok
MMD-2868,Ti4Mn5V3,3,Amm2,orthorhombic,Ferromagnetic,0.0,0.0,,,,,,-230.506095,0.0,Mn5Ti4V3,ok
MMD-2869,Ti4MnS8,3,P-3m1,trigonal,Ferromagnetic,0.16,3.33,,,,,,-1210.729015,,Mn1S8Ti4,ok
MMD-2870,ScMnCr,3,Amm2,orthorhombic,Ferromagnetic,0.0,0.0,,,,,,-30.009511,,Cr1Mn1Sc1,ok
MMD-2871,Sc4MnSi7,3,Pmm2,orthorhombic,Ferromagnetic,0.09,1.55,,,,,,-443.089583,,Mn1Sc4Si7,ok
MMD-2872,MnZnSe2,3,R3m,trigonal,Ferromagnetic,0.59,15.0,,,,,,-531.216081,0.0,Mn1Se2Zn1,ok
MMD-2873,MnZnS2,3,P3m1,trigonal,Ferromagnetic,0.69,5.0,,,,,,-657.478366,,Mn1S2Zn1,ok
MMD-2874,MnZnSe2,3,P3m1,trigonal,Ferromagnetic,0.59,5.0,,,,,,-528.799879,,Mn1Se2Zn1,ok
MMD-2875,MnZn4Se5,3,R3m,trigonal,Ferromagnetic,0.24,15.0,,,,,,-638.796801,,Mn1Se5Zn4,ok
MMD-2876,MnZn4Se5,3,Cm,monoclinic,Ferromagnetic,0.24,10.0,,,,,,-644.98124,0.0,Mn1Se5Zn4,ok
MMD-2877,MnZnSe4,3,P2_1/c,monoclinic,Ferromagnetic,0.1,2.28,,,,,,-134.235741,,Mn1Se4Zn1,ok
MMD-2878,MnZnS4,3,P2_1/c,monoclinic,Ferromagnetic,0.12,1.99,,,,,,-401.815861,,Mn1S4Zn1,ok
MMD-2879,MnZn4S5,3,Cm,monoclinic,Ferromagnetic,0.28,20.0,,,,,,-755.394215,,Mn1S5Zn4,ok
MMD-2880,MnZn4S5,3,P3m1,trigonal,Ferromagnetic,0.28,10.0,,,,,,-750.906793,,Mn1S5Zn4,ok
MMD-2881,MnZn3S4,3,P3m1,trigonal,Ferromagnetic,0.35,5.0,,,,,,-736.810751,,Mn1S4Zn3,ok
MMD-2882,Mn2SeS,3,R-3m,trigonal,Ferromagnetic,0.75,10.98,,,,,,-83.77705,,Mn2S1Se1,ok
MMD-2883,Mn5Si2Ge,3,Amm2,orthorhombic,Ferromagnetic,1.37,48.09,,,,,,-235.845117,,Ge1Mn5Si2,ok
MMD-2884,MnVP2,3,Pmc2_1,orthorhombic,Ferromagnetic,0.0,0.0,,,,,,-678.735226,,Mn1P2V1,ok
MMD-2885,MnMoAs2,3,Pmn2_1,orthorhombic,Ferromagnetic,0.53,5.82,,,,,,-232.370713,,As2Mn1Mo1,ok
MMD-2886,MnAlV2,3,F-43m,cubic,Ferromagnetic,0.44,7.97,,,,,,-150.528505,,Al1Mn1V2,ok
MMD-2887,MnCrB2,3,Amm2,orthorhombic,Ferromagnetic,0.69,3.97,,,,,,-488.204694,,B2Cr1Mn1,ok
MMD-2888,MnAl2Cu,3,P4/mmm,tetragonal,Ferromagnetic,0.48,2.18,,,,,,-240.256072,,Al2Cu1Mn1,ok
MMD-2889,MnAl2Cr3,3,P4mm,tetragonal,Ferromagnetic,0.0,0.01,,,,,,-166.855864,0.0,Al2Cr3Mn1,ok
MMD-2890,MnCrP2,3,Pmc2_1,orthorhombic,Ferromagnetic,0.32,2.62,,,,,,-560.403817,,Cr1Mn1P2,ok
MMD-2891,MnCrSi2,3,P2_1,monoclinic,Ferromagnetic,0.46,3.73,,,,,,-367.727876,,Cr1Mn1Si2,ok
MMD-2892,MnCuSe4,3,P2_1/c,monoclinic,Ferromagnetic,0.37,7.76,,,,,,-199.539688,0.0,Cu1Mn1Se4,ok
MMD-2893,MnVS2,3,R-3m,trigonal,Ferromagnetic,1.3,21.84,,,,,,-554.11329,,Mn1S2V1,ok
MMD-2894,Mn5Al2V,3,R-3m,trigonal,Ferromagnetic,0.69,17.35,,,,,,-184.473527,,Al2Mn5V1,ok
MMD-2895,MnAl24Cr,3,C2/m,monoclinic,Ferromagnetic,0.0,0.02,,,,,,-76.969264,0.0,Al24Cr1Mn1,ok
MMD-2896,Mn3CrP4,3,Pm,monoclinic,Ferromagnetic,0.66,5.53,,,,,,-588.271219,,Cr1Mn3P4,ok
MMD-2897,MnB4Mo3,3,Pm,monoclinic,Ferromagnetic,0.28,1.91,,,,,,-461.80766,,B4Mn1Mo3,ok
MMD-2898,Mn3VP4,3,Pm,monoclinic,Ferromagnetic,0.53,4.52,,,,,,-621.993082,,Mn3P4V1,ok
MMD-2899,Mn8Nb3Al,3,P3m1,trigonal,Ferromagnetic,0.09,1.14,,,,,,-195.535291,0.0,Al1Mn8Nb3,ok
MMD-2900,Mn2SiMo,3,Cm,monoclinic,Ferromagnetic,0.05,1.21,,,,,,-186.197769,,Mn2Mo1Si1,ok
MMD-2901,Mn4AsP3,3,Pm,monoclinic,Ferromagnetic,0.68,5.94,,,,,,-497.060046,,As1Mn4P3,ok
MMD-2902,Mn4VSe5,3,R-3m,trigonal,Ferromagnetic,1.29,65.33,,,,,,-347.550899,,Mn4Se5V1,ok
MMD-2903,Mn8Nb3Si,3,P3m1,trigonal,Ferromagnetic,0.13,1.65,,,,,,-161.400194,,Mn8Nb3Si1,ok
MMD-2904,Mn3CrAs4,3,Pm,monoclinic,Ferromagnetic,0.72,7.15,,,,,,-225.784588,,As4Cr1Mn3,ok
MMD-2905,Mn3Al2V3,3,R3m,trigonal,Ferromagnetic,0.64,17.07,,,,,,-228.538829,,Al2Mn3V3,ok
MMD-2906,Mn3B4Mo3,3,Amm2,orthorhombic,Ferromagnetic,0.59,10.26,,,,,,-430.18129,,B4Mn3Mo3,ok
MMD-2907,Mn3Cr3P2,3,C2,monoclinic,Ferromagnetic,0.11,3.25,,,,,,-368.368377,,Cr3Mn3P2,ok
MMD-2908,Mn2AlCu3,3,R-3m,trigonal,Ferromagnetic,1.08,22.23,,,,,,44.073333,,Al1Cu3Mn2,ok
MMD-2909,Mn2GaCu3,3,R-3m,trigonal,Ferromagnetic,1.09,22.67,,,,,,84.755296,,Cu3Ga1Mn2,ok
MMD-2910,Mn3V17Si12,3,Amm2,orthorhombic,Ferromagnetic,0.0,0.07,,,,,,-560.747499,,Mn3Si12V17,ok
MMD-2911,Mn2Al2Cu,3,I4mm,tetragonal,Ferromagnetic,0.17,1.84,,,,,,-17.540178,,Al2Cu1Mn2,ok
MMD-2912,Mn2AsP,3,Pmc2_1,orthorhombic,Ferromagnetic,0.69,6.3,,,,,,-389.036664,,As1Mn2P1,ok
MMD-2913,Mn(VSi3)2,3,C222,orthorhombic,Ferromagnetic,0.08,1.45,,,,,,-425.474513,,Mn1Si6V2,ok
MMD-2914,Mn6GaGe,3,P-6m2,hexagonal,Ferromagnetic,1.08,8.94,,,,,,7.317311,,Ga1Ge1Mn6,ok
MMD-2915,Mn(GaS2)2,3,Pm,monoclinic,Ferromagnetic,0.37,5.0,,,,,,-599.777482,,Ga2Mn1S4,ok
MMD-2916,Mn2CrSe3,3,Immm,orthorhombic,Ferromagnetic,1.31,26.22,,,,,,-321.020762,,Cr1Mn2Se3,ok
MMD-2917,MnVGa5,3,Cmmm,orthorhombic,Ferromagnetic,0.29,10.51,,,,,,-156.949163,,Ga5Mn1V1,ok
MMD-2918,Mn(CuSe)2,3,F-43m,cubic,Ferromagnetic,0.62,79.87,,,,,,-159.076144,,Cu2Mn1Se2,ok
MMD-2919,Mn10C3N,3,P3m1,trigonal,Ferromagnetic,1.82,23.38,,,,,,48.301958,,C3Mn10N1,ok
MMD-2920,Mn2GaCu3,3,P6_3/mmc,hexagonal,Ferromagnetic,1.09,15.31,,,,,,75.195584,,Cu3Ga1Mn2,ok
MMD-2921,Mn(CuS)2,3,F-43m,cubic,Ferromagnetic,0.71,79.91,,,,,,-197.173408,,Cu2Mn1S2,ok
MMD-2922,Mn4Ga3Cu2,3,P-6m2,hexagonal,Ferromagnetic,0.93,19.49,,,,,,21.433143,,Cu2Ga3Mn4,ok
MMD-2923,Mn2CrAs3,3,Pm,monoclinic,Ferromagnetic,0.73,21.92,,,,,,-219.936914,,As3Cr1Mn2,ok
MMD-2924,Mn2Cu3Ge,3,P6_3/mmc,hexagonal,Ferromagnetic,1.09,15.05,,,,,,91.709587,,Cu3Ge1Mn2,ok
MMD-2925,Mn12SiP3,3,P1,triclinic,Ferromagnetic,0.34,5.2,,,,,,-306.547808,,Mn12P3Si1,ok
MMD-2926,Mn10CuGe5,3,I422,tetragonal,Ferromagnetic,1.4,50.91,,,,,,-20.569069,,Cu1Ge5Mn10,ok
MMD-2927,Mn10(SiGe)3,3,P-62m,hexagonal,Ferromagnetic,1.39,24.86,,,,,,-191.024476,,Ge3Mn10Si3,ok
MMD-2928,Mn20Si12C,3,P2/m,monoclinic,Ferromagnetic,1.26,42.58,,,,,,-343.292813,,C1Mn20Si12,ok
MMD-2929,Mn2Cr13S20,3,P-1,triclinic,Ferromagnetic,0.61,27.86,,,,,,-644.639346,,Cr13Mn2S20,ok
MMD-2930,Mn12Ge4N3,3,P4/m,tetragonal,Ferromagnetic,0.79,14.13,,,,,,-189.237432,0.0,Ge4Mn12N3,ok
MMD-2931,Mn31Si11P,3,P3,trigonal,Ferromagnetic,0.9,38.68,,,,,,-220.812518,,Mn31P1Si11,ok
MMD-2932,MnCN2,3,R-3m,trigonal,Ferromagnetic,1.24,15.0,,,,,,-3.654117,,C1Mn1N2,ok
MMD-2933,Mn11(CN5)2,3,P4_2/mnm,tetragonal,Ferromagnetic,1.28,50.88,,,,,,70.559599,,C2Mn11N10,ok
MMD-2934,YMnN2,3,Pbca,orthorhombic,Ferromagnetic,0.25,20.2,,,,,,-783.068189,,Mn1N2Y1,ok
MMD-2935,Mn3SiN4,3,Pmn2_1,orthorhombic,Ferromagnetic,1.04,14.25,,,,,,-326.437759,,Mn3N4Si1,ok
MMD-2936,MnGaN2,3,Pbca,orthorhombic,Ferromagnetic,0.62,40.0,,,,,,-88.12496,,Ga1Mn1N2,ok
MMD-2937,MnCrN2,3,R3m,trigonal,Ferromagnetic,0.85,7.31,,,,,,-311.069359,,Cr1Mn1N2,ok
MMD-2938,MnCrN2,3,Pna2_1,orthorhombic,Ferromagnetic,0.04,0.54,,,,,,-268.55433,,Cr1Mn1N2,ok
MMD-2939,Mn2NbN3,3,Cmc2_1,orthorhombic,Ferromagnetic,0.21,4.54,,,,,,-402.237619,,Mn2N3Nb1,ok
MMD-2940,Mn3V8N9,3,P2_1/c,monoclinic,Ferromagnetic,0.27,17.48,,,,,,-789.487185,,Mn3N9V8,ok
MMD-2941,Mn(CN)2,3,P-43m,cubic,Ferromagnetic,0.51,10.0,,,,,,256.069242,,C2Mn1N2,ok
MMD-2942,MnZnN2,3,Pbca,orthorhombic,Ferromagnetic,0.22,14.38,,,,,,23.669131,,Mn1N2Zn1,ok
MMD-2943,Mn2VN3,3,Cmcm,orthorhombic,Ferromagnetic,0.97,20.37,,,,,,-486.393964,,Mn2N3V1,ok
MMD-2944,MnZnN2,3,Pna2_1,orthorhombic,Ferromagnetic,0.26,3.92,,,,,,-47.283104,,Mn1N2Zn1,ok
MMD-2945,MnZnN2,3,I-42d,tetragonal,Ferromagnetic,0.32,4.93,,,,,,-61.327546,,Mn1N2Zn1,ok
MMD-2946,ZrMnN2,3,R-3m,trigonal,Ferromagnetic,0.31,3.17,,,,,,-882.436257,,Mn1N2Zr1,ok
MMD-2947,MnAlN2,3,I-42d,tetragonal,Ferromagnetic,1.0,15.5,,,,,,-617.969998,,Al1Mn1N2,ok
MMD-2948,Mn4Se3N2,3,Pnma,orthorhombic,Ferromagnetic,0.98,47.69,,,,,,-200.255139,,Mn4N2Se3,ok
MMD-2949,Mn7SiN6,3,Pbcn,orthorhombic,Ferromagnetic,0.24,11.06,,,,,,-54.880335,,Mn7N6Si1,ok
MMD-2950,MnAl2N3,3,Cmc2_1,orthorhombic,Ferromagnetic,0.7,16.0,,,,,,-859.778264,,Al2Mn1N3,ok
MMD-2951,TiMnN2,3,Pnma,orthorhombic,Ferromagnetic,0.88,13.27,,,,,,-940.087684,,Mn1N2Ti1,ok
MMD-2952,Mn(C4N3)2,3,Pmna,orthorhombic,Ferromagnetic,0.06,2.0,,,,,,306.555644,,C8Mn1N6,ok
MMD-2953,Ti(MnN)4,3,P-1,triclinic,Ferromagnetic,1.21,18.63,,,,,,-416.68508,,Mn4N4Ti1,ok
MMD-2954,Mn5(SiN3)3,3,Cmce,orthorhombic,Ferromagnetic,0.88,123.21,,,,,,-122.639862,,Mn5N9Si3,ok
MMD-2955,MnGaN2,3,Pmma,orthorhombic,Ferromagnetic,0.73,5.38,,,,,,359.886516,,Ga1Mn1N2,ok
MMD-2956,MnGe7N10,3,Pc,monoclinic,Ferromagnetic,0.23,10.0,,,,,,132.859803,,Ge7Mn1N10,ok
MMD-2957,Mn3CrN3,3,P6_3/mmc,hexagonal,Ferromagnetic,1.05,13.56,,,,,,-256.646914,,Cr1Mn3N3,ok
MMD-2958,MnVN2,3,R3m,trigonal,Ferromagnetic,0.47,4.99,,,,,,-549.012915,,Mn1N2V1,ok
MMD-2959,Mn3Ga3N5,3,P-1,triclinic,Ferromagnetic,0.24,5.44,,,,,,-9.015313,,Ga3Mn3N5,ok
MMD-2960,MnGa2N3,3,Cmc2_1,orthorhombic,Ferromagnetic,0.66,16.0,,,,,,-204.81134,,Ga2Mn1N3,ok
MMD-2961,Mn4VN4,3,P-1,triclinic,Ferromagnetic,0.99,14.34,,,,,,-345.037743,,Mn4N4V1,ok
MMD-2962,Mn(C2N3)3,3,Cmcm,orthorhombic,Ferromagnetic,0.09,8.0,,,,,,378.043844,,C6Mn1N9,ok
MMD-2963,Mn3(ZnN)8,3,C2/m,monoclinic,Ferromagnetic,0.41,18.02,,,,,,159.520771,,Mn3N8Zn8,ok
MMD-2964,Mn10CrN9,3,P2_1/c,monoclinic,Ferromagnetic,0.55,36.26,,,,,,-107.431167,,Cr1Mn10N9,ok
MMD-2965,Y2Mn3N4,3,C2/c,monoclinic,Ferromagnetic,0.15,5.91,,,,,,-781.020031,,Mn3N4Y2,ok
MMD-2966,Mn10ZnN8,3,C2/m,monoclinic,Ferromagnetic,1.08,36.53,,,,,,-83.325258,,Mn10N8Zn1,ok
MMD-2967,Mn2Si5N8,3,Pbca,orthorhombic,Ferromagnetic,0.66,80.0,,,,,,-738.349454,,Mn2N8Si5,ok
MMD-2968,Mn3Si6N11,3,P4bm,tetragonal,Ferromagnetic,0.61,24.0,,,,,,-483.721374,,Mn3N11Si6,ok
MMD-2969,MnZn5N4,3,Pmmn,orthorhombic,Ferromagnetic,0.26,5.88,,,,,,175.954461,,Mn1N4Zn5,ok
MMD-2970,MnSi7N10,3,Pc,monoclinic,Ferromagnetic,0.27,10.0,,,,,,-852.041045,,Mn1N10Si7,ok
MMD-2971,TiMnN2,3,P-3m1,trigonal,Ferromagnetic,0.88,2.83,,,,,,-848.36996,,Mn1N2Ti1,ok
MMD-2972,Sc(MnN)3,3,P6_3/mmc,hexagonal,Ferromagnetic,0.87,26.69,,,,,,-456.046864,,Mn3N3Sc1,ok
MMD-2973,MnVN2,3,Pna2_1,orthorhombic,Ferromagnetic,0.66,9.64,,,,,,-515.869152,,Mn1N2V1,ok
MMD-2974,Mn3Zn8N9,3,P2_1/c,monoclinic,Ferromagnetic,0.28,23.99,,,,,,163.513515,,Mn3N9Zn8,ok
MMD-2975,Mn4S3N2,3,C2/m,monoclinic,Ferromagnetic,0.99,21.0,,,,,,-287.922666,,Mn4N2S3,ok
MMD-2976,Mn3(GaN2)2,3,C2/c,monoclinic,Ferromagnetic,0.36,12.03,,,,,,14.164278,,Ga2Mn3N4,ok
MMD-2977,Mn3(SeN)2,3,Pnma,orthorhombic,Ferromagnetic,0.57,44.91,,,,,,-133.158037,,Mn3N2Se2,ok
MMD-2978,Zr(MnN)4,3,P-1,triclinic,Ferromagnetic,0.89,14.68,,,,,,-447.22915,,Mn4N4Zr1,ok
MMD-2979,Mn3VN3,3,P6_3/mmc,hexagonal,Ferromagnetic,1.12,15.3,,,,,,-336.154252,,Mn3N3V1,ok
MMD-2980,Mn2CrN3,3,Cmc2_1,orthorhombic,Ferromagnetic,0.6,12.06,,,,,,-271.26478,,Cr1Mn2N3,ok
MMD-2981,Mn3AlN3,3,P2_1/m,monoclinic,Ferromagnetic,1.4,18.35,,,,,,-238.904848,,Al1Mn3N3,ok
MMD-2982,Mn3(CrN2)2,3,C2/c,monoclinic,Ferromagnetic,0.39,12.37,,,,,,-233.179135,,Cr2Mn3N4,ok
MMD-2983,Mn5(GeN3)2,3,C2/c,monoclinic,Ferromagnetic,0.38,18.72,,,,,,171.252438,,Ge2Mn5N6,ok
MMD-2984,Mn5CuN4,3,Pmmn,orthorhombic,Ferromagnetic,0.74,13.06,,,,,,-6.192224,,Cu1Mn5N4,ok
MMD-2985,Mn(C4N3)2,3,P-3m1,trigonal,Ferromagnetic,0.05,1.0,,,,,,308.461182,,C8Mn1N6,ok
MMD-2986,Mn2(CN2)3,3,C2/m,monoclinic,Ferromagnetic,0.63,16.0,,,,,,99.520045,,C3Mn2N6,ok
MMD-2987,Mn10CuN8,3,C2/m,monoclinic,Ferromagnetic,1.14,36.88,,,,,,-179.899476,,Cu1Mn10N8,ok
MMD-2988,MnAlN2,3,Pbca,orthorhombic,Ferromagnetic,0.65,40.0,,,,,,-584.105639,,Al1Mn1N2,ok
MMD-2989,Mn2SeN2,3,P-3m1,trigonal,Ferromagnetic,0.19,0.91,,,,,,61.835983,,Mn2N2Se1,ok
MMD-2990,Mn2Si4N7,3,Cmc2_1,orthorhombic,Ferromagnetic,0.75,36.0,,,,,,-575.82108,,Mn2N7Si4,ok
MMD-2991,Mn2CuN2,3,R-3m,trigonal,Ferromagnetic,0.6,8.49,,,,,,-61.786917,,Cu1Mn2N2,ok
MMD-2992,Mn3(SiN3)2,3,Pnnm,orthorhombic,Ferromagnetic,0.97,58.82,,,,,,-251.882333,,Mn3N6Si2,ok
MMD-2993,Mn2CuN2,3,Pmmn,orthorhombic,Ferromagnetic,1.36,11.49,,,,,,-78.215736,,Cu1Mn2N2,ok
MMD-2994,ZrMnN2,3,Pnma,orthorhombic,Ferromagnetic,0.89,15.96,,,,,,-915.051555,,Mn1N2Zr1,ok
MMD-2995,Mn5B2P,3,I4/mcm,tetragonal,Ferromagnetic,1.21,32.6,,,,,,-467.558756,0.0,B2Mn5P1,ok
MMD-2996,Sc2MnSe4,3,Fd-3m,cubic,Ferromagnetic,0.34,40.0,,,,,,-1344.649922,0.0,Mn1Sc2Se4,ok
MMD-2997,Mn3ZnN,3,Pm-3m,cubic,Ferromagnetic,0.89,4.18,,,,,,-192.528928,0.0,Mn3N1Zn1,ok
MMD-2998,Mn3Mo3C,3,Fd-3m,cubic,Ferromagnetic,0.15,18.11,,,,,,-111.344163,0.0,C1Mn3Mo3,ok
MMD-2999,Mn3Al9Si,3,P6_3/mmc,hexagonal,Ferromagnetic,0.16,5.13,,,,,,-269.200261,0.0,Al9Mn3Si1,ok
MMD-3000,Mn(CrS2)2,3,Fd-3m,cubic,Ferromagnetic,0.99,88.0,,,,,,-713.052228,0.0,Cr2Mn1S4,ok
MMD-3001,Ti(MnP6)2,3,C2/c,monoclinic,Ferromagnetic,0.02,1.71,,,,,,-398.454821,,Mn2P12Ti1,ok
MMD-3002,Mn2SiSe4,3,Pnma,orthorhombic,Ferromagnetic,0.71,39.95,,,,,,-390.92693,0.0,Mn2Se4Si1,ok
MMD-3003,Ti2Mn4Si5,3,Ibam,orthorhombic,Ferromagnetic,0.49,24.41,,,,,,-346.510023,,Mn4Si5Ti2,ok
MMD-3004,Mn2NbP12,3,C2/c,monoclinic,Ferromagnetic,0.03,2.25,,,,,,-386.789144,0.0,Mn2Nb1P12,ok
MMD-3005,Mn4Nb2Si5,3,Ibam,orthorhombic,Ferromagnetic,0.71,38.33,,,,,,-227.721253,,Mn4Nb2Si5,ok
MMD-3006,ZrMnSi2,3,Immm,orthorhombic,Ferromagnetic,0.2,12.38,,,,,,-697.310584,,Mn1Si2Zr1,ok
MMD-3007,Mn2MoP12,3,C2/c,monoclinic,Ferromagnetic,0.0,0.0,,,,,,-356.181848,0.0,Mn2Mo1P12,ok
MMD-3008,Mn5SiC,3,Cmcm,orthorhombic,Ferromagnetic,0.76,38.04,,,,,,-185.38862,,C1Mn5Si1,ok
MMD-3009,YMnGe,3,Pnma,orthorhombic,Ferromagnetic,0.57,11.32,,,,,,-497.902822,,Ge1Mn1Y1,ok
MMD-3010,Sc(MnGe)6,3,P6/mmm,hexagonal,Ferromagnetic,0.73,11.54,,,,,,-305.013828,0.0,Ge6Mn6Sc1,ok
MMD-3011,Mn(GaS2)2,3,I-4,tetragonal,Ferromagnetic,0.37,10.0,,,,,,-655.167219,0.0,Ga2Mn1S4,ok
MMD-3012,ZrMnGe,3,Pnma,orthorhombic,Ferromagnetic,0.56,9.72,,,,,,-569.282564,0.0,Ge1Mn1Zr1,ok
MMD-3013,MnCuAs,3,Pnma,orthorhombic,Ferromagnetic,0.95,14.28,,,,,,31.395262,,As1Cu1Mn1,ok
MMD-3014,ZrMnP,3,Pnma,orthorhombic,Ferromagnetic,0.51,7.8,,,,,,-1046.609712,0.0,Mn1P1Zr1,ok
MMD-3015,Mn3GeC,3,Pm-3m,cubic,Ferromagnetic,0.61,2.87,,,,,,-71.426973,,C1Ge1Mn3,ok
MMD-3016,MnCuP,3,Pnma,orthorhombic,Ferromagnetic,0.9,11.61,,,,,,-147.870675,,Cu1Mn1P1,ok
MMD-3017,Mn(GaSe2)2,3,I-4,tetragonal,Ferromagnetic,0.33,10.0,,,,,,-550.453405,0.0,Ga2Mn1Se4,ok
MMD-3018,MnNbP,3,Pnma,orthorhombic,Ferromagnetic,0.31,4.29,,,,,,-826.333973,0.0,Mn1Nb1P1,ok
MMD-3019,Y(MnGe)2,3,I4/mmm,tetragonal,Ferromagnetic,0.56,8.21,,,,,,-479.311106,0.0,Ge2Mn2Y1,ok
MMD-3020,MnGeN2,3,Pna2_1,orthorhombic,Ferromagnetic,1.18,20.0,,,,,,-14.157706,,Ge1Mn1N2,ok
MMD-3021,MnAlGe,3,P4/nmm,tetragonal,Ferromagnetic,0.52,4.04,,,,,,-195.185974,0.0,Al1Ge1Mn1,ok
MMD-3022,MnVAs,3,P4/nmm,tetragonal,Ferromagnetic,0.85,6.32,,,,,,-230.704569,,As1Mn1V1,ok
MMD-3023,Mn2VGa,3,Fm-3m,cubic,Ferromagnetic,0.46,7.93,,,,,,-208.761366,0.0,Ga1Mn2V1,ok
MMD-3024,YMnSi,3,P4/nmm,tetragonal,Ferromagnetic,0.39,3.73,,,,,,-586.408966,0.0,Mn1Si1Y1,ok
MMD-3025,Mn3GaC,3,Pm-3m,cubic,Ferromagnetic,0.85,4.07,,,,,,-126.633686,0.0,C1Ga1Mn3,ok
MMD-3026,TiMnSi2,3,Pbam,orthorhombic,Ferromagnetic,0.18,10.0,,,,,,-642.911917,0.0,Mn1Si2Ti1,ok
MMD-3027,Zr(MnGe)6,3,P6/mmm,hexagonal,Ferromagnetic,0.76,12.1,,,,,,-298.319149,0.0,Ge6Mn6Zr1,ok
MMD-3028,ZrMnSi,3,Pnma,orthorhombic,Ferromagnetic,0.41,6.6,,,,,,-699.595782,0.0,Mn1Si1Zr1,ok
MMD-3029,Y(MnGe)6,3,P6/mmm,hexagonal,Ferromagnetic,0.71,11.64,,,,,,-304.854752,0.0,Ge6Mn6Y1,ok
MMD-3030,Mn3GeC,3,I4/mcm,tetragonal,Ferromagnetic,1.06,20.52,,,,,,-95.260207,,C1Ge1Mn3,ok
MMD-3031,Mn3ZnC,3,Pm-3m,cubic,Ferromagnetic,1.39,6.95,,,,,,-43.395299,,C1Mn3Zn1,ok
MMD-3032,Mn9(NbGe4)2,3,Pnma,orthorhombic,Ferromagnetic,0.92,84.99,,,,,,-175.697306,0.0,Ge8Mn9Nb2,ok
MMD-3033,Mn4Nb7Ge8,3,Pnma,orthorhombic,Ferromagnetic,0.36,37.29,,,,,,-318.135405,,Ge8Mn4Nb7,ok
MMD-3034,Sc(MnAl2)4,3,I4/mmm,tetragonal,Ferromagnetic,0.43,14.17,,,,,,-325.357648,0.0,Al8Mn4Sc1,ok
MMD-3035,Zr3(Mn2Si3)2,3,P4_2/mbc,tetragonal,Ferromagnetic,0.38,48.8,,,,,,-662.361431,,Mn4Si6Zr3,ok
MMD-3036,MnAlCu2,3,Fm-3m,cubic,Ferromagnetic,0.78,13.86,,,,,,-124.094169,,Al1Cu2Mn1,ok
MMD-3037,MnSiN2,3,Pna2_1,orthorhombic,Ferromagnetic,1.31,20.0,,,,,,-606.163941,,Mn1N2Si1,ok
MMD-3038,Mn(NbS2)4,3,P6_3/mmc,hexagonal,Ferromagnetic,0.17,6.38,,,,,,-1079.26475,,Mn1Nb4S8,ok
MMD-3039,Y(MnSi)2,3,I4/mmm,tetragonal,Ferromagnetic,0.52,7.06,,,,,,-629.381188,0.0,Mn2Si2Y1,ok
MMD-3040,Sc2MnS4,3,Fd-3m,cubic,Ferromagnetic,0.39,40.0,,,,,,-1560.76799,0.0,Mn1S4Sc2,ok
MMD-3041,Mn3AlC,3,Pm-3m,cubic,Ferromagnetic,0.82,3.9,,,,,,-208.924558,0.0,C1Al1Mn3,ok
MMD-3042,Mn2SiS4,3,Pnma,orthorhombic,Ferromagnetic,0.83,39.99,,,,,,-576.144812,,Mn2S4Si1,ok
MMD-3043,Mn3CuN,3,Pm-3m,cubic,Ferromagnetic,1.53,7.37,,,,,,-88.424057,,Cu1Mn3N1,ok
MMD-3044,Mn2Nb9Ge8,3,Pnma,orthorhombic,Ferromagnetic,0.17,18.43,,,,,,-367.755034,,Ge8Mn2Nb9,ok
MMD-3045,Mn8Zn14Ga27,3,R-3,trigonal,Ferromagnetic,0.04,8.73,,,,,,-94.771535,,Ga27Mn8Zn14,ok
MMD-3046,Mn(C2N3)2,3,Pnnm,orthorhombic,Ferromagnetic,0.33,10.0,,,,,,223.524704,,C4Mn1N6,ok
MMD-3047,Mn2GeS4,3,Pnma,orthorhombic,Ferromagnetic,0.81,39.64,,,,,,-429.825508,,Ge1Mn2S4,ok
MMD-3048,Mn(GaS2)2,3,C2/c,monoclinic,Ferromagnetic,0.39,30.0,,,,,,-624.021009,,Ga2Mn1S4,ok
MMD-3049,Mn3GaN,3,Pm-3m,cubic,Ferromagnetic,0.64,2.98,,,,,,-276.014503,0.0,Ga1Mn3N1,ok
MMD-3050,Mn2GeSe4,3,Pnma,orthorhombic,Ferromagnetic,0.63,35.18,,,,,,-325.09975,0.0,Ge1Mn2Se4,ok
MMD-3051,Mn(GaS2)2,3,C2/c,monoclinic,Ferromagnetic,0.39,59.99,,,,,,-620.943929,,Ga2Mn1S4,ok
MMD-3052,Mn17Nb31N48,3,P312,trigonal,Ferromagnetic,0.85,72.67,,,,,,-739.11769,,Mn17N48Nb31,ok
MMD-3053,Sc10Mn17S32,3,P1,triclinic,Ferromagnetic,0.79,76.46,,,,,,-1037.426258,,Mn17S32Sc10,ok
MMD-3054,Mn14Al56Ge3,3,P-3,trigonal,Ferromagnetic,0.0,0.0,,,,,,-218.866999,0.0,Al56Ge3Mn14,ok
MMD-3055,MnNbSi,3,P-62m,hexagonal,Ferromagnetic,0.21,2.21,,,,,,-561.400926,0.0,Mn1Nb1Si1,ok
MMD-3056,Mn2AlB2,3,Cmmm,orthorhombic,Ferromagnetic,0.19,1.46,,,,,,-460.385899,0.0,Al1B2Mn2,ok
MMD-3057,Mn2ZnAs2,3,P-3m1,trigonal,Ferromagnetic,0.73,5.48,,,,,,108.448785,,As2Mn2Zn1,ok
MMD-3058,MnPS3,3,C2/m,monoclinic,Ferromagnetic,0.5,19.95,,,,,,-383.163488,,Mn1P1S3,ok
MMD-3059,MnV2Cr,3,Fm-3m,cubic,Ferromagnetic,0.0,0.0,,,,,,-189.152349,0.0,Cr1Mn1V2,ok
MMD-3060,Mn2AlCr,3,Fm-3m,cubic,Ferromagnetic,0.26,4.22,,,,,,-154.874163,0.0,Al1Cr1Mn2,ok
MMD-3061,Mn2NbAl,3,Fm-3m,cubic,Ferromagnetic,0.43,8.0,,,,,,-258.587837,0.0,Al1Mn2Nb1,ok
MMD-3062,Mn2VSi,3,Fm-3m,cubic,Ferromagnetic,0.24,3.72,,,,,,-500.147908,0.0,Mn2Si1V1,ok
MMD-3063,TiMn2Al,3,Fm-3m,cubic,Ferromagnetic,0.66,11.95,,,,,,-321.769459,0.0,Al1Mn2Ti1,ok
MMD-3064,Mn2VGe,3,Fm-3m,cubic,Ferromagnetic,0.23,3.81,,,,,,-259.396772,0.0,Ge1Mn2V1,ok
MMD-3065,TiMn2Si,3,Fm-3m,cubic,Ferromagnetic,0.48,7.92,,,,,,-509.159652,0.0,Mn2Si1Ti1,ok
MMD-3066,TiMn2V,3,Fm-3m,cubic,Ferromagnetic,0.13,2.21,,,,,,-269.115758,0.0,Mn2Ti1V1,ok
MMD-3067,TiMn2Ga,3,Fm-3m,cubic,Ferromagnetic,0.63,12.33,,,,,,-215.389136,,Ga1Mn2Ti1,ok
MMD-3068,TiMn2Ge,3,Fm-3m,cubic,Ferromagnetic,0.45,7.86,,,,,,-321.548231,0.0,Ge1Mn2Ti1,ok
MMD-3069,MnPSe3,3,R-3,trigonal,Ferromagnetic,0.43,29.61,,,,,,-256.348014,0.0,Mn1P1Se3,ok
MMD-3070,MnMoN2,3,P6_3/mmc,hexagonal,Ferromagnetic,0.77,5.03,,,,,,-362.559988,0.0,Mn1Mo1N2,ok
MMD-3071,ScMnSi,3,P-62m,hexagonal,Ferromagnetic,0.52,6.34,,,,,,-617.773506,0.0,Mn1Sc1Si1,ok
MMD-3072,MnNbAs,3,F-43m,cubic,Ferromagnetic,0.45,8.22,,,,,,328.524963,,As1Mn1Nb1,ok
MMD-3073,MnNbGe,3,P-62m,hexagonal,Ferromagnetic,0.36,4.15,,,,,,-319.257229,0.0,Ge1Mn1Nb1,ok
MMD-3074,Ti2MnSi,3,F-43m,cubic,Ferromagnetic,0.21,3.9,,,,,,-357.579197,,Mn1Si1Ti2,ok
MMD-3075,Ti2MnAl,3,F-43m,cubic,Ferromagnetic,0.0,0.0,,,,,,-164.146722,,Al1Mn1Ti2,ok
MMD-3076,Sc2MnSi,3,F-43m,cubic,Ferromagnetic,0.18,4.0,,,,,,-196.720885,,Mn1Sc2Si1,ok
MMD-3077,Sc2MnSi,3,Fm-3m,cubic,Ferromagnetic,0.03,0.7,,,,,,-284.127677,,Mn1Sc2Si1,ok
MMD-3078,Sc2MnGe,3,F-43m,cubic,Ferromagnetic,0.17,4.0,,,,,,-178.819364,,Ge1Mn1Sc2,ok
MMD-3079,Sc2MnC,3,Fm-3m,cubic,Ferromagnetic,0.12,2.23,,,,,,496.497353,,C1Mn1Sc2,ok
MMD-3080,Sc2MnGe,3,Fm-3m,cubic,Ferromagnetic,0.0,0.0,,,,,,-252.567258,,Ge1Mn1Sc2,ok
MMD-3081,Mn4ZnS8,3,R-3m,trigonal,Ferromagnetic,0.6,37.11,,,,,,-543.068306,,Mn4S8Zn1,ok
MMD-3082,Mn4ZnS8,3,R-3m,trigonal,Ferromagnetic,0.56,34.68,,,,,,-561.298081,,Mn4S8Zn1,ok
MMD-3083,Mn2ZnS5,3,Pmmn,orthorhombic,Ferromagnetic,0.44,12.0,,,,,,-337.438624,,Mn2S5Zn1,ok
MMD-3084,Mn(ZnN)2,3,C2/m,monoclinic,Ferromagnetic,0.52,11.56,,,,,,106.422529,,Mn1N2Zn2,ok
MMD-3085,Mn2ZnN2,3,P-4m2,tetragonal,Ferromagnetic,0.89,5.07,,,,,,404.683986,,Mn2N2Zn1,ok
MMD-3086,Y(MnS2)2,3,Imma,orthorhombic,Ferromagnetic,0.69,36.0,,,,,,-1047.633688,,Mn2S4Y1,ok
MMD-3087,Y(MnS2)2,3,C2/m,monoclinic,Ferromagnetic,0.7,35.32,,,,,,-1044.477734,,Mn2S4Y1,ok
MMD-3088,Zn3(Ni10B3)2,3,Fm-3m,cubic,Ferromagnetic,0.0,0.0,,,,,,-282.286644,0.0,B6Ni20Zn3,ok
MMD-3089,CuNi3N,3,Pm-3m,cubic,Ferromagnetic,0.01,0.03,,,,,,6.760876,,Cu1N1Ni3,ok
MMD-3090,Ti2AlNi,3,F-43m,cubic,Ferromagnetic,0.58,12.0,,,,,,-265.00077,,Al1Ni1Ti2,ok
MMD-3091,NiMoP2,3,P6_3/mmc,hexagonal,Ferromagnetic,0.0,0.0,,,,,,-580.987926,0.0,Mo1Ni1P2,ok
MMD-3092,ScNiP,3,Pnma,orthorhombic,Ferromagnetic,0.0,0.0,,,,,,-1207.907273,0.0,Ni1P1Sc1,ok
MMD-3093,Cr2NiSe4,3,C2/m,monoclinic,Ferromagnetic,0.42,9.21,,,,,,-433.776817,,Cr2Ni1Se4,ok
MMD-3094,ScGa5Ni,3,P4/mmm,tetragonal,Ferromagnetic,0.0,0.0,,,,,,-431.600584,0.0,Ga5Ni1Sc1,ok
MMD-3095,Ti2NiS4,3,C2/m,monoclinic,Ferromagnetic,0.0,0.01,,,,,,-1159.424303,0.0,Ni1S4Ti2,ok
MMD-3096,Ti2NiSe4,3,C2/m,monoclinic,Ferromagnetic,0.0,0.03,,,,,,-937.790119,,Ni1Se4Ti2,ok
MMD-3097,TiGa5Ni,3,P4/mmm,tetragonal,Ferromagnetic,0.0,0.0,,,,,,-307.049108,,Ga5Ni1Ti1,ok
MMD-3098,Si2NiSe4,3,C2/m,monoclinic,Ferromagnetic,0.0,0.0,,,,,,-143.371703,,Ni1Se4Si2,ok
MMD-3099,Sc3NiC4,3,Immm,orthorhombic,Ferromagnetic,0.0,0.0,,,,,,-506.896162,0.0,C4Ni1Sc3,ok
MMD-3100,Zr(NiP)2,3,I4/mmm,tetragonal,Ferromagnetic,0.0,0.0,,,,,,-847.598765,,Ni2P2Zr1,ok
MMD-3101,YSi3Ni,3,Cmmm,orthorhombic,Ferromagnetic,0.0,0.0,,,,,,-698.546645,0.0,Ni1Si3Y1,ok
MMD-3102,Nb5(NiP)4,3,I4/m,tetragonal,Ferromagnetic,0.0,0.0,,,,,,-865.674752,0.0,Nb5Ni4P4,ok
MMD-3103,YNiC2,3,Amm2,orthorhombic,Ferromagnetic,0.0,0.0,,,,,,-409.649259,0.0,C2Ni1Y1,ok
MMD-3104,ZnNi3N,3,Pm-3m,cubic,Ferromagnetic,0.0,0.0,,,,,,-130.793009,0.0,N1Ni3Zn1,ok
MMD-3105,Y2GaNi2,3,Immm,orthorhombic,Ferromagnetic,0.0,0.0,,,,,,-560.360054,0.0,Ga1Ni2Y2,ok
MMD-3106,YSiNi4,3,Cmmm,orthorhombic,Ferromagnetic,0.0,0.0,,,,,,-606.736554,0.0,Ni4Si1Y1,ok
MMD-3107,ZrNiP2,3,P4/nmm,tetragonal,Ferromagnetic,0.0,0.0,,,,,,-958.371114,,Ni1P2Zr1,ok
MMD-3108,Ni6Ge2B,3,P-62m,hexagonal,Ferromagnetic,0.0,0.0,,,,,,-298.804028,0.0,B1Ge2Ni6,ok
MMD-3109,ZrGaNi,3,P-62m,hexagonal,Ferromagnetic,0.0,0.0,,,,,,-655.09535,0.0,Ga1Ni1Zr1,ok
MMD-3110,TiCuNi2,3,Pmmn,orthorhombic,Ferromagnetic,0.0,0.0,,,,,,-338.51786,,Cu1Ni2Ti1,ok
MMD-3111,NiPSe3,3,C2/m,monoclinic,Ferromagnetic,0.13,4.9,,,,,,-126.860293,,Ni1P1Se3,ok
MMD-3112,YNiGe2,3,Cmcm,orthorhombic,Ferromagnetic,0.0,0.0,,,,,,-703.606836,0.0,Ge2Ni1Y1,ok
MMD-3113,CrNiP,3,P-62m,hexagonal,Ferromagnetic,0.52,4.63,,,,,,-497.640783,0.0,Cr1Ni1P1,ok
MMD-3114,Y(NiB)2,3,C2/c,monoclinic,Ferromagnetic,0.0,0.0,,,,,,-571.427552,0.0,B2Ni2Y1,ok
MMD-3115,Zr2NiP2,3,P6_3/mmc,hexagonal,Ferromagnetic,0.0,0.0,,,,,,-1309.010039,0.0,Ni1P2Zr2,ok
MMD-3116,Zr6Ga2Ni,3,P-62m,hexagonal,Ferromagnetic,0.0,0.0,,,,,,-420.920463,,Ga2Ni1Zr6,ok
MMD-3117,NiAsSe,3,P2_13,cubic,Ferromagnetic,0.0,0.0,,,,,,-286.12939,0.0,As1Ni1Se1,ok
MMD-3118,ScNiC2,3,P4/nmm,tetragonal,Ferromagnetic,0.0,0.0,,,,,,-355.173227,,C2Ni1Sc1,ok
MMD-3119,AlCrNi2,3,Fm-3m,cubic,Ferromagnetic,0.79,13.13,,,,,,-265.465218,,Al1Cr1Ni2,ok
MMD-3120,ScAlNi2,3,Fm-3m,cubic,Ferromagnetic,0.0,0.0,,,,,,-628.407614,0.0,Al1Ni2Sc1,ok
MMD-3121,AlVNi2,3,Fm-3m,cubic,Ferromagnetic,0.0,0.0,,,,,,-392.533535,,Al1Ni2V1,ok
MMD-3122,VSiNi,3,Pnma,orthorhombic,Ferromagnetic,0.0,0.0,,,,,,-590.940155,0.0,Ni1Si1V1,ok
MMD-3123,YGa4Ni,3,Cmcm,orthorhombic,Ferromagnetic,0.0,0.0,,,,,,-530.528619,0.0,Ga4Ni1Y1,ok
MMD-3124,VNiGe,3,Pnma,orthorhombic,Ferromagnetic,0.0,0.03,,,,,,-333.450378,0.0,Ge1Ni1V1,ok
MMD-3125,ZrZnNi2,3,Fm-3m,cubic,Ferromagnetic,0.0,0.0,,,,,,-407.503258,,Ni2Zn1Zr1,ok
MMD-3126,NbNiGe,3,Pnma,orthorhombic,Ferromagnetic,0.0,0.0,,,,,,-501.093316,0.0,Ge1Nb1Ni1,ok
MMD-3127,YGaNi,3,Pnma,orthorhombic,Ferromagnetic,0.0,0.0,,,,,,-646.608058,0.0,Ga1Ni1Y1,ok
MMD-3128,ZrNiGe,3,Pnma,orthorhombic,Ferromagnetic,0.0,0.0,,,,,,-793.281461,0.0,Ge1Ni1Zr1,ok
MMD-3129,YNiP,3,P6_3/mmc,hexagonal,Ferromagnetic,0.0,0.01,,,,,,-1234.449783,0.0,Ni1P1Y1,ok
MMD-3130,CrSiNi,3,Pnma,orthorhombic,Ferromagnetic,0.63,7.84,,,,,,-373.767241,,Cr1Ni1Si1,ok
MMD-3131,NbNiAs,3,Pnma,orthorhombic,Ferromagnetic,0.0,0.0,,,,,,-521.355443,0.0,As1Nb1Ni1,ok
MMD-3132,ZrSiNi,3,Pnma,orthorhombic,Ferromagnetic,0.0,0.0,,,,,,-923.949141,0.0,Ni1Si1Zr1,ok
MMD-3133,Zr4NiP,3,P4/mcc,tetragonal,Ferromagnetic,0.0,0.0,,,,,,-672.288866,,Ni1P1Zr4,ok
MMD-3134,YNiGe,3,Pnma,orthorhombic,Ferromagnetic,0.0,0.0,,,,,,-803.990712,0.0,Ge1Ni1Y1,ok
MMD-3135,Y(Ni2P)2,3,P4_2/mnm,tetragonal,Ferromagnetic,0.0,0.0,,,,,,-830.685796,0.0,Ni4P2Y1,ok
MMD-3136,Y(Ni2As)2,3,P4_2/mnm,tetragonal,Ferromagnetic,0.0,0.0,,,,,,-613.830375,0.0,As2Ni4Y1,ok
MMD-3137,Ti4NiS8,3,C2/m,monoclinic,Ferromagnetic,0.0,0.01,,,,,,-1233.510711,0.0,Ni1S8Ti4,ok
MMD-3138,Sc(Ni2As)2,3,P4_2/mnm,tetragonal,Ferromagnetic,0.0,0.0,,,,,,-564.811691,0.0,As2Ni4Sc1,ok
MMD-3139,Zr(Ni2As)2,3,P4_2/mnm,tetragonal,Ferromagnetic,0.0,0.0,,,,,,-532.234261,0.0,As2Ni4Zr1,ok
MMD-3140,Sc3Si3Ni2,3,Cmcm,orthorhombic,Ferromagnetic,0.0,0.0,,,,,,-883.786105,0.0,Ni2Sc3Si3,ok
MMD-3141,ScGaNi2,3,Fm-3m,cubic,Ferromagnetic,0.0,0.0,,,,,,-560.569237,0.0,Ga1Ni2Sc1,ok
MMD-3142,ScGa2Ni,3,Cmcm,orthorhombic,Ferromagnetic,0.0,0.0,,,,,,-638.06579,0.0,Ga2Ni1Sc1,ok
MMD-3143,YGa2Ni,3,Cmcm,orthorhombic,Ferromagnetic,0.0,0.0,,,,,,-654.0019,0.0,Ga2Ni1Y1,ok
MMD-3144,ZrZnNi4,3,F-43m,cubic,Ferromagnetic,0.0,0.0,,,,,,-417.778931,0.0,Ni4Zn1Zr1,ok
MMD-3145,Nb3NiS6,3,P6_322,hexagonal,Ferromagnetic,0.1,2.88,,,,,,-1021.107792,0.0,Nb3Ni1S6,ok
MMD-3146,Ni2GeP,3,Pbca,orthorhombic,Ferromagnetic,0.0,0.0,,,,,,-361.651221,,Ge1Ni2P1,ok
MMD-3147,AlGaNi2,3,Fm-3m,cubic,Ferromagnetic,0.0,0.0,,,,,,-497.270316,,Al1Ga1Ni2,ok
MMD-3148,GaCuNi2,3,Fm-3m,cubic,Ferromagnetic,0.0,0.0,,,,,,-234.17329,,Cu1Ga1Ni2,ok
MMD-3149,Sc2GaNi,3,Fm-3m,cubic,Ferromagnetic,0.0,0.0,,,,,,-539.608601,,Ga1Ni1Sc2,ok
MMD-3150,Sc2CuNi,3,Fm-3m,cubic,Ferromagnetic,0.0,0.0,,,,,,-392.437649,0.0,Cu1Ni1Sc2,ok
MMD-3151,Ti2AlNi,3,Fm-3m,cubic,Ferromagnetic,0.3,6.17,,,,,,-275.406188,,Al1Ni1Ti2,ok
MMD-3152,ZnGaNi2,3,Fm-3m,cubic,Ferromagnetic,0.0,0.0,,,,,,-314.11335,0.0,Ga1Ni2Zn1,ok
MMD-3153,Nb3NiSe6,3,P6_322,hexagonal,Ferromagnetic,0.09,3.0,,,,,,-780.813524,,Nb3Ni1Se6,ok
MMD-3154,Zr2Si4Ni3,3,Cmce,orthorhombic,Ferromagnetic,0.0,0.0,,,,,,-804.503193,0.0,Ni3Si4Zr2,ok
MMD-3155,YNiB4,3,I4/mmm,tetragonal,Ferromagnetic,0.0,0.0,,,,,,-586.563741,0.0,B4Ni1Y1,ok
MMD-3156,Y2Ni12P7,3,P-6,hexagonal,Ferromagnetic,0.0,0.0,,,,,,-770.122259,0.0,Ni12P7Y2,ok
MMD-3157,Y2Ni12As7,3,P-6,hexagonal,Ferromagnetic,0.0,0.0,,,,,,-510.643189,0.0,As7Ni12Y2,ok
MMD-3158,Y4Ni13C4,3,Cmmm,orthorhombic,Ferromagnetic,0.0,0.0,,,,,,-363.266187,0.0,C4Ni13Y4,ok
MMD-3159,Y3(GaNi3)2,3,Im-3m,cubic,Ferromagnetic,0.0,0.01,,,,,,-541.508091,0.0,Ga2Ni6Y3,ok
MMD-3160,Nb4NiS8,3,P6_3/mmc,hexagonal,Ferromagnetic,0.06,2.55,,,,,,-1040.052864,0.0,Nb4Ni1S8,ok
MMD-3161,V3(Ni10B3)2,3,Fm-3m,cubic,Ferromagnetic,0.0,0.14,,,,,,-313.732154,0.0,B6Ni20V3,ok
MMD-3162,Ti2(Ni7B2)3,3,Fm-3m,cubic,Ferromagnetic,0.0,0.17,,,,,,-365.620455,0.0,B6Ni21Ti2,ok
MMD-3163,Ga2(Ni7B2)3,3,Fm-3m,cubic,Ferromagnetic,0.0,0.32,,,,,,-298.612576,0.0,B6Ga2Ni21,ok
MMD-3164,V4Ni2N,3,Fd-3m,cubic,Ferromagnetic,0.0,0.01,,,,,,-556.482225,0.0,N1Ni2V4,ok
MMD-3165,Nb4Si7Ni4,3,I4/mmm,tetragonal,Ferromagnetic,0.0,0.01,,,,,,-642.584426,0.0,Nb4Ni4Si7,ok
MMD-3166,Nb4NiSe8,3,P6_3/mmc,hexagonal,Ferromagnetic,0.05,2.33,,,,,,-813.973893,0.0,Nb4Ni1Se8,ok
MMD-3167,Zr6Al16Ni7,3,Fm-3m,cubic,Ferromagnetic,0.0,0.08,,,,,,-644.840085,0.0,Al16Ni7Zr6,ok
MMD-3168,Ti4Ni4Ge7,3,I4/mmm,tetragonal,Ferromagnetic,0.0,0.01,,,,,,-513.380109,,Ge7Ni4Ti4,ok
MMD-3169,Ti3(Ni10B3)2,3,Fm-3m,cubic,Ferromagnetic,0.0,0.03,,,,,,-428.580363,0.0,B6Ni20Ti3,ok
MMD-3170,Zr3(Ni10B3)2,3,Fm-3m,cubic,Ferromagnetic,0.0,0.01,,,,,,-433.991459,0.0,B6Ni20Zr3,ok
MMD-3171,Zr4Ni2N,3,Fd-3m,cubic,Ferromagnetic,0.0,0.0,,,,,,-802.972965,,N1Ni2Zr4,ok
MMD-3172,Sc6Al16Ni7,3,Fm-3m,cubic,Ferromagnetic,0.0,0.45,,,,,,-610.68883,,Al16Ni7Sc6,ok
MMD-3173,Sc3(Ni10B3)2,3,Fm-3m,cubic,Ferromagnetic,0.0,0.01,,,,,,-439.263999,0.0,B6Ni20Sc3,ok
MMD-3174,Nb3Ni3C,3,Fd-3m,cubic,Ferromagnetic,0.0,0.39,,,,,,-348.710143,,C1Nb3Ni3,ok
MMD-3175,Ti6Ga16Ni7,3,Fm-3m,cubic,Ferromagnetic,0.0,0.09,,,,,,-407.356692,,Ga16Ni7Ti6,ok
MMD-3176,GaNi9B8,3,Cmcm,orthorhombic,Ferromagnetic,0.0,0.01,,,,,,-250.053532,,B8Ga1Ni9,ok
MMD-3177,Al15Ni3Ge4,3,I-43m,cubic,Ferromagnetic,0.0,0.0,,,,,,-216.890704,,Al15Ge4Ni3,ok
MMD-3178,Zn2Ni21B20,3,I4/mmm,tetragonal,Ferromagnetic,0.0,0.0,,,,,,-258.810727,0.0,B20Ni21Zn2,ok
MMD-3179,Y3Ni19B10,3,C2/m,monoclinic,Ferromagnetic,0.0,0.0,,,,,,-431.656527,,B10Ni19Y3,ok
MMD-3180,Ti4Si4Ni,3,Pnma,orthorhombic,Ferromagnetic,0.0,0.01,,,,,,-772.199366,,Ni1Si4Ti4,ok
MMD-3181,ZrGa2Ni,3,I4mm,tetragonal,Ferromagnetic,0.0,0.01,,,,,,-584.471057,0.0,Ga2Ni1Zr1,ok
MMD-3182,ZnNi13Ge8,3,P3_121,trigonal,Ferromagnetic,0.0,0.0,,,,,,-283.7425,,Ge8Ni13Zn1,ok
MMD-3183,Y4Ga21Ni10,3,C2/m,monoclinic,Ferromagnetic,0.0,0.0,,,,,,-502.960064,,Ga21Ni10Y4,ok
MMD-3184,Y4NiB13,3,P4/mnc,tetragonal,Ferromagnetic,0.0,0.0,,,,,,-478.832505,,B13Ni1Y4,ok
MMD-3185,YSi2Ni,3,Cmcm,orthorhombic,Ferromagnetic,0.0,0.0,,,,,,-846.967351,0.0,Ni1Si2Y1,ok
MMD-3186,ZnSiNi2,3,Fm-3m,cubic,Ferromagnetic,0.0,0.0,,,,,,-360.353835,,Ni2Si1Zn1,ok
MMD-3187,Nb2NiS4,3,P-3m1,trigonal,Ferromagnetic,0.0,0.01,,,,,,-546.387234,,Nb2Ni1S4,ok
MMD-3188,YNiAs,3,P-6m2,hexagonal,Ferromagnetic,0.0,0.0,,,,,,-1053.613919,0.0,As1Ni1Y1,ok
MMD-3189,GaNi3C,3,Pm-3m,cubic,Ferromagnetic,0.0,0.0,,,,,,-87.006812,,C1Ga1Ni3,ok
MMD-3190,AlNi3C,3,Pm-3m,cubic,Ferromagnetic,0.0,0.0,,,,,,-200.011409,,C1Al1Ni3,ok
MMD-3191,ZrNiAs,3,Pnma,orthorhombic,Ferromagnetic,0.0,0.0,,,,,,-888.594794,0.0,As1Ni1Zr1,ok
MMD-3192,Y3(SiNi)2,3,Immm,orthorhombic,Ferromagnetic,0.0,0.0,,,,,,-711.830515,,Ni2Si2Y3,ok
MMD-3193,Y3(SiNi3)2,3,Im-3m,cubic,Ferromagnetic,0.0,0.0,,,,,,-653.249735,0.0,Ni6Si2Y3,ok
MMD-3194,Y3NiGe2,3,Pnma,orthorhombic,Ferromagnetic,0.0,0.04,,,,,,-819.392075,0.0,Ge2Ni1Y3,ok
MMD-3195,Y6Si7Ni16,3,Fm-3m,cubic,Ferromagnetic,0.0,0.02,,,,,,-677.358873,,Ni16Si7Y6,ok
MMD-3196,V2(Ni7B2)3,3,Fm-3m,cubic,Ferromagnetic,0.0,0.14,,,,,,-278.173503,,B6Ni21V2,ok
MMD-3197,Ti2SiNi3,3,P6_3/mmc,hexagonal,Ferromagnetic,0.1,1.3,,,,,,-621.761873,,Ni3Si1Ti2,ok
MMD-3198,Y15(Ni4P3)7,3,P6_3/m,hexagonal,Ferromagnetic,0.0,0.03,,,,,,-1069.17464,0.0,Ni28P21Y15,ok
MMD-3199,Sc2Ga8Ni,3,P4/mmm,tetragonal,Ferromagnetic,0.0,0.0,,,,,,-455.408339,0.0,Ga8Ni1Sc2,ok
MMD-3200,Ni7(Mo3P2)3,3,P-1,triclinic,Ferromagnetic,0.0,0.0,,,,,,-450.082979,,Mo9Ni7P6,ok
MMD-3201,NiMo2P,3,C2/m,monoclinic,Ferromagnetic,0.0,0.0,,,,,,-403.28934,,Mo2Ni1P1,ok
MMD-3202,Ni21(GeB3)2,3,Fm-3m,cubic,Ferromagnetic,0.0,0.31,,,,,,-278.599146,0.0,B6Ge2Ni21,ok
MMD-3203,Nb3(Ni10B3)2,3,Fm-3m,cubic,Ferromagnetic,0.0,0.11,,,,,,-361.84463,0.0,B6Nb3Ni20,ok
MMD-3204,Nb2(Ni7B2)3,3,Fm-3m,cubic,Ferromagnetic,0.0,0.08,,,,,,-320.554188,0.0,B6Nb2Ni21,ok
MMD-3205,Ni16GeP5,3,P-1,triclinic,Ferromagnetic,0.0,0.0,,,,,,-432.213678,0.0,Ge1Ni16P5,ok
MMD-3206,GaNi10P3,3,P-3m1,trigonal,Ferromagnetic,0.0,0.0,,,,,,-446.444484,0.0,Ga1Ni10P3,ok
MMD-3207,Ga(Ni3B2)4,3,Cmce,orthorhombic,Ferromagnetic,0.0,0.02,,,,,,-288.693854,,B8Ga1Ni12,ok
MMD-3208,Al2(Ni7B2)3,3,Fm-3m,cubic,Ferromagnetic,0.01,0.55,,,,,,-346.385608,0.0,Al2B6Ni21,ok
MMD-3209,ZrVNi,3,Amm2,orthorhombic,Ferromagnetic,0.0,0.02,,,,,,-254.731732,,Ni1V1Zr1,ok
MMD-3210,ZrAlNi2,3,P4/mmm,tetragonal,Ferromagnetic,0.0,0.01,,,,,,-498.198063,,Al1Ni2Zr1,ok
MMD-3211,ZrCrNi,3,Amm2,orthorhombic,Ferromagnetic,0.0,0.02,,,,,,-208.516219,,Cr1Ni1Zr1,ok
MMD-3212,Zr5AlNi4,3,P-4n2,tetragonal,Ferromagnetic,0.0,0.0,,,,,,-441.195075,,Al1Ni4Zr5,ok
MMD-3213,Zr4CuNi,3,I422,tetragonal,Ferromagnetic,0.0,0.0,,,,,,-225.758836,,Cu1Ni1Zr4,ok
MMD-3214,Zr4Ni3As8,3,P-4m2,tetragonal,Ferromagnetic,0.0,0.0,,,,,,-758.257152,0.0,As8Ni3Zr4,ok
MMD-3215,ZnCu2Ni,3,R3m,trigonal,Ferromagnetic,0.0,0.0,,,,,,-34.746605,,Cu2Ni1Zn1,ok
MMD-3216,Zn2CuNi,3,P4/mmm,tetragonal,Ferromagnetic,0.0,0.0,,,,,,-157.836018,,Cu1Ni1Zn2,ok
MMD-3217,Zr2Al3Ni,3,R-3m,trigonal,Ferromagnetic,0.0,0.02,,,,,,-588.833936,,Al3Ni1Zr2,ok
MMD-3218,ZnSiNi2,3,P4/mmm,tetragonal,Ferromagnetic,0.0,0.0,,,,,,-394.152384,,Ni2Si1Zn1,ok
MMD-3219,Zr2VNi3,3,R-3m,trigonal,Ferromagnetic,0.0,0.0,,,,,,-333.878417,,Ni3V1Zr2,ok
MMD-3220,Zr2NiS4,3,Cm,monoclinic,Ferromagnetic,0.0,0.0,,,,,,-1376.601684,0.0,Ni1S4Zr2,ok
MMD-3221,Zn4Ni5Ge,3,P4/mmm,tetragonal,Ferromagnetic,0.0,0.0,,,,,,-214.852153,,Ge1Ni5Zn4,ok
MMD-3222,Zr2SiNi3,3,P6_3/mmc,hexagonal,Ferromagnetic,0.0,0.02,,,,,,-648.63813,,Ni3Si1Zr2,ok
MMD-3223,Zr2Ga3Ni,3,Cm,monoclinic,Ferromagnetic,0.0,0.0,,,,,,-591.030639,,Ga3Ni1Zr2,ok
MMD-3224,ZnNi9Ge2,3,I4/mmm,tetragonal,Ferromagnetic,0.0,0.01,,,,,,-192.838507,,Ge2Ni9Zn1,ok
MMD-3225,ZnSi2Ni3,3,P1,triclinic,Ferromagnetic,0.0,0.0,,,,,,-438.187187,,Ni3Si2Zn1,ok
MMD-3226,YNiGe,3,C2/m,monoclinic,Ferromagnetic,0.0,0.0,,,,,,-725.36599,,Ge1Ni1Y1,ok
MMD-3227,YZr2Ni15,3,P3m1,trigonal,Ferromagnetic,0.12,2.4,,,,,,-285.846717,,Ni15Y1Zr2,ok
MMD-3228,Zr3(VNi2)2,3,P-1,triclinic,Ferromagnetic,0.0,0.02,,,,,,-307.588089,,Ni4V2Zr3,ok
MMD-3229,Y3Si3Ni,3,Imm2,orthorhombic,Ferromagnetic,0.0,0.02,,,,,,-808.949994,,Ni1Si3Y3,ok
MMD-3230,Y2Ga3Ni,3,P3m1,trigonal,Ferromagnetic,0.0,0.0,,,,,,-637.346063,,Ga3Ni1Y2,ok
MMD-3231,Y2(CuNi)5,3,Pmmm,orthorhombic,Ferromagnetic,0.0,0.0,,,,,,-274.571348,0.0,Cu5Ni5Y2,ok
MMD-3232,Y3Ga8Ni3,3,Cm,monoclinic,Ferromagnetic,0.0,0.0,,,,,,-564.452081,,Ga8Ni3Y3,ok
MMD-3233,Y2(AlNi)5,3,Pm,monoclinic,Ferromagnetic,0.0,0.0,,,,,,-631.983127,0.0,Al5Ni5Y2,ok
MMD-3234,VSiNi,3,Amm2,orthorhombic,Ferromagnetic,0.0,0.0,,,,,,-429.009467,,Ni1Si1V1,ok
MMD-3235,VGaNi6,3,P4/mmm,tetragonal,Ferromagnetic,0.0,0.0,,,,,,-292.791462,0.0,Ga1Ni6V1,ok
MMD-3236,V2NiP,3,P4/mmm,tetragonal,Ferromagnetic,0.0,0.0,,,,,,-423.165525,,Ni1P1V2,ok
MMD-3237,TiZnNi2,3,P4/mmm,tetragonal,Ferromagnetic,0.0,0.0,,,,,,-356.555294,,Ni2Ti1Zn1,ok
MMD-3238,Zr8Ni61B18,3,P-3m1,trigonal,Ferromagnetic,0.0,0.01,,,,,,-416.839124,,B18Ni61Zr8,ok
MMD-3239,TiCuNi,3,I4mm,tetragonal,Ferromagnetic,0.0,0.0,,,,,,-314.197881,0.0,Cu1Ni1Ti1,ok
MMD-3240,TiGaNi6,3,P4/mmm,tetragonal,Ferromagnetic,0.0,0.0,,,,,,-394.803498,0.0,Ga1Ni6Ti1,ok
MMD-3241,TiCuNi2,3,P4/mmm,tetragonal,Ferromagnetic,0.0,0.0,,,,,,-275.809563,,Cu1Ni2Ti1,ok
MMD-3242,TiAlNi2,3,P4/mmm,tetragonal,Ferromagnetic,0.0,0.0,,,,,,-517.110037,,Al1Ni2Ti1,ok
MMD-3243,TiAlNi6,3,P4/mmm,tetragonal,Ferromagnetic,0.0,0.01,,,,,,-473.059168,0.0,Al1Ni6Ti1,ok
MMD-3244,Ti8Cu3Ni,3,P4/mmm,tetragonal,Ferromagnetic,0.0,0.0,,,,,,-164.88902,0.0,Cu3Ni1Ti8,ok
MMD-3245,Ti2CuNi,3,P4/mmm,tetragonal,Ferromagnetic,0.0,0.0,,,,,,-204.16278,,Cu1Ni1Ti2,ok
MMD-3246,Ti2CuNi,3,Pmm2,orthorhombic,Ferromagnetic,0.0,0.02,,,,,,-219.349463,,Cu1Ni1Ti2,ok
MMD-3247,Ti3AlNi12,3,P-6m2,hexagonal,Ferromagnetic,0.0,0.0,,,,,,-473.369523,,Al1Ni12Ti3,ok
MMD-3248,Ti4Al11Ni,3,P4mm,tetragonal,Ferromagnetic,0.03,0.59,,,,,,-396.979967,,Al11Ni1Ti4,ok
MMD-3249,TiAl4Ni15,3,P4/mmm,tetragonal,Ferromagnetic,0.13,2.53,,,,,,-444.252218,,Al4Ni15Ti1,ok
MMD-3250,Ti(NbNi4)3,3,Pmm2,orthorhombic,Ferromagnetic,0.0,0.0,,,,,,-339.52336,,Nb3Ni12Ti1,ok
MMD-3251,Ti2NbNi9,3,P-6m2,hexagonal,Ferromagnetic,0.0,0.0,,,,,,-398.768146,,Nb1Ni9Ti2,ok
MMD-3252,Ti2VNi9,3,P-6m2,hexagonal,Ferromagnetic,0.06,2.74,,,,,,-380.73711,,Ni9Ti2V1,ok
MMD-3253,Ti2NbNi9,3,Amm2,orthorhombic,Ferromagnetic,0.0,0.01,,,,,,-398.919587,,Nb1Ni9Ti2,ok
MMD-3254,SiNi6Ge,3,P4/mmm,tetragonal,Ferromagnetic,0.0,0.0,,,,,,-365.590601,0.0,Ge1Ni6Si1,ok
MMD-3255,SiNi3Mo2,3,P6_3/mmc,hexagonal,Ferromagnetic,0.0,0.01,,,,,,-339.992395,0.0,Mo2Ni3Si1,ok
MMD-3256,Si6NiMo9,3,I-42m,tetragonal,Ferromagnetic,0.0,0.0,,,,,,-385.439353,,Mo9Ni1Si6,ok
MMD-3257,SiNi3Mo2,3,Amm2,orthorhombic,Ferromagnetic,0.0,0.02,,,,,,-266.960467,,Mo2Ni3Si1,ok
MMD-3258,ScAlNi,3,Amm2,orthorhombic,Ferromagnetic,0.0,0.0,,,,,,-595.950862,,Al1Ni1Sc1,ok
MMD-3259,Sc4Si7Ni,3,Pmm2,orthorhombic,Ferromagnetic,0.0,0.0,,,,,,-481.998884,,Ni1Sc4Si7,ok
MMD-3260,Sc3(Ga2Ni)2,3,P3m1,trigonal,Ferromagnetic,0.0,0.0,,,,,,-534.501973,,Ga4Ni2Sc3,ok
MMD-3261,Ni6Ge2P,3,P-62m,hexagonal,Ferromagnetic,0.0,0.0,,,,,,-387.771523,0.0,Ge2Ni6P1,ok
MMD-3262,NiSeS,3,P2_13,cubic,Ferromagnetic,0.0,0.0,,,,,,-223.274042,,Ni1S1Se1,ok
MMD-3263,Ni4As3S5,3,R3,trigonal,Ferromagnetic,0.0,0.0,,,,,,-294.560052,,As3Ni4S5,ok
MMD-3264,Ni11(GeSe2)2,3,P4mm,tetragonal,Ferromagnetic,0.0,0.0,,,,,,-271.398819,,Ge2Ni11Se4,ok
MMD-3265,Ni3Mo2P,3,P6_3/mmc,hexagonal,Ferromagnetic,0.0,0.05,,,,,,-305.334633,,Mo2Ni3P1,ok
MMD-3266,Ni4(GeAs3)3,3,Cm,monoclinic,Ferromagnetic,0.0,0.0,,,,,,-163.31096,,As9Ge3Ni4,ok
MMD-3267,Ni(Mo3Se4)2,3,P1,triclinic,Ferromagnetic,0.0,0.0,,,,,,-487.256908,,Mo6Ni1Se8,ok
MMD-3268,NiGeMo,3,Amm2,orthorhombic,Ferromagnetic,0.03,0.71,,,,,,31.01366,,Ge1Mo1Ni1,ok
MMD-3269,Ni15Mo17P12,3,P-1,triclinic,Ferromagnetic,0.0,0.01,,,,,,-450.076956,,Mo17Ni15P12,ok
MMD-3270,NiGeMo,3,Amm2,orthorhombic,Ferromagnetic,0.0,0.01,,,,,,-17.924251,,Ge1Mo1Ni1,ok
MMD-3271,Ni17(GeSe)4,3,P4mm,tetragonal,Ferromagnetic,0.0,0.11,,,,,,-275.624281,0.0,Ge4Ni17Se4,ok
MMD-3272,Ni5(Mo2As3)6,3,C2/m,monoclinic,Ferromagnetic,0.0,0.01,,,,,,-250.159294,,As18Mo12Ni5,ok
MMD-3273,NbNi6Mo,3,Pmm2,orthorhombic,Ferromagnetic,0.0,0.0,,,,,,-209.388942,0.0,Mo1Nb1Ni6,ok
MMD-3274,NbAl2Ni9,3,P4/mmm,tetragonal,Ferromagnetic,0.0,0.01,,,,,,-414.198563,0.0,Al2Nb1Ni9,ok
MMD-3275,NiMo8P3,3,P1,triclinic,Ferromagnetic,0.0,0.01,,,,,,-351.972489,,Mo8Ni1P3,ok
MMD-3276,NbNi3P2,3,Pm,monoclinic,Ferromagnetic,0.0,0.0,,,,,,-651.078899,,Nb1Ni3P2,ok
MMD-3277,NbCrNi,3,Amm2,orthorhombic,Ferromagnetic,0.0,0.0,,,,,,-117.251014,,Cr1Nb1Ni1,ok
MMD-3278,NbVNi,3,Amm2,orthorhombic,Ferromagnetic,0.0,0.0,,,,,,-182.319849,0.0,Nb1Ni1V1,ok
MMD-3279,Nb3SiNi8,3,P3m1,trigonal,Ferromagnetic,0.0,0.06,,,,,,-194.168986,,Nb3Ni8Si1,ok
MMD-3280,Nb2SiNi3,3,P6_3/mmc,hexagonal,Ferromagnetic,0.14,1.87,,,,,,-473.265125,,Nb2Ni3Si1,ok
MMD-3281,Nb2GaNi3,3,P6_3/mmc,hexagonal,Ferromagnetic,0.0,0.03,,,,,,-308.701264,,Ga1Nb2Ni3,ok
MMD-3282,Nb(GaNi4)3,3,P4/mmm,tetragonal,Ferromagnetic,0.08,1.23,,,,,,-300.830784,0.0,Ga3Nb1Ni12,ok
MMD-3283,Nb2Ni3Ge,3,P6_3/mmc,hexagonal,Ferromagnetic,0.19,2.67,,,,,,-347.414078,,Ge1Nb2Ni3,ok
MMD-3284,Ni43(GeB4)3,3,R3m,trigonal,Ferromagnetic,0.04,5.9,,,,,,-257.131243,,B12Ge3Ni43,ok
MMD-3285,Nb5Ni41B12,3,R-3m,trigonal,Ferromagnetic,0.0,0.05,,,,,,-341.052528,0.0,B12Nb5Ni41,ok
MMD-3286,Ga3SiNi4,3,R3,trigonal,Ferromagnetic,0.0,0.0,,,,,,-418.042175,,Ga3Ni4Si1,ok
MMD-3287,GaSiNi6,3,P4/mmm,tetragonal,Ferromagnetic,0.11,0.84,,,,,,-365.927874,0.0,Ga1Ni6Si1,ok
MMD-3288,GaNi4Ge3,3,R3,trigonal,Ferromagnetic,0.0,0.0,,,,,,-223.711778,,Ga1Ge3Ni4,ok
MMD-3289,GaNi6Ge,3,P4/mmm,tetragonal,Ferromagnetic,0.12,0.93,,,,,,-277.194849,0.0,Ga1Ge1Ni6,ok
MMD-3290,GaNi2Ge3,3,C222_1,orthorhombic,Ferromagnetic,0.0,0.0,,,,,,-220.46263,,Ga1Ge3Ni2,ok
MMD-3291,Ga2Ni7Ge2,3,P-6m2,hexagonal,Ferromagnetic,0.0,0.0,,,,,,-277.781999,,Ga2Ge2Ni7,ok
MMD-3292,GaNi4Ge3,3,Pmc2_1,orthorhombic,Ferromagnetic,0.0,0.0,,,,,,-298.701693,,Ga1Ge3Ni4,ok
MMD-3293,GaNi4Ge3,3,Cm,monoclinic,Ferromagnetic,0.0,0.0,,,,,,-288.929952,,Ga1Ge3Ni4,ok
MMD-3294,GaCu4Ni15,3,P4/mmm,tetragonal,Ferromagnetic,0.35,6.59,,,,,,-18.684825,,Cu4Ga1Ni15,ok
MMD-3295,CuNi3S8,3,R-3,trigonal,Ferromagnetic,0.0,0.06,,,,,,-212.705153,,Cu1Ni3S8,ok
MMD-3296,Cr5NiAs3,3,Amm2,orthorhombic,Ferromagnetic,0.49,10.78,,,,,,-57.823938,,As3Cr5Ni1,ok
MMD-3297,Cr2(NiB2)3,3,Amm2,orthorhombic,Ferromagnetic,0.0,0.0,,,,,,-331.761352,,B6Cr2Ni3,ok
MMD-3298,Cr5NiS8,3,P2/m,monoclinic,Ferromagnetic,0.71,13.74,,,,,,-649.951058,,Cr5Ni1S8,ok
MMD-3299,Cr11NiS16,3,P-1,triclinic,Ferromagnetic,0.83,33.02,,,,,,-665.228925,,Cr11Ni1S16,ok
MMD-3300,Cr3NiP4,3,Pm,monoclinic,Ferromagnetic,0.23,1.96,,,,,,-527.444947,,Cr3Ni1P4,ok
MMD-3301,Cr3NiB6,3,Amm2,orthorhombic,Ferromagnetic,0.17,2.31,,,,,,-372.097133,,B6Cr3Ni1,ok
MMD-3302,Cr5NiS8,3,P-1,triclinic,Ferromagnetic,0.71,13.51,,,,,,-625.713339,,Cr5Ni1S8,ok
MMD-3303,Cr11NiS16,3,C2/m,monoclinic,Ferromagnetic,0.81,65.01,,,,,,-661.891904,,Cr11Ni1S16,ok
MMD-3304,AlSiNi6,3,P4/mmm,tetragonal,Ferromagnetic,0.1,0.72,,,,,,-443.497647,,Al1Ni6Si1,ok
MMD-3305,AlSiNi2,3,P2_1,monoclinic,Ferromagnetic,0.0,0.0,,,,,,-576.014895,0.0,Al1Ni2Si1,ok
MMD-3306,Al4Ni15Ge,3,P4/mmm,tetragonal,Ferromagnetic,0.16,3.05,,,,,,-401.148377,,Al4Ge1Ni15,ok
MMD-3307,Al4VNi15,3,P4/mmm,tetragonal,Ferromagnetic,0.09,1.8,,,,,,-409.429708,,Al4Ni15V1,ok
MMD-3308,Al2VNi9,3,P4/mmm,tetragonal,Ferromagnetic,0.0,0.0,,,,,,-396.277379,0.0,Al2Ni9V1,ok
MMD-3309,Al4Ni15,2,P4/mmm,tetragonal,Ferromagnetic,0.26,4.93,,,,,,-273.713483,,Al4Ni15,ok
MMD-3310,Al4Ni12C,3,P4/mmm,tetragonal,Ferromagnetic,0.04,0.73,,,,,,-374.388403,,C1Al4Ni12,ok
MMD-3311,AlNiGe,3,F-43m,cubic,Ferromagnetic,0.0,0.0,,,,,,-408.391639,,Al1Ge1Ni1,ok
MMD-3312,AlNi6Ge,3,P4/mmm,tetragonal,Ferromagnetic,0.11,0.81,,,,,,-354.463018,,Al1Ge1Ni6,ok
MMD-3313,AlVNi2,3,P4/mmm,tetragonal,Ferromagnetic,0.0,0.0,,,,,,-385.749079,,Al1Ni2V1,ok
MMD-3314,AlNi4As3,3,P-6m2,hexagonal,Ferromagnetic,0.0,0.0,,,,,,-309.984139,,Al1As3Ni4,ok
MMD-3315,AlNi2As,3,P-6m2,hexagonal,Ferromagnetic,0.0,0.0,,,,,,-345.311158,,Al1As1Ni2,ok
MMD-3316,Al4CrNi15,3,P4/mmm,tetragonal,Ferromagnetic,0.14,2.75,,,,,,-355.862427,0.0,Al4Cr1Ni15,ok
MMD-3317,AlGaNi6,3,P4/mmm,tetragonal,Ferromagnetic,0.19,1.5,,,,,,-353.718484,0.0,Al1Ga1Ni6,ok
MMD-3318,AlCuNi6,3,P4/mmm,tetragonal,Ferromagnetic,0.3,2.28,,,,,,-185.679956,,Al1Cu1Ni6,ok
MMD-3319,Al2Cu2Ni,3,P4mm,tetragonal,Ferromagnetic,0.0,0.0,,,,,,-262.831797,,Al2Cu2Ni1,ok
MMD-3320,AlCrNi,3,Imma,orthorhombic,Ferromagnetic,0.26,3.45,,,,,,-42.824791,,Al1Cr1Ni1,ok
MMD-3321,Al3Ni9C,3,P4/mmm,tetragonal,Ferromagnetic,0.0,0.0,,,,,,-362.107511,,C1Al3Ni9,ok
MMD-3322,Al3ZnNi12,3,P4/mmm,tetragonal,Ferromagnetic,0.23,3.52,,,,,,-351.388682,,Al3Ni12Zn1,ok
MMD-3323,Cr(NiN)3,3,P6_3/m,hexagonal,Ferromagnetic,0.07,0.84,,,,,,220.110828,,Cr1N3Ni3,ok
MMD-3324,NiGeN2,3,Pbca,orthorhombic,Ferromagnetic,0.27,16.4,,,,,,266.900891,,Ge1N2Ni1,ok
MMD-3325,NiGeN2,3,P6_3/mmc,hexagonal,Ferromagnetic,0.19,1.24,,,,,,710.484824,,Ge1N2Ni1,ok
MMD-3326,CrNiN2,3,Cmcm,orthorhombic,Ferromagnetic,0.15,1.71,,,,,,76.353071,,Cr1N2Ni1,ok
MMD-3327,Cr2Ni3N4,3,C2/c,monoclinic,Ferromagnetic,0.14,4.2,,,,,,29.533311,,Cr2N4Ni3,ok
MMD-3328,VNiN2,3,P6_3/mmc,hexagonal,Ferromagnetic,0.24,1.41,,,,,,-163.759005,,N2Ni1V1,ok
MMD-3329,Zn5NiN4,3,Pmmn,orthorhombic,Ferromagnetic,0.0,0.0,,,,,,292.228102,,N4Ni1Zn5,ok
MMD-3330,V2NiN2,3,I4/mmm,tetragonal,Ferromagnetic,0.0,0.0,,,,,,-770.926187,,N2Ni1V2,ok
MMD-3331,NiGeN2,3,Pna2_1,orthorhombic,Ferromagnetic,0.52,7.92,,,,,,243.758752,,Ge1N2Ni1,ok
MMD-3332,Ti(NiN)4,3,P-1,triclinic,Ferromagnetic,0.0,0.01,,,,,,-22.892769,,N4Ni4Ti1,ok
MMD-3333,SiNiN2,3,Pna2_1,orthorhombic,Ferromagnetic,0.57,7.98,,,,,,-367.42544,,N2Ni1Si1,ok
MMD-3334,SiNiN2,3,Pbca,orthorhombic,Ferromagnetic,0.3,16.82,,,,,,-333.120058,,N2Ni1Si1,ok
MMD-3335,Ni(C2N3)3,3,Cmcm,orthorhombic,Ferromagnetic,0.13,11.77,,,,,,523.175146,,C6N9Ni1,ok
MMD-3336,ZnNi5N4,3,Pmmn,orthorhombic,Ferromagnetic,0.0,0.0,,,,,,310.216797,,N4Ni5Zn1,ok
MMD-3337,Ni(CN)2,3,Pnma,orthorhombic,Ferromagnetic,0.0,0.0,,,,,,585.742535,,C2N2Ni1,ok
MMD-3338,Zr(NiN)4,3,P-1,triclinic,Ferromagnetic,0.0,0.0,,,,,,-64.85265,,N4Ni4Zr1,ok
MMD-3339,SiNiN2,3,P6_3/mmc,hexagonal,Ferromagnetic,0.0,0.0,,,,,,139.440023,,N2Ni1Si1,ok
MMD-3340,CrNi2N3,3,Cmc2_1,orthorhombic,Ferromagnetic,0.0,0.01,,,,,,12.879439,,Cr1N3Ni2,ok
MMD-3341,Si7NiN10,3,Pc,monoclinic,Ferromagnetic,0.0,0.0,,,,,,-764.895443,,N10Ni1Si7,ok
MMD-3342,Al2NiN3,3,Cmc2_1,orthorhombic,Ferromagnetic,0.21,4.58,,,,,,-560.454385,,Al2N3Ni1,ok
MMD-3343,Y2Ni3N4,3,C2/c,monoclinic,Ferromagnetic,0.0,0.0,,,,,,-529.184185,,N4Ni3Y2,ok
MMD-3344,NiGe7N10,3,Pc,monoclinic,Ferromagnetic,0.0,0.0,,,,,,212.916567,,Ge7N10Ni1,ok
MMD-3345,Ni4CN4,3,Pnma,orthorhombic,Ferromagnetic,0.0,0.0,,,,,,333.538577,,C1N4Ni4,ok
MMD-3346,Ni(GeN)2,3,Pnma,orthorhombic,Ferromagnetic,0.0,0.0,,,,,,192.210942,,Ge2N2Ni1,ok
MMD-3347,Cr2NiN2,3,Pnma,orthorhombic,Ferromagnetic,0.0,0.01,,,,,,-267.415258,,Cr2N2Ni1,ok
MMD-3348,Ni2(CN2)3,3,R32,trigonal,Ferromagnetic,0.26,6.81,,,,,,627.423934,,C3N6Ni2,ok
MMD-3349,Ni(C4N3)2,3,Pmna,orthorhombic,Ferromagnetic,0.0,0.0,,,,,,420.898742,,C8N6Ni1,ok
MMD-3350,Ni4Se3N2,3,Pnma,orthorhombic,Ferromagnetic,0.0,0.0,,,,,,117.344495,,N2Ni4Se3,ok
MMD-3351,Ga2NiN3,3,Cmc2_1,orthorhombic,Ferromagnetic,0.18,4.32,,,,,,78.336201,,Ga2N3Ni1,ok
MMD-3352,Ni2(CN2)3,3,R-3c,trigonal,Ferromagnetic,0.2,12.0,,,,,,351.630733,,C3N6Ni2,ok
MMD-3353,V(NiN)4,3,P-1,triclinic,Ferromagnetic,0.0,0.0,,,,,,49.406824,,N4Ni4V1,ok
MMD-3354,VNi2N3,3,Cmcm,orthorhombic,Ferromagnetic,0.0,0.02,,,,,,-63.116876,,N3Ni2V1,ok
MMD-3355,Zr5AlNi4,3,P4/m,tetragonal,Ferromagnetic,0.0,0.0,,,,,,-478.29054,,Al1Ni4Zr5,ok
MMD-3356,Al(NiS2)2,3,Imma,orthorhombic,Ferromagnetic,0.14,5.39,,,,,,-439.095473,,Al1Ni2S4,ok
MMD-3357,ScAl2Ni,3,Cmcm,orthorhombic,Ferromagnetic,0.0,0.0,,,,,,-658.905029,0.0,Al2Ni1Sc1,ok
MMD-3358,Zr6Al2Ni,3,P-62m,hexagonal,Ferromagnetic,0.0,0.01,,,,,,-355.931,,Al2Ni1Zr6,ok
MMD-3359,YAl2Ni,3,Cmcm,orthorhombic,Ferromagnetic,0.0,0.0,,,,,,-655.88072,0.0,Al2Ni1Y1,ok
MMD-3360,YAlNi,3,P-62m,hexagonal,Ferromagnetic,0.0,0.0,,,,,,-604.520223,0.0,Al1Ni1Y1,ok
MMD-3361,Y3AlNi8,3,P6_3/mmc,hexagonal,Ferromagnetic,0.0,0.0,,,,,,-259.161141,,Al1Ni8Y3,ok
MMD-3362,Ti3NiS6,3,R-3,trigonal,Ferromagnetic,0.0,0.01,,,,,,-1211.536423,0.0,Ni1S6Ti3,ok
MMD-3363,Ti3NiS6,3,P-31c,trigonal,Ferromagnetic,0.0,0.02,,,,,,-1211.186435,,Ni1S6Ti3,ok
MMD-3364,Zr6Ni20P13,3,P-6,hexagonal,Ferromagnetic,0.0,0.0,,,,,,-884.808339,0.0,Ni20P13Zr6,ok
MMD-3365,ScSi3Ni2,3,I4/mmm,tetragonal,Ferromagnetic,0.0,0.0,,,,,,-671.467395,,Ni2Sc1Si3,ok
MMD-3366,Zn3Ni2Ge,3,Fd-3m,cubic,Ferromagnetic,0.0,0.0,,,,,,-220.622049,,Ge1Ni2Zn3,ok
MMD-3367,ZnNi3C,3,Pm-3m,cubic,Ferromagnetic,0.0,0.0,,,,,,-78.630334,,C1Ni3Zn1,ok
MMD-3368,TiNiGe,3,Pnma,orthorhombic,Ferromagnetic,0.0,0.0,,,,,,-675.515896,0.0,Ge1Ni1Ti1,ok
MMD-3369,ZnNi2Ge,3,Fm-3m,cubic,Ferromagnetic,0.0,0.0,,,,,,-218.83248,,Ge1Ni2Zn1,ok
MMD-3370,Y2Si5Ni3,3,Ibam,orthorhombic,Ferromagnetic,0.0,0.0,,,,,,-799.295738,0.0,Ni3Si5Y2,ok
MMD-3371,Zn3SiNi2,3,Fd-3m,cubic,Ferromagnetic,0.0,0.0,,,,,,-325.653106,0.0,Ni2Si1Zn3,ok
MMD-3372,Ti4Si7Ni4,3,I4/mmm,tetragonal,Ferromagnetic,0.0,0.04,,,,,,-715.929671,0.0,Ni4Si7Ti4,ok
MMD-3373,Zr2Ni12P7,3,P-6,hexagonal,Ferromagnetic,0.0,0.0,,,,,,-737.395925,0.0,Ni12P7Zr2,ok
MMD-3374,YSiNi,3,Pnma,orthorhombic,Ferromagnetic,0.0,0.0,,,,,,-828.561268,0.0,Ni1Si1Y1,ok
MMD-3375,NbNiP,3,Pnma,orthorhombic,Ferromagnetic,0.0,0.0,,,,,,-855.718649,0.0,Nb1Ni1P1,ok
MMD-3376,NbNiP2,3,Pnma,orthorhombic,Ferromagnetic,0.0,0.0,,,,,,-752.893215,0.0,Nb1Ni1P2,ok
MMD-3377,ScNiB4,3,Pbam,orthorhombic,Ferromagnetic,0.0,0.0,,,,,,-573.26496,0.0,B4Ni1Sc1,ok
MMD-3378,ZrNiP,3,P6_3/mmc,hexagonal,Ferromagnetic,0.0,0.0,,,,,,-615.545391,,Ni1P1Zr1,ok
MMD-3379,Ni2Mo4C,3,Fd-3m,cubic,Ferromagnetic,0.0,0.01,,,,,,-131.200726,0.0,C1Mo4Ni2,ok
MMD-3380,SiNi2As,3,Pbca,orthorhombic,Ferromagnetic,0.0,0.0,,,,,,-381.401638,,As1Ni2Si1,ok
MMD-3381,YSi3Ni5,3,Pnma,orthorhombic,Ferromagnetic,0.0,0.0,,,,,,-721.345498,0.0,Ni5Si3Y1,ok
MMD-3382,YNi5Ge3,3,Pnma,orthorhombic,Ferromagnetic,0.0,0.0,,,,,,-530.295041,0.0,Ge3Ni5Y1,ok
MMD-3383,Nb4SiNi,3,P4/mcc,tetragonal,Ferromagnetic,0.0,0.01,,,,,,-375.929017,,Nb4Ni1Si1,ok
MMD-3384,Ni(C2N3)2,3,Pnnm,orthorhombic,Ferromagnetic,0.15,4.0,,,,,,343.103236,,C4N6Ni1,ok
MMD-3385,ScSiNi,3,Pnma,orthorhombic,Ferromagnetic,0.0,0.0,,,,,,-894.630615,0.0,Ni1Sc1Si1,ok
MMD-3386,Sc3(NiGe)4,3,Immm,orthorhombic,Ferromagnetic,0.0,0.0,,,,,,-738.224428,0.0,Ge4Ni4Sc3,ok
MMD-3387,ZrGaNi2,3,Fm-3m,cubic,Ferromagnetic,0.0,0.01,,,,,,-536.354415,,Ga1Ni2Zr1,ok
MMD-3388,Ni8Ge2B3,3,Pmmn,orthorhombic,Ferromagnetic,0.0,0.0,,,,,,-313.363528,0.0,B3Ge2Ni8,ok
MMD-3389,Cr2NiS4,3,C2/m,monoclinic,Ferromagnetic,0.0,0.04,,,,,,-558.747119,,Cr2Ni1S4,ok
MMD-3390,Sc3Si4Ni11,3,P6_3/mmc,hexagonal,Ferromagnetic,0.0,0.0,,,,,,-609.838023,,Ni11Sc3Si4,ok
MMD-3391,Si2NiP3,3,Imm2,orthorhombic,Ferromagnetic,0.0,0.0,,,,,,-272.023193,,Ni1P3Si2,ok
MMD-3392,Ga3Ni5Ge2,3,Cmcm,orthorhombic,Ferromagnetic,0.0,0.0,,,,,,-345.448958,0.0,Ga3Ge2Ni5,ok
MMD-3393,Sc(NiGe)6,3,P6/mmm,hexagonal,Ferromagnetic,0.0,0.0,,,,,,-391.06155,,Ge6Ni6Sc1,ok
MMD-3394,ZnNi10P3,3,P-3m1,trigonal,Ferromagnetic,0.0,0.0,,,,,,-415.147716,0.0,Ni10P3Zn1,ok
MMD-3395,Ga3Ni13Ge6,3,P3_121,trigonal,Ferromagnetic,0.0,0.0,,,,,,-321.231693,,Ga3Ge6Ni13,ok
MMD-3396,Zn6Ni7Ge2,3,Fd-3m,cubic,Ferromagnetic,0.0,0.04,,,,,,-228.540472,,Ge2Ni7Zn6,ok
MMD-3397,Ni6Mo6C,3,Fd-3m,cubic,Ferromagnetic,0.0,0.22,,,,,,-110.921511,0.0,C1Mo6Ni6,ok
MMD-3398,ZrAl5Ni2,3,I4/mmm,tetragonal,Ferromagnetic,0.0,0.0,,,,,,-594.603631,0.0,Al5Ni2Zr1,ok
MMD-3399,V(NiP4)4,3,C2/c,monoclinic,Ferromagnetic,0.0,0.01,,,,,,-318.793548,,Ni4P16V1,ok
MMD-3400,Nb(NiP4)4,3,C2/c,monoclinic,Ferromagnetic,0.0,0.01,,,,,,-328.857349,,Nb1Ni4P16,ok
MMD-3401,ZnCu2Ni,3,P4/mmm,tetragonal,Ferromagnetic,0.0,0.0,,,,,,-120.971085,,Cu2Ni1Zn1,ok
MMD-3402,TiGaNi,3,P-62m,hexagonal,Ferromagnetic,0.0,0.01,,,,,,-546.319359,0.0,Ga1Ni1Ti1,ok
MMD-3403,TiGaNi2,3,Fm-3m,cubic,Ferromagnetic,0.0,0.0,,,,,,-533.874726,0.0,Ga1Ni2Ti1,ok
MMD-3404,VGaNi2,3,Fm-3m,cubic,Ferromagnetic,0.0,0.0,,,,,,-277.710501,,Ga1Ni2V1,ok
MMD-3405,YGa2Ni3,3,P6/mmm,hexagonal,Ferromagnetic,0.0,0.0,,,,,,-538.918614,0.0,Ga2Ni3Y1,ok
MMD-3406,Ti4Ga3Ni2,3,P-62m,hexagonal,Ferromagnetic,0.0,0.0,,,,,,-445.482656,,Ga3Ni2Ti4,ok
MMD-3407,Zn36Ga5Ni8,3,P-43m,cubic,Ferromagnetic,0.0,0.0,,,,,,-153.170593,,Ga5Ni8Zn36,ok
MMD-3408,Sc2Ni12P7,3,P-6,hexagonal,Ferromagnetic,0.0,0.0,,,,,,-752.068311,0.0,Ni12P7Sc2,ok
MMD-3409,ScSi3Ni,3,Cmmm,orthorhombic,Ferromagnetic,0.0,0.0,,,,,,-626.774367,0.0,Ni1Sc1Si3,ok
MMD-3410,Ti6Si7Ni16,3,Fm-3m,cubic,Ferromagnetic,0.0,0.01,,,,,,-707.845319,0.0,Ni16Si7Ti6,ok
MMD-3411,NbGaNi2,3,Fm-3m,cubic,Ferromagnetic,0.0,0.0,,,,,,-337.623711,,Ga1Nb1Ni2,ok
MMD-3412,Sc(SiNi)2,3,I4/mmm,tetragonal,Ferromagnetic,0.0,0.0,,,,,,-795.931845,0.0,Ni2Sc1Si2,ok
MMD-3413,YAl4Ni,3,Cmcm,orthorhombic,Ferromagnetic,0.0,0.0,,,,,,-557.902244,0.0,Al4Ni1Y1,ok
MMD-3414,Nb6Si7Ni16,3,Fm-3m,cubic,Ferromagnetic,0.0,0.06,,,,,,-603.768488,0.0,Nb6Ni16Si7,ok
MMD-3415,NiAsS,3,P2_13,cubic,Ferromagnetic,0.0,0.0,,,,,,-329.128784,0.0,As1Ni1S1,ok
MMD-3416,ZrAlNi2,3,Fm-3m,cubic,Ferromagnetic,0.0,0.0,,,,,,-612.324409,0.0,Al1Ni2Zr1,ok
MMD-3417,YAl3Ni,3,Pnma,orthorhombic,Ferromagnetic,0.0,0.01,,,,,,-604.831781,0.0,Al3Ni1Y1,ok
MMD-3418,Y3(AlNi3)2,3,Im-3m,cubic,Ferromagnetic,0.0,0.02,,,,,,-559.485488,0.0,Al2Ni6Y3,ok
MMD-3419,Si2Ni6B,3,P-62m,hexagonal,Ferromagnetic,0.0,0.0,,,,,,-473.996796,0.0,B1Ni6Si2,ok
MMD-3420,NbAlNi2,3,Fm-3m,cubic,Ferromagnetic,0.0,0.0,,,,,,-442.057042,,Al1Nb1Ni2,ok
MMD-3421,Y4Al23Ni6,3,C2/m,monoclinic,Ferromagnetic,0.0,0.0,,,,,,-519.164501,0.0,Al23Ni6Y4,ok
MMD-3422,V2NiS4,3,C2/m,monoclinic,Ferromagnetic,0.0,0.0,,,,,,-811.116721,,Ni1S4V2,ok
MMD-3423,CrNiAs,3,P-62m,hexagonal,Ferromagnetic,0.86,8.92,,,,,,-195.264917,0.0,As1Cr1Ni1,ok
MMD-3424,V3SiNi2,3,Fd-3m,cubic,Ferromagnetic,0.0,0.17,,,,,,-304.569103,,Ni2Si1V3,ok
MMD-3425,NbNiAs2,3,Pnma,orthorhombic,Ferromagnetic,0.0,0.0,,,,,,-485.862611,0.0,As2Nb1Ni1,ok
MMD-3426,Ti2NiP5,3,Pnma,orthorhombic,Ferromagnetic,0.0,0.0,,,,,,-760.487206,0.0,Ni1P5Ti2,ok
MMD-3427,Zr9(NiP2)2,3,P4/mbm,tetragonal,Ferromagnetic,0.0,0.01,,,,,,-1005.086272,0.0,Ni2P4Zr9,ok
MMD-3428,Al3(Ni10B3)2,3,Fm-3m,cubic,Ferromagnetic,0.0,0.0,,,,,,-400.185933,0.0,Al3B6Ni20,ok
MMD-3429,Al(Ni10B7)2,3,Fm-3m,cubic,Ferromagnetic,0.0,0.05,,,,,,-281.147233,,Al1B14Ni20,ok
MMD-3430,Zr(Ni2P)2,3,P4_2/mnm,tetragonal,Ferromagnetic,0.0,0.0,,,,,,-811.700597,0.0,Ni4P2Zr1,ok
MMD-3431,NiPS,3,P2_13,cubic,Ferromagnetic,0.0,0.0,,,,,,-367.702009,,Ni1P1S1,ok
MMD-3432,YAl3Ni2,3,P6/mmm,hexagonal,Ferromagnetic,0.0,0.0,,,,,,-663.847512,0.0,Al3Ni2Y1,ok
MMD-3433,TiSiNi,3,Pnma,orthorhombic,Ferromagnetic,0.0,0.0,,,,,,-848.74961,0.0,Ni1Si1Ti1,ok
MMD-3434,SiNi2P,3,Pbca,orthorhombic,Ferromagnetic,0.0,0.0,,,,,,-456.907933,,Ni2P1Si1,ok
MMD-3435,Y(NiGe)2,3,I4/mmm,tetragonal,Ferromagnetic,0.0,0.0,,,,,,-691.916622,0.0,Ge2Ni2Y1,ok
MMD-3436,Zr2(Ni7B2)3,3,Fm-3m,cubic,Ferromagnetic,0.0,0.19,,,,,,-378.466217,0.0,B6Ni21Zr2,ok
MMD-3437,Y(SiNi)2,3,I4/mmm,tetragonal,Ferromagnetic,0.0,0.0,,,,,,-863.652747,0.0,Ni2Si2Y1,ok
MMD-3438,Ni5(Mo3Se4)8,3,P1,triclinic,Ferromagnetic,0.0,0.0,,,,,,-472.700277,,Mo24Ni5Se32,ok
MMD-3439,Sc6Si7Ni16,3,Fm-3m,cubic,Ferromagnetic,0.0,0.25,,,,,,-765.762524,0.0,Ni16Sc6Si7,ok
MMD-3440,Nb3SiNi2,3,Fd-3m,cubic,Ferromagnetic,0.0,0.01,,,,,,-410.230634,,Nb3Ni2Si1,ok
MMD-3441,Y6Ni20P13,3,P-6,hexagonal,Ferromagnetic,0.0,0.0,,,,,,-919.157785,0.0,Ni20P13Y6,ok
MMD-3442,Zr2(NiP)3,3,Pnma,orthorhombic,Ferromagnetic,0.0,0.0,,,,,,-1062.16122,0.0,Ni3P3Zr2,ok
MMD-3443,Cr6Si7Ni16,3,Fm-3m,cubic,Ferromagnetic,0.59,68.72,,,,,,-340.162028,,Cr6Ni16Si7,ok
MMD-3444,Sc3(Si2Ni)2,3,Pnma,orthorhombic,Ferromagnetic,0.0,0.0,,,,,,-845.735554,0.0,Ni2Sc3Si4,ok
MMD-3445,NiCN2,3,P6_3/mmc,hexagonal,Ferromagnetic,0.15,1.02,,,,,,304.389918,,C1N2Ni1,ok
MMD-3446,NiMoP8,3,P-31c,trigonal,Ferromagnetic,0.0,0.0,,,,,,-287.533855,,Mo1Ni1P8,ok
MMD-3447,Sc4Si7Ni12,3,Immm,orthorhombic,Ferromagnetic,0.0,0.01,,,,,,-722.980156,,Ni12Sc4Si7,ok
MMD-3448,Y3Ni13B2,3,P6/mmm,hexagonal,Ferromagnetic,0.06,1.27,,,,,,-429.252177,,B2Ni13Y3,ok
MMD-3449,Y(NiP)2,3,I4/mmm,tetragonal,Ferromagnetic,0.0,0.0,,,,,,-1015.795789,0.0,Ni2P2Y1,ok
MMD-3450,Ni3Mo3C,3,Fd-3m,cubic,Ferromagnetic,0.0,0.24,,,,,,-95.292029,,C1Mo3Ni3,ok
MMD-3451,V2NiSe4,3,C2/m,monoclinic,Ferromagnetic,0.19,4.2,,,,,,-522.700358,,Ni1Se4V2,ok
MMD-3452,Sc6Si11Ni18,3,Immm,orthorhombic,Ferromagnetic,0.0,0.04,,,,,,-766.659533,0.0,Ni18Sc6Si11,ok
MMD-3453,Y11(Ni10C)6,3,Im-3m,cubic,Ferromagnetic,0.03,5.21,,,,,,-274.43292,,C6Ni60Y11,ok
MMD-3454,Zr6Si7Ni16,3,Fm-3m,cubic,Ferromagnetic,0.0,0.06,,,,,,-778.014611,0.0,Ni16Si7Zr6,ok
MMD-3455,Sc6Ni16Ge7,3,Fm-3m,cubic,Ferromagnetic,0.0,0.13,,,,,,-602.276034,0.0,Ge7Ni16Sc6,ok
MMD-3456,ZrAlNi,3,P-62m,hexagonal,Ferromagnetic,0.0,0.0,,,,,,-659.780666,0.0,Al1Ni1Zr1,ok
MMD-3457,Si2Ni7P5,3,Pbcn,orthorhombic,Ferromagnetic,0.0,0.0,,,,,,-420.897168,,Ni7P5Si2,ok
MMD-3458,Ti6Ni16Ge7,3,Fm-3m,cubic,Ferromagnetic,0.0,0.05,,,,,,-490.488164,,Ge7Ni16Ti6,ok
MMD-3459,Y2AlNi2,3,Immm,orthorhombic,Ferromagnetic,0.0,0.0,,,,,,-538.370569,0.0,Al1Ni2Y2,ok
MMD-3460,Ni2GeP,3,Pbca,orthorhombic,Ferromagnetic,0.0,0.0,,,,,,-355.08886,,Ge1Ni2P1,ok
MMD-3461,Ni6Mo2P3,3,Pmmn,orthorhombic,Ferromagnetic,0.0,0.0,,,,,,-468.949888,,Mo2Ni6P3,ok
MMD-3462,V6Si7Ni16,3,Fm-3m,cubic,Ferromagnetic,0.23,27.15,,,,,,-472.08247,,Ni16Si7V6,ok
MMD-3463,Zr5AlNi4,3,P4_2/m,tetragonal,Ferromagnetic,0.0,0.0,,,,,,-478.040453,,Al1Ni4Zr5,ok
MMD-3464,Sc9Ni5Ge8,3,Immm,orthorhombic,Ferromagnetic,0.0,0.0,,,,,,-767.563429,,Ge8Ni5Sc9,ok
MMD-3465,Zr4AlNi2,3,Fd-3m,cubic,Ferromagnetic,0.0,0.58,,,,,,117.016388,,Al1Ni2Zr4,ok
MMD-3466,Sc2(Ni7B2)3,3,Fm-3m,cubic,Ferromagnetic,0.0,0.28,,,,,,-378.582344,0.0,B6Ni21Sc2,ok
MMD-3467,Si2Ni5P3,3,Pbca,orthorhombic,Ferromagnetic,0.0,0.0,,,,,,-421.284291,,Ni5P3Si2,ok
MMD-3468,Ni5Ge2P3,3,Pbca,orthorhombic,Ferromagnetic,0.0,0.0,,,,,,-375.161883,,Ge2Ni5P3,ok
MMD-3469,Zr6Ni16Ge7,3,Fm-3m,cubic,Ferromagnetic,0.0,0.06,,,,,,-598.332734,0.0,Ge7Ni16Zr6,ok
MMD-3470,Nb6Ni16Ge7,3,Fm-3m,cubic,Ferromagnetic,0.0,0.04,,,,,,-375.317729,,Ge7Nb6Ni16,ok
MMD-3471,NiPS3,3,C2/m,monoclinic,Ferromagnetic,0.0,0.01,,,,,,-193.369227,,Ni1P1S3,ok
MMD-3472,V3NiS6,3,R-3,trigonal,Ferromagnetic,0.11,4.43,,,,,,-810.027468,,Ni1S6V3,ok
MMD-3473,Ti7Ni3N10,3,Imm2,orthorhombic,Ferromagnetic,0.0,0.02,,,,,,-901.948129,,N10Ni3Ti7,ok
MMD-3474,NiMo3S4,3,P-1,triclinic,Ferromagnetic,0.0,0.0,,,,,,-598.053833,,Mo3Ni1S4,ok
MMD-3475,Ga2NiS4,3,P-3m1,trigonal,Ferromagnetic,0.0,0.0,,,,,,-511.136644,,Ga2Ni1S4,ok
MMD-3476,V4NiS8,3,C2/m,monoclinic,Ferromagnetic,0.17,6.23,,,,,,-830.684873,,Ni1S8V4,ok
MMD-3477,ScNiGe,3,Pnma,orthorhombic,Ferromagnetic,0.0,0.0,,,,,,-818.141411,0.0,Ge1Ni1Sc1,ok
MMD-3478,TiAlNi2,3,Fm-3m,cubic,Ferromagnetic,0.0,0.0,,,,,,-625.972712,0.0,Al1Ni2Ti1,ok
MMD-3479,YNi4B,3,P6/mmm,hexagonal,Ferromagnetic,0.0,0.0,,,,,,-485.64792,0.0,B1Ni4Y1,ok
MMD-3480,NiMoP,3,P-62m,hexagonal,Ferromagnetic,0.0,0.0,,,,,,-562.077,0.0,Mo1Ni1P1,ok
MMD-3481,Cr11Ni40Mo9,3,P1,triclinic,Ferromagnetic,0.02,1.46,,,,,,-48.583769,,Cr11Mo9Ni40,ok
MMD-3482,Cr8Ni50Mo17,3,P1,triclinic,Ferromagnetic,0.02,1.2,,,,,,-65.19538,,Cr8Mo17Ni50,ok
MMD-3483,Cr22Ni50Mo3,3,P1,triclinic,Ferromagnetic,0.03,2.49,,,,,,-35.127933,0.0,Cr22Mo3Ni50,ok
MMD-3484,Cr7Ni20Mo3,3,P1,triclinic,Ferromagnetic,0.05,2.79,,,,,,-39.666053,,Cr7Mo3Ni20,ok
MMD-3485,Cr7Ni20Mo3,3,P1,triclinic,Ferromagnetic,0.05,4.23,,,,,,-38.966816,,Cr7Mo3Ni20,ok
MMD-3486,Ni(PS3)2,3,C2,monoclinic,Ferromagnetic,0.0,0.0,,,,,,-131.508975,,Ni1P2S6,ok
MMD-3487,Zr(SiNi)2,3,I4/mmm,tetragonal,Ferromagnetic,0.0,0.0,,,,,,-828.062698,0.0,Ni2Si2Zr1,ok
MMD-3488,Cr11Ni40Mo9,3,P1,triclinic,Ferromagnetic,0.03,3.94,,,,,,-44.900196,,Cr11Mo9Ni40,ok
MMD-3489,V2NiSe4,3,C2/m,monoclinic,Ferromagnetic,0.0,0.05,,,,,,-593.439969,,Ni1Se4V2,ok
MMD-3490,Si3NiP4,3,I-42m,tetragonal,Ferromagnetic,0.0,0.0,,,,,,-248.051489,0.0,Ni1P4Si3,ok
MMD-3491,Ni3GeC,3,Pm-3m,cubic,Ferromagnetic,0.0,0.0,,,,,,72.130306,,C1Ge1Ni3,ok
MMD-3492,Sc3Si3Ni,3,C2/m,monoclinic,Ferromagnetic,0.0,0.0,,,,,,-866.99968,0.0,Ni1Sc3Si3,ok
MMD-3493,YNiGe3,3,Cmmm,orthorhombic,Ferromagnetic,0.0,0.0,,,,,,-580.236533,0.0,Ge3Ni1Y1,ok
MMD-3494,Nb4Ni2C,3,Fd-3m,cubic,Ferromagnetic,0.0,0.12,,,,,,-397.468062,0.0,C1Nb4Ni2,ok
MMD-3495,TiZnNi2,3,Fm-3m,cubic,Ferromagnetic,0.0,0.0,,,,,,-406.370634,0.0,Ni2Ti1Zn1,ok
MMD-3496,Ti6Al16Ni7,3,Fm-3m,cubic,Ferromagnetic,0.0,0.06,,,,,,-567.13312,0.0,Al16Ni7Ti6,ok
MMD-3497,Ti2NiMo,3,Fm-3m,cubic,Ferromagnetic,0.0,0.0,,,,,,-280.019524,0.0,Mo1Ni1Ti2,ok
MMD-3498,Al(Ni3B2)4,3,Cmce,orthorhombic,Ferromagnetic,0.0,0.02,,,,,,-329.388562,0.0,Al1B8Ni12,ok
MMD-3499,Ti13Si31Ni40,3,P6/mmm,hexagonal,Ferromagnetic,0.0,0.18,,,,,,-701.750951,0.0,Ni40Si31Ti13,ok
MMD-3500,Zr2NiAs2,3,P6_3/mmc,hexagonal,Ferromagnetic,0.0,0.0,,,,,,-1017.563795,0.0,As2Ni1Zr2,ok
MMD-3501,AlVNi,3,F-43m,cubic,Ferromagnetic,0.0,0.0,,,,,,375.770635,,Al1Ni1V1,ok
MMD-3502,YNiP,3,F-43m,cubic,Ferromagnetic,0.0,0.0,,,,,,-935.90874,,Ni1P1Y1,ok
MMD-3503,ZrNiGe,3,F-43m,cubic,Ferromagnetic,0.0,0.01,,,,,,36.1714,,Ge1Ni1Zr1,ok
MMD-3504,ScNiP,3,F-43m,cubic,Ferromagnetic,0.0,0.0,,,,,,-1040.999417,,Ni1P1Sc1,ok
MMD-3505,VGaNi,3,F-43m,cubic,Ferromagnetic,0.0,0.0,,,,,,310.555137,,Ga1Ni1V1,ok
MMD-3506,ZnCuNi2,3,Fm-3m,cubic,Ferromagnetic,0.0,0.0,,,,,,-109.918409,,Cu1Ni2Zn1,ok
MMD-3507,ScZnNi2,3,Fm-3m,cubic,Ferromagnetic,0.0,0.0,,,,,,-415.902618,,Ni2Sc1Zn1,ok
MMD-3508,Ga3(Ni10B3)2,3,Fm-3m,cubic,Ferromagnetic,0.0,0.0,,,,,,-321.40114,0.0,B6Ga3Ni20,ok
MMD-3509,NbNiB,3,Cmcm,orthorhombic,Ferromagnetic,0.0,0.0,,,,,,-589.335302,,B1Nb1Ni1,ok
MMD-3510,Ti2GaNi,3,F-43m,cubic,Ferromagnetic,0.6,12.0,,,,,,-259.641536,,Ga1Ni1Ti2,ok
MMD-3511,Ni(BMo)2,3,Immm,orthorhombic,Ferromagnetic,0.0,0.0,,,,,,-493.047665,0.0,B2Mo2Ni1,ok
MMD-3512,Zn(NiS2)2,3,Fd-3m,cubic,Ferromagnetic,0.0,0.08,,,,,,-378.202483,,Ni2S4Zn1,ok
MMD-3513,Zn(NiS2)4,3,R-3m,trigonal,Ferromagnetic,0.0,0.01,,,,,,-266.824554,,Ni4S8Zn1,ok
MMD-3514,Zn(NiS2)4,3,R-3m,trigonal,Ferromagnetic,0.0,0.01,,,,,,-275.218528,,Ni4S8Zn1,ok
MMD-3515,ZnNi2S5,3,Pmmn,orthorhombic,Ferromagnetic,0.0,0.0,,,,,,-238.92159,,Ni2S5Zn1,ok
MMD-3516,Zn(NiN)2,3,P-4m2,tetragonal,Ferromagnetic,0.0,0.0,,,,,,485.208297,,N2Ni2Zn1,ok
MMD-3517,Zn2NiN2,3,C2/m,monoclinic,Ferromagnetic,0.0,0.0,,,,,,220.736605,,N2Ni1Zn2,ok
MMD-3518,Zn(NiS2)2,3,P-1,triclinic,Ferromagnetic,0.0,0.02,,,,,,-287.972726,,Ni2S4Zn1,ok
MMD-3519,CrFeCoNi,4,Pm,monoclinic,Ferromagnetic,0.32,2.44,,,,,,3.827845,,Co1Cr1Fe1Ni1,ok
MMD-3520,TiFeCoGe,4,F-43m,cubic,Ferromagnetic,0.24,4.0,,,,,,-456.570455,,Co1Fe1Ge1Ti1,ok
MMD-3521,MnFeCoGe,4,F-43m,cubic,Ferromagnetic,1.0,16.1,-0.0,-0.0,<111>,0.021,,-162.285028,,Co1Fe1Ge1Mn1,ok
MMD-3522,CrFeCoNi,4,P1,triclinic,Ferromagnetic,0.67,40.31,,,,,,71.876368,,Co1Cr1Fe1Ni1,ok
MMD-3523,Mn5Fe2BC2,4,Pnma,orthorhombic,Ferromagnetic,0.07,2.15,,,,,,-108.52221,,C2B1Fe2Mn5,ok
MMD-3524,CrFeCoSi,4,F-43m,cubic,Ferromagnetic,0.79,12.0,,,,,,-294.71584,,Co1Cr1Fe1Si1,ok
MMD-3525,ZrScMnNi3,4,R3m,trigonal,Ferromagnetic,0.36,7.98,,,ab plane,2.754,,-396.945232,,Mn1Ni3Sc1Zr1,ok
MMD-3526,Ti4FeCoS8,4,P-1,triclinic,Ferromagnetic,0.05,0.98,,,,,,-1144.202294,,Co1Fe1S8Ti4,ok
MMD-3527,ScGa4Fe3Co8,4,R-3m,trigonal,Ferromagnetic,0.91,45.47,,,,,,-249.478327,,Co8Fe3Ga4Sc1,ok
MMD-3528,MnAlFeCo,4,F-43m,cubic,Ferromagnetic,0.76,12.02,,,,,,-250.352752,,Al1Co1Fe1Mn1,ok
MMD-3529,MnFeSeS,4,R3m,trigonal,Ferromagnetic,0.52,7.45,,,,,,-51.453008,,Fe1Mn1S1Se1,ok
MMD-3530,MnCo21B6Mo,4,F-43m,cubic,Ferromagnetic,0.91,88.19,,,,,,-199.682214,,B6Co21Mn1Mo1,ok
MMD-3531,Mn2SiNi2Ge,4,Pmc2_1,orthorhombic,Ferromagnetic,0.9,11.53,,,a,1.009,,-357.027454,,Ge1Mn2Ni2Si1,ok
MMD-3532,Mn2FeCoP2,4,Pmc2_1,orthorhombic,Ferromagnetic,0.98,11.38,,,a,0.825,,-587.770779,0.0,Co1Fe1Mn2P2,ok
MMD-3533,Mn3FeCo2P3,4,Pm,monoclinic,Ferromagnetic,1.0,35.0,,,b,0.648,,-602.400788,0.0,Co2Fe1Mn3P3,ok
MMD-3534,Mn4CoNi3Ge4,4,Pm,monoclinic,Ferromagnetic,0.91,12.24,,,b,0.601,,-220.942766,,Co1Ge4Mn4Ni3,ok
MMD-3535,Mn2Fe4SiGe,4,R-3m,trigonal,Ferromagnetic,0.78,18.04,,,ab plane,0.621,,-218.578779,,Fe4Ge1Mn2Si1,ok
MMD-3536,Mn2GaCo4Ge,4,R-3m,trigonal,Ferromagnetic,1.12,27.18,,,ab plane,0.14,,-232.216559,0.0,Co4Ga1Ge1Mn2,ok
MMD-3537,Mn4Fe8SiGe3,4,R-3m,trigonal,Ferromagnetic,0.76,36.16,,,,,,-158.986457,,Fe8Ge3Mn4Si1,ok
MMD-3538,Mn4Co4Si3Ge,4,Pm,monoclinic,Ferromagnetic,1.13,14.25,,,b,0.405,,-374.781464,,Co4Ge1Mn4Si3,ok
MMD-3539,Mn2Co2SiGe,4,Pmc2_1,orthorhombic,Ferromagnetic,1.13,14.47,,,a,0.436,,-309.185912,,Co2Ge1Mn2Si1,ok
MMD-3540,Mn4Ga3Co8Ge,4,R-3m,trigonal,Ferromagnetic,1.07,51.81,,,,,,-221.866019,0.0,Co8Ga3Ge1Mn4,ok
MMD-3541,FeCo(NiS2)4,4,F-43m,cubic,Ferromagnetic,0.0,0.01,,,,,,-388.77087,,Co1Fe1Ni4S8,ok
MMD-3542,Fe3Ni(Mo3N)2,4,P2_1,monoclinic,Ferromagnetic,0.48,12.24,,,b,0.793,,-193.492147,,Fe3Mo6N2Ni1,ok
MMD-3543,FeCo16NiS16,4,P4/mmm,tetragonal,Ferromagnetic,0.0,0.0,,,,,,-478.565327,,Co16Fe1Ni1S16,ok
MMD-3544,FeNi(PS3)2,4,C2,monoclinic,Ferromagnetic,0.35,11.98,,,,,,-217.216427,,Fe1Ni1P2S6,ok
MMD-3545,GaFe2Co4Si,4,R-3m,trigonal,Ferromagnetic,1.37,32.27,,,c,0.074,,-299.28982,0.0,Co4Fe2Ga1Si1,ok
MMD-3546,FeNiMo3N,4,P2_13,cubic,Ferromagnetic,0.34,8.58,-0.115,-0.062,<111>,0.829,,-216.40274,,Fe1Mo3N1Ni1,ok
MMD-3547,GaFe4Co8Si3,4,R-3m,trigonal,Ferromagnetic,1.41,65.51,,,,,,-328.808257,,Co8Fe4Ga1Si3,ok
MMD-3548,FeNi3(Mo3N)2,4,P2_1,monoclinic,Ferromagnetic,0.17,4.41,,,b,1.216,,-244.545156,,Fe1Mo6N2Ni3,ok
MMD-3549,Co4CuNiS8,4,F-43m,cubic,Ferromagnetic,0.0,0.01,,,,,,-455.427962,,Co4Cu1Ni1S8,ok
MMD-3550,CoNi(AsS)2,4,P2_1,monoclinic,Ferromagnetic,0.0,0.01,,,,,,-369.590855,,As2Co1Ni1S2,ok
MMD-3551,CoNi(PS3)2,4,C2,monoclinic,Ferromagnetic,0.06,2.0,,,,,,-230.645681,,Co1Ni1P2S6,ok
MMD-3552,Cr8Co3NiS16,4,P-4m2,tetragonal,Ferromagnetic,0.66,26.23,,,,,,-587.761478,,Co3Cr8Ni1S16,ok
MMD-3553,CoCuNiS4,4,Imma,orthorhombic,Ferromagnetic,0.0,0.0,,,,,,-391.927573,,Co1Cu1Ni1S4,ok
MMD-3554,Cr4FeNiS8,4,F-43m,cubic,Ferromagnetic,0.65,52.87,,,,,,-618.489405,,Cr4Fe1Ni1S8,ok
MMD-3555,Cr4FeCoS8,4,F-43m,cubic,Ferromagnetic,0.8,65.19,,,,,,-569.613821,,Co1Cr4Fe1S8,ok
MMD-3556,Cr4CoNiS8,4,F-43m,cubic,Ferromagnetic,0.58,45.95,,,,,,-613.330694,,Co1Cr4Ni1S8,ok
MMD-3557,FeNi2(CN)6,4,F-43m,cubic,Ferromagnetic,0.13,11.58,,,,,,626.7788,,C6Fe1N6Ni2,ok
MMD-3558,FeCo2(CN)6,4,F-43m,cubic,Ferromagnetic,0.12,9.44,,,,,,549.625853,,C6Co2Fe1N6,ok
MMD-3559,Mn2Fe(CN)6,4,P-31m,trigonal,Ferromagnetic,0.57,10.0,,,ab plane,1.109,,115.631857,,C6Fe1Mn2N6,ok
MMD-3560,TiGaFeCo,4,F-43m,cubic,Ferromagnetic,0.0,0.0,,,,,,-460.453207,0.0,Co1Fe1Ga1Ti1,ok
MMD-3561,TiFeCoSi,4,F-43m,cubic,Ferromagnetic,0.25,4.0,,,,,,-649.741334,,Co1Fe1Si1Ti1,ok
MMD-3562,TiFeCoAs,4,F-43m,cubic,Ferromagnetic,0.47,8.0,,,,,,-347.037075,,As1Co1Fe1Ti1,ok
MMD-3563,TiAlFeCo,4,F-43m,cubic,Ferromagnetic,0.0,0.0,,,,,,-576.355718,0.0,Al1Co1Fe1Ti1,ok
MMD-3564,MnGaFeCo,4,F-43m,cubic,Ferromagnetic,0.76,12.22,,,,,,-115.056251,,Co1Fe1Ga1Mn1,ok
MMD-3565,CrN,2,Pm-3m,cubic,Ferromagnetic,0.67,0.92,,,,,,156.026052,686.66825,Cr1N1,ok
MMD-3566,CrSe2,2,P-3m1,trigonal,Ferromagnetic,0.41,2.21,,,,,,-467.321176,0.0,Cr1Se2,ok
MMD-3567,CrN2,2,Fm-3m,cubic,Ferromagnetic,0.46,4.16,,,,,,686.771778,1040.533244,Cr1N2,ok
MMD-3568,Cr3N2,2,I4/mmm,tetragonal,Ferromagnetic,0.42,3.39,,,,,,-368.986298,89.330033,Cr3N2,ok
MMD-3569,Cr3N2,2,Ia-3,cubic,Ferromagnetic,0.41,26.68,,,,,,-341.000414,117.315917,Cr3N2,ok
MMD-3570,CrN2,2,P4_32_12,tetragonal,Ferromagnetic,0.0,0.0,,,,,,111.682218,465.443684,Cr1N2,ok
MMD-3571,Cr3N4,2,P6_3/m,hexagonal,Ferromagnetic,0.23,2.76,,,,,,-319.940378,134.895792,Cr3N4,ok
MMD-3572,Cr3N4,2,I-43d,cubic,Ferromagnetic,0.71,19.17,,,,,,-252.571701,202.264469,Cr3N4,ok
MMD-3573,Cr3N4,2,Pnma,orthorhombic,Ferromagnetic,0.97,23.42,,,,,,-321.228716,133.607454,Cr3N4,ok
MMD-3574,Cr3N4,2,Pnma,orthorhombic,Ferromagnetic,0.86,18.77,,,,,,-215.140938,239.695232,Cr3N4,ok
MMD-3575,CrN2,2,P4_2/mnm,tetragonal,Ferromagnetic,0.01,0.04,,,,,,272.071097,625.832562,Cr1N2,ok
MMD-3576,Cr3N4,2,P31c,trigonal,Ferromagnetic,0.68,20.26,,,,,,-296.535109,158.301061,Cr3N4,ok
MMD-3577,CrN2,2,Fd-3m,cubic,Ferromagnetic,0.0,0.0,,,,,,87.874012,441.635477,Cr1N2,ok
MMD-3578,Cr3N4,2,Fd-3m,cubic,Ferromagnetic,0.97,45.59,,,,,,-303.525217,151.310953,Cr3N4,ok
MMD-3579,Cr3N2,2,Pbcn,orthorhombic,Ferromagnetic,0.24,3.78,,,,,,-303.849635,154.466695,Cr3N2,ok
MMD-3580,Cr3N2,2,P-3m1,trigonal,Ferromagnetic,0.54,2.24,,,,,,-136.483076,321.833255,Cr3N2,ok
MMD-3581,Cr3N4,2,Pm-3m,cubic,Ferromagnetic,0.61,3.27,,,,,,-129.910392,324.925778,Cr3N4,ok
MMD-3582,CrN2,2,Ibam,orthorhombic,Ferromagnetic,0.0,0.0,,,,,,370.431781,724.193247,Cr1N2,ok
MMD-3583,Cr3N4,2,P6_3/m,hexagonal,Ferromagnetic,0.72,10.83,,,,,,-303.129087,151.707082,Cr3N4,ok
MMD-3584,CrN2,2,Cmcm,orthorhombic,Ferromagnetic,0.0,0.02,,,,,,95.011047,448.772513,Cr1N2,ok
MMD-3585,CrN2,2,I2_12_12_1,orthorhombic,Ferromagnetic,0.0,0.0,,,,,,263.42468,617.186145,Cr1N2,ok
MMD-3586,CrN2,2,Pa-3,cubic,Ferromagnetic,0.96,8.91,,,,,,67.994168,421.755634,Cr1N2,ok
MMD-3587,CrN2,2,R-3m,trigonal,Ferromagnetic,0.01,2.27,,,,,,114.181729,467.943194,Cr1N2,ok
MMD-3588,CrN2,2,Cc,monoclinic,Ferromagnetic,0.0,0.0,,,,,,189.902918,543.664384,Cr1N2,ok
MMD-3589,Cr3N4,2,P31c,trigonal,Ferromagnetic,0.82,23.95,,,,,,-138.383808,316.452362,Cr3N4,ok
MMD-3590,CrN2,2,Pc,monoclinic,Ferromagnetic,0.0,0.0,,,,,,358.220995,711.98246,Cr1N2,ok
MMD-3591,CrN2,2,P2,monoclinic,Ferromagnetic,0.0,0.0,,,,,,367.816868,721.578333,Cr1N2,ok
MMD-3592,CrN2,2,Pbcn,orthorhombic,Ferromagnetic,0.0,0.0,,,,,,257.332008,611.093473,Cr1N2,ok
MMD-3593,CrN2,2,P6_222,hexagonal,Ferromagnetic,0.77,7.01,,,,,,338.20402,691.965486,Cr1N2,ok
MMD-3594,CrN2,2,P3_221,trigonal,Ferromagnetic,0.59,3.54,,,,,,221.821256,575.582721,Cr1N2,ok
MMD-3595,CrN2,2,P2_1/m,monoclinic,Ferromagnetic,0.0,0.0,,,,,,116.327523,470.088989,Cr1N2,ok
MMD-3596,CrN2,2,Ima2,orthorhombic,Ferromagnetic,0.0,0.0,,,,,,100.064011,453.825476,Cr1N2,ok
MMD-3597,CrN2,2,I4_1/amd,tetragonal,Ferromagnetic,0.01,2.78,,,,,,144.771284,498.532749,Cr1N2,ok
MMD-3598,CrN2,2,P1,triclinic,Ferromagnetic,0.0,0.0,,,,,,188.17326,541.934725,Cr1N2,ok
MMD-3599,CrN2,2,P1,triclinic,Ferromagnetic,0.0,0.0,,,,,,228.204449,581.965914,Cr1N2,ok
MMD-3600,CrN2,2,P2_1,monoclinic,Ferromagnetic,0.0,0.0,,,,,,86.709636,440.471102,Cr1N2,ok
MMD-3601,CrN2,2,P6_3/mmc,hexagonal,Ferromagnetic,0.0,0.0,,,,,,160.11704,513.878506,Cr1N2,ok
MMD-3602,CrN2,2,Fd-3m,cubic,Ferromagnetic,0.0,0.0,,,,,,283.670666,637.432131,Cr1N2,ok
MMD-3603,CrN2,2,Im-3m,cubic,Ferromagnetic,0.0,0.01,,,,,,285.509125,639.270591,Cr1N2,ok
MMD-3604,CrN2,2,Imma,orthorhombic,Ferromagnetic,0.0,0.01,,,,,,104.174028,457.935493,Cr1N2,ok
MMD-3605,CrC,2,P-6m2,hexagonal,Ferromagnetic,0.0,0.0,,,,,,-92.863562,52.145279,C1Cr1,ok
MMD-3606,CrN,2,F-43m,cubic,Ferromagnetic,1.03,7.55,,,,,,-502.2012,28.440998,Cr1N1,ok
MMD-3607,CrSe2,2,C2/m,monoclinic,Ferromagnetic,0.21,4.37,,,,,,-453.450029,13.871147,Cr1Se2,ok
MMD-3608,CrGa4,2,Im-3m,cubic,Ferromagnetic,0.0,0.0,,,,,,-141.904961,0.0,Cr1Ga4,ok
MMD-3609,Nb2Cr,2,Fd-3m,cubic,Ferromagnetic,0.07,2.81,,,,,,748.845007,771.603539,Cr1Nb2,ok
MMD-3610,CrB4,2,Pnnm,orthorhombic,Ferromagnetic,0.0,0.0,,,,,,-315.687551,0.0,B4Cr1,ok
MMD-3611,CrN2,2,Pnnm,orthorhombic,Ferromagnetic,0.94,4.23,,,,,,-71.750271,282.011194,Cr1N2,ok
MMD-3612,CrB,2,I4_1/amd,tetragonal,Ferromagnetic,0.0,0.0,,,,,,-541.971438,0.0,B1Cr1,ok
MMD-3613,NbCr2,2,P6_3/mmc,hexagonal,Ferromagnetic,0.0,0.0,,,,,,-28.805512,16.711552,Cr2Nb1,ok
MMD-3614,Cr3N2,2,R-3c,trigonal,Ferromagnetic,0.0,0.0,,,,,,-426.854837,31.461494,Cr3N2,ok
MMD-3615,Cr3N2,2,P6_3/mmc,hexagonal,Ferromagnetic,0.31,2.62,,,,,,-74.506092,383.810239,Cr3N2,ok
MMD-3616,CrN2,2,P1,triclinic,Ferromagnetic,0.0,0.0,,,,,,160.142479,513.903944,Cr1N2,ok
MMD-3617,CrN2,2,C2,monoclinic,Ferromagnetic,0.0,0.0,,,,,,187.872545,541.634011,Cr1N2,ok
MMD-3618,CrN2,2,P1,triclinic,Ferromagnetic,0.0,0.0,,,,,,334.963037,688.724502,Cr1N2,ok
MMD-3619,CrN2,2,C2,monoclinic,Ferromagnetic,0.0,0.0,,,,,,212.481918,566.243383,Cr1N2,ok
MMD-3620,CrN2,2,C2,monoclinic,Ferromagnetic,0.0,0.0,,,,,,209.984189,563.745654,Cr1N2,ok
MMD-3621,CrN2,2,Pm,monoclinic,Ferromagnetic,0.0,0.0,,,,,,330.354457,684.115923,Cr1N2,ok
MMD-3622,CrN2,2,P1,triclinic,Ferromagnetic,0.0,0.0,,,,,,226.988927,580.750393,Cr1N2,ok
MMD-3623,CrN2,2,P1,triclinic,Ferromagnetic,0.0,0.0,,,,,,230.764566,584.526031,Cr1N2,ok
MMD-3624,CrN2,2,C2/c,monoclinic,Ferromagnetic,0.0,0.0,,,,,,128.312312,482.073778,Cr1N2,ok
MMD-3625,CrN2,2,C2/c,monoclinic,Ferromagnetic,0.0,0.0,,,,,,124.617365,478.378831,Cr1N2,ok
MMD-3626,CrN2,2,C2/c,monoclinic,Ferromagnetic,0.0,0.0,,,,,,128.320918,482.082383,Cr1N2,ok
MMD-3627,CrN2,2,C2/c,monoclinic,Ferromagnetic,0.0,0.0,,,,,,115.051585,468.81305,Cr1N2,ok
MMD-3628,CrN2,2,C222_1,orthorhombic,Ferromagnetic,0.0,0.0,,,,,,140.1196,493.881065,Cr1N2,ok
MMD-3629,CrN2,2,C2/m,monoclinic,Ferromagnetic,0.0,0.02,,,,,,113.912463,467.673928,Cr1N2,ok
MMD-3630,CrN2,2,C2/m,monoclinic,Ferromagnetic,0.0,0.0,,,,,,116.848081,470.609546,Cr1N2,ok
MMD-3631,CrN2,2,Pna2_1,orthorhombic,Ferromagnetic,0.0,0.0,,,,,,92.622288,446.383753,Cr1N2,ok
MMD-3632,CrN2,2,P3_221,trigonal,Ferromagnetic,0.0,0.0,,,,,,132.291229,486.052695,Cr1N2,ok
MMD-3633,CrN2,2,P2_1/c,monoclinic,Ferromagnetic,0.0,0.0,,,,,,117.218332,470.979798,Cr1N2,ok
MMD-3634,CrN2,2,P2_13,cubic,Ferromagnetic,0.0,0.0,,,,,,100.701954,454.463419,Cr1N2,ok
MMD-3635,CrN2,2,Immm,orthorhombic,Ferromagnetic,0.0,0.02,,,,,,115.460748,469.222213,Cr1N2,ok
MMD-3636,CrN2,2,Fmmm,orthorhombic,Ferromagnetic,0.0,0.28,,,,,,119.759007,473.520472,Cr1N2,ok
MMD-3637,CrN2,2,P1,triclinic,Ferromagnetic,0.0,0.0,,,,,,131.095485,484.85695,Cr1N2,ok
MMD-3638,CrN2,2,Imma,orthorhombic,Ferromagnetic,0.0,0.03,,,,,,108.723632,462.485097,Cr1N2,ok
MMD-3639,CrN2,2,P2/m,monoclinic,Ferromagnetic,0.0,0.0,,,,,,111.748504,465.509969,Cr1N2,ok
MMD-3640,CrN2,2,C2/c,monoclinic,Ferromagnetic,0.0,0.0,,,,,,219.078611,572.840076,Cr1N2,ok
MMD-3641,CrN2,2,P2_12_12_1,orthorhombic,Ferromagnetic,0.0,0.0,,,,,,94.51599,448.277455,Cr1N2,ok
MMD-3642,CrN2,2,Imma,orthorhombic,Ferromagnetic,0.0,0.02,,,,,,115.986483,469.747948,Cr1N2,ok
MMD-3643,CrN2,2,C2/m,monoclinic,Ferromagnetic,0.0,0.03,,,,,,111.934,465.695465,Cr1N2,ok
MMD-3644,CrN2,2,Cmcm,orthorhombic,Ferromagnetic,0.0,0.04,,,,,,110.590993,464.352458,Cr1N2,ok
MMD-3645,CrN2,2,P4_2/mmc,tetragonal,Ferromagnetic,0.01,1.68,,,,,,121.164735,474.9262,Cr1N2,ok
MMD-3646,CrN2,2,Pnnm,orthorhombic,Ferromagnetic,0.0,0.02,,,,,,118.201735,471.9632,Cr1N2,ok
MMD-3647,CrN2,2,Cc,monoclinic,Ferromagnetic,0.0,0.0,,,,,,83.997209,437.758674,Cr1N2,ok
MMD-3648,CrN2,2,C2/m,monoclinic,Ferromagnetic,0.0,0.04,,,,,,105.866485,459.62795,Cr1N2,ok
MMD-3649,CrN2,2,C222_1,orthorhombic,Ferromagnetic,0.0,0.0,,,,,,86.253346,440.014812,Cr1N2,ok
MMD-3650,CrN2,2,P4_12_12,tetragonal,Ferromagnetic,0.0,0.0,,,,,,316.481194,670.242659,Cr1N2,ok
MMD-3651,CrN2,2,P4_12_12,tetragonal,Ferromagnetic,0.0,0.0,,,,,,417.611859,771.373325,Cr1N2,ok
MMD-3652,Cr3N2,2,Ia-3,cubic,Ferromagnetic,0.38,25.25,,,,,,-341.011828,117.304503,Cr3N2,ok
MMD-3653,Cr3N2,2,P321,trigonal,Ferromagnetic,1.1,6.33,,,,,,383.43298,841.749311,Cr3N2,ok
MMD-3654,Cr5Se8,2,C2/m,monoclinic,Ferromagnetic,0.61,28.03,,,,,,-532.592852,0.0,Cr5Se8,ok
MMD-3655,CrSi2,2,P6_422,hexagonal,Ferromagnetic,0.0,0.0,,,,,,-360.781395,13.404789,Cr1Si2,ok
MMD-3656,Cr3As,2,Fm-3m,cubic,Ferromagnetic,0.0,0.08,,,,,,141.085142,233.829329,As1Cr3,ok
MMD-3657,CrN,2,P-6m2,hexagonal,Ferromagnetic,0.0,0.0,,,,,,-530.642198,0.0,Cr1N1,ok
MMD-3658,Cr3As,2,I4/mmm,tetragonal,Ferromagnetic,0.21,1.8,,,,,,115.202501,207.946687,As1Cr3,ok
MMD-3659,Cr3Pt,2,P6_3/mmc,hexagonal,Ferromagnetic,0.0,0.0,,,,,,-18.212811,69.067596,Cr3Pt1,ok
MMD-3660,V3Cr,2,Fm-3m,cubic,Ferromagnetic,0.0,0.0,,,,,,-30.187094,0.0,Cr1V3,ok
MMD-3661,VCr3,2,Fm-3m,cubic,Ferromagnetic,0.0,0.0,,,,,,-62.791105,0.0,Cr3V1,ok
MMD-3662,Zn3Cr,2,Pm-3m,cubic,Ferromagnetic,0.15,0.71,,,,,,103.292502,103.292502,Cr1Zn3,ok
MMD-3663,Cr2Se3,2,P-31c,trigonal,Ferromagnetic,0.68,24.0,,,,,,-534.518911,1.193885,Cr2Se3,ok
MMD-3664,Cr3C,2,Pnma,orthorhombic,Ferromagnetic,0.0,0.0,,,,,,-123.136441,12.244733,C1Cr3,ok
MMD-3665,NbCr2,2,P6_3/mmc,hexagonal,Ferromagnetic,0.0,0.0,,,,,,-38.75921,6.757854,Cr2Nb1,ok
MMD-3666,Cr7C3,2,P6_3mc,hexagonal,Ferromagnetic,0.0,0.02,,,,,,-157.458363,0.0,C3Cr7,ok
MMD-3667,Cr2B3,2,Cmcm,orthorhombic,Ferromagnetic,0.0,0.02,,,,,,-440.126116,26.41736,B3Cr2,ok
MMD-3668,CrPt,2,P4/mmm,tetragonal,Ferromagnetic,0.37,0.87,,,,,,-139.3423,35.218513,Cr1Pt1,ok
MMD-3669,Cr3As,2,Pm-3n,cubic,Ferromagnetic,0.0,0.0,,,,,,-72.057868,20.686319,As1Cr3,ok
MMD-3670,VCr,2,Cmmm,orthorhombic,Ferromagnetic,0.0,0.0,,,,,,-46.68466,0.0,Cr1V1,ok
MMD-3671,Ti4Cr,2,Fmmm,orthorhombic,Ferromagnetic,0.0,0.01,,,,,,99.014155,133.714036,Cr1Ti4,ok
MMD-3672,NbCr2,2,I-4m2,tetragonal,Ferromagnetic,0.13,7.49,,,,,,181.692947,227.210011,Cr2Nb1,ok
MMD-3673,CrSi2,2,P6_222,hexagonal,Ferromagnetic,0.0,0.0,,,,,,-360.787154,13.39903,Cr1Si2,ok
MMD-3674,CrPt,2,R-3m,trigonal,Ferromagnetic,0.26,1.86,,,,,,35.832017,210.39283,Cr1Pt1,ok
MMD-3675,CrPt4,2,R-3m,trigonal,Ferromagnetic,0.12,2.36,,,,,,-75.563364,133.909612,Cr1Pt4,ok
MMD-3676,Cr2Se3,2,P-1,triclinic,Ferromagnetic,0.69,24.0,,,,,,-531.663667,4.049129,Cr2Se3,ok
MMD-3677,Cr2C,2,P-3m1,trigonal,Ferromagnetic,0.0,0.0,,,,,,-107.041416,55.934363,C1Cr2,ok
MMD-3678,Cr2Se3,2,P-1,triclinic,Ferromagnetic,0.68,24.0,,,,,,-529.366875,6.345921,Cr2Se3,ok
MMD-3679,Cr3Ga,2,Pm-3n,cubic,Ferromagnetic,0.0,0.0,,,,,,-42.972694,0.0,Cr3Ga1,ok
MMD-3680,Cr5S6,2,P-31c,trigonal,Ferromagnetic,1.01,30.54,,,,,,-613.935474,35.065495,Cr5S6,ok
MMD-3681,Cr2S3,2,P-31c,trigonal,Ferromagnetic,0.79,24.0,,,,,,-713.901066,0.0,Cr2S3,ok
MMD-3682,TiCr2,2,Fd-3m,cubic,Ferromagnetic,0.0,0.0,,,,,,-115.666268,0.0,Cr2Ti1,ok
MMD-3683,Cr5B3,2,I4/mcm,tetragonal,Ferromagnetic,0.0,0.0,,,,,,-432.076126,0.0,B3Cr5,ok
MMD-3684,CrAs2,2,C2/m,monoclinic,Ferromagnetic,0.0,0.0,,,,,,-116.477313,0.0,As2Cr1,ok
MMD-3685,Cr2B,2,I4/mcm,tetragonal,Ferromagnetic,0.0,0.0,,,,,,-386.802927,0.0,B1Cr2,ok
MMD-3686,TiCr2,2,P6_3/mmc,hexagonal,Ferromagnetic,0.0,0.0,,,,,,-98.209446,17.456822,Cr2Ti1,ok
MMD-3687,AlCr2,2,I4/mmm,tetragonal,Ferromagnetic,0.0,0.0,,,,,,-129.839762,0.0,Al1Cr2,ok
MMD-3688,Cr3Ga4,2,C2/m,monoclinic,Ferromagnetic,0.0,0.17,,,,,,-15.614925,85.175328,Cr3Ga4,ok
MMD-3689,ZrCr2,2,P6_3/mmc,hexagonal,Ferromagnetic,0.0,0.0,,,,,,-33.66735,17.316587,Cr2Zr1,ok
MMD-3690,Cr7C3,2,Pnma,orthorhombic,Ferromagnetic,0.0,0.01,,,,,,-157.476222,0.0,C3Cr7,ok
MMD-3691,Al8Cr5,2,R3m,trigonal,Ferromagnetic,0.21,20.06,,,,,,-57.665091,80.821983,Al8Cr5,ok
MMD-3692,Cr2As,2,P4/nmm,tetragonal,Ferromagnetic,0.18,1.25,,,,,,-42.588774,81.070142,As1Cr2,ok
MMD-3693,Cr3Ge,2,Pm-3n,cubic,Ferromagnetic,0.0,0.0,,,,,,-120.764159,0.0,Cr3Ge1,ok
MMD-3694,CrAs,2,Pnma,orthorhombic,Ferromagnetic,0.89,9.71,,,,,,-185.488373,0.0,As1Cr1,ok
MMD-3695,CrGe,2,P2_13,cubic,Ferromagnetic,0.4,3.74,,,,,,11.991945,92.501384,Cr1Ge1,ok
MMD-3696,Cr3C2,2,Pnma,orthorhombic,Ferromagnetic,0.0,0.0,,,,,,-174.01061,0.0,C2Cr3,ok
MMD-3697,CrP,2,Pnma,orthorhombic,Ferromagnetic,0.0,0.0,,,,,,-551.983345,0.0,Cr1P1,ok
MMD-3698,CrN,2,Fm-3m,cubic,Ferromagnetic,1.61,9.92,,,,,,-366.245699,164.396499,Cr1N1,ok
MMD-3699,CrSe,2,P6_3/mmc,hexagonal,Ferromagnetic,1.17,7.75,,,,,,-301.199234,145.228096,Cr1Se1,ok
MMD-3700,Cr2As,2,P-62m,hexagonal,Ferromagnetic,0.99,11.01,,,,,,90.643728,214.302644,As1Cr2,ok
MMD-3701,CrPt3,2,Pm-3m,cubic,Ferromagnetic,0.51,2.66,,,,,,-261.84122,0.0,Cr1Pt3,ok
MMD-3702,CrB,2,Cmcm,orthorhombic,Ferromagnetic,0.0,0.0,,,,,,-533.425018,8.54642,B1Cr1,ok
MMD-3703,CrB4,2,Immm,orthorhombic,Ferromagnetic,0.0,0.0,,,,,,-310.544025,5.143526,B4Cr1,ok
MMD-3704,Cr3Se4,2,C2/m,monoclinic,Ferromagnetic,0.83,19.97,,,,,,-503.955329,6.247334,Cr3Se4,ok
MMD-3705,Cr2Se3,2,R-3,trigonal,Ferromagnetic,0.68,36.0,,,,,,-535.712796,0.0,Cr2Se3,ok
MMD-3706,Cr4As3,2,C2/m,monoclinic,Ferromagnetic,0.74,26.66,,,,,,-105.128421,53.861613,As3Cr4,ok
MMD-3707,CrS2,2,C2/m,monoclinic,Ferromagnetic,0.23,4.07,,,,,,-552.922133,41.995422,Cr1S2,ok
MMD-3708,Cr2P,2,Imm2,orthorhombic,Ferromagnetic,0.19,6.82,,,,,,-404.960108,14.959773,Cr2P1,ok
MMD-3709,Al45Cr7,2,C2/m,monoclinic,Ferromagnetic,0.0,0.08,,,,,,-117.248551,0.0,Al45Cr7,ok
MMD-3710,CrB2,2,P6/mmm,hexagonal,Ferromagnetic,0.55,1.09,,,,,,-350.258829,65.999338,B2Cr1,ok
MMD-3711,Cr3Pt,2,Pm-3n,cubic,Ferromagnetic,0.0,0.01,,,,,,-25.99454,61.285866,Cr3Pt1,ok
MMD-3712,Cr12P7,2,P-6,hexagonal,Ferromagnetic,0.2,3.86,,,,,,-416.840002,30.882714,Cr12P7,ok
MMD-3713,CrS,2,P6_3/mmc,hexagonal,Ferromagnetic,1.17,5.79,,,,,,-473.112214,121.805341,Cr1S1,ok
MMD-3714,NbCr2,2,Fd-3m,cubic,Ferromagnetic,0.0,0.0,,,,,,-45.517064,0.0,Cr2Nb1,ok
MMD-3715,Cr2S3,2,R-3,trigonal,Ferromagnetic,0.69,30.01,,,,,,-695.661325,18.239741,Cr2S3,ok
MMD-3716,Cr5Ge3,2,I4/mcm,tetragonal,Ferromagnetic,0.01,0.24,,,,,,13.820704,114.457503,Cr5Ge3,ok
MMD-3717,CrAs,2,P6_3/mmc,hexagonal,Ferromagnetic,0.88,4.89,,,,,,-174.053071,11.435302,As1Cr1,ok
MMD-3718,TiCr2,2,P6_3/mmc,hexagonal,Ferromagnetic,0.0,0.0,,,,,,-109.126569,6.539699,Cr2Ti1,ok
MMD-3719,Cr3C2,2,Cmcm,orthorhombic,Ferromagnetic,0.0,0.0,,,,,,-146.552192,27.458418,C2Cr3,ok
MMD-3720,ZrCr2,2,P6_3/mmc,hexagonal,Ferromagnetic,0.0,0.0,,,,,,-43.361853,7.622084,Cr2Zr1,ok
MMD-3721,CrC,2,Fm-3m,cubic,Ferromagnetic,0.84,4.99,,,,,,81.897215,226.906057,C1Cr1,ok
MMD-3722,CrSe,2,P4/nmm,tetragonal,Ferromagnetic,0.11,0.76,,,,,,-310.281821,136.145509,Cr1Se1,ok
MMD-3723,Cr23C6,2,Fm-3m,cubic,Ferromagnetic,0.0,0.01,,,,,,-116.349113,0.0,C6Cr23,ok
MMD-3724,Cr3Si,2,Pm-3n,cubic,Ferromagnetic,0.0,0.0,,,,,,-351.682328,0.0,Cr3Si1,ok
MMD-3725,CrP2,2,C2/m,monoclinic,Ferromagnetic,0.0,0.0,,,,,,-438.414547,0.0,Cr1P2,ok
MMD-3726,CrP4,2,C2/c,monoclinic,Ferromagnetic,0.0,0.0,,,,,,-289.788271,0.0,Cr1P4,ok
MMD-3727,Cr5Si3,2,I4/mcm,tetragonal,Ferromagnetic,0.0,0.03,,,,,,-315.471488,42.961997,Cr5Si3,ok
MMD-3728,CrS2,2,P-3m1,trigonal,Ferromagnetic,0.41,2.04,,,,,,-560.32665,34.590905,Cr1S2,ok
MMD-3729,CrSi,2,P2_13,cubic,Ferromagnetic,0.17,1.43,,,,,,-296.875847,68.308795,Cr1Si1,ok
MMD-3730,Cr3P,2,I-4,tetragonal,Ferromagnetic,0.0,0.0,,,,,,-353.888149,0.0,Cr3P1,ok
MMD-3731,Cr3S4,2,P2_1/m,monoclinic,Ferromagnetic,0.92,17.88,,,,,,-663.056141,16.849636,Cr3S4,ok
MMD-3732,Cr2S3,2,R3,trigonal,Ferromagnetic,0.71,30.61,,,,,,-682.468413,31.432653,Cr2S3,ok
MMD-3733,Cr2S3,2,P3,trigonal,Ferromagnetic,0.7,20.06,,,,,,-689.243428,24.657638,Cr2S3,ok
MMD-3734,Cr5S8,2,C2/m,monoclinic,Ferromagnetic,0.74,55.77,,,,,,-675.202379,11.240954,Cr5S8,ok
MMD-3735,Al3Cr,2,I4/mmm,tetragonal,Ferromagnetic,0.22,2.22,,,,,,-142.614199,0.0,Al3Cr1,ok
MMD-3736,Cr2N,2,P-31m,trigonal,Ferromagnetic,0.0,0.0,,,,,,-410.099086,0.0,Cr2N1,ok
MMD-3737,Cr3B4,2,Immm,orthorhombic,Ferromagnetic,0.0,0.01,,,,,,-471.077754,17.016568,B4Cr3,ok
MMD-3738,CrSi2,2,I4/mmm,tetragonal,Ferromagnetic,0.0,0.0,,,,,,-374.186184,0.0,Cr1Si2,ok
MMD-3739,ZrCr2,2,Fd-3m,cubic,Ferromagnetic,0.0,0.0,,,,,,-50.983937,0.0,Cr2Zr1,ok
MMD-3740,Cr3S4,2,C2/m,monoclinic,Ferromagnetic,0.93,18.76,,,,,,-678.012615,1.893162,Cr3S4,ok
MMD-3741,ZnCr3,2,Fm-3m,cubic,Ferromagnetic,0.75,13.54,,,,,,226.179609,226.179609,Cr3Zn1,ok
MMD-3742,Cr3Cu,2,Pm-3m,cubic,Ferromagnetic,0.0,0.0,,,,,,278.354475,278.354475,Cr3Cu1,ok
MMD-3743,Cr3Se,2,I4/mmm,tetragonal,Ferromagnetic,0.22,1.86,,,,,,324.22717,547.440835,Cr3Se1,ok
MMD-3744,NbCr3,2,Fm-3m,cubic,Ferromagnetic,0.0,0.0,,,,,,72.545916,106.683714,Cr3Nb1,ok
MMD-3745,NbCr3,2,I4/mmm,tetragonal,Ferromagnetic,0.0,0.01,,,,,,331.603069,365.740867,Cr3Nb1,ok
MMD-3746,NbCr3,2,Pm-3m,cubic,Ferromagnetic,0.38,1.79,,,,,,487.893514,522.031312,Cr3Nb1,ok
MMD-3747,Nb3Cr,2,Fm-3m,cubic,Ferromagnetic,0.0,0.0,,,,,,84.864882,101.933781,Cr1Nb3,ok
MMD-3748,Nb3Cr,2,I4/mmm,tetragonal,Ferromagnetic,0.0,0.01,,,,,,261.442437,278.511336,Cr1Nb3,ok
MMD-3749,Nb3Cr,2,Pm-3m,cubic,Ferromagnetic,0.45,2.71,,,,,,383.968484,401.037383,Cr1Nb3,ok
MMD-3750,Cr2S5,2,Pmmn,orthorhombic,Ferromagnetic,0.0,0.0,,,,,,-236.311888,273.617445,Cr2S5,ok
MMD-3751,CrSe2,2,F-43m,cubic,Ferromagnetic,0.4,35.52,,,,,,-444.359757,22.961419,Cr1Se2,ok
MMD-3752,CrSe2,2,Fd-3m,cubic,Ferromagnetic,0.41,35.54,,,,,,-442.192395,25.128781,Cr1Se2,ok
MMD-3753,CrN2,2,C2/m,monoclinic,Ferromagnetic,0.0,0.0,,,,,,303.228365,656.98983,Cr1N2,ok
MMD-3754,CrS2,2,R-3m,trigonal,Ferromagnetic,0.0,0.07,,,,,,-507.764157,87.153398,Cr1S2,ok
MMD-3755,CrS2,2,Fd-3m,cubic,Ferromagnetic,0.43,32.56,,,,,,-540.77279,54.144765,Cr1S2,ok
MMD-3756,CrS2,2,R-3m,trigonal,Ferromagnetic,0.45,24.61,,,,,,-531.756615,63.16094,Cr1S2,ok
MMD-3757,CrS2,2,I-42d,tetragonal,Ferromagnetic,0.32,8.0,,,,,,-374.651623,220.265932,Cr1S2,ok
MMD-3758,VCo,2,Pm-3m,cubic,Ferromagnetic,0.92,1.87,,,,,,-86.594362,104.754029,Co1V1,ok
MMD-3759,CrNi3,2,I4/mmm,tetragonal,Ferromagnetic,0.36,2.72,,,,,,-19.726564,2.594063,Cr1Ni3,ok
MMD-3760,CrNi3,2,Pm-3m,cubic,Ferromagnetic,0.57,2.19,,,,,,-9.803451,12.517176,Cr1Ni3,ok
MMD-3761,CrNi3,2,Fm-3m,cubic,Ferromagnetic,0.52,7.96,,,,,,108.340812,130.661439,Cr1Ni3,ok
MMD-3762,Cr3Ni,2,Fm-3m,cubic,Ferromagnetic,0.85,14.01,,,,,,156.858449,168.018762,Cr3Ni1,ok
MMD-3763,Cr3Ni,2,Pm-3m,cubic,Ferromagnetic,0.0,0.0,,,,,,132.112674,143.272987,Cr3Ni1,ok
MMD-3764,CrCo3,2,Pm-3m,cubic,Ferromagnetic,0.0,0.01,,,,,,44.754283,54.478056,Co3Cr1,ok
MMD-3765,Cr3Ni,2,I4/mmm,tetragonal,Ferromagnetic,0.17,1.31,,,,,,164.880301,176.040615,Cr3Ni1,ok
MMD-3766,CrCo,2,Pm-3m,cubic,Ferromagnetic,1.49,2.94,,,,,,142.864476,149.346991,Co1Cr1,ok
MMD-3767,VCo3,2,Pm-3m,cubic,Ferromagnetic,0.0,0.0,,,,,,-176.59787,4.757222,Co3V1,ok
MMD-3768,Cr3Co,2,P6_3/mmc,hexagonal,Ferromagnetic,0.01,0.04,,,,,,230.631734,233.872992,Co1Cr3,ok
MMD-3769,CrNi2,2,Fd-3m,cubic,Ferromagnetic,1.27,31.83,,,,,,186.512463,216.273299,Cr1Ni2,ok
MMD-3770,Cr2Ni,2,Fd-3m,cubic,Ferromagnetic,0.0,0.0,,,,,,255.317911,270.198329,Cr2Ni1,ok
MMD-3771,Cr2Co,2,Fd-3m,cubic,Ferromagnetic,0.2,4.69,,,,,,276.338088,280.659765,Co1Cr2,ok
MMD-3772,CrCo3,2,P6_3/mmc,hexagonal,Ferromagnetic,0.26,1.94,,,,,,-9.723773,0.0,Co3Cr1,ok
MMD-3773,VCo3,2,P6_3/mmc,hexagonal,Ferromagnetic,0.0,0.0,,,,,,-174.546862,6.80823,Co3V1,ok
MMD-3774,VNi2,2,Immm,orthorhombic,Ferromagnetic,0.0,0.0,,,,,,-246.320677,0.0,Ni2V1,ok
MMD-3775,VNi,2,R-3m,trigonal,Ferromagnetic,0.0,0.0,,,,,,-17.187922,196.09229,Ni1V1,ok
MMD-3776,VNi3,2,P4/mmm,tetragonal,Ferromagnetic,0.1,0.4,,,,,,-98.180126,147.891051,Ni3V1,ok
MMD-3777,VNi3,2,R-3m,trigonal,Ferromagnetic,0.07,0.81,,,,,,-23.969502,222.101675,Ni3V1,ok
MMD-3778,VCo4,2,R-3m,trigonal,Ferromagnetic,1.1,15.95,,,,,,44.807906,189.891979,Co4V1,ok
MMD-3779,VCo3,2,R-3m,trigonal,Ferromagnetic,0.93,10.93,,,,,,49.403419,230.758511,Co3V1,ok
MMD-3780,V3Ni2,2,P2/m,monoclinic,Ferromagnetic,0.0,0.01,,,,,,-194.105202,0.0,Ni2V3,ok
MMD-3781,MnV,2,Cmmm,orthorhombic,Ferromagnetic,0.0,0.0,,,,,,-132.639192,146.457945,Mn1V1,ok
MMD-3782,MnCr,2,Cmmm,orthorhombic,Ferromagnetic,0.43,1.67,,,,,,61.589557,61.589557,Cr1Mn1,ok
MMD-3783,CrNi,2,Pm-3m,cubic,Ferromagnetic,1.42,2.95,,,,,,247.847962,270.168589,Cr1Ni1,ok
MMD-3784,CrCo3,2,P-6m2,hexagonal,Ferromagnetic,0.74,2.75,,,,,,74.453009,84.176782,Co3Cr1,ok
MMD-3785,CrNi,2,R-3m,trigonal,Ferromagnetic,0.0,0.0,,,,,,137.755921,160.076548,Cr1Ni1,ok
MMD-3786,Cr4Ni,2,Fmmm,orthorhombic,Ferromagnetic,0.0,0.0,,,,,,38.967555,47.895806,Cr4Ni1,ok
MMD-3787,CrNi3,2,R-3m,trigonal,Ferromagnetic,0.23,2.58,,,,,,50.412837,72.733464,Cr1Ni3,ok
MMD-3788,Cr3Co2,2,Cmm2,orthorhombic,Ferromagnetic,0.27,15.43,,,,,,53.499479,58.685491,Co2Cr3,ok
MMD-3789,V3Co,2,Pm-3n,cubic,Ferromagnetic,0.0,0.0,,,,,,-201.34169,0.0,Co1V3,ok
MMD-3790,VNi3,2,I4/mmm,tetragonal,Ferromagnetic,0.0,0.0,,,,,,-246.071177,0.0,Ni3V1,ok
MMD-3791,MnV,2,Pm-3m,cubic,Ferromagnetic,0.0,0.0,,,,,,-279.097137,0.0,Mn1V1,ok
MMD-3792,VCo3,2,P6_3/mmc,hexagonal,Ferromagnetic,0.0,0.04,,,,,,-181.355092,0.0,Co3V1,ok
MMD-3793,V3Ni,2,Pm-3n,cubic,Ferromagnetic,0.0,0.0,,,,,,-163.719514,0.0,Ni1V3,ok
MMD-3794,CrNi2,2,Immm,orthorhombic,Ferromagnetic,0.0,0.0,,,,,,-29.760836,0.0,Cr1Ni2,ok
MMD-3795,MnV3,2,Fm-3m,cubic,Ferromagnetic,0.0,0.0,,,,,,-144.451748,0.0,Mn1V3,ok
MMD-3796,MnAlPt,3,P6_3/mmc,hexagonal,Ferromagnetic,0.94,7.22,,,,,,-639.227178,,Al1Mn1Pt1,ok
MMD-3797,MnAlPt2,3,Fm-3m,cubic,Ferromagnetic,0.83,16.91,,,,,,-699.535328,,Al1Mn1Pt2,ok
MMD-3798,MnCuPt2,3,Fm-3m,cubic,Ferromagnetic,0.89,16.8,,,,,,-259.408808,,Cu1Mn1Pt2,ok
MMD-3799,MnV2Fe,3,Fm-3m,cubic,Ferromagnetic,0.14,2.32,,,,,,-198.957858,,Fe1Mn1V2,ok
MMD-3800,MnZnPt2,3,Fm-3m,cubic,Ferromagnetic,0.85,17.32,,,,,,-449.618067,,Mn1Pt2Zn1,ok
MMD-3801,Sc2CoPt,3,Fm-3m,cubic,Ferromagnetic,0.14,3.18,,,,,,-806.608559,,Co1Pt1Sc2,ok
MMD-3802,MnCuPt6,3,Fm-3m,cubic,Ferromagnetic,0.39,16.03,,,,,,-212.724965,,Cu1Mn1Pt6,ok
MMD-3803,V6CoNi,3,Pm-3,cubic,Ferromagnetic,0.0,0.0,,,,,,-181.146052,,Co1Ni1V6,ok
MMD-3804,V6FeNi,3,Pm-3,cubic,Ferromagnetic,0.0,0.0,,,,,,-174.849028,,Fe1Ni1V6,ok
MMD-3805,Ni4GePt5,3,P4/mmm,tetragonal,Ferromagnetic,0.32,3.74,,,,,,-74.625979,,Ge1Ni4Pt5,ok
MMD-3806,Nb4CoPt3,3,Pmm2,orthorhombic,Ferromagnetic,0.05,0.55,,,,,,-476.379963,,Co1Nb4Pt3,ok
MMD-3807,Mn12Pt4N,3,P2/m,monoclinic,Ferromagnetic,0.43,7.59,,,,,,-125.937701,,Mn12N1Pt4,ok
MMD-3808,GaNi2Pt,3,P4/mmm,tetragonal,Ferromagnetic,0.16,0.7,,,,,,-366.49612,0.0,Ga1Ni2Pt1,ok
MMD-3809,FeCuPt2,3,P4/mmm,tetragonal,Ferromagnetic,0.74,3.42,,,,,,-185.179819,,Cu1Fe1Pt2,ok
MMD-3810,CrCoPt2,3,R3m,trigonal,Ferromagnetic,0.24,3.41,,,,,,28.054069,,Co1Cr1Pt2,ok
MMD-3811,Al4Ni3Pt,3,P4/mmm,tetragonal,Ferromagnetic,0.0,0.0,,,,,,-722.152018,,Al4Ni3Pt1,ok
MMD-3812,Al2NiPt,3,P4/mmm,tetragonal,Ferromagnetic,0.0,0.0,,,,,,-800.990042,,Al2Ni1Pt1,ok
MMD-3813,Al3Ni2Pt,3,P4/mmm,tetragonal,Ferromagnetic,0.0,0.0,,,,,,-744.758829,,Al3Ni2Pt1,ok
MMD-3814,Al(Ni4Pt)3,3,P4/mmm,tetragonal,Ferromagnetic,0.46,7.52,,,,,,-148.291739,,Al1Ni12Pt3,ok
MMD-3815,MnPtN2,3,Pna2_1,orthorhombic,Ferromagnetic,0.24,3.64,,,,,,245.931466,,Mn1N2Pt1,ok
MMD-3816,CoPtN2,3,P6_3/mmc,hexagonal,Ferromagnetic,0.0,0.01,,,,,,391.617319,,Co1N2Pt1,ok
MMD-3817,MnGaPt,3,F-43m,cubic,Ferromagnetic,0.78,13.44,,,,,,-171.362541,,Ga1Mn1Pt1,ok
MMD-3818,NiGePt2,3,Fmmm,orthorhombic,Ferromagnetic,0.0,0.0,,,,,,-333.15494,0.0,Ge1Ni1Pt2,ok
MMD-3819,FeCuPt2,3,P4/mmm,tetragonal,Ferromagnetic,0.83,4.03,,,,,,-188.683286,,Cu1Fe1Pt2,ok
MMD-3820,MnGaPt,3,P6_3/mmc,hexagonal,Ferromagnetic,0.97,7.56,,,,,,-442.960998,0.0,Ga1Mn1Pt1,ok
MMD-3821,CrCoPt2,3,P4/mmm,tetragonal,Ferromagnetic,0.69,3.26,,,,,,-138.407215,,Co1Cr1Pt2,ok
MMD-3822,Fe3PtN,3,Pm-3m,cubic,Ferromagnetic,1.65,8.15,,,,,,-185.532917,0.0,Fe3N1Pt1,ok
MMD-3823,MnVNi,3,F-43m,cubic,Ferromagnetic,0.39,5.49,,,,,,586.025836,,Mn1Ni1V1,ok
MMD-3824,Mn3PtN,3,Pm-3m,cubic,Ferromagnetic,1.83,9.65,,,,,,-298.627836,,Mn3N1Pt1,ok
MMD-3825,MnGaPt2,3,Fm-3m,cubic,Ferromagnetic,0.81,16.77,,,,,,-479.67339,,Ga1Mn1Pt2,ok
MMD-3826,Mn2CrCo,3,Fm-3m,cubic,Ferromagnetic,1.19,19.38,,,,,,-38.725627,0.0,Co1Cr1Mn2,ok
